cell,round,native_lane,field,values,both_null,null_shape_mismatches,outside_native_tolerance,max_absolute_delta,max_relative_delta,absolute_tolerance,bit_differences,case,dataset,max_signed_delta,min_signed_delta,native_task,natural_task,numeric_values,reference,reference_zero_numeric_values,regime,relative_tolerance,worst_band,worst_native_bits,worst_native_value,worst_natural_bits,worst_natural_value,worst_tolerance,worst_zone
analytical36|A|http0,0,native-tiff,sum,1,0,0,1,0.03498843312263489,1.7814205158418637e-10,1e-08,1,A,analytical36,0.03498843312263489,0.03498843312263489,analytical36-A-0-http0-native-tiff,analytical36-A-0-http0-natural-ee,1,natural-ee,0,http0,1e-10,23,41a769e18308284f,196407489.51593253,41a769e182f63e4e,196407489.4809441,0.019640758948094413,interior
analytical36|A|http0,0,native-tiff,support,1,0,0,1,3.817153628915548e-05,1.6929463236963817e-10,1e-08,1,A,analytical36,3.817153628915548e-05,3.817153628915548e-05,analytical36-A-0-http0-native-tiff,analytical36-A-0-http0-natural-ee,1,natural-ee,0,http0,1e-10,23,410b860fec1ee34c,225473.99029328895,410b860fec0ae000,225473.99025511742,2.2557399025511744e-05,interior
analytical36|A|http0,0,native-tiff,mean,1,0,0,0,7.706944415986072e-09,8.847501257406849e-12,1e-08,1,A,analytical36,7.706944415986072e-09,7.706944415986072e-09,analytical36-A-0-http0-native-tiff,analytical36-A-0-http0-natural-ee,1,natural-ee,0,http0,1e-10,23,408b38b26d8b211e,871.0871230000955,408b38b26d8a184f,871.0871229923886,9.710871229923886e-08,interior
analytical36|A|http0,0,native-tiff,min,1,0,0,0,0.0,0.0,1e-08,0,A,analytical36,0.0,0.0,analytical36-A-0-http0-native-tiff,analytical36-A-0-http0-natural-ee,1,natural-ee,0,http0,1e-10,23,c0926b8000000000,-1178.875,c0926b8000000000,-1178.875,1.278875e-07,interior
analytical36|A|http0,0,native-tiff,max,1,0,0,0,0.0,0.0,1e-08,0,A,analytical36,0.0,0.0,analytical36-A-0-http0-native-tiff,analytical36-A-0-http0-natural-ee,1,natural-ee,0,http0,1e-10,23,40f869f000000000,99999.0,40f869f000000000,99999.0,1.00099e-05,interior
analytical36|A|http0,0,native-cog,sum,1,0,0,1,0.03498843312263489,1.7814205158418637e-10,1e-08,1,A,analytical36,0.03498843312263489,0.03498843312263489,analytical36-A-0-http0-native-cog,analytical36-A-0-http0-natural-ee,1,natural-ee,0,http0,1e-10,23,41a769e18308284f,196407489.51593253,41a769e182f63e4e,196407489.4809441,0.019640758948094413,interior
analytical36|A|http0,0,native-cog,support,1,0,0,1,3.817153628915548e-05,1.6929463236963817e-10,1e-08,1,A,analytical36,3.817153628915548e-05,3.817153628915548e-05,analytical36-A-0-http0-native-cog,analytical36-A-0-http0-natural-ee,1,natural-ee,0,http0,1e-10,23,410b860fec1ee34c,225473.99029328895,410b860fec0ae000,225473.99025511742,2.2557399025511744e-05,interior
analytical36|A|http0,0,native-cog,mean,1,0,0,0,7.706944415986072e-09,8.847501257406849e-12,1e-08,1,A,analytical36,7.706944415986072e-09,7.706944415986072e-09,analytical36-A-0-http0-native-cog,analytical36-A-0-http0-natural-ee,1,natural-ee,0,http0,1e-10,23,408b38b26d8b211e,871.0871230000955,408b38b26d8a184f,871.0871229923886,9.710871229923886e-08,interior
analytical36|A|http0,0,native-cog,min,1,0,0,0,0.0,0.0,1e-08,0,A,analytical36,0.0,0.0,analytical36-A-0-http0-native-cog,analytical36-A-0-http0-natural-ee,1,natural-ee,0,http0,1e-10,23,c0926b8000000000,-1178.875,c0926b8000000000,-1178.875,1.278875e-07,interior
analytical36|A|http0,0,native-cog,max,1,0,0,0,0.0,0.0,1e-08,0,A,analytical36,0.0,0.0,analytical36-A-0-http0-native-cog,analytical36-A-0-http0-natural-ee,1,natural-ee,0,http0,1e-10,23,40f869f000000000,99999.0,40f869f000000000,99999.0,1.00099e-05,interior
analytical36|A|http0,0,native-rsi64,sum,1,0,0,1,0.03498843312263489,1.7814205158418637e-10,1e-08,1,A,analytical36,0.03498843312263489,0.03498843312263489,analytical36-A-0-http0-native-rsi64,analytical36-A-0-http0-natural-ee,1,natural-ee,0,http0,1e-10,23,41a769e18308284f,196407489.51593253,41a769e182f63e4e,196407489.4809441,0.019640758948094413,interior
analytical36|A|http0,0,native-rsi64,support,1,0,0,1,3.817153628915548e-05,1.6929463236963817e-10,1e-08,1,A,analytical36,3.817153628915548e-05,3.817153628915548e-05,analytical36-A-0-http0-native-rsi64,analytical36-A-0-http0-natural-ee,1,natural-ee,0,http0,1e-10,23,410b860fec1ee34c,225473.99029328895,410b860fec0ae000,225473.99025511742,2.2557399025511744e-05,interior
analytical36|A|http0,0,native-rsi64,mean,1,0,0,0,7.706944415986072e-09,8.847501257406849e-12,1e-08,1,A,analytical36,7.706944415986072e-09,7.706944415986072e-09,analytical36-A-0-http0-native-rsi64,analytical36-A-0-http0-natural-ee,1,natural-ee,0,http0,1e-10,23,408b38b26d8b211e,871.0871230000955,408b38b26d8a184f,871.0871229923886,9.710871229923886e-08,interior
analytical36|A|http0,0,native-rsi64,min,1,0,0,0,0.0,0.0,1e-08,0,A,analytical36,0.0,0.0,analytical36-A-0-http0-native-rsi64,analytical36-A-0-http0-natural-ee,1,natural-ee,0,http0,1e-10,23,c0926b8000000000,-1178.875,c0926b8000000000,-1178.875,1.278875e-07,interior
analytical36|A|http0,0,native-rsi64,max,1,0,0,0,0.0,0.0,1e-08,0,A,analytical36,0.0,0.0,analytical36-A-0-http0-native-rsi64,analytical36-A-0-http0-natural-ee,1,natural-ee,0,http0,1e-10,23,40f869f000000000,99999.0,40f869f000000000,99999.0,1.00099e-05,interior
analytical36|A|http0,0,native-rsi256,sum,1,0,0,1,0.03498843312263489,1.7814205158418637e-10,1e-08,1,A,analytical36,0.03498843312263489,0.03498843312263489,analytical36-A-0-http0-native-rsi256,analytical36-A-0-http0-natural-ee,1,natural-ee,0,http0,1e-10,23,41a769e18308284f,196407489.51593253,41a769e182f63e4e,196407489.4809441,0.019640758948094413,interior
analytical36|A|http0,0,native-rsi256,support,1,0,0,1,3.817153628915548e-05,1.6929463236963817e-10,1e-08,1,A,analytical36,3.817153628915548e-05,3.817153628915548e-05,analytical36-A-0-http0-native-rsi256,analytical36-A-0-http0-natural-ee,1,natural-ee,0,http0,1e-10,23,410b860fec1ee34c,225473.99029328895,410b860fec0ae000,225473.99025511742,2.2557399025511744e-05,interior
analytical36|A|http0,0,native-rsi256,mean,1,0,0,0,7.706944415986072e-09,8.847501257406849e-12,1e-08,1,A,analytical36,7.706944415986072e-09,7.706944415986072e-09,analytical36-A-0-http0-native-rsi256,analytical36-A-0-http0-natural-ee,1,natural-ee,0,http0,1e-10,23,408b38b26d8b211e,871.0871230000955,408b38b26d8a184f,871.0871229923886,9.710871229923886e-08,interior
analytical36|A|http0,0,native-rsi256,min,1,0,0,0,0.0,0.0,1e-08,0,A,analytical36,0.0,0.0,analytical36-A-0-http0-native-rsi256,analytical36-A-0-http0-natural-ee,1,natural-ee,0,http0,1e-10,23,c0926b8000000000,-1178.875,c0926b8000000000,-1178.875,1.278875e-07,interior
analytical36|A|http0,0,native-rsi256,max,1,0,0,0,0.0,0.0,1e-08,0,A,analytical36,0.0,0.0,analytical36-A-0-http0-native-rsi256,analytical36-A-0-http0-natural-ee,1,natural-ee,0,http0,1e-10,23,40f869f000000000,99999.0,40f869f000000000,99999.0,1.00099e-05,interior
analytical36|A|http0,0,native-skv-raw,sum,1,0,0,1,0.03498843312263489,1.7814205158418637e-10,1e-08,1,A,analytical36,0.03498843312263489,0.03498843312263489,analytical36-A-0-http0-native-skv-raw,analytical36-A-0-http0-natural-ee,1,natural-ee,0,http0,1e-10,23,41a769e18308284f,196407489.51593253,41a769e182f63e4e,196407489.4809441,0.019640758948094413,interior
analytical36|A|http0,0,native-skv-raw,support,1,0,0,1,3.817153628915548e-05,1.6929463236963817e-10,1e-08,1,A,analytical36,3.817153628915548e-05,3.817153628915548e-05,analytical36-A-0-http0-native-skv-raw,analytical36-A-0-http0-natural-ee,1,natural-ee,0,http0,1e-10,23,410b860fec1ee34c,225473.99029328895,410b860fec0ae000,225473.99025511742,2.2557399025511744e-05,interior
analytical36|A|http0,0,native-skv-raw,mean,1,0,0,0,7.706944415986072e-09,8.847501257406849e-12,1e-08,1,A,analytical36,7.706944415986072e-09,7.706944415986072e-09,analytical36-A-0-http0-native-skv-raw,analytical36-A-0-http0-natural-ee,1,natural-ee,0,http0,1e-10,23,408b38b26d8b211e,871.0871230000955,408b38b26d8a184f,871.0871229923886,9.710871229923886e-08,interior
analytical36|A|http0,0,native-skv-raw,min,1,0,0,0,0.0,0.0,1e-08,0,A,analytical36,0.0,0.0,analytical36-A-0-http0-native-skv-raw,analytical36-A-0-http0-natural-ee,1,natural-ee,0,http0,1e-10,23,c0926b8000000000,-1178.875,c0926b8000000000,-1178.875,1.278875e-07,interior
analytical36|A|http0,0,native-skv-raw,max,1,0,0,0,0.0,0.0,1e-08,0,A,analytical36,0.0,0.0,analytical36-A-0-http0-native-skv-raw,analytical36-A-0-http0-natural-ee,1,natural-ee,0,http0,1e-10,23,40f869f000000000,99999.0,40f869f000000000,99999.0,1.00099e-05,interior
analytical36|A|http0,0,native-skv-summary,sum,1,0,0,1,0.03498843312263489,1.7814205158418637e-10,1e-08,1,A,analytical36,0.03498843312263489,0.03498843312263489,analytical36-A-0-http0-native-skv-summary,analytical36-A-0-http0-natural-ee,1,natural-ee,0,http0,1e-10,23,41a769e18308284f,196407489.51593253,41a769e182f63e4e,196407489.4809441,0.019640758948094413,interior
analytical36|A|http0,0,native-skv-summary,support,1,0,0,1,3.817153628915548e-05,1.6929463236963817e-10,1e-08,1,A,analytical36,3.817153628915548e-05,3.817153628915548e-05,analytical36-A-0-http0-native-skv-summary,analytical36-A-0-http0-natural-ee,1,natural-ee,0,http0,1e-10,23,410b860fec1ee34c,225473.99029328895,410b860fec0ae000,225473.99025511742,2.2557399025511744e-05,interior
analytical36|A|http0,0,native-skv-summary,mean,1,0,0,0,7.706944415986072e-09,8.847501257406849e-12,1e-08,1,A,analytical36,7.706944415986072e-09,7.706944415986072e-09,analytical36-A-0-http0-native-skv-summary,analytical36-A-0-http0-natural-ee,1,natural-ee,0,http0,1e-10,23,408b38b26d8b211e,871.0871230000955,408b38b26d8a184f,871.0871229923886,9.710871229923886e-08,interior
analytical36|A|http0,0,native-skv-summary,min,1,0,0,0,0.0,0.0,1e-08,0,A,analytical36,0.0,0.0,analytical36-A-0-http0-native-skv-summary,analytical36-A-0-http0-natural-ee,1,natural-ee,0,http0,1e-10,23,c0926b8000000000,-1178.875,c0926b8000000000,-1178.875,1.278875e-07,interior
analytical36|A|http0,0,native-skv-summary,max,1,0,0,0,0.0,0.0,1e-08,0,A,analytical36,0.0,0.0,analytical36-A-0-http0-native-skv-summary,analytical36-A-0-http0-natural-ee,1,natural-ee,0,http0,1e-10,23,40f869f000000000,99999.0,40f869f000000000,99999.0,1.00099e-05,interior
analytical36|A|http0,1,native-tiff,sum,1,0,0,0,0.017967045307159424,9.038834269239471e-11,1e-08,1,A,analytical36,-0.017967045307159424,-0.017967045307159424,analytical36-A-1-http0-native-tiff,analytical36-A-1-http0-natural-ee,1,natural-ee,0,http0,1e-10,23,41a7b22a8bb36207,198776133.85035726,41a7b22a8bbc9501,198776133.8683243,0.019877623386832435,interior
analytical36|A|http0,1,native-tiff,support,1,0,0,0,2.119585406035185e-05,9.287759133345713e-11,1e-08,1,A,analytical36,-2.119585406035185e-05,-2.119585406035185e-05,analytical36-A-1-http0-native-tiff,analytical36-A-1-http0-natural-ee,1,natural-ee,0,http0,1e-10,23,410bdba64dc48d24,228212.78797254816,410bdba64dcfaa00,228212.78799374402,2.2831278799374404e-05,interior
analytical36|A|http0,1,native-tiff,mean,1,0,0,0,2.1681216821889393e-09,2.4891976927662294e-12,1e-08,1,A,analytical36,2.1681216821889393e-09,2.1681216821889393e-09,analytical36-A-1-http0-native-tiff,analytical36-A-1-http0-natural-ee,1,natural-ee,0,http0,1e-10,23,408b38191657e442,871.0122496477636,408b3819165799c3,871.0122496455955,9.710122496455955e-08,interior
analytical36|A|http0,1,native-tiff,min,1,0,0,0,0.0,0.0,1e-08,0,A,analytical36,0.0,0.0,analytical36-A-1-http0-native-tiff,analytical36-A-1-http0-natural-ee,1,natural-ee,0,http0,1e-10,23,c0926b8000000000,-1178.875,c0926b8000000000,-1178.875,1.278875e-07,interior
analytical36|A|http0,1,native-tiff,max,1,0,0,0,0.0,0.0,1e-08,0,A,analytical36,0.0,0.0,analytical36-A-1-http0-native-tiff,analytical36-A-1-http0-natural-ee,1,natural-ee,0,http0,1e-10,23,40f869f000000000,99999.0,40f869f000000000,99999.0,1.00099e-05,interior
analytical36|A|http0,1,native-cog,sum,1,0,0,0,0.017967045307159424,9.038834269239471e-11,1e-08,1,A,analytical36,-0.017967045307159424,-0.017967045307159424,analytical36-A-1-http0-native-cog,analytical36-A-1-http0-natural-ee,1,natural-ee,0,http0,1e-10,23,41a7b22a8bb36207,198776133.85035726,41a7b22a8bbc9501,198776133.8683243,0.019877623386832435,interior
analytical36|A|http0,1,native-cog,support,1,0,0,0,2.119585406035185e-05,9.287759133345713e-11,1e-08,1,A,analytical36,-2.119585406035185e-05,-2.119585406035185e-05,analytical36-A-1-http0-native-cog,analytical36-A-1-http0-natural-ee,1,natural-ee,0,http0,1e-10,23,410bdba64dc48d24,228212.78797254816,410bdba64dcfaa00,228212.78799374402,2.2831278799374404e-05,interior
analytical36|A|http0,1,native-cog,mean,1,0,0,0,2.1681216821889393e-09,2.4891976927662294e-12,1e-08,1,A,analytical36,2.1681216821889393e-09,2.1681216821889393e-09,analytical36-A-1-http0-native-cog,analytical36-A-1-http0-natural-ee,1,natural-ee,0,http0,1e-10,23,408b38191657e442,871.0122496477636,408b3819165799c3,871.0122496455955,9.710122496455955e-08,interior
analytical36|A|http0,1,native-cog,min,1,0,0,0,0.0,0.0,1e-08,0,A,analytical36,0.0,0.0,analytical36-A-1-http0-native-cog,analytical36-A-1-http0-natural-ee,1,natural-ee,0,http0,1e-10,23,c0926b8000000000,-1178.875,c0926b8000000000,-1178.875,1.278875e-07,interior
analytical36|A|http0,1,native-cog,max,1,0,0,0,0.0,0.0,1e-08,0,A,analytical36,0.0,0.0,analytical36-A-1-http0-native-cog,analytical36-A-1-http0-natural-ee,1,natural-ee,0,http0,1e-10,23,40f869f000000000,99999.0,40f869f000000000,99999.0,1.00099e-05,interior
analytical36|A|http0,1,native-rsi64,sum,1,0,0,0,0.017967045307159424,9.038834269239471e-11,1e-08,1,A,analytical36,-0.017967045307159424,-0.017967045307159424,analytical36-A-1-http0-native-rsi64,analytical36-A-1-http0-natural-ee,1,natural-ee,0,http0,1e-10,23,41a7b22a8bb36207,198776133.85035726,41a7b22a8bbc9501,198776133.8683243,0.019877623386832435,interior
analytical36|A|http0,1,native-rsi64,support,1,0,0,0,2.119585406035185e-05,9.287759133345713e-11,1e-08,1,A,analytical36,-2.119585406035185e-05,-2.119585406035185e-05,analytical36-A-1-http0-native-rsi64,analytical36-A-1-http0-natural-ee,1,natural-ee,0,http0,1e-10,23,410bdba64dc48d24,228212.78797254816,410bdba64dcfaa00,228212.78799374402,2.2831278799374404e-05,interior
analytical36|A|http0,1,native-rsi64,mean,1,0,0,0,2.1681216821889393e-09,2.4891976927662294e-12,1e-08,1,A,analytical36,2.1681216821889393e-09,2.1681216821889393e-09,analytical36-A-1-http0-native-rsi64,analytical36-A-1-http0-natural-ee,1,natural-ee,0,http0,1e-10,23,408b38191657e442,871.0122496477636,408b3819165799c3,871.0122496455955,9.710122496455955e-08,interior
analytical36|A|http0,1,native-rsi64,min,1,0,0,0,0.0,0.0,1e-08,0,A,analytical36,0.0,0.0,analytical36-A-1-http0-native-rsi64,analytical36-A-1-http0-natural-ee,1,natural-ee,0,http0,1e-10,23,c0926b8000000000,-1178.875,c0926b8000000000,-1178.875,1.278875e-07,interior
analytical36|A|http0,1,native-rsi64,max,1,0,0,0,0.0,0.0,1e-08,0,A,analytical36,0.0,0.0,analytical36-A-1-http0-native-rsi64,analytical36-A-1-http0-natural-ee,1,natural-ee,0,http0,1e-10,23,40f869f000000000,99999.0,40f869f000000000,99999.0,1.00099e-05,interior
analytical36|A|http0,1,native-rsi256,sum,1,0,0,0,0.017967045307159424,9.038834269239471e-11,1e-08,1,A,analytical36,-0.017967045307159424,-0.017967045307159424,analytical36-A-1-http0-native-rsi256,analytical36-A-1-http0-natural-ee,1,natural-ee,0,http0,1e-10,23,41a7b22a8bb36207,198776133.85035726,41a7b22a8bbc9501,198776133.8683243,0.019877623386832435,interior
analytical36|A|http0,1,native-rsi256,support,1,0,0,0,2.119585406035185e-05,9.287759133345713e-11,1e-08,1,A,analytical36,-2.119585406035185e-05,-2.119585406035185e-05,analytical36-A-1-http0-native-rsi256,analytical36-A-1-http0-natural-ee,1,natural-ee,0,http0,1e-10,23,410bdba64dc48d24,228212.78797254816,410bdba64dcfaa00,228212.78799374402,2.2831278799374404e-05,interior
analytical36|A|http0,1,native-rsi256,mean,1,0,0,0,2.1681216821889393e-09,2.4891976927662294e-12,1e-08,1,A,analytical36,2.1681216821889393e-09,2.1681216821889393e-09,analytical36-A-1-http0-native-rsi256,analytical36-A-1-http0-natural-ee,1,natural-ee,0,http0,1e-10,23,408b38191657e442,871.0122496477636,408b3819165799c3,871.0122496455955,9.710122496455955e-08,interior
analytical36|A|http0,1,native-rsi256,min,1,0,0,0,0.0,0.0,1e-08,0,A,analytical36,0.0,0.0,analytical36-A-1-http0-native-rsi256,analytical36-A-1-http0-natural-ee,1,natural-ee,0,http0,1e-10,23,c0926b8000000000,-1178.875,c0926b8000000000,-1178.875,1.278875e-07,interior
analytical36|A|http0,1,native-rsi256,max,1,0,0,0,0.0,0.0,1e-08,0,A,analytical36,0.0,0.0,analytical36-A-1-http0-native-rsi256,analytical36-A-1-http0-natural-ee,1,natural-ee,0,http0,1e-10,23,40f869f000000000,99999.0,40f869f000000000,99999.0,1.00099e-05,interior
analytical36|A|http0,1,native-skv-raw,sum,1,0,0,0,0.017967045307159424,9.038834269239471e-11,1e-08,1,A,analytical36,-0.017967045307159424,-0.017967045307159424,analytical36-A-1-http0-native-skv-raw,analytical36-A-1-http0-natural-ee,1,natural-ee,0,http0,1e-10,23,41a7b22a8bb36207,198776133.85035726,41a7b22a8bbc9501,198776133.8683243,0.019877623386832435,interior
analytical36|A|http0,1,native-skv-raw,support,1,0,0,0,2.119585406035185e-05,9.287759133345713e-11,1e-08,1,A,analytical36,-2.119585406035185e-05,-2.119585406035185e-05,analytical36-A-1-http0-native-skv-raw,analytical36-A-1-http0-natural-ee,1,natural-ee,0,http0,1e-10,23,410bdba64dc48d24,228212.78797254816,410bdba64dcfaa00,228212.78799374402,2.2831278799374404e-05,interior
analytical36|A|http0,1,native-skv-raw,mean,1,0,0,0,2.1681216821889393e-09,2.4891976927662294e-12,1e-08,1,A,analytical36,2.1681216821889393e-09,2.1681216821889393e-09,analytical36-A-1-http0-native-skv-raw,analytical36-A-1-http0-natural-ee,1,natural-ee,0,http0,1e-10,23,408b38191657e442,871.0122496477636,408b3819165799c3,871.0122496455955,9.710122496455955e-08,interior
analytical36|A|http0,1,native-skv-raw,min,1,0,0,0,0.0,0.0,1e-08,0,A,analytical36,0.0,0.0,analytical36-A-1-http0-native-skv-raw,analytical36-A-1-http0-natural-ee,1,natural-ee,0,http0,1e-10,23,c0926b8000000000,-1178.875,c0926b8000000000,-1178.875,1.278875e-07,interior
analytical36|A|http0,1,native-skv-raw,max,1,0,0,0,0.0,0.0,1e-08,0,A,analytical36,0.0,0.0,analytical36-A-1-http0-native-skv-raw,analytical36-A-1-http0-natural-ee,1,natural-ee,0,http0,1e-10,23,40f869f000000000,99999.0,40f869f000000000,99999.0,1.00099e-05,interior
analytical36|A|http0,1,native-skv-summary,sum,1,0,0,0,0.017967045307159424,9.038834269239471e-11,1e-08,1,A,analytical36,-0.017967045307159424,-0.017967045307159424,analytical36-A-1-http0-native-skv-summary,analytical36-A-1-http0-natural-ee,1,natural-ee,0,http0,1e-10,23,41a7b22a8bb36207,198776133.85035726,41a7b22a8bbc9501,198776133.8683243,0.019877623386832435,interior
analytical36|A|http0,1,native-skv-summary,support,1,0,0,0,2.119585406035185e-05,9.287759133345713e-11,1e-08,1,A,analytical36,-2.119585406035185e-05,-2.119585406035185e-05,analytical36-A-1-http0-native-skv-summary,analytical36-A-1-http0-natural-ee,1,natural-ee,0,http0,1e-10,23,410bdba64dc48d24,228212.78797254816,410bdba64dcfaa00,228212.78799374402,2.2831278799374404e-05,interior
analytical36|A|http0,1,native-skv-summary,mean,1,0,0,0,2.1681216821889393e-09,2.4891976927662294e-12,1e-08,1,A,analytical36,2.1681216821889393e-09,2.1681216821889393e-09,analytical36-A-1-http0-native-skv-summary,analytical36-A-1-http0-natural-ee,1,natural-ee,0,http0,1e-10,23,408b38191657e442,871.0122496477636,408b3819165799c3,871.0122496455955,9.710122496455955e-08,interior
analytical36|A|http0,1,native-skv-summary,min,1,0,0,0,0.0,0.0,1e-08,0,A,analytical36,0.0,0.0,analytical36-A-1-http0-native-skv-summary,analytical36-A-1-http0-natural-ee,1,natural-ee,0,http0,1e-10,23,c0926b8000000000,-1178.875,c0926b8000000000,-1178.875,1.278875e-07,interior
analytical36|A|http0,1,native-skv-summary,max,1,0,0,0,0.0,0.0,1e-08,0,A,analytical36,0.0,0.0,analytical36-A-1-http0-native-skv-summary,analytical36-A-1-http0-natural-ee,1,natural-ee,0,http0,1e-10,23,40f869f000000000,99999.0,40f869f000000000,99999.0,1.00099e-05,interior
analytical36|A|http0,2,native-tiff,sum,1,0,0,1,0.02286386489868164,1.135242660105832e-10,1e-08,1,A,analytical36,-0.02286386489868164,-0.02286386489868164,analytical36-A-2-http0-native-tiff,analytical36-A-2-http0-natural-ee,1,natural-ee,0,http0,1e-10,23,41a80242d9400493,201400684.6250349,41a80242d94bb963,201400684.64789876,0.02014007846478988,interior
analytical36|A|http0,2,native-tiff,support,1,0,0,1,2.688769018277526e-05,1.1624037079127115e-10,1e-08,1,A,analytical36,-2.688769018277526e-05,-2.688769018277526e-05,analytical36-A-2-http0-native-tiff,analytical36-A-2-http0-natural-ee,1,natural-ee,0,http0,1e-10,23,410c3c78f2a2e532,231311.11847476062,410c3c78f2b0fe00,231311.1185016483,2.3141111850164832e-05,interior
analytical36|A|http0,2,native-tiff,mean,1,0,0,0,2.3649135982850567e-09,2.71613182713568e-12,1e-08,1,A,analytical36,2.3649135982850567e-09,2.3649135982850567e-09,analytical36-A-2-http0-native-tiff,analytical36-A-2-http0-natural-ee,1,natural-ee,0,http0,1e-10,23,408b3588b8f39e21,870.6917590172417,408b3588b8f34cdf,870.6917590148768,9.706917590148768e-08,interior
analytical36|A|http0,2,native-tiff,min,1,0,0,0,0.0,0.0,1e-08,0,A,analytical36,0.0,0.0,analytical36-A-2-http0-native-tiff,analytical36-A-2-http0-natural-ee,1,natural-ee,0,http0,1e-10,23,c0926b8000000000,-1178.875,c0926b8000000000,-1178.875,1.278875e-07,interior
analytical36|A|http0,2,native-tiff,max,1,0,0,0,0.0,0.0,1e-08,0,A,analytical36,0.0,0.0,analytical36-A-2-http0-native-tiff,analytical36-A-2-http0-natural-ee,1,natural-ee,0,http0,1e-10,23,40f869f000000000,99999.0,40f869f000000000,99999.0,1.00099e-05,interior
analytical36|A|http0,2,native-cog,sum,1,0,0,1,0.02286386489868164,1.135242660105832e-10,1e-08,1,A,analytical36,-0.02286386489868164,-0.02286386489868164,analytical36-A-2-http0-native-cog,analytical36-A-2-http0-natural-ee,1,natural-ee,0,http0,1e-10,23,41a80242d9400493,201400684.6250349,41a80242d94bb963,201400684.64789876,0.02014007846478988,interior
analytical36|A|http0,2,native-cog,support,1,0,0,1,2.688769018277526e-05,1.1624037079127115e-10,1e-08,1,A,analytical36,-2.688769018277526e-05,-2.688769018277526e-05,analytical36-A-2-http0-native-cog,analytical36-A-2-http0-natural-ee,1,natural-ee,0,http0,1e-10,23,410c3c78f2a2e532,231311.11847476062,410c3c78f2b0fe00,231311.1185016483,2.3141111850164832e-05,interior
analytical36|A|http0,2,native-cog,mean,1,0,0,0,2.3649135982850567e-09,2.71613182713568e-12,1e-08,1,A,analytical36,2.3649135982850567e-09,2.3649135982850567e-09,analytical36-A-2-http0-native-cog,analytical36-A-2-http0-natural-ee,1,natural-ee,0,http0,1e-10,23,408b3588b8f39e21,870.6917590172417,408b3588b8f34cdf,870.6917590148768,9.706917590148768e-08,interior
analytical36|A|http0,2,native-cog,min,1,0,0,0,0.0,0.0,1e-08,0,A,analytical36,0.0,0.0,analytical36-A-2-http0-native-cog,analytical36-A-2-http0-natural-ee,1,natural-ee,0,http0,1e-10,23,c0926b8000000000,-1178.875,c0926b8000000000,-1178.875,1.278875e-07,interior
analytical36|A|http0,2,native-cog,max,1,0,0,0,0.0,0.0,1e-08,0,A,analytical36,0.0,0.0,analytical36-A-2-http0-native-cog,analytical36-A-2-http0-natural-ee,1,natural-ee,0,http0,1e-10,23,40f869f000000000,99999.0,40f869f000000000,99999.0,1.00099e-05,interior
analytical36|A|http0,2,native-rsi64,sum,1,0,0,1,0.02286386489868164,1.135242660105832e-10,1e-08,1,A,analytical36,-0.02286386489868164,-0.02286386489868164,analytical36-A-2-http0-native-rsi64,analytical36-A-2-http0-natural-ee,1,natural-ee,0,http0,1e-10,23,41a80242d9400493,201400684.6250349,41a80242d94bb963,201400684.64789876,0.02014007846478988,interior
analytical36|A|http0,2,native-rsi64,support,1,0,0,1,2.688769018277526e-05,1.1624037079127115e-10,1e-08,1,A,analytical36,-2.688769018277526e-05,-2.688769018277526e-05,analytical36-A-2-http0-native-rsi64,analytical36-A-2-http0-natural-ee,1,natural-ee,0,http0,1e-10,23,410c3c78f2a2e532,231311.11847476062,410c3c78f2b0fe00,231311.1185016483,2.3141111850164832e-05,interior
analytical36|A|http0,2,native-rsi64,mean,1,0,0,0,2.3649135982850567e-09,2.71613182713568e-12,1e-08,1,A,analytical36,2.3649135982850567e-09,2.3649135982850567e-09,analytical36-A-2-http0-native-rsi64,analytical36-A-2-http0-natural-ee,1,natural-ee,0,http0,1e-10,23,408b3588b8f39e21,870.6917590172417,408b3588b8f34cdf,870.6917590148768,9.706917590148768e-08,interior
analytical36|A|http0,2,native-rsi64,min,1,0,0,0,0.0,0.0,1e-08,0,A,analytical36,0.0,0.0,analytical36-A-2-http0-native-rsi64,analytical36-A-2-http0-natural-ee,1,natural-ee,0,http0,1e-10,23,c0926b8000000000,-1178.875,c0926b8000000000,-1178.875,1.278875e-07,interior
analytical36|A|http0,2,native-rsi64,max,1,0,0,0,0.0,0.0,1e-08,0,A,analytical36,0.0,0.0,analytical36-A-2-http0-native-rsi64,analytical36-A-2-http0-natural-ee,1,natural-ee,0,http0,1e-10,23,40f869f000000000,99999.0,40f869f000000000,99999.0,1.00099e-05,interior
analytical36|A|http0,2,native-rsi256,sum,1,0,0,1,0.02286386489868164,1.135242660105832e-10,1e-08,1,A,analytical36,-0.02286386489868164,-0.02286386489868164,analytical36-A-2-http0-native-rsi256,analytical36-A-2-http0-natural-ee,1,natural-ee,0,http0,1e-10,23,41a80242d9400493,201400684.6250349,41a80242d94bb963,201400684.64789876,0.02014007846478988,interior
analytical36|A|http0,2,native-rsi256,support,1,0,0,1,2.688769018277526e-05,1.1624037079127115e-10,1e-08,1,A,analytical36,-2.688769018277526e-05,-2.688769018277526e-05,analytical36-A-2-http0-native-rsi256,analytical36-A-2-http0-natural-ee,1,natural-ee,0,http0,1e-10,23,410c3c78f2a2e532,231311.11847476062,410c3c78f2b0fe00,231311.1185016483,2.3141111850164832e-05,interior
analytical36|A|http0,2,native-rsi256,mean,1,0,0,0,2.3649135982850567e-09,2.71613182713568e-12,1e-08,1,A,analytical36,2.3649135982850567e-09,2.3649135982850567e-09,analytical36-A-2-http0-native-rsi256,analytical36-A-2-http0-natural-ee,1,natural-ee,0,http0,1e-10,23,408b3588b8f39e21,870.6917590172417,408b3588b8f34cdf,870.6917590148768,9.706917590148768e-08,interior
analytical36|A|http0,2,native-rsi256,min,1,0,0,0,0.0,0.0,1e-08,0,A,analytical36,0.0,0.0,analytical36-A-2-http0-native-rsi256,analytical36-A-2-http0-natural-ee,1,natural-ee,0,http0,1e-10,23,c0926b8000000000,-1178.875,c0926b8000000000,-1178.875,1.278875e-07,interior
analytical36|A|http0,2,native-rsi256,max,1,0,0,0,0.0,0.0,1e-08,0,A,analytical36,0.0,0.0,analytical36-A-2-http0-native-rsi256,analytical36-A-2-http0-natural-ee,1,natural-ee,0,http0,1e-10,23,40f869f000000000,99999.0,40f869f000000000,99999.0,1.00099e-05,interior
analytical36|A|http0,2,native-skv-raw,sum,1,0,0,1,0.02286386489868164,1.135242660105832e-10,1e-08,1,A,analytical36,-0.02286386489868164,-0.02286386489868164,analytical36-A-2-http0-native-skv-raw,analytical36-A-2-http0-natural-ee,1,natural-ee,0,http0,1e-10,23,41a80242d9400493,201400684.6250349,41a80242d94bb963,201400684.64789876,0.02014007846478988,interior
analytical36|A|http0,2,native-skv-raw,support,1,0,0,1,2.688769018277526e-05,1.1624037079127115e-10,1e-08,1,A,analytical36,-2.688769018277526e-05,-2.688769018277526e-05,analytical36-A-2-http0-native-skv-raw,analytical36-A-2-http0-natural-ee,1,natural-ee,0,http0,1e-10,23,410c3c78f2a2e532,231311.11847476062,410c3c78f2b0fe00,231311.1185016483,2.3141111850164832e-05,interior
analytical36|A|http0,2,native-skv-raw,mean,1,0,0,0,2.3649135982850567e-09,2.71613182713568e-12,1e-08,1,A,analytical36,2.3649135982850567e-09,2.3649135982850567e-09,analytical36-A-2-http0-native-skv-raw,analytical36-A-2-http0-natural-ee,1,natural-ee,0,http0,1e-10,23,408b3588b8f39e21,870.6917590172417,408b3588b8f34cdf,870.6917590148768,9.706917590148768e-08,interior
analytical36|A|http0,2,native-skv-raw,min,1,0,0,0,0.0,0.0,1e-08,0,A,analytical36,0.0,0.0,analytical36-A-2-http0-native-skv-raw,analytical36-A-2-http0-natural-ee,1,natural-ee,0,http0,1e-10,23,c0926b8000000000,-1178.875,c0926b8000000000,-1178.875,1.278875e-07,interior
analytical36|A|http0,2,native-skv-raw,max,1,0,0,0,0.0,0.0,1e-08,0,A,analytical36,0.0,0.0,analytical36-A-2-http0-native-skv-raw,analytical36-A-2-http0-natural-ee,1,natural-ee,0,http0,1e-10,23,40f869f000000000,99999.0,40f869f000000000,99999.0,1.00099e-05,interior
analytical36|A|http0,2,native-skv-summary,sum,1,0,0,1,0.02286386489868164,1.135242660105832e-10,1e-08,1,A,analytical36,-0.02286386489868164,-0.02286386489868164,analytical36-A-2-http0-native-skv-summary,analytical36-A-2-http0-natural-ee,1,natural-ee,0,http0,1e-10,23,41a80242d9400493,201400684.6250349,41a80242d94bb963,201400684.64789876,0.02014007846478988,interior
analytical36|A|http0,2,native-skv-summary,support,1,0,0,1,2.688769018277526e-05,1.1624037079127115e-10,1e-08,1,A,analytical36,-2.688769018277526e-05,-2.688769018277526e-05,analytical36-A-2-http0-native-skv-summary,analytical36-A-2-http0-natural-ee,1,natural-ee,0,http0,1e-10,23,410c3c78f2a2e532,231311.11847476062,410c3c78f2b0fe00,231311.1185016483,2.3141111850164832e-05,interior
analytical36|A|http0,2,native-skv-summary,mean,1,0,0,0,2.3649135982850567e-09,2.71613182713568e-12,1e-08,1,A,analytical36,2.3649135982850567e-09,2.3649135982850567e-09,analytical36-A-2-http0-native-skv-summary,analytical36-A-2-http0-natural-ee,1,natural-ee,0,http0,1e-10,23,408b3588b8f39e21,870.6917590172417,408b3588b8f34cdf,870.6917590148768,9.706917590148768e-08,interior
analytical36|A|http0,2,native-skv-summary,min,1,0,0,0,0.0,0.0,1e-08,0,A,analytical36,0.0,0.0,analytical36-A-2-http0-native-skv-summary,analytical36-A-2-http0-natural-ee,1,natural-ee,0,http0,1e-10,23,c0926b8000000000,-1178.875,c0926b8000000000,-1178.875,1.278875e-07,interior
analytical36|A|http0,2,native-skv-summary,max,1,0,0,0,0.0,0.0,1e-08,0,A,analytical36,0.0,0.0,analytical36-A-2-http0-native-skv-summary,analytical36-A-2-http0-natural-ee,1,natural-ee,0,http0,1e-10,23,40f869f000000000,99999.0,40f869f000000000,99999.0,1.00099e-05,interior
analytical36|A|local,0,native-tiff,sum,1,0,0,1,0.03498843312263489,1.7814205158418637e-10,1e-08,1,A,analytical36,0.03498843312263489,0.03498843312263489,analytical36-A-0-local-native-tiff,analytical36-A-0-local-natural-ee,1,natural-ee,0,local,1e-10,23,41a769e18308284f,196407489.51593253,41a769e182f63e4e,196407489.4809441,0.019640758948094413,interior
analytical36|A|local,0,native-tiff,support,1,0,0,1,3.817153628915548e-05,1.6929463236963817e-10,1e-08,1,A,analytical36,3.817153628915548e-05,3.817153628915548e-05,analytical36-A-0-local-native-tiff,analytical36-A-0-local-natural-ee,1,natural-ee,0,local,1e-10,23,410b860fec1ee34c,225473.99029328895,410b860fec0ae000,225473.99025511742,2.2557399025511744e-05,interior
analytical36|A|local,0,native-tiff,mean,1,0,0,0,7.706944415986072e-09,8.847501257406849e-12,1e-08,1,A,analytical36,7.706944415986072e-09,7.706944415986072e-09,analytical36-A-0-local-native-tiff,analytical36-A-0-local-natural-ee,1,natural-ee,0,local,1e-10,23,408b38b26d8b211e,871.0871230000955,408b38b26d8a184f,871.0871229923886,9.710871229923886e-08,interior
analytical36|A|local,0,native-tiff,min,1,0,0,0,0.0,0.0,1e-08,0,A,analytical36,0.0,0.0,analytical36-A-0-local-native-tiff,analytical36-A-0-local-natural-ee,1,natural-ee,0,local,1e-10,23,c0926b8000000000,-1178.875,c0926b8000000000,-1178.875,1.278875e-07,interior
analytical36|A|local,0,native-tiff,max,1,0,0,0,0.0,0.0,1e-08,0,A,analytical36,0.0,0.0,analytical36-A-0-local-native-tiff,analytical36-A-0-local-natural-ee,1,natural-ee,0,local,1e-10,23,40f869f000000000,99999.0,40f869f000000000,99999.0,1.00099e-05,interior
analytical36|A|local,0,native-cog,sum,1,0,0,1,0.03498843312263489,1.7814205158418637e-10,1e-08,1,A,analytical36,0.03498843312263489,0.03498843312263489,analytical36-A-0-local-native-cog,analytical36-A-0-local-natural-ee,1,natural-ee,0,local,1e-10,23,41a769e18308284f,196407489.51593253,41a769e182f63e4e,196407489.4809441,0.019640758948094413,interior
analytical36|A|local,0,native-cog,support,1,0,0,1,3.817153628915548e-05,1.6929463236963817e-10,1e-08,1,A,analytical36,3.817153628915548e-05,3.817153628915548e-05,analytical36-A-0-local-native-cog,analytical36-A-0-local-natural-ee,1,natural-ee,0,local,1e-10,23,410b860fec1ee34c,225473.99029328895,410b860fec0ae000,225473.99025511742,2.2557399025511744e-05,interior
analytical36|A|local,0,native-cog,mean,1,0,0,0,7.706944415986072e-09,8.847501257406849e-12,1e-08,1,A,analytical36,7.706944415986072e-09,7.706944415986072e-09,analytical36-A-0-local-native-cog,analytical36-A-0-local-natural-ee,1,natural-ee,0,local,1e-10,23,408b38b26d8b211e,871.0871230000955,408b38b26d8a184f,871.0871229923886,9.710871229923886e-08,interior
analytical36|A|local,0,native-cog,min,1,0,0,0,0.0,0.0,1e-08,0,A,analytical36,0.0,0.0,analytical36-A-0-local-native-cog,analytical36-A-0-local-natural-ee,1,natural-ee,0,local,1e-10,23,c0926b8000000000,-1178.875,c0926b8000000000,-1178.875,1.278875e-07,interior
analytical36|A|local,0,native-cog,max,1,0,0,0,0.0,0.0,1e-08,0,A,analytical36,0.0,0.0,analytical36-A-0-local-native-cog,analytical36-A-0-local-natural-ee,1,natural-ee,0,local,1e-10,23,40f869f000000000,99999.0,40f869f000000000,99999.0,1.00099e-05,interior
analytical36|A|local,0,native-rsi64,sum,1,0,0,1,0.03498843312263489,1.7814205158418637e-10,1e-08,1,A,analytical36,0.03498843312263489,0.03498843312263489,analytical36-A-0-local-native-rsi64,analytical36-A-0-local-natural-ee,1,natural-ee,0,local,1e-10,23,41a769e18308284f,196407489.51593253,41a769e182f63e4e,196407489.4809441,0.019640758948094413,interior
analytical36|A|local,0,native-rsi64,support,1,0,0,1,3.817153628915548e-05,1.6929463236963817e-10,1e-08,1,A,analytical36,3.817153628915548e-05,3.817153628915548e-05,analytical36-A-0-local-native-rsi64,analytical36-A-0-local-natural-ee,1,natural-ee,0,local,1e-10,23,410b860fec1ee34c,225473.99029328895,410b860fec0ae000,225473.99025511742,2.2557399025511744e-05,interior
analytical36|A|local,0,native-rsi64,mean,1,0,0,0,7.706944415986072e-09,8.847501257406849e-12,1e-08,1,A,analytical36,7.706944415986072e-09,7.706944415986072e-09,analytical36-A-0-local-native-rsi64,analytical36-A-0-local-natural-ee,1,natural-ee,0,local,1e-10,23,408b38b26d8b211e,871.0871230000955,408b38b26d8a184f,871.0871229923886,9.710871229923886e-08,interior
analytical36|A|local,0,native-rsi64,min,1,0,0,0,0.0,0.0,1e-08,0,A,analytical36,0.0,0.0,analytical36-A-0-local-native-rsi64,analytical36-A-0-local-natural-ee,1,natural-ee,0,local,1e-10,23,c0926b8000000000,-1178.875,c0926b8000000000,-1178.875,1.278875e-07,interior
analytical36|A|local,0,native-rsi64,max,1,0,0,0,0.0,0.0,1e-08,0,A,analytical36,0.0,0.0,analytical36-A-0-local-native-rsi64,analytical36-A-0-local-natural-ee,1,natural-ee,0,local,1e-10,23,40f869f000000000,99999.0,40f869f000000000,99999.0,1.00099e-05,interior
analytical36|A|local,0,native-rsi256,sum,1,0,0,1,0.03498843312263489,1.7814205158418637e-10,1e-08,1,A,analytical36,0.03498843312263489,0.03498843312263489,analytical36-A-0-local-native-rsi256,analytical36-A-0-local-natural-ee,1,natural-ee,0,local,1e-10,23,41a769e18308284f,196407489.51593253,41a769e182f63e4e,196407489.4809441,0.019640758948094413,interior
analytical36|A|local,0,native-rsi256,support,1,0,0,1,3.817153628915548e-05,1.6929463236963817e-10,1e-08,1,A,analytical36,3.817153628915548e-05,3.817153628915548e-05,analytical36-A-0-local-native-rsi256,analytical36-A-0-local-natural-ee,1,natural-ee,0,local,1e-10,23,410b860fec1ee34c,225473.99029328895,410b860fec0ae000,225473.99025511742,2.2557399025511744e-05,interior
analytical36|A|local,0,native-rsi256,mean,1,0,0,0,7.706944415986072e-09,8.847501257406849e-12,1e-08,1,A,analytical36,7.706944415986072e-09,7.706944415986072e-09,analytical36-A-0-local-native-rsi256,analytical36-A-0-local-natural-ee,1,natural-ee,0,local,1e-10,23,408b38b26d8b211e,871.0871230000955,408b38b26d8a184f,871.0871229923886,9.710871229923886e-08,interior
analytical36|A|local,0,native-rsi256,min,1,0,0,0,0.0,0.0,1e-08,0,A,analytical36,0.0,0.0,analytical36-A-0-local-native-rsi256,analytical36-A-0-local-natural-ee,1,natural-ee,0,local,1e-10,23,c0926b8000000000,-1178.875,c0926b8000000000,-1178.875,1.278875e-07,interior
analytical36|A|local,0,native-rsi256,max,1,0,0,0,0.0,0.0,1e-08,0,A,analytical36,0.0,0.0,analytical36-A-0-local-native-rsi256,analytical36-A-0-local-natural-ee,1,natural-ee,0,local,1e-10,23,40f869f000000000,99999.0,40f869f000000000,99999.0,1.00099e-05,interior
analytical36|A|local,0,native-skv-raw,sum,1,0,0,1,0.03498843312263489,1.7814205158418637e-10,1e-08,1,A,analytical36,0.03498843312263489,0.03498843312263489,analytical36-A-0-local-native-skv-raw,analytical36-A-0-local-natural-ee,1,natural-ee,0,local,1e-10,23,41a769e18308284f,196407489.51593253,41a769e182f63e4e,196407489.4809441,0.019640758948094413,interior
analytical36|A|local,0,native-skv-raw,support,1,0,0,1,3.817153628915548e-05,1.6929463236963817e-10,1e-08,1,A,analytical36,3.817153628915548e-05,3.817153628915548e-05,analytical36-A-0-local-native-skv-raw,analytical36-A-0-local-natural-ee,1,natural-ee,0,local,1e-10,23,410b860fec1ee34c,225473.99029328895,410b860fec0ae000,225473.99025511742,2.2557399025511744e-05,interior
analytical36|A|local,0,native-skv-raw,mean,1,0,0,0,7.706944415986072e-09,8.847501257406849e-12,1e-08,1,A,analytical36,7.706944415986072e-09,7.706944415986072e-09,analytical36-A-0-local-native-skv-raw,analytical36-A-0-local-natural-ee,1,natural-ee,0,local,1e-10,23,408b38b26d8b211e,871.0871230000955,408b38b26d8a184f,871.0871229923886,9.710871229923886e-08,interior
analytical36|A|local,0,native-skv-raw,min,1,0,0,0,0.0,0.0,1e-08,0,A,analytical36,0.0,0.0,analytical36-A-0-local-native-skv-raw,analytical36-A-0-local-natural-ee,1,natural-ee,0,local,1e-10,23,c0926b8000000000,-1178.875,c0926b8000000000,-1178.875,1.278875e-07,interior
analytical36|A|local,0,native-skv-raw,max,1,0,0,0,0.0,0.0,1e-08,0,A,analytical36,0.0,0.0,analytical36-A-0-local-native-skv-raw,analytical36-A-0-local-natural-ee,1,natural-ee,0,local,1e-10,23,40f869f000000000,99999.0,40f869f000000000,99999.0,1.00099e-05,interior
analytical36|A|local,0,native-skv-summary,sum,1,0,0,1,0.03498843312263489,1.7814205158418637e-10,1e-08,1,A,analytical36,0.03498843312263489,0.03498843312263489,analytical36-A-0-local-native-skv-summary,analytical36-A-0-local-natural-ee,1,natural-ee,0,local,1e-10,23,41a769e18308284f,196407489.51593253,41a769e182f63e4e,196407489.4809441,0.019640758948094413,interior
analytical36|A|local,0,native-skv-summary,support,1,0,0,1,3.817153628915548e-05,1.6929463236963817e-10,1e-08,1,A,analytical36,3.817153628915548e-05,3.817153628915548e-05,analytical36-A-0-local-native-skv-summary,analytical36-A-0-local-natural-ee,1,natural-ee,0,local,1e-10,23,410b860fec1ee34c,225473.99029328895,410b860fec0ae000,225473.99025511742,2.2557399025511744e-05,interior
analytical36|A|local,0,native-skv-summary,mean,1,0,0,0,7.706944415986072e-09,8.847501257406849e-12,1e-08,1,A,analytical36,7.706944415986072e-09,7.706944415986072e-09,analytical36-A-0-local-native-skv-summary,analytical36-A-0-local-natural-ee,1,natural-ee,0,local,1e-10,23,408b38b26d8b211e,871.0871230000955,408b38b26d8a184f,871.0871229923886,9.710871229923886e-08,interior
analytical36|A|local,0,native-skv-summary,min,1,0,0,0,0.0,0.0,1e-08,0,A,analytical36,0.0,0.0,analytical36-A-0-local-native-skv-summary,analytical36-A-0-local-natural-ee,1,natural-ee,0,local,1e-10,23,c0926b8000000000,-1178.875,c0926b8000000000,-1178.875,1.278875e-07,interior
analytical36|A|local,0,native-skv-summary,max,1,0,0,0,0.0,0.0,1e-08,0,A,analytical36,0.0,0.0,analytical36-A-0-local-native-skv-summary,analytical36-A-0-local-natural-ee,1,natural-ee,0,local,1e-10,23,40f869f000000000,99999.0,40f869f000000000,99999.0,1.00099e-05,interior
analytical36|A|local,1,native-tiff,sum,1,0,0,0,0.017967045307159424,9.038834269239471e-11,1e-08,1,A,analytical36,-0.017967045307159424,-0.017967045307159424,analytical36-A-1-local-native-tiff,analytical36-A-1-local-natural-ee,1,natural-ee,0,local,1e-10,23,41a7b22a8bb36207,198776133.85035726,41a7b22a8bbc9501,198776133.8683243,0.019877623386832435,interior
analytical36|A|local,1,native-tiff,support,1,0,0,0,2.119585406035185e-05,9.287759133345713e-11,1e-08,1,A,analytical36,-2.119585406035185e-05,-2.119585406035185e-05,analytical36-A-1-local-native-tiff,analytical36-A-1-local-natural-ee,1,natural-ee,0,local,1e-10,23,410bdba64dc48d24,228212.78797254816,410bdba64dcfaa00,228212.78799374402,2.2831278799374404e-05,interior
analytical36|A|local,1,native-tiff,mean,1,0,0,0,2.1681216821889393e-09,2.4891976927662294e-12,1e-08,1,A,analytical36,2.1681216821889393e-09,2.1681216821889393e-09,analytical36-A-1-local-native-tiff,analytical36-A-1-local-natural-ee,1,natural-ee,0,local,1e-10,23,408b38191657e442,871.0122496477636,408b3819165799c3,871.0122496455955,9.710122496455955e-08,interior
analytical36|A|local,1,native-tiff,min,1,0,0,0,0.0,0.0,1e-08,0,A,analytical36,0.0,0.0,analytical36-A-1-local-native-tiff,analytical36-A-1-local-natural-ee,1,natural-ee,0,local,1e-10,23,c0926b8000000000,-1178.875,c0926b8000000000,-1178.875,1.278875e-07,interior
analytical36|A|local,1,native-tiff,max,1,0,0,0,0.0,0.0,1e-08,0,A,analytical36,0.0,0.0,analytical36-A-1-local-native-tiff,analytical36-A-1-local-natural-ee,1,natural-ee,0,local,1e-10,23,40f869f000000000,99999.0,40f869f000000000,99999.0,1.00099e-05,interior
analytical36|A|local,1,native-cog,sum,1,0,0,0,0.017967045307159424,9.038834269239471e-11,1e-08,1,A,analytical36,-0.017967045307159424,-0.017967045307159424,analytical36-A-1-local-native-cog,analytical36-A-1-local-natural-ee,1,natural-ee,0,local,1e-10,23,41a7b22a8bb36207,198776133.85035726,41a7b22a8bbc9501,198776133.8683243,0.019877623386832435,interior
analytical36|A|local,1,native-cog,support,1,0,0,0,2.119585406035185e-05,9.287759133345713e-11,1e-08,1,A,analytical36,-2.119585406035185e-05,-2.119585406035185e-05,analytical36-A-1-local-native-cog,analytical36-A-1-local-natural-ee,1,natural-ee,0,local,1e-10,23,410bdba64dc48d24,228212.78797254816,410bdba64dcfaa00,228212.78799374402,2.2831278799374404e-05,interior
analytical36|A|local,1,native-cog,mean,1,0,0,0,2.1681216821889393e-09,2.4891976927662294e-12,1e-08,1,A,analytical36,2.1681216821889393e-09,2.1681216821889393e-09,analytical36-A-1-local-native-cog,analytical36-A-1-local-natural-ee,1,natural-ee,0,local,1e-10,23,408b38191657e442,871.0122496477636,408b3819165799c3,871.0122496455955,9.710122496455955e-08,interior
analytical36|A|local,1,native-cog,min,1,0,0,0,0.0,0.0,1e-08,0,A,analytical36,0.0,0.0,analytical36-A-1-local-native-cog,analytical36-A-1-local-natural-ee,1,natural-ee,0,local,1e-10,23,c0926b8000000000,-1178.875,c0926b8000000000,-1178.875,1.278875e-07,interior
analytical36|A|local,1,native-cog,max,1,0,0,0,0.0,0.0,1e-08,0,A,analytical36,0.0,0.0,analytical36-A-1-local-native-cog,analytical36-A-1-local-natural-ee,1,natural-ee,0,local,1e-10,23,40f869f000000000,99999.0,40f869f000000000,99999.0,1.00099e-05,interior
analytical36|A|local,1,native-rsi64,sum,1,0,0,0,0.017967045307159424,9.038834269239471e-11,1e-08,1,A,analytical36,-0.017967045307159424,-0.017967045307159424,analytical36-A-1-local-native-rsi64,analytical36-A-1-local-natural-ee,1,natural-ee,0,local,1e-10,23,41a7b22a8bb36207,198776133.85035726,41a7b22a8bbc9501,198776133.8683243,0.019877623386832435,interior
analytical36|A|local,1,native-rsi64,support,1,0,0,0,2.119585406035185e-05,9.287759133345713e-11,1e-08,1,A,analytical36,-2.119585406035185e-05,-2.119585406035185e-05,analytical36-A-1-local-native-rsi64,analytical36-A-1-local-natural-ee,1,natural-ee,0,local,1e-10,23,410bdba64dc48d24,228212.78797254816,410bdba64dcfaa00,228212.78799374402,2.2831278799374404e-05,interior
analytical36|A|local,1,native-rsi64,mean,1,0,0,0,2.1681216821889393e-09,2.4891976927662294e-12,1e-08,1,A,analytical36,2.1681216821889393e-09,2.1681216821889393e-09,analytical36-A-1-local-native-rsi64,analytical36-A-1-local-natural-ee,1,natural-ee,0,local,1e-10,23,408b38191657e442,871.0122496477636,408b3819165799c3,871.0122496455955,9.710122496455955e-08,interior
analytical36|A|local,1,native-rsi64,min,1,0,0,0,0.0,0.0,1e-08,0,A,analytical36,0.0,0.0,analytical36-A-1-local-native-rsi64,analytical36-A-1-local-natural-ee,1,natural-ee,0,local,1e-10,23,c0926b8000000000,-1178.875,c0926b8000000000,-1178.875,1.278875e-07,interior
analytical36|A|local,1,native-rsi64,max,1,0,0,0,0.0,0.0,1e-08,0,A,analytical36,0.0,0.0,analytical36-A-1-local-native-rsi64,analytical36-A-1-local-natural-ee,1,natural-ee,0,local,1e-10,23,40f869f000000000,99999.0,40f869f000000000,99999.0,1.00099e-05,interior
analytical36|A|local,1,native-rsi256,sum,1,0,0,0,0.017967045307159424,9.038834269239471e-11,1e-08,1,A,analytical36,-0.017967045307159424,-0.017967045307159424,analytical36-A-1-local-native-rsi256,analytical36-A-1-local-natural-ee,1,natural-ee,0,local,1e-10,23,41a7b22a8bb36207,198776133.85035726,41a7b22a8bbc9501,198776133.8683243,0.019877623386832435,interior
analytical36|A|local,1,native-rsi256,support,1,0,0,0,2.119585406035185e-05,9.287759133345713e-11,1e-08,1,A,analytical36,-2.119585406035185e-05,-2.119585406035185e-05,analytical36-A-1-local-native-rsi256,analytical36-A-1-local-natural-ee,1,natural-ee,0,local,1e-10,23,410bdba64dc48d24,228212.78797254816,410bdba64dcfaa00,228212.78799374402,2.2831278799374404e-05,interior
analytical36|A|local,1,native-rsi256,mean,1,0,0,0,2.1681216821889393e-09,2.4891976927662294e-12,1e-08,1,A,analytical36,2.1681216821889393e-09,2.1681216821889393e-09,analytical36-A-1-local-native-rsi256,analytical36-A-1-local-natural-ee,1,natural-ee,0,local,1e-10,23,408b38191657e442,871.0122496477636,408b3819165799c3,871.0122496455955,9.710122496455955e-08,interior
analytical36|A|local,1,native-rsi256,min,1,0,0,0,0.0,0.0,1e-08,0,A,analytical36,0.0,0.0,analytical36-A-1-local-native-rsi256,analytical36-A-1-local-natural-ee,1,natural-ee,0,local,1e-10,23,c0926b8000000000,-1178.875,c0926b8000000000,-1178.875,1.278875e-07,interior
analytical36|A|local,1,native-rsi256,max,1,0,0,0,0.0,0.0,1e-08,0,A,analytical36,0.0,0.0,analytical36-A-1-local-native-rsi256,analytical36-A-1-local-natural-ee,1,natural-ee,0,local,1e-10,23,40f869f000000000,99999.0,40f869f000000000,99999.0,1.00099e-05,interior
analytical36|A|local,1,native-skv-raw,sum,1,0,0,0,0.017967045307159424,9.038834269239471e-11,1e-08,1,A,analytical36,-0.017967045307159424,-0.017967045307159424,analytical36-A-1-local-native-skv-raw,analytical36-A-1-local-natural-ee,1,natural-ee,0,local,1e-10,23,41a7b22a8bb36207,198776133.85035726,41a7b22a8bbc9501,198776133.8683243,0.019877623386832435,interior
analytical36|A|local,1,native-skv-raw,support,1,0,0,0,2.119585406035185e-05,9.287759133345713e-11,1e-08,1,A,analytical36,-2.119585406035185e-05,-2.119585406035185e-05,analytical36-A-1-local-native-skv-raw,analytical36-A-1-local-natural-ee,1,natural-ee,0,local,1e-10,23,410bdba64dc48d24,228212.78797254816,410bdba64dcfaa00,228212.78799374402,2.2831278799374404e-05,interior
analytical36|A|local,1,native-skv-raw,mean,1,0,0,0,2.1681216821889393e-09,2.4891976927662294e-12,1e-08,1,A,analytical36,2.1681216821889393e-09,2.1681216821889393e-09,analytical36-A-1-local-native-skv-raw,analytical36-A-1-local-natural-ee,1,natural-ee,0,local,1e-10,23,408b38191657e442,871.0122496477636,408b3819165799c3,871.0122496455955,9.710122496455955e-08,interior
analytical36|A|local,1,native-skv-raw,min,1,0,0,0,0.0,0.0,1e-08,0,A,analytical36,0.0,0.0,analytical36-A-1-local-native-skv-raw,analytical36-A-1-local-natural-ee,1,natural-ee,0,local,1e-10,23,c0926b8000000000,-1178.875,c0926b8000000000,-1178.875,1.278875e-07,interior
analytical36|A|local,1,native-skv-raw,max,1,0,0,0,0.0,0.0,1e-08,0,A,analytical36,0.0,0.0,analytical36-A-1-local-native-skv-raw,analytical36-A-1-local-natural-ee,1,natural-ee,0,local,1e-10,23,40f869f000000000,99999.0,40f869f000000000,99999.0,1.00099e-05,interior
analytical36|A|local,1,native-skv-summary,sum,1,0,0,0,0.017967045307159424,9.038834269239471e-11,1e-08,1,A,analytical36,-0.017967045307159424,-0.017967045307159424,analytical36-A-1-local-native-skv-summary,analytical36-A-1-local-natural-ee,1,natural-ee,0,local,1e-10,23,41a7b22a8bb36207,198776133.85035726,41a7b22a8bbc9501,198776133.8683243,0.019877623386832435,interior
analytical36|A|local,1,native-skv-summary,support,1,0,0,0,2.119585406035185e-05,9.287759133345713e-11,1e-08,1,A,analytical36,-2.119585406035185e-05,-2.119585406035185e-05,analytical36-A-1-local-native-skv-summary,analytical36-A-1-local-natural-ee,1,natural-ee,0,local,1e-10,23,410bdba64dc48d24,228212.78797254816,410bdba64dcfaa00,228212.78799374402,2.2831278799374404e-05,interior
analytical36|A|local,1,native-skv-summary,mean,1,0,0,0,2.1681216821889393e-09,2.4891976927662294e-12,1e-08,1,A,analytical36,2.1681216821889393e-09,2.1681216821889393e-09,analytical36-A-1-local-native-skv-summary,analytical36-A-1-local-natural-ee,1,natural-ee,0,local,1e-10,23,408b38191657e442,871.0122496477636,408b3819165799c3,871.0122496455955,9.710122496455955e-08,interior
analytical36|A|local,1,native-skv-summary,min,1,0,0,0,0.0,0.0,1e-08,0,A,analytical36,0.0,0.0,analytical36-A-1-local-native-skv-summary,analytical36-A-1-local-natural-ee,1,natural-ee,0,local,1e-10,23,c0926b8000000000,-1178.875,c0926b8000000000,-1178.875,1.278875e-07,interior
analytical36|A|local,1,native-skv-summary,max,1,0,0,0,0.0,0.0,1e-08,0,A,analytical36,0.0,0.0,analytical36-A-1-local-native-skv-summary,analytical36-A-1-local-natural-ee,1,natural-ee,0,local,1e-10,23,40f869f000000000,99999.0,40f869f000000000,99999.0,1.00099e-05,interior
analytical36|A|local,2,native-tiff,sum,1,0,0,1,0.02286386489868164,1.135242660105832e-10,1e-08,1,A,analytical36,-0.02286386489868164,-0.02286386489868164,analytical36-A-2-local-native-tiff,analytical36-A-2-local-natural-ee,1,natural-ee,0,local,1e-10,23,41a80242d9400493,201400684.6250349,41a80242d94bb963,201400684.64789876,0.02014007846478988,interior
analytical36|A|local,2,native-tiff,support,1,0,0,1,2.688769018277526e-05,1.1624037079127115e-10,1e-08,1,A,analytical36,-2.688769018277526e-05,-2.688769018277526e-05,analytical36-A-2-local-native-tiff,analytical36-A-2-local-natural-ee,1,natural-ee,0,local,1e-10,23,410c3c78f2a2e532,231311.11847476062,410c3c78f2b0fe00,231311.1185016483,2.3141111850164832e-05,interior
analytical36|A|local,2,native-tiff,mean,1,0,0,0,2.3649135982850567e-09,2.71613182713568e-12,1e-08,1,A,analytical36,2.3649135982850567e-09,2.3649135982850567e-09,analytical36-A-2-local-native-tiff,analytical36-A-2-local-natural-ee,1,natural-ee,0,local,1e-10,23,408b3588b8f39e21,870.6917590172417,408b3588b8f34cdf,870.6917590148768,9.706917590148768e-08,interior
analytical36|A|local,2,native-tiff,min,1,0,0,0,0.0,0.0,1e-08,0,A,analytical36,0.0,0.0,analytical36-A-2-local-native-tiff,analytical36-A-2-local-natural-ee,1,natural-ee,0,local,1e-10,23,c0926b8000000000,-1178.875,c0926b8000000000,-1178.875,1.278875e-07,interior
analytical36|A|local,2,native-tiff,max,1,0,0,0,0.0,0.0,1e-08,0,A,analytical36,0.0,0.0,analytical36-A-2-local-native-tiff,analytical36-A-2-local-natural-ee,1,natural-ee,0,local,1e-10,23,40f869f000000000,99999.0,40f869f000000000,99999.0,1.00099e-05,interior
analytical36|A|local,2,native-cog,sum,1,0,0,1,0.02286386489868164,1.135242660105832e-10,1e-08,1,A,analytical36,-0.02286386489868164,-0.02286386489868164,analytical36-A-2-local-native-cog,analytical36-A-2-local-natural-ee,1,natural-ee,0,local,1e-10,23,41a80242d9400493,201400684.6250349,41a80242d94bb963,201400684.64789876,0.02014007846478988,interior
analytical36|A|local,2,native-cog,support,1,0,0,1,2.688769018277526e-05,1.1624037079127115e-10,1e-08,1,A,analytical36,-2.688769018277526e-05,-2.688769018277526e-05,analytical36-A-2-local-native-cog,analytical36-A-2-local-natural-ee,1,natural-ee,0,local,1e-10,23,410c3c78f2a2e532,231311.11847476062,410c3c78f2b0fe00,231311.1185016483,2.3141111850164832e-05,interior
analytical36|A|local,2,native-cog,mean,1,0,0,0,2.3649135982850567e-09,2.71613182713568e-12,1e-08,1,A,analytical36,2.3649135982850567e-09,2.3649135982850567e-09,analytical36-A-2-local-native-cog,analytical36-A-2-local-natural-ee,1,natural-ee,0,local,1e-10,23,408b3588b8f39e21,870.6917590172417,408b3588b8f34cdf,870.6917590148768,9.706917590148768e-08,interior
analytical36|A|local,2,native-cog,min,1,0,0,0,0.0,0.0,1e-08,0,A,analytical36,0.0,0.0,analytical36-A-2-local-native-cog,analytical36-A-2-local-natural-ee,1,natural-ee,0,local,1e-10,23,c0926b8000000000,-1178.875,c0926b8000000000,-1178.875,1.278875e-07,interior
analytical36|A|local,2,native-cog,max,1,0,0,0,0.0,0.0,1e-08,0,A,analytical36,0.0,0.0,analytical36-A-2-local-native-cog,analytical36-A-2-local-natural-ee,1,natural-ee,0,local,1e-10,23,40f869f000000000,99999.0,40f869f000000000,99999.0,1.00099e-05,interior
analytical36|A|local,2,native-rsi64,sum,1,0,0,1,0.02286386489868164,1.135242660105832e-10,1e-08,1,A,analytical36,-0.02286386489868164,-0.02286386489868164,analytical36-A-2-local-native-rsi64,analytical36-A-2-local-natural-ee,1,natural-ee,0,local,1e-10,23,41a80242d9400493,201400684.6250349,41a80242d94bb963,201400684.64789876,0.02014007846478988,interior
analytical36|A|local,2,native-rsi64,support,1,0,0,1,2.688769018277526e-05,1.1624037079127115e-10,1e-08,1,A,analytical36,-2.688769018277526e-05,-2.688769018277526e-05,analytical36-A-2-local-native-rsi64,analytical36-A-2-local-natural-ee,1,natural-ee,0,local,1e-10,23,410c3c78f2a2e532,231311.11847476062,410c3c78f2b0fe00,231311.1185016483,2.3141111850164832e-05,interior
analytical36|A|local,2,native-rsi64,mean,1,0,0,0,2.3649135982850567e-09,2.71613182713568e-12,1e-08,1,A,analytical36,2.3649135982850567e-09,2.3649135982850567e-09,analytical36-A-2-local-native-rsi64,analytical36-A-2-local-natural-ee,1,natural-ee,0,local,1e-10,23,408b3588b8f39e21,870.6917590172417,408b3588b8f34cdf,870.6917590148768,9.706917590148768e-08,interior
analytical36|A|local,2,native-rsi64,min,1,0,0,0,0.0,0.0,1e-08,0,A,analytical36,0.0,0.0,analytical36-A-2-local-native-rsi64,analytical36-A-2-local-natural-ee,1,natural-ee,0,local,1e-10,23,c0926b8000000000,-1178.875,c0926b8000000000,-1178.875,1.278875e-07,interior
analytical36|A|local,2,native-rsi64,max,1,0,0,0,0.0,0.0,1e-08,0,A,analytical36,0.0,0.0,analytical36-A-2-local-native-rsi64,analytical36-A-2-local-natural-ee,1,natural-ee,0,local,1e-10,23,40f869f000000000,99999.0,40f869f000000000,99999.0,1.00099e-05,interior
analytical36|A|local,2,native-rsi256,sum,1,0,0,1,0.02286386489868164,1.135242660105832e-10,1e-08,1,A,analytical36,-0.02286386489868164,-0.02286386489868164,analytical36-A-2-local-native-rsi256,analytical36-A-2-local-natural-ee,1,natural-ee,0,local,1e-10,23,41a80242d9400493,201400684.6250349,41a80242d94bb963,201400684.64789876,0.02014007846478988,interior
analytical36|A|local,2,native-rsi256,support,1,0,0,1,2.688769018277526e-05,1.1624037079127115e-10,1e-08,1,A,analytical36,-2.688769018277526e-05,-2.688769018277526e-05,analytical36-A-2-local-native-rsi256,analytical36-A-2-local-natural-ee,1,natural-ee,0,local,1e-10,23,410c3c78f2a2e532,231311.11847476062,410c3c78f2b0fe00,231311.1185016483,2.3141111850164832e-05,interior
analytical36|A|local,2,native-rsi256,mean,1,0,0,0,2.3649135982850567e-09,2.71613182713568e-12,1e-08,1,A,analytical36,2.3649135982850567e-09,2.3649135982850567e-09,analytical36-A-2-local-native-rsi256,analytical36-A-2-local-natural-ee,1,natural-ee,0,local,1e-10,23,408b3588b8f39e21,870.6917590172417,408b3588b8f34cdf,870.6917590148768,9.706917590148768e-08,interior
analytical36|A|local,2,native-rsi256,min,1,0,0,0,0.0,0.0,1e-08,0,A,analytical36,0.0,0.0,analytical36-A-2-local-native-rsi256,analytical36-A-2-local-natural-ee,1,natural-ee,0,local,1e-10,23,c0926b8000000000,-1178.875,c0926b8000000000,-1178.875,1.278875e-07,interior
analytical36|A|local,2,native-rsi256,max,1,0,0,0,0.0,0.0,1e-08,0,A,analytical36,0.0,0.0,analytical36-A-2-local-native-rsi256,analytical36-A-2-local-natural-ee,1,natural-ee,0,local,1e-10,23,40f869f000000000,99999.0,40f869f000000000,99999.0,1.00099e-05,interior
analytical36|A|local,2,native-skv-raw,sum,1,0,0,1,0.02286386489868164,1.135242660105832e-10,1e-08,1,A,analytical36,-0.02286386489868164,-0.02286386489868164,analytical36-A-2-local-native-skv-raw,analytical36-A-2-local-natural-ee,1,natural-ee,0,local,1e-10,23,41a80242d9400493,201400684.6250349,41a80242d94bb963,201400684.64789876,0.02014007846478988,interior
analytical36|A|local,2,native-skv-raw,support,1,0,0,1,2.688769018277526e-05,1.1624037079127115e-10,1e-08,1,A,analytical36,-2.688769018277526e-05,-2.688769018277526e-05,analytical36-A-2-local-native-skv-raw,analytical36-A-2-local-natural-ee,1,natural-ee,0,local,1e-10,23,410c3c78f2a2e532,231311.11847476062,410c3c78f2b0fe00,231311.1185016483,2.3141111850164832e-05,interior
analytical36|A|local,2,native-skv-raw,mean,1,0,0,0,2.3649135982850567e-09,2.71613182713568e-12,1e-08,1,A,analytical36,2.3649135982850567e-09,2.3649135982850567e-09,analytical36-A-2-local-native-skv-raw,analytical36-A-2-local-natural-ee,1,natural-ee,0,local,1e-10,23,408b3588b8f39e21,870.6917590172417,408b3588b8f34cdf,870.6917590148768,9.706917590148768e-08,interior
analytical36|A|local,2,native-skv-raw,min,1,0,0,0,0.0,0.0,1e-08,0,A,analytical36,0.0,0.0,analytical36-A-2-local-native-skv-raw,analytical36-A-2-local-natural-ee,1,natural-ee,0,local,1e-10,23,c0926b8000000000,-1178.875,c0926b8000000000,-1178.875,1.278875e-07,interior
analytical36|A|local,2,native-skv-raw,max,1,0,0,0,0.0,0.0,1e-08,0,A,analytical36,0.0,0.0,analytical36-A-2-local-native-skv-raw,analytical36-A-2-local-natural-ee,1,natural-ee,0,local,1e-10,23,40f869f000000000,99999.0,40f869f000000000,99999.0,1.00099e-05,interior
analytical36|A|local,2,native-skv-summary,sum,1,0,0,1,0.02286386489868164,1.135242660105832e-10,1e-08,1,A,analytical36,-0.02286386489868164,-0.02286386489868164,analytical36-A-2-local-native-skv-summary,analytical36-A-2-local-natural-ee,1,natural-ee,0,local,1e-10,23,41a80242d9400493,201400684.6250349,41a80242d94bb963,201400684.64789876,0.02014007846478988,interior
analytical36|A|local,2,native-skv-summary,support,1,0,0,1,2.688769018277526e-05,1.1624037079127115e-10,1e-08,1,A,analytical36,-2.688769018277526e-05,-2.688769018277526e-05,analytical36-A-2-local-native-skv-summary,analytical36-A-2-local-natural-ee,1,natural-ee,0,local,1e-10,23,410c3c78f2a2e532,231311.11847476062,410c3c78f2b0fe00,231311.1185016483,2.3141111850164832e-05,interior
analytical36|A|local,2,native-skv-summary,mean,1,0,0,0,2.3649135982850567e-09,2.71613182713568e-12,1e-08,1,A,analytical36,2.3649135982850567e-09,2.3649135982850567e-09,analytical36-A-2-local-native-skv-summary,analytical36-A-2-local-natural-ee,1,natural-ee,0,local,1e-10,23,408b3588b8f39e21,870.6917590172417,408b3588b8f34cdf,870.6917590148768,9.706917590148768e-08,interior
analytical36|A|local,2,native-skv-summary,min,1,0,0,0,0.0,0.0,1e-08,0,A,analytical36,0.0,0.0,analytical36-A-2-local-native-skv-summary,analytical36-A-2-local-natural-ee,1,natural-ee,0,local,1e-10,23,c0926b8000000000,-1178.875,c0926b8000000000,-1178.875,1.278875e-07,interior
analytical36|A|local,2,native-skv-summary,max,1,0,0,0,0.0,0.0,1e-08,0,A,analytical36,0.0,0.0,analytical36-A-2-local-native-skv-summary,analytical36-A-2-local-natural-ee,1,natural-ee,0,local,1e-10,23,40f869f000000000,99999.0,40f869f000000000,99999.0,1.00099e-05,interior
analytical36|B|http0,0,native-tiff,sum,8,0,0,6,0.041626960039138794,6.074939623487641e-10,1e-08,6,B,analytical36,0.041626960039138794,-0.0003856054972857237,analytical36-B-0-http0-native-tiff,analytical36-B-0-http0-natural-ee,8,natural-ee,1,http0,1e-10,23,41a4ecbfd222f9d8,175529961.0683124,41a4ecbfd20da9b7,175529961.02668545,0.017553006102668547,hole
analytical36|B|http0,0,native-tiff,support,8,0,0,6,4.7289737267419696e-05,7.299511521653528e-10,1e-08,6,B,analytical36,4.7289737267419696e-05,-3.683688873934443e-07,analytical36-B-0-http0-native-tiff,analytical36-B-0-http0-natural-ee,8,natural-ee,1,http0,1e-10,23,41088bfd3a7c2b1f,201087.653557145,41088bfd3a636000,201087.65350985527,2.011876535098553e-05,hole
analytical36|B|http0,0,native-tiff,mean,8,1,0,1,1.3404246601567138e-07,1.2245713258263855e-10,1e-08,6,B,analytical36,1.3404246601567138e-07,-5.564663752011256e-08,analytical36-B-0-http0-native-tiff,analytical36-B-0-http0-natural-ee,7,natural-ee,0,http0,1e-10,23,40911a6dd4db0020,1094.607257291682,40911a6dd4d2014b,1094.6072571576394,1.1946072571576396e-07,compact
analytical36|B|http0,0,native-tiff,min,8,1,0,0,0.0,0.0,1e-08,0,B,analytical36,0.0,0.0,analytical36-B-0-http0-native-tiff,analytical36-B-0-http0-natural-ee,7,natural-ee,0,http0,1e-10,23,408c4a0000000000,905.25,408c4a0000000000,905.25,1.00525e-07,tiny
analytical36|B|http0,0,native-tiff,max,8,1,0,0,0.0,0.0,1e-08,0,B,analytical36,0.0,0.0,analytical36-B-0-http0-native-tiff,analytical36-B-0-http0-natural-ee,7,natural-ee,0,http0,1e-10,23,408c4a0000000000,905.25,408c4a0000000000,905.25,1.00525e-07,tiny
analytical36|B|http0,0,native-cog,sum,8,0,0,6,0.041626960039138794,6.074939623487641e-10,1e-08,6,B,analytical36,0.041626960039138794,-0.0003856054972857237,analytical36-B-0-http0-native-cog,analytical36-B-0-http0-natural-ee,8,natural-ee,1,http0,1e-10,23,41a4ecbfd222f9d8,175529961.0683124,41a4ecbfd20da9b7,175529961.02668545,0.017553006102668547,hole
analytical36|B|http0,0,native-cog,support,8,0,0,6,4.7289737267419696e-05,7.299511521653528e-10,1e-08,6,B,analytical36,4.7289737267419696e-05,-3.683688873934443e-07,analytical36-B-0-http0-native-cog,analytical36-B-0-http0-natural-ee,8,natural-ee,1,http0,1e-10,23,41088bfd3a7c2b1f,201087.653557145,41088bfd3a636000,201087.65350985527,2.011876535098553e-05,hole
analytical36|B|http0,0,native-cog,mean,8,1,0,1,1.3404246601567138e-07,1.2245713258263855e-10,1e-08,6,B,analytical36,1.3404246601567138e-07,-5.564663752011256e-08,analytical36-B-0-http0-native-cog,analytical36-B-0-http0-natural-ee,7,natural-ee,0,http0,1e-10,23,40911a6dd4db0020,1094.607257291682,40911a6dd4d2014b,1094.6072571576394,1.1946072571576396e-07,compact
analytical36|B|http0,0,native-cog,min,8,1,0,0,0.0,0.0,1e-08,0,B,analytical36,0.0,0.0,analytical36-B-0-http0-native-cog,analytical36-B-0-http0-natural-ee,7,natural-ee,0,http0,1e-10,23,408c4a0000000000,905.25,408c4a0000000000,905.25,1.00525e-07,tiny
analytical36|B|http0,0,native-cog,max,8,1,0,0,0.0,0.0,1e-08,0,B,analytical36,0.0,0.0,analytical36-B-0-http0-native-cog,analytical36-B-0-http0-natural-ee,7,natural-ee,0,http0,1e-10,23,408c4a0000000000,905.25,408c4a0000000000,905.25,1.00525e-07,tiny
analytical36|B|http0,0,native-rsi64,sum,8,0,0,6,0.041626960039138794,6.074939623487641e-10,1e-08,6,B,analytical36,0.041626960039138794,-0.0003856054972857237,analytical36-B-0-http0-native-rsi64,analytical36-B-0-http0-natural-ee,8,natural-ee,1,http0,1e-10,23,41a4ecbfd222f9d8,175529961.0683124,41a4ecbfd20da9b7,175529961.02668545,0.017553006102668547,hole
analytical36|B|http0,0,native-rsi64,support,8,0,0,6,4.7289737267419696e-05,7.299511521653528e-10,1e-08,6,B,analytical36,4.7289737267419696e-05,-3.683688873934443e-07,analytical36-B-0-http0-native-rsi64,analytical36-B-0-http0-natural-ee,8,natural-ee,1,http0,1e-10,23,41088bfd3a7c2b1f,201087.653557145,41088bfd3a636000,201087.65350985527,2.011876535098553e-05,hole
analytical36|B|http0,0,native-rsi64,mean,8,1,0,1,1.3404246601567138e-07,1.2245713258263855e-10,1e-08,6,B,analytical36,1.3404246601567138e-07,-5.564663752011256e-08,analytical36-B-0-http0-native-rsi64,analytical36-B-0-http0-natural-ee,7,natural-ee,0,http0,1e-10,23,40911a6dd4db0020,1094.607257291682,40911a6dd4d2014b,1094.6072571576394,1.1946072571576396e-07,compact
analytical36|B|http0,0,native-rsi64,min,8,1,0,0,0.0,0.0,1e-08,0,B,analytical36,0.0,0.0,analytical36-B-0-http0-native-rsi64,analytical36-B-0-http0-natural-ee,7,natural-ee,0,http0,1e-10,23,408c4a0000000000,905.25,408c4a0000000000,905.25,1.00525e-07,tiny
analytical36|B|http0,0,native-rsi64,max,8,1,0,0,0.0,0.0,1e-08,0,B,analytical36,0.0,0.0,analytical36-B-0-http0-native-rsi64,analytical36-B-0-http0-natural-ee,7,natural-ee,0,http0,1e-10,23,408c4a0000000000,905.25,408c4a0000000000,905.25,1.00525e-07,tiny
analytical36|B|http0,0,native-rsi256,sum,8,0,0,6,0.041626960039138794,6.074939623487641e-10,1e-08,6,B,analytical36,0.041626960039138794,-0.0003856054972857237,analytical36-B-0-http0-native-rsi256,analytical36-B-0-http0-natural-ee,8,natural-ee,1,http0,1e-10,23,41a4ecbfd222f9d8,175529961.0683124,41a4ecbfd20da9b7,175529961.02668545,0.017553006102668547,hole
analytical36|B|http0,0,native-rsi256,support,8,0,0,6,4.7289737267419696e-05,7.299511521653528e-10,1e-08,6,B,analytical36,4.7289737267419696e-05,-3.683688873934443e-07,analytical36-B-0-http0-native-rsi256,analytical36-B-0-http0-natural-ee,8,natural-ee,1,http0,1e-10,23,41088bfd3a7c2b1f,201087.653557145,41088bfd3a636000,201087.65350985527,2.011876535098553e-05,hole
analytical36|B|http0,0,native-rsi256,mean,8,1,0,1,1.3404246601567138e-07,1.2245713258263855e-10,1e-08,6,B,analytical36,1.3404246601567138e-07,-5.564663752011256e-08,analytical36-B-0-http0-native-rsi256,analytical36-B-0-http0-natural-ee,7,natural-ee,0,http0,1e-10,23,40911a6dd4db0020,1094.607257291682,40911a6dd4d2014b,1094.6072571576394,1.1946072571576396e-07,compact
analytical36|B|http0,0,native-rsi256,min,8,1,0,0,0.0,0.0,1e-08,0,B,analytical36,0.0,0.0,analytical36-B-0-http0-native-rsi256,analytical36-B-0-http0-natural-ee,7,natural-ee,0,http0,1e-10,23,408c4a0000000000,905.25,408c4a0000000000,905.25,1.00525e-07,tiny
analytical36|B|http0,0,native-rsi256,max,8,1,0,0,0.0,0.0,1e-08,0,B,analytical36,0.0,0.0,analytical36-B-0-http0-native-rsi256,analytical36-B-0-http0-natural-ee,7,natural-ee,0,http0,1e-10,23,408c4a0000000000,905.25,408c4a0000000000,905.25,1.00525e-07,tiny
analytical36|B|http0,0,native-skv-raw,sum,8,0,0,6,0.041626960039138794,6.074939623487641e-10,1e-08,6,B,analytical36,0.041626960039138794,-0.0003856054972857237,analytical36-B-0-http0-native-skv-raw,analytical36-B-0-http0-natural-ee,8,natural-ee,1,http0,1e-10,23,41a4ecbfd222f9d8,175529961.0683124,41a4ecbfd20da9b7,175529961.02668545,0.017553006102668547,hole
analytical36|B|http0,0,native-skv-raw,support,8,0,0,6,4.7289737267419696e-05,7.299511521653528e-10,1e-08,6,B,analytical36,4.7289737267419696e-05,-3.683688873934443e-07,analytical36-B-0-http0-native-skv-raw,analytical36-B-0-http0-natural-ee,8,natural-ee,1,http0,1e-10,23,41088bfd3a7c2b1f,201087.653557145,41088bfd3a636000,201087.65350985527,2.011876535098553e-05,hole
analytical36|B|http0,0,native-skv-raw,mean,8,1,0,1,1.3404246601567138e-07,1.2245713258263855e-10,1e-08,6,B,analytical36,1.3404246601567138e-07,-5.564663752011256e-08,analytical36-B-0-http0-native-skv-raw,analytical36-B-0-http0-natural-ee,7,natural-ee,0,http0,1e-10,23,40911a6dd4db0020,1094.607257291682,40911a6dd4d2014b,1094.6072571576394,1.1946072571576396e-07,compact
analytical36|B|http0,0,native-skv-raw,min,8,1,0,0,0.0,0.0,1e-08,0,B,analytical36,0.0,0.0,analytical36-B-0-http0-native-skv-raw,analytical36-B-0-http0-natural-ee,7,natural-ee,0,http0,1e-10,23,408c4a0000000000,905.25,408c4a0000000000,905.25,1.00525e-07,tiny
analytical36|B|http0,0,native-skv-raw,max,8,1,0,0,0.0,0.0,1e-08,0,B,analytical36,0.0,0.0,analytical36-B-0-http0-native-skv-raw,analytical36-B-0-http0-natural-ee,7,natural-ee,0,http0,1e-10,23,408c4a0000000000,905.25,408c4a0000000000,905.25,1.00525e-07,tiny
analytical36|B|http0,0,native-skv-summary,sum,8,0,0,6,0.041626960039138794,6.074939623487641e-10,1e-08,6,B,analytical36,0.041626960039138794,-0.0003856054972857237,analytical36-B-0-http0-native-skv-summary,analytical36-B-0-http0-natural-ee,8,natural-ee,1,http0,1e-10,23,41a4ecbfd222f9d8,175529961.0683124,41a4ecbfd20da9b7,175529961.02668545,0.017553006102668547,hole
analytical36|B|http0,0,native-skv-summary,support,8,0,0,6,4.7289737267419696e-05,7.299511521653528e-10,1e-08,6,B,analytical36,4.7289737267419696e-05,-3.683688873934443e-07,analytical36-B-0-http0-native-skv-summary,analytical36-B-0-http0-natural-ee,8,natural-ee,1,http0,1e-10,23,41088bfd3a7c2b1f,201087.653557145,41088bfd3a636000,201087.65350985527,2.011876535098553e-05,hole
analytical36|B|http0,0,native-skv-summary,mean,8,1,0,1,1.3404246601567138e-07,1.2245713258263855e-10,1e-08,6,B,analytical36,1.3404246601567138e-07,-5.564663752011256e-08,analytical36-B-0-http0-native-skv-summary,analytical36-B-0-http0-natural-ee,7,natural-ee,0,http0,1e-10,23,40911a6dd4db0020,1094.607257291682,40911a6dd4d2014b,1094.6072571576394,1.1946072571576396e-07,compact
analytical36|B|http0,0,native-skv-summary,min,8,1,0,0,0.0,0.0,1e-08,0,B,analytical36,0.0,0.0,analytical36-B-0-http0-native-skv-summary,analytical36-B-0-http0-natural-ee,7,natural-ee,0,http0,1e-10,23,408c4a0000000000,905.25,408c4a0000000000,905.25,1.00525e-07,tiny
analytical36|B|http0,0,native-skv-summary,max,8,1,0,0,0.0,0.0,1e-08,0,B,analytical36,0.0,0.0,analytical36-B-0-http0-native-skv-summary,analytical36-B-0-http0-natural-ee,7,natural-ee,0,http0,1e-10,23,408c4a0000000000,905.25,408c4a0000000000,905.25,1.00525e-07,tiny
analytical36|B|http0,1,native-tiff,sum,8,0,0,5,0.02378910779953003,8.48824721178468e-10,1e-08,6,B,analytical36,0.007775340229272842,-0.02378910779953003,analytical36-B-1-http0-native-tiff,analytical36-B-1-http0-natural-ee,8,natural-ee,1,http0,1e-10,23,41a51a06c70590e1,177013603.51087096,41a51a06c711bef7,177013603.53466007,0.01770137035346601,hole
analytical36|B|http0,1,native-tiff,support,8,0,0,5,2.7367990696802735e-05,7.62495496933645e-10,1e-08,6,B,analytical36,9.148548997472972e-06,-2.7367990696802735e-05,analytical36-B-1-http0-native-tiff,analytical36-B-1-http0-natural-ee,8,natural-ee,1,http0,1e-10,23,4108c1ff9dd69ebb,202815.9520695115,4108c1ff9de4f800,202815.95209687948,2.029159520968795e-05,hole
analytical36|B|http0,1,native-tiff,mean,8,1,0,1,2.1017581275373232e-07,2.46657512042249e-10,1e-08,6,B,analytical36,2.1017581275373232e-07,-9.505788511887658e-08,analytical36-B-1-http0-native-tiff,analytical36-B-1-http0-natural-ee,7,natural-ee,0,http0,1e-10,23,408aa0c40e230b9c,852.0957300889891,408aa0c40e06d606,852.0957298788132,9.520957298788133e-08,boundary
analytical36|B|http0,1,native-tiff,min,8,1,0,0,0.0,0.0,1e-08,0,B,analytical36,0.0,0.0,analytical36-B-1-http0-native-tiff,analytical36-B-1-http0-natural-ee,7,natural-ee,0,http0,1e-10,23,408c350000000000,902.625,408c350000000000,902.625,1.002625e-07,tiny
analytical36|B|http0,1,native-tiff,max,8,1,0,0,0.0,0.0,1e-08,0,B,analytical36,0.0,0.0,analytical36-B-1-http0-native-tiff,analytical36-B-1-http0-natural-ee,7,natural-ee,0,http0,1e-10,23,408c350000000000,902.625,408c350000000000,902.625,1.002625e-07,tiny
analytical36|B|http0,1,native-cog,sum,8,0,0,5,0.02378910779953003,8.48824721178468e-10,1e-08,6,B,analytical36,0.007775340229272842,-0.02378910779953003,analytical36-B-1-http0-native-cog,analytical36-B-1-http0-natural-ee,8,natural-ee,1,http0,1e-10,23,41a51a06c70590e1,177013603.51087096,41a51a06c711bef7,177013603.53466007,0.01770137035346601,hole
analytical36|B|http0,1,native-cog,support,8,0,0,5,2.7367990696802735e-05,7.62495496933645e-10,1e-08,6,B,analytical36,9.148548997472972e-06,-2.7367990696802735e-05,analytical36-B-1-http0-native-cog,analytical36-B-1-http0-natural-ee,8,natural-ee,1,http0,1e-10,23,4108c1ff9dd69ebb,202815.9520695115,4108c1ff9de4f800,202815.95209687948,2.029159520968795e-05,hole
analytical36|B|http0,1,native-cog,mean,8,1,0,1,2.1017581275373232e-07,2.46657512042249e-10,1e-08,6,B,analytical36,2.1017581275373232e-07,-9.505788511887658e-08,analytical36-B-1-http0-native-cog,analytical36-B-1-http0-natural-ee,7,natural-ee,0,http0,1e-10,23,408aa0c40e230b9c,852.0957300889891,408aa0c40e06d606,852.0957298788132,9.520957298788133e-08,boundary
analytical36|B|http0,1,native-cog,min,8,1,0,0,0.0,0.0,1e-08,0,B,analytical36,0.0,0.0,analytical36-B-1-http0-native-cog,analytical36-B-1-http0-natural-ee,7,natural-ee,0,http0,1e-10,23,408c350000000000,902.625,408c350000000000,902.625,1.002625e-07,tiny
analytical36|B|http0,1,native-cog,max,8,1,0,0,0.0,0.0,1e-08,0,B,analytical36,0.0,0.0,analytical36-B-1-http0-native-cog,analytical36-B-1-http0-natural-ee,7,natural-ee,0,http0,1e-10,23,408c350000000000,902.625,408c350000000000,902.625,1.002625e-07,tiny
analytical36|B|http0,1,native-rsi64,sum,8,0,0,5,0.02378910779953003,8.48824721178468e-10,1e-08,6,B,analytical36,0.007775340229272842,-0.02378910779953003,analytical36-B-1-http0-native-rsi64,analytical36-B-1-http0-natural-ee,8,natural-ee,1,http0,1e-10,23,41a51a06c70590e1,177013603.51087096,41a51a06c711bef7,177013603.53466007,0.01770137035346601,hole
analytical36|B|http0,1,native-rsi64,support,8,0,0,5,2.7367990696802735e-05,7.62495496933645e-10,1e-08,6,B,analytical36,9.148548997472972e-06,-2.7367990696802735e-05,analytical36-B-1-http0-native-rsi64,analytical36-B-1-http0-natural-ee,8,natural-ee,1,http0,1e-10,23,4108c1ff9dd69ebb,202815.9520695115,4108c1ff9de4f800,202815.95209687948,2.029159520968795e-05,hole
analytical36|B|http0,1,native-rsi64,mean,8,1,0,1,2.1017581275373232e-07,2.46657512042249e-10,1e-08,6,B,analytical36,2.1017581275373232e-07,-9.505788511887658e-08,analytical36-B-1-http0-native-rsi64,analytical36-B-1-http0-natural-ee,7,natural-ee,0,http0,1e-10,23,408aa0c40e230b9c,852.0957300889891,408aa0c40e06d606,852.0957298788132,9.520957298788133e-08,boundary
analytical36|B|http0,1,native-rsi64,min,8,1,0,0,0.0,0.0,1e-08,0,B,analytical36,0.0,0.0,analytical36-B-1-http0-native-rsi64,analytical36-B-1-http0-natural-ee,7,natural-ee,0,http0,1e-10,23,408c350000000000,902.625,408c350000000000,902.625,1.002625e-07,tiny
analytical36|B|http0,1,native-rsi64,max,8,1,0,0,0.0,0.0,1e-08,0,B,analytical36,0.0,0.0,analytical36-B-1-http0-native-rsi64,analytical36-B-1-http0-natural-ee,7,natural-ee,0,http0,1e-10,23,408c350000000000,902.625,408c350000000000,902.625,1.002625e-07,tiny
analytical36|B|http0,1,native-rsi256,sum,8,0,0,5,0.02378910779953003,8.48824721178468e-10,1e-08,6,B,analytical36,0.007775340229272842,-0.02378910779953003,analytical36-B-1-http0-native-rsi256,analytical36-B-1-http0-natural-ee,8,natural-ee,1,http0,1e-10,23,41a51a06c70590e1,177013603.51087096,41a51a06c711bef7,177013603.53466007,0.01770137035346601,hole
analytical36|B|http0,1,native-rsi256,support,8,0,0,5,2.7367990696802735e-05,7.62495496933645e-10,1e-08,6,B,analytical36,9.148548997472972e-06,-2.7367990696802735e-05,analytical36-B-1-http0-native-rsi256,analytical36-B-1-http0-natural-ee,8,natural-ee,1,http0,1e-10,23,4108c1ff9dd69ebb,202815.9520695115,4108c1ff9de4f800,202815.95209687948,2.029159520968795e-05,hole
analytical36|B|http0,1,native-rsi256,mean,8,1,0,1,2.1017581275373232e-07,2.46657512042249e-10,1e-08,6,B,analytical36,2.1017581275373232e-07,-9.505788511887658e-08,analytical36-B-1-http0-native-rsi256,analytical36-B-1-http0-natural-ee,7,natural-ee,0,http0,1e-10,23,408aa0c40e230b9c,852.0957300889891,408aa0c40e06d606,852.0957298788132,9.520957298788133e-08,boundary
analytical36|B|http0,1,native-rsi256,min,8,1,0,0,0.0,0.0,1e-08,0,B,analytical36,0.0,0.0,analytical36-B-1-http0-native-rsi256,analytical36-B-1-http0-natural-ee,7,natural-ee,0,http0,1e-10,23,408c350000000000,902.625,408c350000000000,902.625,1.002625e-07,tiny
analytical36|B|http0,1,native-rsi256,max,8,1,0,0,0.0,0.0,1e-08,0,B,analytical36,0.0,0.0,analytical36-B-1-http0-native-rsi256,analytical36-B-1-http0-natural-ee,7,natural-ee,0,http0,1e-10,23,408c350000000000,902.625,408c350000000000,902.625,1.002625e-07,tiny
analytical36|B|http0,1,native-skv-raw,sum,8,0,0,5,0.02378910779953003,8.48824721178468e-10,1e-08,6,B,analytical36,0.007775340229272842,-0.02378910779953003,analytical36-B-1-http0-native-skv-raw,analytical36-B-1-http0-natural-ee,8,natural-ee,1,http0,1e-10,23,41a51a06c70590e1,177013603.51087096,41a51a06c711bef7,177013603.53466007,0.01770137035346601,hole
analytical36|B|http0,1,native-skv-raw,support,8,0,0,5,2.7367990696802735e-05,7.62495496933645e-10,1e-08,6,B,analytical36,9.148548997472972e-06,-2.7367990696802735e-05,analytical36-B-1-http0-native-skv-raw,analytical36-B-1-http0-natural-ee,8,natural-ee,1,http0,1e-10,23,4108c1ff9dd69ebb,202815.9520695115,4108c1ff9de4f800,202815.95209687948,2.029159520968795e-05,hole
analytical36|B|http0,1,native-skv-raw,mean,8,1,0,1,2.1017581275373232e-07,2.46657512042249e-10,1e-08,6,B,analytical36,2.1017581275373232e-07,-9.505788511887658e-08,analytical36-B-1-http0-native-skv-raw,analytical36-B-1-http0-natural-ee,7,natural-ee,0,http0,1e-10,23,408aa0c40e230b9c,852.0957300889891,408aa0c40e06d606,852.0957298788132,9.520957298788133e-08,boundary
analytical36|B|http0,1,native-skv-raw,min,8,1,0,0,0.0,0.0,1e-08,0,B,analytical36,0.0,0.0,analytical36-B-1-http0-native-skv-raw,analytical36-B-1-http0-natural-ee,7,natural-ee,0,http0,1e-10,23,408c350000000000,902.625,408c350000000000,902.625,1.002625e-07,tiny
analytical36|B|http0,1,native-skv-raw,max,8,1,0,0,0.0,0.0,1e-08,0,B,analytical36,0.0,0.0,analytical36-B-1-http0-native-skv-raw,analytical36-B-1-http0-natural-ee,7,natural-ee,0,http0,1e-10,23,408c350000000000,902.625,408c350000000000,902.625,1.002625e-07,tiny
analytical36|B|http0,1,native-skv-summary,sum,8,0,0,5,0.02378910779953003,8.48824721178468e-10,1e-08,6,B,analytical36,0.007775340229272842,-0.02378910779953003,analytical36-B-1-http0-native-skv-summary,analytical36-B-1-http0-natural-ee,8,natural-ee,1,http0,1e-10,23,41a51a06c70590e1,177013603.51087096,41a51a06c711bef7,177013603.53466007,0.01770137035346601,hole
analytical36|B|http0,1,native-skv-summary,support,8,0,0,5,2.7367990696802735e-05,7.62495496933645e-10,1e-08,6,B,analytical36,9.148548997472972e-06,-2.7367990696802735e-05,analytical36-B-1-http0-native-skv-summary,analytical36-B-1-http0-natural-ee,8,natural-ee,1,http0,1e-10,23,4108c1ff9dd69ebb,202815.9520695115,4108c1ff9de4f800,202815.95209687948,2.029159520968795e-05,hole
analytical36|B|http0,1,native-skv-summary,mean,8,1,0,1,2.1017581275373232e-07,2.46657512042249e-10,1e-08,6,B,analytical36,2.1017581275373232e-07,-9.505788511887658e-08,analytical36-B-1-http0-native-skv-summary,analytical36-B-1-http0-natural-ee,7,natural-ee,0,http0,1e-10,23,408aa0c40e230b9c,852.0957300889891,408aa0c40e06d606,852.0957298788132,9.520957298788133e-08,boundary
analytical36|B|http0,1,native-skv-summary,min,8,1,0,0,0.0,0.0,1e-08,0,B,analytical36,0.0,0.0,analytical36-B-1-http0-native-skv-summary,analytical36-B-1-http0-natural-ee,7,natural-ee,0,http0,1e-10,23,408c350000000000,902.625,408c350000000000,902.625,1.002625e-07,tiny
analytical36|B|http0,1,native-skv-summary,max,8,1,0,0,0.0,0.0,1e-08,0,B,analytical36,0.0,0.0,analytical36-B-1-http0-native-skv-summary,analytical36-B-1-http0-natural-ee,7,natural-ee,0,http0,1e-10,23,408c350000000000,902.625,408c350000000000,902.625,1.002625e-07,tiny
analytical36|B|http0,2,native-tiff,sum,8,0,0,6,0.022998332977294922,2.97551202205525e-08,1e-08,7,B,analytical36,0.0008938498795032501,-0.022998332977294922,analytical36-B-2-http0-native-tiff,analytical36-B-2-http0-natural-ee,8,natural-ee,1,http0,1e-10,23,41a4fd3a8bb59a71,176069957.85469392,41a4fd3a8bc160e1,176069957.87769225,0.017607005787769227,hole
analytical36|B|http0,2,native-tiff,support,8,0,0,5,2.7012574719265103e-05,2.9802323164851456e-08,1e-08,7,B,analytical36,1.2271193554624915e-06,-2.7012574719265103e-05,analytical36-B-2-http0-native-tiff,analytical36-B-2-http0-natural-ee,8,natural-ee,1,http0,1e-10,23,41089f618ec6be6f,201708.19471501137,41089f618ed4e800,201708.19474202394,2.0180819474202397e-05,hole
analytical36|B|http0,2,native-tiff,mean,8,1,0,0,9.025075087265577e-08,1.0583303168035023e-10,1e-08,7,B,analytical36,2.879346538975369e-09,-9.025075087265577e-08,analytical36-B-2-http0-native-tiff,analytical36-B-2-http0-natural-ee,7,natural-ee,0,http0,1e-10,23,408aa61f9a3ac33f,852.7654308882555,408aa61f9a46e03d,852.7654309785063,9.527654309785063e-08,boundary
analytical36|B|http0,2,native-tiff,min,8,1,0,0,0.0,0.0,1e-08,0,B,analytical36,0.0,0.0,analytical36-B-2-http0-native-tiff,analytical36-B-2-http0-natural-ee,7,natural-ee,0,http0,1e-10,23,408c258000000000,900.6875,408c258000000000,900.6875,1.0006875e-07,tiny
analytical36|B|http0,2,native-tiff,max,8,1,0,0,0.0,0.0,1e-08,0,B,analytical36,0.0,0.0,analytical36-B-2-http0-native-tiff,analytical36-B-2-http0-natural-ee,7,natural-ee,0,http0,1e-10,23,408c5c0000000000,907.5,408c5c0000000000,907.5,1.0075e-07,tiny
analytical36|B|http0,2,native-cog,sum,8,0,0,6,0.022998332977294922,2.97551202205525e-08,1e-08,7,B,analytical36,0.0008938498795032501,-0.022998332977294922,analytical36-B-2-http0-native-cog,analytical36-B-2-http0-natural-ee,8,natural-ee,1,http0,1e-10,23,41a4fd3a8bb59a71,176069957.85469392,41a4fd3a8bc160e1,176069957.87769225,0.017607005787769227,hole
analytical36|B|http0,2,native-cog,support,8,0,0,5,2.7012574719265103e-05,2.9802323164851456e-08,1e-08,7,B,analytical36,1.2271193554624915e-06,-2.7012574719265103e-05,analytical36-B-2-http0-native-cog,analytical36-B-2-http0-natural-ee,8,natural-ee,1,http0,1e-10,23,41089f618ec6be6f,201708.19471501137,41089f618ed4e800,201708.19474202394,2.0180819474202397e-05,hole
analytical36|B|http0,2,native-cog,mean,8,1,0,0,9.025075087265577e-08,1.0583303168035023e-10,1e-08,7,B,analytical36,2.879346538975369e-09,-9.025075087265577e-08,analytical36-B-2-http0-native-cog,analytical36-B-2-http0-natural-ee,7,natural-ee,0,http0,1e-10,23,408aa61f9a3ac33f,852.7654308882555,408aa61f9a46e03d,852.7654309785063,9.527654309785063e-08,boundary
analytical36|B|http0,2,native-cog,min,8,1,0,0,0.0,0.0,1e-08,0,B,analytical36,0.0,0.0,analytical36-B-2-http0-native-cog,analytical36-B-2-http0-natural-ee,7,natural-ee,0,http0,1e-10,23,408c258000000000,900.6875,408c258000000000,900.6875,1.0006875e-07,tiny
analytical36|B|http0,2,native-cog,max,8,1,0,0,0.0,0.0,1e-08,0,B,analytical36,0.0,0.0,analytical36-B-2-http0-native-cog,analytical36-B-2-http0-natural-ee,7,natural-ee,0,http0,1e-10,23,408c5c0000000000,907.5,408c5c0000000000,907.5,1.0075e-07,tiny
analytical36|B|http0,2,native-rsi64,sum,8,0,0,6,0.022998332977294922,2.97551202205525e-08,1e-08,7,B,analytical36,0.0008938498795032501,-0.022998332977294922,analytical36-B-2-http0-native-rsi64,analytical36-B-2-http0-natural-ee,8,natural-ee,1,http0,1e-10,23,41a4fd3a8bb59a71,176069957.85469392,41a4fd3a8bc160e1,176069957.87769225,0.017607005787769227,hole
analytical36|B|http0,2,native-rsi64,support,8,0,0,5,2.7012574719265103e-05,2.9802323164851456e-08,1e-08,7,B,analytical36,1.2271193554624915e-06,-2.7012574719265103e-05,analytical36-B-2-http0-native-rsi64,analytical36-B-2-http0-natural-ee,8,natural-ee,1,http0,1e-10,23,41089f618ec6be6f,201708.19471501137,41089f618ed4e800,201708.19474202394,2.0180819474202397e-05,hole
analytical36|B|http0,2,native-rsi64,mean,8,1,0,0,9.025075087265577e-08,1.0583303168035023e-10,1e-08,7,B,analytical36,2.879346538975369e-09,-9.025075087265577e-08,analytical36-B-2-http0-native-rsi64,analytical36-B-2-http0-natural-ee,7,natural-ee,0,http0,1e-10,23,408aa61f9a3ac33f,852.7654308882555,408aa61f9a46e03d,852.7654309785063,9.527654309785063e-08,boundary
analytical36|B|http0,2,native-rsi64,min,8,1,0,0,0.0,0.0,1e-08,0,B,analytical36,0.0,0.0,analytical36-B-2-http0-native-rsi64,analytical36-B-2-http0-natural-ee,7,natural-ee,0,http0,1e-10,23,408c258000000000,900.6875,408c258000000000,900.6875,1.0006875e-07,tiny
analytical36|B|http0,2,native-rsi64,max,8,1,0,0,0.0,0.0,1e-08,0,B,analytical36,0.0,0.0,analytical36-B-2-http0-native-rsi64,analytical36-B-2-http0-natural-ee,7,natural-ee,0,http0,1e-10,23,408c5c0000000000,907.5,408c5c0000000000,907.5,1.0075e-07,tiny
analytical36|B|http0,2,native-rsi256,sum,8,0,0,6,0.022998332977294922,2.97551202205525e-08,1e-08,7,B,analytical36,0.0008938498795032501,-0.022998332977294922,analytical36-B-2-http0-native-rsi256,analytical36-B-2-http0-natural-ee,8,natural-ee,1,http0,1e-10,23,41a4fd3a8bb59a71,176069957.85469392,41a4fd3a8bc160e1,176069957.87769225,0.017607005787769227,hole
analytical36|B|http0,2,native-rsi256,support,8,0,0,5,2.7012574719265103e-05,2.9802323164851456e-08,1e-08,7,B,analytical36,1.2271193554624915e-06,-2.7012574719265103e-05,analytical36-B-2-http0-native-rsi256,analytical36-B-2-http0-natural-ee,8,natural-ee,1,http0,1e-10,23,41089f618ec6be6f,201708.19471501137,41089f618ed4e800,201708.19474202394,2.0180819474202397e-05,hole
analytical36|B|http0,2,native-rsi256,mean,8,1,0,0,9.025075087265577e-08,1.0583303168035023e-10,1e-08,7,B,analytical36,2.879346538975369e-09,-9.025075087265577e-08,analytical36-B-2-http0-native-rsi256,analytical36-B-2-http0-natural-ee,7,natural-ee,0,http0,1e-10,23,408aa61f9a3ac33f,852.7654308882555,408aa61f9a46e03d,852.7654309785063,9.527654309785063e-08,boundary
analytical36|B|http0,2,native-rsi256,min,8,1,0,0,0.0,0.0,1e-08,0,B,analytical36,0.0,0.0,analytical36-B-2-http0-native-rsi256,analytical36-B-2-http0-natural-ee,7,natural-ee,0,http0,1e-10,23,408c258000000000,900.6875,408c258000000000,900.6875,1.0006875e-07,tiny
analytical36|B|http0,2,native-rsi256,max,8,1,0,0,0.0,0.0,1e-08,0,B,analytical36,0.0,0.0,analytical36-B-2-http0-native-rsi256,analytical36-B-2-http0-natural-ee,7,natural-ee,0,http0,1e-10,23,408c5c0000000000,907.5,408c5c0000000000,907.5,1.0075e-07,tiny
analytical36|B|http0,2,native-skv-raw,sum,8,0,0,6,0.022998332977294922,2.97551202205525e-08,1e-08,7,B,analytical36,0.0008938498795032501,-0.022998332977294922,analytical36-B-2-http0-native-skv-raw,analytical36-B-2-http0-natural-ee,8,natural-ee,1,http0,1e-10,23,41a4fd3a8bb59a71,176069957.85469392,41a4fd3a8bc160e1,176069957.87769225,0.017607005787769227,hole
analytical36|B|http0,2,native-skv-raw,support,8,0,0,5,2.7012574719265103e-05,2.9802323164851456e-08,1e-08,7,B,analytical36,1.2271193554624915e-06,-2.7012574719265103e-05,analytical36-B-2-http0-native-skv-raw,analytical36-B-2-http0-natural-ee,8,natural-ee,1,http0,1e-10,23,41089f618ec6be6f,201708.19471501137,41089f618ed4e800,201708.19474202394,2.0180819474202397e-05,hole
analytical36|B|http0,2,native-skv-raw,mean,8,1,0,0,9.025075087265577e-08,1.0583303168035023e-10,1e-08,7,B,analytical36,2.879346538975369e-09,-9.025075087265577e-08,analytical36-B-2-http0-native-skv-raw,analytical36-B-2-http0-natural-ee,7,natural-ee,0,http0,1e-10,23,408aa61f9a3ac33f,852.7654308882555,408aa61f9a46e03d,852.7654309785063,9.527654309785063e-08,boundary
analytical36|B|http0,2,native-skv-raw,min,8,1,0,0,0.0,0.0,1e-08,0,B,analytical36,0.0,0.0,analytical36-B-2-http0-native-skv-raw,analytical36-B-2-http0-natural-ee,7,natural-ee,0,http0,1e-10,23,408c258000000000,900.6875,408c258000000000,900.6875,1.0006875e-07,tiny
analytical36|B|http0,2,native-skv-raw,max,8,1,0,0,0.0,0.0,1e-08,0,B,analytical36,0.0,0.0,analytical36-B-2-http0-native-skv-raw,analytical36-B-2-http0-natural-ee,7,natural-ee,0,http0,1e-10,23,408c5c0000000000,907.5,408c5c0000000000,907.5,1.0075e-07,tiny
analytical36|B|http0,2,native-skv-summary,sum,8,0,0,6,0.022998332977294922,2.97551202205525e-08,1e-08,7,B,analytical36,0.0008938498795032501,-0.022998332977294922,analytical36-B-2-http0-native-skv-summary,analytical36-B-2-http0-natural-ee,8,natural-ee,1,http0,1e-10,23,41a4fd3a8bb59a71,176069957.85469392,41a4fd3a8bc160e1,176069957.87769225,0.017607005787769227,hole
analytical36|B|http0,2,native-skv-summary,support,8,0,0,5,2.7012574719265103e-05,2.9802323164851456e-08,1e-08,7,B,analytical36,1.2271193554624915e-06,-2.7012574719265103e-05,analytical36-B-2-http0-native-skv-summary,analytical36-B-2-http0-natural-ee,8,natural-ee,1,http0,1e-10,23,41089f618ec6be6f,201708.19471501137,41089f618ed4e800,201708.19474202394,2.0180819474202397e-05,hole
analytical36|B|http0,2,native-skv-summary,mean,8,1,0,0,9.025075087265577e-08,1.0583303168035023e-10,1e-08,7,B,analytical36,2.879346538975369e-09,-9.025075087265577e-08,analytical36-B-2-http0-native-skv-summary,analytical36-B-2-http0-natural-ee,7,natural-ee,0,http0,1e-10,23,408aa61f9a3ac33f,852.7654308882555,408aa61f9a46e03d,852.7654309785063,9.527654309785063e-08,boundary
analytical36|B|http0,2,native-skv-summary,min,8,1,0,0,0.0,0.0,1e-08,0,B,analytical36,0.0,0.0,analytical36-B-2-http0-native-skv-summary,analytical36-B-2-http0-natural-ee,7,natural-ee,0,http0,1e-10,23,408c258000000000,900.6875,408c258000000000,900.6875,1.0006875e-07,tiny
analytical36|B|http0,2,native-skv-summary,max,8,1,0,0,0.0,0.0,1e-08,0,B,analytical36,0.0,0.0,analytical36-B-2-http0-native-skv-summary,analytical36-B-2-http0-natural-ee,7,natural-ee,0,http0,1e-10,23,408c5c0000000000,907.5,408c5c0000000000,907.5,1.0075e-07,tiny
analytical36|B|local,0,native-tiff,sum,8,0,0,6,0.041626960039138794,6.074939623487641e-10,1e-08,6,B,analytical36,0.041626960039138794,-0.0003856054972857237,analytical36-B-0-local-native-tiff,analytical36-B-0-local-natural-ee,8,natural-ee,1,local,1e-10,23,41a4ecbfd222f9d8,175529961.0683124,41a4ecbfd20da9b7,175529961.02668545,0.017553006102668547,hole
analytical36|B|local,0,native-tiff,support,8,0,0,6,4.7289737267419696e-05,7.299511521653528e-10,1e-08,6,B,analytical36,4.7289737267419696e-05,-3.683688873934443e-07,analytical36-B-0-local-native-tiff,analytical36-B-0-local-natural-ee,8,natural-ee,1,local,1e-10,23,41088bfd3a7c2b1f,201087.653557145,41088bfd3a636000,201087.65350985527,2.011876535098553e-05,hole
analytical36|B|local,0,native-tiff,mean,8,1,0,1,1.3404246601567138e-07,1.2245713258263855e-10,1e-08,6,B,analytical36,1.3404246601567138e-07,-5.564663752011256e-08,analytical36-B-0-local-native-tiff,analytical36-B-0-local-natural-ee,7,natural-ee,0,local,1e-10,23,40911a6dd4db0020,1094.607257291682,40911a6dd4d2014b,1094.6072571576394,1.1946072571576396e-07,compact
analytical36|B|local,0,native-tiff,min,8,1,0,0,0.0,0.0,1e-08,0,B,analytical36,0.0,0.0,analytical36-B-0-local-native-tiff,analytical36-B-0-local-natural-ee,7,natural-ee,0,local,1e-10,23,408c4a0000000000,905.25,408c4a0000000000,905.25,1.00525e-07,tiny
analytical36|B|local,0,native-tiff,max,8,1,0,0,0.0,0.0,1e-08,0,B,analytical36,0.0,0.0,analytical36-B-0-local-native-tiff,analytical36-B-0-local-natural-ee,7,natural-ee,0,local,1e-10,23,408c4a0000000000,905.25,408c4a0000000000,905.25,1.00525e-07,tiny
analytical36|B|local,0,native-cog,sum,8,0,0,6,0.041626960039138794,6.074939623487641e-10,1e-08,6,B,analytical36,0.041626960039138794,-0.0003856054972857237,analytical36-B-0-local-native-cog,analytical36-B-0-local-natural-ee,8,natural-ee,1,local,1e-10,23,41a4ecbfd222f9d8,175529961.0683124,41a4ecbfd20da9b7,175529961.02668545,0.017553006102668547,hole
analytical36|B|local,0,native-cog,support,8,0,0,6,4.7289737267419696e-05,7.299511521653528e-10,1e-08,6,B,analytical36,4.7289737267419696e-05,-3.683688873934443e-07,analytical36-B-0-local-native-cog,analytical36-B-0-local-natural-ee,8,natural-ee,1,local,1e-10,23,41088bfd3a7c2b1f,201087.653557145,41088bfd3a636000,201087.65350985527,2.011876535098553e-05,hole
analytical36|B|local,0,native-cog,mean,8,1,0,1,1.3404246601567138e-07,1.2245713258263855e-10,1e-08,6,B,analytical36,1.3404246601567138e-07,-5.564663752011256e-08,analytical36-B-0-local-native-cog,analytical36-B-0-local-natural-ee,7,natural-ee,0,local,1e-10,23,40911a6dd4db0020,1094.607257291682,40911a6dd4d2014b,1094.6072571576394,1.1946072571576396e-07,compact
analytical36|B|local,0,native-cog,min,8,1,0,0,0.0,0.0,1e-08,0,B,analytical36,0.0,0.0,analytical36-B-0-local-native-cog,analytical36-B-0-local-natural-ee,7,natural-ee,0,local,1e-10,23,408c4a0000000000,905.25,408c4a0000000000,905.25,1.00525e-07,tiny
analytical36|B|local,0,native-cog,max,8,1,0,0,0.0,0.0,1e-08,0,B,analytical36,0.0,0.0,analytical36-B-0-local-native-cog,analytical36-B-0-local-natural-ee,7,natural-ee,0,local,1e-10,23,408c4a0000000000,905.25,408c4a0000000000,905.25,1.00525e-07,tiny
analytical36|B|local,0,native-rsi64,sum,8,0,0,6,0.041626960039138794,6.074939623487641e-10,1e-08,6,B,analytical36,0.041626960039138794,-0.0003856054972857237,analytical36-B-0-local-native-rsi64,analytical36-B-0-local-natural-ee,8,natural-ee,1,local,1e-10,23,41a4ecbfd222f9d8,175529961.0683124,41a4ecbfd20da9b7,175529961.02668545,0.017553006102668547,hole
analytical36|B|local,0,native-rsi64,support,8,0,0,6,4.7289737267419696e-05,7.299511521653528e-10,1e-08,6,B,analytical36,4.7289737267419696e-05,-3.683688873934443e-07,analytical36-B-0-local-native-rsi64,analytical36-B-0-local-natural-ee,8,natural-ee,1,local,1e-10,23,41088bfd3a7c2b1f,201087.653557145,41088bfd3a636000,201087.65350985527,2.011876535098553e-05,hole
analytical36|B|local,0,native-rsi64,mean,8,1,0,1,1.3404246601567138e-07,1.2245713258263855e-10,1e-08,6,B,analytical36,1.3404246601567138e-07,-5.564663752011256e-08,analytical36-B-0-local-native-rsi64,analytical36-B-0-local-natural-ee,7,natural-ee,0,local,1e-10,23,40911a6dd4db0020,1094.607257291682,40911a6dd4d2014b,1094.6072571576394,1.1946072571576396e-07,compact
analytical36|B|local,0,native-rsi64,min,8,1,0,0,0.0,0.0,1e-08,0,B,analytical36,0.0,0.0,analytical36-B-0-local-native-rsi64,analytical36-B-0-local-natural-ee,7,natural-ee,0,local,1e-10,23,408c4a0000000000,905.25,408c4a0000000000,905.25,1.00525e-07,tiny
analytical36|B|local,0,native-rsi64,max,8,1,0,0,0.0,0.0,1e-08,0,B,analytical36,0.0,0.0,analytical36-B-0-local-native-rsi64,analytical36-B-0-local-natural-ee,7,natural-ee,0,local,1e-10,23,408c4a0000000000,905.25,408c4a0000000000,905.25,1.00525e-07,tiny
analytical36|B|local,0,native-rsi256,sum,8,0,0,6,0.041626960039138794,6.074939623487641e-10,1e-08,6,B,analytical36,0.041626960039138794,-0.0003856054972857237,analytical36-B-0-local-native-rsi256,analytical36-B-0-local-natural-ee,8,natural-ee,1,local,1e-10,23,41a4ecbfd222f9d8,175529961.0683124,41a4ecbfd20da9b7,175529961.02668545,0.017553006102668547,hole
analytical36|B|local,0,native-rsi256,support,8,0,0,6,4.7289737267419696e-05,7.299511521653528e-10,1e-08,6,B,analytical36,4.7289737267419696e-05,-3.683688873934443e-07,analytical36-B-0-local-native-rsi256,analytical36-B-0-local-natural-ee,8,natural-ee,1,local,1e-10,23,41088bfd3a7c2b1f,201087.653557145,41088bfd3a636000,201087.65350985527,2.011876535098553e-05,hole
analytical36|B|local,0,native-rsi256,mean,8,1,0,1,1.3404246601567138e-07,1.2245713258263855e-10,1e-08,6,B,analytical36,1.3404246601567138e-07,-5.564663752011256e-08,analytical36-B-0-local-native-rsi256,analytical36-B-0-local-natural-ee,7,natural-ee,0,local,1e-10,23,40911a6dd4db0020,1094.607257291682,40911a6dd4d2014b,1094.6072571576394,1.1946072571576396e-07,compact
analytical36|B|local,0,native-rsi256,min,8,1,0,0,0.0,0.0,1e-08,0,B,analytical36,0.0,0.0,analytical36-B-0-local-native-rsi256,analytical36-B-0-local-natural-ee,7,natural-ee,0,local,1e-10,23,408c4a0000000000,905.25,408c4a0000000000,905.25,1.00525e-07,tiny
analytical36|B|local,0,native-rsi256,max,8,1,0,0,0.0,0.0,1e-08,0,B,analytical36,0.0,0.0,analytical36-B-0-local-native-rsi256,analytical36-B-0-local-natural-ee,7,natural-ee,0,local,1e-10,23,408c4a0000000000,905.25,408c4a0000000000,905.25,1.00525e-07,tiny
analytical36|B|local,0,native-skv-raw,sum,8,0,0,6,0.041626960039138794,6.074939623487641e-10,1e-08,6,B,analytical36,0.041626960039138794,-0.0003856054972857237,analytical36-B-0-local-native-skv-raw,analytical36-B-0-local-natural-ee,8,natural-ee,1,local,1e-10,23,41a4ecbfd222f9d8,175529961.0683124,41a4ecbfd20da9b7,175529961.02668545,0.017553006102668547,hole
analytical36|B|local,0,native-skv-raw,support,8,0,0,6,4.7289737267419696e-05,7.299511521653528e-10,1e-08,6,B,analytical36,4.7289737267419696e-05,-3.683688873934443e-07,analytical36-B-0-local-native-skv-raw,analytical36-B-0-local-natural-ee,8,natural-ee,1,local,1e-10,23,41088bfd3a7c2b1f,201087.653557145,41088bfd3a636000,201087.65350985527,2.011876535098553e-05,hole
analytical36|B|local,0,native-skv-raw,mean,8,1,0,1,1.3404246601567138e-07,1.2245713258263855e-10,1e-08,6,B,analytical36,1.3404246601567138e-07,-5.564663752011256e-08,analytical36-B-0-local-native-skv-raw,analytical36-B-0-local-natural-ee,7,natural-ee,0,local,1e-10,23,40911a6dd4db0020,1094.607257291682,40911a6dd4d2014b,1094.6072571576394,1.1946072571576396e-07,compact
analytical36|B|local,0,native-skv-raw,min,8,1,0,0,0.0,0.0,1e-08,0,B,analytical36,0.0,0.0,analytical36-B-0-local-native-skv-raw,analytical36-B-0-local-natural-ee,7,natural-ee,0,local,1e-10,23,408c4a0000000000,905.25,408c4a0000000000,905.25,1.00525e-07,tiny
analytical36|B|local,0,native-skv-raw,max,8,1,0,0,0.0,0.0,1e-08,0,B,analytical36,0.0,0.0,analytical36-B-0-local-native-skv-raw,analytical36-B-0-local-natural-ee,7,natural-ee,0,local,1e-10,23,408c4a0000000000,905.25,408c4a0000000000,905.25,1.00525e-07,tiny
analytical36|B|local,0,native-skv-summary,sum,8,0,0,6,0.041626960039138794,6.074939623487641e-10,1e-08,6,B,analytical36,0.041626960039138794,-0.0003856054972857237,analytical36-B-0-local-native-skv-summary,analytical36-B-0-local-natural-ee,8,natural-ee,1,local,1e-10,23,41a4ecbfd222f9d8,175529961.0683124,41a4ecbfd20da9b7,175529961.02668545,0.017553006102668547,hole
analytical36|B|local,0,native-skv-summary,support,8,0,0,6,4.7289737267419696e-05,7.299511521653528e-10,1e-08,6,B,analytical36,4.7289737267419696e-05,-3.683688873934443e-07,analytical36-B-0-local-native-skv-summary,analytical36-B-0-local-natural-ee,8,natural-ee,1,local,1e-10,23,41088bfd3a7c2b1f,201087.653557145,41088bfd3a636000,201087.65350985527,2.011876535098553e-05,hole
analytical36|B|local,0,native-skv-summary,mean,8,1,0,1,1.3404246601567138e-07,1.2245713258263855e-10,1e-08,6,B,analytical36,1.3404246601567138e-07,-5.564663752011256e-08,analytical36-B-0-local-native-skv-summary,analytical36-B-0-local-natural-ee,7,natural-ee,0,local,1e-10,23,40911a6dd4db0020,1094.607257291682,40911a6dd4d2014b,1094.6072571576394,1.1946072571576396e-07,compact
analytical36|B|local,0,native-skv-summary,min,8,1,0,0,0.0,0.0,1e-08,0,B,analytical36,0.0,0.0,analytical36-B-0-local-native-skv-summary,analytical36-B-0-local-natural-ee,7,natural-ee,0,local,1e-10,23,408c4a0000000000,905.25,408c4a0000000000,905.25,1.00525e-07,tiny
analytical36|B|local,0,native-skv-summary,max,8,1,0,0,0.0,0.0,1e-08,0,B,analytical36,0.0,0.0,analytical36-B-0-local-native-skv-summary,analytical36-B-0-local-natural-ee,7,natural-ee,0,local,1e-10,23,408c4a0000000000,905.25,408c4a0000000000,905.25,1.00525e-07,tiny
analytical36|B|local,1,native-tiff,sum,8,0,0,5,0.02378910779953003,8.48824721178468e-10,1e-08,6,B,analytical36,0.007775340229272842,-0.02378910779953003,analytical36-B-1-local-native-tiff,analytical36-B-1-local-natural-ee,8,natural-ee,1,local,1e-10,23,41a51a06c70590e1,177013603.51087096,41a51a06c711bef7,177013603.53466007,0.01770137035346601,hole
analytical36|B|local,1,native-tiff,support,8,0,0,5,2.7367990696802735e-05,7.62495496933645e-10,1e-08,6,B,analytical36,9.148548997472972e-06,-2.7367990696802735e-05,analytical36-B-1-local-native-tiff,analytical36-B-1-local-natural-ee,8,natural-ee,1,local,1e-10,23,4108c1ff9dd69ebb,202815.9520695115,4108c1ff9de4f800,202815.95209687948,2.029159520968795e-05,hole
analytical36|B|local,1,native-tiff,mean,8,1,0,1,2.1017581275373232e-07,2.46657512042249e-10,1e-08,6,B,analytical36,2.1017581275373232e-07,-9.505788511887658e-08,analytical36-B-1-local-native-tiff,analytical36-B-1-local-natural-ee,7,natural-ee,0,local,1e-10,23,408aa0c40e230b9c,852.0957300889891,408aa0c40e06d606,852.0957298788132,9.520957298788133e-08,boundary
analytical36|B|local,1,native-tiff,min,8,1,0,0,0.0,0.0,1e-08,0,B,analytical36,0.0,0.0,analytical36-B-1-local-native-tiff,analytical36-B-1-local-natural-ee,7,natural-ee,0,local,1e-10,23,408c350000000000,902.625,408c350000000000,902.625,1.002625e-07,tiny
analytical36|B|local,1,native-tiff,max,8,1,0,0,0.0,0.0,1e-08,0,B,analytical36,0.0,0.0,analytical36-B-1-local-native-tiff,analytical36-B-1-local-natural-ee,7,natural-ee,0,local,1e-10,23,408c350000000000,902.625,408c350000000000,902.625,1.002625e-07,tiny
analytical36|B|local,1,native-cog,sum,8,0,0,5,0.02378910779953003,8.48824721178468e-10,1e-08,6,B,analytical36,0.007775340229272842,-0.02378910779953003,analytical36-B-1-local-native-cog,analytical36-B-1-local-natural-ee,8,natural-ee,1,local,1e-10,23,41a51a06c70590e1,177013603.51087096,41a51a06c711bef7,177013603.53466007,0.01770137035346601,hole
analytical36|B|local,1,native-cog,support,8,0,0,5,2.7367990696802735e-05,7.62495496933645e-10,1e-08,6,B,analytical36,9.148548997472972e-06,-2.7367990696802735e-05,analytical36-B-1-local-native-cog,analytical36-B-1-local-natural-ee,8,natural-ee,1,local,1e-10,23,4108c1ff9dd69ebb,202815.9520695115,4108c1ff9de4f800,202815.95209687948,2.029159520968795e-05,hole
analytical36|B|local,1,native-cog,mean,8,1,0,1,2.1017581275373232e-07,2.46657512042249e-10,1e-08,6,B,analytical36,2.1017581275373232e-07,-9.505788511887658e-08,analytical36-B-1-local-native-cog,analytical36-B-1-local-natural-ee,7,natural-ee,0,local,1e-10,23,408aa0c40e230b9c,852.0957300889891,408aa0c40e06d606,852.0957298788132,9.520957298788133e-08,boundary
analytical36|B|local,1,native-cog,min,8,1,0,0,0.0,0.0,1e-08,0,B,analytical36,0.0,0.0,analytical36-B-1-local-native-cog,analytical36-B-1-local-natural-ee,7,natural-ee,0,local,1e-10,23,408c350000000000,902.625,408c350000000000,902.625,1.002625e-07,tiny
analytical36|B|local,1,native-cog,max,8,1,0,0,0.0,0.0,1e-08,0,B,analytical36,0.0,0.0,analytical36-B-1-local-native-cog,analytical36-B-1-local-natural-ee,7,natural-ee,0,local,1e-10,23,408c350000000000,902.625,408c350000000000,902.625,1.002625e-07,tiny
analytical36|B|local,1,native-rsi64,sum,8,0,0,5,0.02378910779953003,8.48824721178468e-10,1e-08,6,B,analytical36,0.007775340229272842,-0.02378910779953003,analytical36-B-1-local-native-rsi64,analytical36-B-1-local-natural-ee,8,natural-ee,1,local,1e-10,23,41a51a06c70590e1,177013603.51087096,41a51a06c711bef7,177013603.53466007,0.01770137035346601,hole
analytical36|B|local,1,native-rsi64,support,8,0,0,5,2.7367990696802735e-05,7.62495496933645e-10,1e-08,6,B,analytical36,9.148548997472972e-06,-2.7367990696802735e-05,analytical36-B-1-local-native-rsi64,analytical36-B-1-local-natural-ee,8,natural-ee,1,local,1e-10,23,4108c1ff9dd69ebb,202815.9520695115,4108c1ff9de4f800,202815.95209687948,2.029159520968795e-05,hole
analytical36|B|local,1,native-rsi64,mean,8,1,0,1,2.1017581275373232e-07,2.46657512042249e-10,1e-08,6,B,analytical36,2.1017581275373232e-07,-9.505788511887658e-08,analytical36-B-1-local-native-rsi64,analytical36-B-1-local-natural-ee,7,natural-ee,0,local,1e-10,23,408aa0c40e230b9c,852.0957300889891,408aa0c40e06d606,852.0957298788132,9.520957298788133e-08,boundary
analytical36|B|local,1,native-rsi64,min,8,1,0,0,0.0,0.0,1e-08,0,B,analytical36,0.0,0.0,analytical36-B-1-local-native-rsi64,analytical36-B-1-local-natural-ee,7,natural-ee,0,local,1e-10,23,408c350000000000,902.625,408c350000000000,902.625,1.002625e-07,tiny
analytical36|B|local,1,native-rsi64,max,8,1,0,0,0.0,0.0,1e-08,0,B,analytical36,0.0,0.0,analytical36-B-1-local-native-rsi64,analytical36-B-1-local-natural-ee,7,natural-ee,0,local,1e-10,23,408c350000000000,902.625,408c350000000000,902.625,1.002625e-07,tiny
analytical36|B|local,1,native-rsi256,sum,8,0,0,5,0.02378910779953003,8.48824721178468e-10,1e-08,6,B,analytical36,0.007775340229272842,-0.02378910779953003,analytical36-B-1-local-native-rsi256,analytical36-B-1-local-natural-ee,8,natural-ee,1,local,1e-10,23,41a51a06c70590e1,177013603.51087096,41a51a06c711bef7,177013603.53466007,0.01770137035346601,hole
analytical36|B|local,1,native-rsi256,support,8,0,0,5,2.7367990696802735e-05,7.62495496933645e-10,1e-08,6,B,analytical36,9.148548997472972e-06,-2.7367990696802735e-05,analytical36-B-1-local-native-rsi256,analytical36-B-1-local-natural-ee,8,natural-ee,1,local,1e-10,23,4108c1ff9dd69ebb,202815.9520695115,4108c1ff9de4f800,202815.95209687948,2.029159520968795e-05,hole
analytical36|B|local,1,native-rsi256,mean,8,1,0,1,2.1017581275373232e-07,2.46657512042249e-10,1e-08,6,B,analytical36,2.1017581275373232e-07,-9.505788511887658e-08,analytical36-B-1-local-native-rsi256,analytical36-B-1-local-natural-ee,7,natural-ee,0,local,1e-10,23,408aa0c40e230b9c,852.0957300889891,408aa0c40e06d606,852.0957298788132,9.520957298788133e-08,boundary
analytical36|B|local,1,native-rsi256,min,8,1,0,0,0.0,0.0,1e-08,0,B,analytical36,0.0,0.0,analytical36-B-1-local-native-rsi256,analytical36-B-1-local-natural-ee,7,natural-ee,0,local,1e-10,23,408c350000000000,902.625,408c350000000000,902.625,1.002625e-07,tiny
analytical36|B|local,1,native-rsi256,max,8,1,0,0,0.0,0.0,1e-08,0,B,analytical36,0.0,0.0,analytical36-B-1-local-native-rsi256,analytical36-B-1-local-natural-ee,7,natural-ee,0,local,1e-10,23,408c350000000000,902.625,408c350000000000,902.625,1.002625e-07,tiny
analytical36|B|local,1,native-skv-raw,sum,8,0,0,5,0.02378910779953003,8.48824721178468e-10,1e-08,6,B,analytical36,0.007775340229272842,-0.02378910779953003,analytical36-B-1-local-native-skv-raw,analytical36-B-1-local-natural-ee,8,natural-ee,1,local,1e-10,23,41a51a06c70590e1,177013603.51087096,41a51a06c711bef7,177013603.53466007,0.01770137035346601,hole
analytical36|B|local,1,native-skv-raw,support,8,0,0,5,2.7367990696802735e-05,7.62495496933645e-10,1e-08,6,B,analytical36,9.148548997472972e-06,-2.7367990696802735e-05,analytical36-B-1-local-native-skv-raw,analytical36-B-1-local-natural-ee,8,natural-ee,1,local,1e-10,23,4108c1ff9dd69ebb,202815.9520695115,4108c1ff9de4f800,202815.95209687948,2.029159520968795e-05,hole
analytical36|B|local,1,native-skv-raw,mean,8,1,0,1,2.1017581275373232e-07,2.46657512042249e-10,1e-08,6,B,analytical36,2.1017581275373232e-07,-9.505788511887658e-08,analytical36-B-1-local-native-skv-raw,analytical36-B-1-local-natural-ee,7,natural-ee,0,local,1e-10,23,408aa0c40e230b9c,852.0957300889891,408aa0c40e06d606,852.0957298788132,9.520957298788133e-08,boundary
analytical36|B|local,1,native-skv-raw,min,8,1,0,0,0.0,0.0,1e-08,0,B,analytical36,0.0,0.0,analytical36-B-1-local-native-skv-raw,analytical36-B-1-local-natural-ee,7,natural-ee,0,local,1e-10,23,408c350000000000,902.625,408c350000000000,902.625,1.002625e-07,tiny
analytical36|B|local,1,native-skv-raw,max,8,1,0,0,0.0,0.0,1e-08,0,B,analytical36,0.0,0.0,analytical36-B-1-local-native-skv-raw,analytical36-B-1-local-natural-ee,7,natural-ee,0,local,1e-10,23,408c350000000000,902.625,408c350000000000,902.625,1.002625e-07,tiny
analytical36|B|local,1,native-skv-summary,sum,8,0,0,5,0.02378910779953003,8.48824721178468e-10,1e-08,6,B,analytical36,0.007775340229272842,-0.02378910779953003,analytical36-B-1-local-native-skv-summary,analytical36-B-1-local-natural-ee,8,natural-ee,1,local,1e-10,23,41a51a06c70590e1,177013603.51087096,41a51a06c711bef7,177013603.53466007,0.01770137035346601,hole
analytical36|B|local,1,native-skv-summary,support,8,0,0,5,2.7367990696802735e-05,7.62495496933645e-10,1e-08,6,B,analytical36,9.148548997472972e-06,-2.7367990696802735e-05,analytical36-B-1-local-native-skv-summary,analytical36-B-1-local-natural-ee,8,natural-ee,1,local,1e-10,23,4108c1ff9dd69ebb,202815.9520695115,4108c1ff9de4f800,202815.95209687948,2.029159520968795e-05,hole
analytical36|B|local,1,native-skv-summary,mean,8,1,0,1,2.1017581275373232e-07,2.46657512042249e-10,1e-08,6,B,analytical36,2.1017581275373232e-07,-9.505788511887658e-08,analytical36-B-1-local-native-skv-summary,analytical36-B-1-local-natural-ee,7,natural-ee,0,local,1e-10,23,408aa0c40e230b9c,852.0957300889891,408aa0c40e06d606,852.0957298788132,9.520957298788133e-08,boundary
analytical36|B|local,1,native-skv-summary,min,8,1,0,0,0.0,0.0,1e-08,0,B,analytical36,0.0,0.0,analytical36-B-1-local-native-skv-summary,analytical36-B-1-local-natural-ee,7,natural-ee,0,local,1e-10,23,408c350000000000,902.625,408c350000000000,902.625,1.002625e-07,tiny
analytical36|B|local,1,native-skv-summary,max,8,1,0,0,0.0,0.0,1e-08,0,B,analytical36,0.0,0.0,analytical36-B-1-local-native-skv-summary,analytical36-B-1-local-natural-ee,7,natural-ee,0,local,1e-10,23,408c350000000000,902.625,408c350000000000,902.625,1.002625e-07,tiny
analytical36|B|local,2,native-tiff,sum,8,0,0,6,0.022998332977294922,2.97551202205525e-08,1e-08,7,B,analytical36,0.0008938498795032501,-0.022998332977294922,analytical36-B-2-local-native-tiff,analytical36-B-2-local-natural-ee,8,natural-ee,1,local,1e-10,23,41a4fd3a8bb59a71,176069957.85469392,41a4fd3a8bc160e1,176069957.87769225,0.017607005787769227,hole
analytical36|B|local,2,native-tiff,support,8,0,0,5,2.7012574719265103e-05,2.9802323164851456e-08,1e-08,7,B,analytical36,1.2271193554624915e-06,-2.7012574719265103e-05,analytical36-B-2-local-native-tiff,analytical36-B-2-local-natural-ee,8,natural-ee,1,local,1e-10,23,41089f618ec6be6f,201708.19471501137,41089f618ed4e800,201708.19474202394,2.0180819474202397e-05,hole
analytical36|B|local,2,native-tiff,mean,8,1,0,0,9.025075087265577e-08,1.0583303168035023e-10,1e-08,7,B,analytical36,2.879346538975369e-09,-9.025075087265577e-08,analytical36-B-2-local-native-tiff,analytical36-B-2-local-natural-ee,7,natural-ee,0,local,1e-10,23,408aa61f9a3ac33f,852.7654308882555,408aa61f9a46e03d,852.7654309785063,9.527654309785063e-08,boundary
analytical36|B|local,2,native-tiff,min,8,1,0,0,0.0,0.0,1e-08,0,B,analytical36,0.0,0.0,analytical36-B-2-local-native-tiff,analytical36-B-2-local-natural-ee,7,natural-ee,0,local,1e-10,23,408c258000000000,900.6875,408c258000000000,900.6875,1.0006875e-07,tiny
analytical36|B|local,2,native-tiff,max,8,1,0,0,0.0,0.0,1e-08,0,B,analytical36,0.0,0.0,analytical36-B-2-local-native-tiff,analytical36-B-2-local-natural-ee,7,natural-ee,0,local,1e-10,23,408c5c0000000000,907.5,408c5c0000000000,907.5,1.0075e-07,tiny
analytical36|B|local,2,native-cog,sum,8,0,0,6,0.022998332977294922,2.97551202205525e-08,1e-08,7,B,analytical36,0.0008938498795032501,-0.022998332977294922,analytical36-B-2-local-native-cog,analytical36-B-2-local-natural-ee,8,natural-ee,1,local,1e-10,23,41a4fd3a8bb59a71,176069957.85469392,41a4fd3a8bc160e1,176069957.87769225,0.017607005787769227,hole
analytical36|B|local,2,native-cog,support,8,0,0,5,2.7012574719265103e-05,2.9802323164851456e-08,1e-08,7,B,analytical36,1.2271193554624915e-06,-2.7012574719265103e-05,analytical36-B-2-local-native-cog,analytical36-B-2-local-natural-ee,8,natural-ee,1,local,1e-10,23,41089f618ec6be6f,201708.19471501137,41089f618ed4e800,201708.19474202394,2.0180819474202397e-05,hole
analytical36|B|local,2,native-cog,mean,8,1,0,0,9.025075087265577e-08,1.0583303168035023e-10,1e-08,7,B,analytical36,2.879346538975369e-09,-9.025075087265577e-08,analytical36-B-2-local-native-cog,analytical36-B-2-local-natural-ee,7,natural-ee,0,local,1e-10,23,408aa61f9a3ac33f,852.7654308882555,408aa61f9a46e03d,852.7654309785063,9.527654309785063e-08,boundary
analytical36|B|local,2,native-cog,min,8,1,0,0,0.0,0.0,1e-08,0,B,analytical36,0.0,0.0,analytical36-B-2-local-native-cog,analytical36-B-2-local-natural-ee,7,natural-ee,0,local,1e-10,23,408c258000000000,900.6875,408c258000000000,900.6875,1.0006875e-07,tiny
analytical36|B|local,2,native-cog,max,8,1,0,0,0.0,0.0,1e-08,0,B,analytical36,0.0,0.0,analytical36-B-2-local-native-cog,analytical36-B-2-local-natural-ee,7,natural-ee,0,local,1e-10,23,408c5c0000000000,907.5,408c5c0000000000,907.5,1.0075e-07,tiny
analytical36|B|local,2,native-rsi64,sum,8,0,0,6,0.022998332977294922,2.97551202205525e-08,1e-08,7,B,analytical36,0.0008938498795032501,-0.022998332977294922,analytical36-B-2-local-native-rsi64,analytical36-B-2-local-natural-ee,8,natural-ee,1,local,1e-10,23,41a4fd3a8bb59a71,176069957.85469392,41a4fd3a8bc160e1,176069957.87769225,0.017607005787769227,hole
analytical36|B|local,2,native-rsi64,support,8,0,0,5,2.7012574719265103e-05,2.9802323164851456e-08,1e-08,7,B,analytical36,1.2271193554624915e-06,-2.7012574719265103e-05,analytical36-B-2-local-native-rsi64,analytical36-B-2-local-natural-ee,8,natural-ee,1,local,1e-10,23,41089f618ec6be6f,201708.19471501137,41089f618ed4e800,201708.19474202394,2.0180819474202397e-05,hole
analytical36|B|local,2,native-rsi64,mean,8,1,0,0,9.025075087265577e-08,1.0583303168035023e-10,1e-08,7,B,analytical36,2.879346538975369e-09,-9.025075087265577e-08,analytical36-B-2-local-native-rsi64,analytical36-B-2-local-natural-ee,7,natural-ee,0,local,1e-10,23,408aa61f9a3ac33f,852.7654308882555,408aa61f9a46e03d,852.7654309785063,9.527654309785063e-08,boundary
analytical36|B|local,2,native-rsi64,min,8,1,0,0,0.0,0.0,1e-08,0,B,analytical36,0.0,0.0,analytical36-B-2-local-native-rsi64,analytical36-B-2-local-natural-ee,7,natural-ee,0,local,1e-10,23,408c258000000000,900.6875,408c258000000000,900.6875,1.0006875e-07,tiny
analytical36|B|local,2,native-rsi64,max,8,1,0,0,0.0,0.0,1e-08,0,B,analytical36,0.0,0.0,analytical36-B-2-local-native-rsi64,analytical36-B-2-local-natural-ee,7,natural-ee,0,local,1e-10,23,408c5c0000000000,907.5,408c5c0000000000,907.5,1.0075e-07,tiny
analytical36|B|local,2,native-rsi256,sum,8,0,0,6,0.022998332977294922,2.97551202205525e-08,1e-08,7,B,analytical36,0.0008938498795032501,-0.022998332977294922,analytical36-B-2-local-native-rsi256,analytical36-B-2-local-natural-ee,8,natural-ee,1,local,1e-10,23,41a4fd3a8bb59a71,176069957.85469392,41a4fd3a8bc160e1,176069957.87769225,0.017607005787769227,hole
analytical36|B|local,2,native-rsi256,support,8,0,0,5,2.7012574719265103e-05,2.9802323164851456e-08,1e-08,7,B,analytical36,1.2271193554624915e-06,-2.7012574719265103e-05,analytical36-B-2-local-native-rsi256,analytical36-B-2-local-natural-ee,8,natural-ee,1,local,1e-10,23,41089f618ec6be6f,201708.19471501137,41089f618ed4e800,201708.19474202394,2.0180819474202397e-05,hole
analytical36|B|local,2,native-rsi256,mean,8,1,0,0,9.025075087265577e-08,1.0583303168035023e-10,1e-08,7,B,analytical36,2.879346538975369e-09,-9.025075087265577e-08,analytical36-B-2-local-native-rsi256,analytical36-B-2-local-natural-ee,7,natural-ee,0,local,1e-10,23,408aa61f9a3ac33f,852.7654308882555,408aa61f9a46e03d,852.7654309785063,9.527654309785063e-08,boundary
analytical36|B|local,2,native-rsi256,min,8,1,0,0,0.0,0.0,1e-08,0,B,analytical36,0.0,0.0,analytical36-B-2-local-native-rsi256,analytical36-B-2-local-natural-ee,7,natural-ee,0,local,1e-10,23,408c258000000000,900.6875,408c258000000000,900.6875,1.0006875e-07,tiny
analytical36|B|local,2,native-rsi256,max,8,1,0,0,0.0,0.0,1e-08,0,B,analytical36,0.0,0.0,analytical36-B-2-local-native-rsi256,analytical36-B-2-local-natural-ee,7,natural-ee,0,local,1e-10,23,408c5c0000000000,907.5,408c5c0000000000,907.5,1.0075e-07,tiny
analytical36|B|local,2,native-skv-raw,sum,8,0,0,6,0.022998332977294922,2.97551202205525e-08,1e-08,7,B,analytical36,0.0008938498795032501,-0.022998332977294922,analytical36-B-2-local-native-skv-raw,analytical36-B-2-local-natural-ee,8,natural-ee,1,local,1e-10,23,41a4fd3a8bb59a71,176069957.85469392,41a4fd3a8bc160e1,176069957.87769225,0.017607005787769227,hole
analytical36|B|local,2,native-skv-raw,support,8,0,0,5,2.7012574719265103e-05,2.9802323164851456e-08,1e-08,7,B,analytical36,1.2271193554624915e-06,-2.7012574719265103e-05,analytical36-B-2-local-native-skv-raw,analytical36-B-2-local-natural-ee,8,natural-ee,1,local,1e-10,23,41089f618ec6be6f,201708.19471501137,41089f618ed4e800,201708.19474202394,2.0180819474202397e-05,hole
analytical36|B|local,2,native-skv-raw,mean,8,1,0,0,9.025075087265577e-08,1.0583303168035023e-10,1e-08,7,B,analytical36,2.879346538975369e-09,-9.025075087265577e-08,analytical36-B-2-local-native-skv-raw,analytical36-B-2-local-natural-ee,7,natural-ee,0,local,1e-10,23,408aa61f9a3ac33f,852.7654308882555,408aa61f9a46e03d,852.7654309785063,9.527654309785063e-08,boundary
analytical36|B|local,2,native-skv-raw,min,8,1,0,0,0.0,0.0,1e-08,0,B,analytical36,0.0,0.0,analytical36-B-2-local-native-skv-raw,analytical36-B-2-local-natural-ee,7,natural-ee,0,local,1e-10,23,408c258000000000,900.6875,408c258000000000,900.6875,1.0006875e-07,tiny
analytical36|B|local,2,native-skv-raw,max,8,1,0,0,0.0,0.0,1e-08,0,B,analytical36,0.0,0.0,analytical36-B-2-local-native-skv-raw,analytical36-B-2-local-natural-ee,7,natural-ee,0,local,1e-10,23,408c5c0000000000,907.5,408c5c0000000000,907.5,1.0075e-07,tiny
analytical36|B|local,2,native-skv-summary,sum,8,0,0,6,0.022998332977294922,2.97551202205525e-08,1e-08,7,B,analytical36,0.0008938498795032501,-0.022998332977294922,analytical36-B-2-local-native-skv-summary,analytical36-B-2-local-natural-ee,8,natural-ee,1,local,1e-10,23,41a4fd3a8bb59a71,176069957.85469392,41a4fd3a8bc160e1,176069957.87769225,0.017607005787769227,hole
analytical36|B|local,2,native-skv-summary,support,8,0,0,5,2.7012574719265103e-05,2.9802323164851456e-08,1e-08,7,B,analytical36,1.2271193554624915e-06,-2.7012574719265103e-05,analytical36-B-2-local-native-skv-summary,analytical36-B-2-local-natural-ee,8,natural-ee,1,local,1e-10,23,41089f618ec6be6f,201708.19471501137,41089f618ed4e800,201708.19474202394,2.0180819474202397e-05,hole
analytical36|B|local,2,native-skv-summary,mean,8,1,0,0,9.025075087265577e-08,1.0583303168035023e-10,1e-08,7,B,analytical36,2.879346538975369e-09,-9.025075087265577e-08,analytical36-B-2-local-native-skv-summary,analytical36-B-2-local-natural-ee,7,natural-ee,0,local,1e-10,23,408aa61f9a3ac33f,852.7654308882555,408aa61f9a46e03d,852.7654309785063,9.527654309785063e-08,boundary
analytical36|B|local,2,native-skv-summary,min,8,1,0,0,0.0,0.0,1e-08,0,B,analytical36,0.0,0.0,analytical36-B-2-local-native-skv-summary,analytical36-B-2-local-natural-ee,7,natural-ee,0,local,1e-10,23,408c258000000000,900.6875,408c258000000000,900.6875,1.0006875e-07,tiny
analytical36|B|local,2,native-skv-summary,max,8,1,0,0,0.0,0.0,1e-08,0,B,analytical36,0.0,0.0,analytical36-B-2-local-native-skv-summary,analytical36-B-2-local-natural-ee,7,natural-ee,0,local,1e-10,23,408c5c0000000000,907.5,408c5c0000000000,907.5,1.0075e-07,tiny
analytical36|C|http0,0,native-tiff,sum,36,0,0,36,0.04404401779174805,1.958660082354992e-10,1e-08,36,C,analytical36,0.04404401779174805,0.009319029748439789,analytical36-C-0-http0-native-tiff,analytical36-C-0-http0-natural-ee,36,natural-ee,0,http0,1e-10,35,41b014e5a5224c58,269804965.1339774,41b014e5a51705e0,269804965.0899334,0.026980506508993342,interior
analytical36|C|http0,0,native-tiff,support,36,0,0,36,3.8233527448028326e-05,1.695694505607772e-10,1e-08,36,C,analytical36,3.8233527448028326e-05,3.808413748629391e-05,analytical36-C-0-http0-native-tiff,analytical36-C-0-http0-natural-ee,36,natural-ee,0,http0,1e-10,3,410b86112fdbd79e,225474.14836853457,410b86112fc7cc00,225474.14833030105,2.2557414833030107e-05,interior
analytical36|C|http0,0,native-tiff,mean,36,0,0,0,1.1020347301382571e-08,2.6685782745869707e-11,1e-08,36,C,analytical36,1.1020347301382571e-08,-7.3598585004219785e-09,analytical36-C-0-http0-native-tiff,analytical36-C-0-http0-natural-ee,36,natural-ee,0,http0,1e-10,6,4079cf78c7926441,412.96698720154023,4079cf78c78f6ef1,412.9669871905199,5.129669871905199e-08,interior
analytical36|C|http0,0,native-tiff,min,36,0,0,0,0.0,0.0,1e-08,0,C,analytical36,0.0,0.0,analytical36-C-0-http0-native-tiff,analytical36-C-0-http0-natural-ee,36,natural-ee,0,http0,1e-10,0,c07ffe0000000000,-511.875,c07ffe0000000000,-511.875,6.11875e-08,interior
analytical36|C|http0,0,native-tiff,max,36,0,0,0,0.0,0.0,1e-08,0,C,analytical36,0.0,0.0,analytical36-C-0-http0-native-tiff,analytical36-C-0-http0-natural-ee,36,natural-ee,0,http0,1e-10,0,40f869f000000000,99999.0,40f869f000000000,99999.0,1.00099e-05,interior
analytical36|C|http0,0,native-cog,sum,36,0,0,36,0.04404401779174805,1.958660082354992e-10,1e-08,36,C,analytical36,0.04404401779174805,0.009319029748439789,analytical36-C-0-http0-native-cog,analytical36-C-0-http0-natural-ee,36,natural-ee,0,http0,1e-10,35,41b014e5a5224c58,269804965.1339774,41b014e5a51705e0,269804965.0899334,0.026980506508993342,interior
analytical36|C|http0,0,native-cog,support,36,0,0,36,3.8233527448028326e-05,1.695694505607772e-10,1e-08,36,C,analytical36,3.8233527448028326e-05,3.808413748629391e-05,analytical36-C-0-http0-native-cog,analytical36-C-0-http0-natural-ee,36,natural-ee,0,http0,1e-10,3,410b86112fdbd79e,225474.14836853457,410b86112fc7cc00,225474.14833030105,2.2557414833030107e-05,interior
analytical36|C|http0,0,native-cog,mean,36,0,0,0,1.1020347301382571e-08,2.6685782745869707e-11,1e-08,36,C,analytical36,1.1020347301382571e-08,-7.3598585004219785e-09,analytical36-C-0-http0-native-cog,analytical36-C-0-http0-natural-ee,36,natural-ee,0,http0,1e-10,6,4079cf78c7926441,412.96698720154023,4079cf78c78f6ef1,412.9669871905199,5.129669871905199e-08,interior
analytical36|C|http0,0,native-cog,min,36,0,0,0,0.0,0.0,1e-08,0,C,analytical36,0.0,0.0,analytical36-C-0-http0-native-cog,analytical36-C-0-http0-natural-ee,36,natural-ee,0,http0,1e-10,0,c07ffe0000000000,-511.875,c07ffe0000000000,-511.875,6.11875e-08,interior
analytical36|C|http0,0,native-cog,max,36,0,0,0,0.0,0.0,1e-08,0,C,analytical36,0.0,0.0,analytical36-C-0-http0-native-cog,analytical36-C-0-http0-natural-ee,36,natural-ee,0,http0,1e-10,0,40f869f000000000,99999.0,40f869f000000000,99999.0,1.00099e-05,interior
analytical36|C|http0,0,native-rsi64,sum,36,0,0,36,0.04404401779174805,1.958660082354992e-10,1e-08,36,C,analytical36,0.04404401779174805,0.009319029748439789,analytical36-C-0-http0-native-rsi64,analytical36-C-0-http0-natural-ee,36,natural-ee,0,http0,1e-10,35,41b014e5a5224c58,269804965.1339774,41b014e5a51705e0,269804965.0899334,0.026980506508993342,interior
analytical36|C|http0,0,native-rsi64,support,36,0,0,36,3.8233527448028326e-05,1.695694505607772e-10,1e-08,36,C,analytical36,3.8233527448028326e-05,3.808413748629391e-05,analytical36-C-0-http0-native-rsi64,analytical36-C-0-http0-natural-ee,36,natural-ee,0,http0,1e-10,3,410b86112fdbd79e,225474.14836853457,410b86112fc7cc00,225474.14833030105,2.2557414833030107e-05,interior
analytical36|C|http0,0,native-rsi64,mean,36,0,0,0,1.1020347301382571e-08,2.6685782745869707e-11,1e-08,36,C,analytical36,1.1020347301382571e-08,-7.3598585004219785e-09,analytical36-C-0-http0-native-rsi64,analytical36-C-0-http0-natural-ee,36,natural-ee,0,http0,1e-10,6,4079cf78c7926441,412.96698720154023,4079cf78c78f6ef1,412.9669871905199,5.129669871905199e-08,interior
analytical36|C|http0,0,native-rsi64,min,36,0,0,0,0.0,0.0,1e-08,0,C,analytical36,0.0,0.0,analytical36-C-0-http0-native-rsi64,analytical36-C-0-http0-natural-ee,36,natural-ee,0,http0,1e-10,0,c07ffe0000000000,-511.875,c07ffe0000000000,-511.875,6.11875e-08,interior
analytical36|C|http0,0,native-rsi64,max,36,0,0,0,0.0,0.0,1e-08,0,C,analytical36,0.0,0.0,analytical36-C-0-http0-native-rsi64,analytical36-C-0-http0-natural-ee,36,natural-ee,0,http0,1e-10,0,40f869f000000000,99999.0,40f869f000000000,99999.0,1.00099e-05,interior
analytical36|C|http0,0,native-rsi256,sum,36,0,0,36,0.04404401779174805,1.958660082354992e-10,1e-08,36,C,analytical36,0.04404401779174805,0.009319029748439789,analytical36-C-0-http0-native-rsi256,analytical36-C-0-http0-natural-ee,36,natural-ee,0,http0,1e-10,35,41b014e5a5224c58,269804965.1339774,41b014e5a51705e0,269804965.0899334,0.026980506508993342,interior
analytical36|C|http0,0,native-rsi256,support,36,0,0,36,3.8233527448028326e-05,1.695694505607772e-10,1e-08,36,C,analytical36,3.8233527448028326e-05,3.808413748629391e-05,analytical36-C-0-http0-native-rsi256,analytical36-C-0-http0-natural-ee,36,natural-ee,0,http0,1e-10,3,410b86112fdbd79e,225474.14836853457,410b86112fc7cc00,225474.14833030105,2.2557414833030107e-05,interior
analytical36|C|http0,0,native-rsi256,mean,36,0,0,0,1.1020347301382571e-08,2.6685782745869707e-11,1e-08,36,C,analytical36,1.1020347301382571e-08,-7.3598585004219785e-09,analytical36-C-0-http0-native-rsi256,analytical36-C-0-http0-natural-ee,36,natural-ee,0,http0,1e-10,6,4079cf78c7926441,412.96698720154023,4079cf78c78f6ef1,412.9669871905199,5.129669871905199e-08,interior
analytical36|C|http0,0,native-rsi256,min,36,0,0,0,0.0,0.0,1e-08,0,C,analytical36,0.0,0.0,analytical36-C-0-http0-native-rsi256,analytical36-C-0-http0-natural-ee,36,natural-ee,0,http0,1e-10,0,c07ffe0000000000,-511.875,c07ffe0000000000,-511.875,6.11875e-08,interior
analytical36|C|http0,0,native-rsi256,max,36,0,0,0,0.0,0.0,1e-08,0,C,analytical36,0.0,0.0,analytical36-C-0-http0-native-rsi256,analytical36-C-0-http0-natural-ee,36,natural-ee,0,http0,1e-10,0,40f869f000000000,99999.0,40f869f000000000,99999.0,1.00099e-05,interior
analytical36|C|http0,0,native-skv-raw,sum,36,0,0,36,0.04404401779174805,1.958660082354992e-10,1e-08,36,C,analytical36,0.04404401779174805,0.009319029748439789,analytical36-C-0-http0-native-skv-raw,analytical36-C-0-http0-natural-ee,36,natural-ee,0,http0,1e-10,35,41b014e5a5224c58,269804965.1339774,41b014e5a51705e0,269804965.0899334,0.026980506508993342,interior
analytical36|C|http0,0,native-skv-raw,support,36,0,0,36,3.8233527448028326e-05,1.695694505607772e-10,1e-08,36,C,analytical36,3.8233527448028326e-05,3.808413748629391e-05,analytical36-C-0-http0-native-skv-raw,analytical36-C-0-http0-natural-ee,36,natural-ee,0,http0,1e-10,3,410b86112fdbd79e,225474.14836853457,410b86112fc7cc00,225474.14833030105,2.2557414833030107e-05,interior
analytical36|C|http0,0,native-skv-raw,mean,36,0,0,0,1.1020347301382571e-08,2.6685782745869707e-11,1e-08,36,C,analytical36,1.1020347301382571e-08,-7.3598585004219785e-09,analytical36-C-0-http0-native-skv-raw,analytical36-C-0-http0-natural-ee,36,natural-ee,0,http0,1e-10,6,4079cf78c7926441,412.96698720154023,4079cf78c78f6ef1,412.9669871905199,5.129669871905199e-08,interior
analytical36|C|http0,0,native-skv-raw,min,36,0,0,0,0.0,0.0,1e-08,0,C,analytical36,0.0,0.0,analytical36-C-0-http0-native-skv-raw,analytical36-C-0-http0-natural-ee,36,natural-ee,0,http0,1e-10,0,c07ffe0000000000,-511.875,c07ffe0000000000,-511.875,6.11875e-08,interior
analytical36|C|http0,0,native-skv-raw,max,36,0,0,0,0.0,0.0,1e-08,0,C,analytical36,0.0,0.0,analytical36-C-0-http0-native-skv-raw,analytical36-C-0-http0-natural-ee,36,natural-ee,0,http0,1e-10,0,40f869f000000000,99999.0,40f869f000000000,99999.0,1.00099e-05,interior
analytical36|C|http0,0,native-skv-summary,sum,36,0,0,36,0.04404401779174805,1.958660082354992e-10,1e-08,36,C,analytical36,0.04404401779174805,0.009319029748439789,analytical36-C-0-http0-native-skv-summary,analytical36-C-0-http0-natural-ee,36,natural-ee,0,http0,1e-10,35,41b014e5a5224c58,269804965.1339774,41b014e5a51705e0,269804965.0899334,0.026980506508993342,interior
analytical36|C|http0,0,native-skv-summary,support,36,0,0,36,3.8233527448028326e-05,1.695694505607772e-10,1e-08,36,C,analytical36,3.8233527448028326e-05,3.808413748629391e-05,analytical36-C-0-http0-native-skv-summary,analytical36-C-0-http0-natural-ee,36,natural-ee,0,http0,1e-10,3,410b86112fdbd79e,225474.14836853457,410b86112fc7cc00,225474.14833030105,2.2557414833030107e-05,interior
analytical36|C|http0,0,native-skv-summary,mean,36,0,0,0,1.1020347301382571e-08,2.6685782745869707e-11,1e-08,36,C,analytical36,1.1020347301382571e-08,-7.3598585004219785e-09,analytical36-C-0-http0-native-skv-summary,analytical36-C-0-http0-natural-ee,36,natural-ee,0,http0,1e-10,6,4079cf78c7926441,412.96698720154023,4079cf78c78f6ef1,412.9669871905199,5.129669871905199e-08,interior
analytical36|C|http0,0,native-skv-summary,min,36,0,0,0,0.0,0.0,1e-08,0,C,analytical36,0.0,0.0,analytical36-C-0-http0-native-skv-summary,analytical36-C-0-http0-natural-ee,36,natural-ee,0,http0,1e-10,0,c07ffe0000000000,-511.875,c07ffe0000000000,-511.875,6.11875e-08,interior
analytical36|C|http0,0,native-skv-summary,max,36,0,0,0,0.0,0.0,1e-08,0,C,analytical36,0.0,0.0,analytical36-C-0-http0-native-skv-summary,analytical36-C-0-http0-natural-ee,36,natural-ee,0,http0,1e-10,0,40f869f000000000,99999.0,40f869f000000000,99999.0,1.00099e-05,interior
analytical36|C|http0,1,native-tiff,sum,36,0,0,7,0.026579856872558594,1.1813990441741926e-10,1e-08,36,C,analytical36,-0.005446836352348328,-0.026579856872558594,analytical36-C-1-http0-native-tiff,analytical36-C-1-http0-natural-ee,36,natural-ee,0,http0,1e-10,35,41b0483232cd97e1,273166898.80309874,41b0483232d465d1,273166898.8296786,0.027316699882967862,interior
analytical36|C|http0,1,native-tiff,support,36,0,0,0,2.1244253730401397e-05,9.309636641842954e-11,1e-08,36,C,analytical36,-2.114006201736629e-05,-2.1244253730401397e-05,analytical36-C-1-http0-native-tiff,analytical36-C-1-http0-natural-ee,36,natural-ee,0,http0,1e-10,32,410bdb23087e32a5,228196.37914695326,410bdb2308895600,228196.3791681975,2.2829637916819755e-05,interior
analytical36|C|http0,1,native-tiff,mean,36,0,0,0,9.366658559883945e-09,2.5423185220178103e-11,1e-08,36,C,analytical36,9.366658559883945e-09,-8.4686462287209e-09,analytical36-C-1-http0-native-tiff,analytical36-C-1-http0-natural-ee,36,natural-ee,0,http0,1e-10,31,4090f1fd2cafc51a,1084.4972407783557,4090f1fd2caf242f,1084.497240768989,1.184497240768989e-07,interior
analytical36|C|http0,1,native-tiff,min,36,0,0,0,0.0,0.0,1e-08,0,C,analytical36,0.0,0.0,analytical36-C-1-http0-native-tiff,analytical36-C-1-http0-natural-ee,36,natural-ee,0,http0,1e-10,0,c07ffe0000000000,-511.875,c07ffe0000000000,-511.875,6.11875e-08,interior
analytical36|C|http0,1,native-tiff,max,36,0,0,0,0.0,0.0,1e-08,0,C,analytical36,0.0,0.0,analytical36-C-1-http0-native-tiff,analytical36-C-1-http0-natural-ee,36,natural-ee,0,http0,1e-10,0,40f869f000000000,99999.0,40f869f000000000,99999.0,1.00099e-05,interior
analytical36|C|http0,1,native-cog,sum,36,0,0,7,0.026579856872558594,1.1813990441741926e-10,1e-08,36,C,analytical36,-0.005446836352348328,-0.026579856872558594,analytical36-C-1-http0-native-cog,analytical36-C-1-http0-natural-ee,36,natural-ee,0,http0,1e-10,35,41b0483232cd97e1,273166898.80309874,41b0483232d465d1,273166898.8296786,0.027316699882967862,interior
analytical36|C|http0,1,native-cog,support,36,0,0,0,2.1244253730401397e-05,9.309636641842954e-11,1e-08,36,C,analytical36,-2.114006201736629e-05,-2.1244253730401397e-05,analytical36-C-1-http0-native-cog,analytical36-C-1-http0-natural-ee,36,natural-ee,0,http0,1e-10,32,410bdb23087e32a5,228196.37914695326,410bdb2308895600,228196.3791681975,2.2829637916819755e-05,interior
analytical36|C|http0,1,native-cog,mean,36,0,0,0,9.366658559883945e-09,2.5423185220178103e-11,1e-08,36,C,analytical36,9.366658559883945e-09,-8.4686462287209e-09,analytical36-C-1-http0-native-cog,analytical36-C-1-http0-natural-ee,36,natural-ee,0,http0,1e-10,31,4090f1fd2cafc51a,1084.4972407783557,4090f1fd2caf242f,1084.497240768989,1.184497240768989e-07,interior
analytical36|C|http0,1,native-cog,min,36,0,0,0,0.0,0.0,1e-08,0,C,analytical36,0.0,0.0,analytical36-C-1-http0-native-cog,analytical36-C-1-http0-natural-ee,36,natural-ee,0,http0,1e-10,0,c07ffe0000000000,-511.875,c07ffe0000000000,-511.875,6.11875e-08,interior
analytical36|C|http0,1,native-cog,max,36,0,0,0,0.0,0.0,1e-08,0,C,analytical36,0.0,0.0,analytical36-C-1-http0-native-cog,analytical36-C-1-http0-natural-ee,36,natural-ee,0,http0,1e-10,0,40f869f000000000,99999.0,40f869f000000000,99999.0,1.00099e-05,interior
analytical36|C|http0,1,native-rsi64,sum,36,0,0,7,0.026579856872558594,1.1813990441741926e-10,1e-08,36,C,analytical36,-0.005446836352348328,-0.026579856872558594,analytical36-C-1-http0-native-rsi64,analytical36-C-1-http0-natural-ee,36,natural-ee,0,http0,1e-10,35,41b0483232cd97e1,273166898.80309874,41b0483232d465d1,273166898.8296786,0.027316699882967862,interior
analytical36|C|http0,1,native-rsi64,support,36,0,0,0,2.1244253730401397e-05,9.309636641842954e-11,1e-08,36,C,analytical36,-2.114006201736629e-05,-2.1244253730401397e-05,analytical36-C-1-http0-native-rsi64,analytical36-C-1-http0-natural-ee,36,natural-ee,0,http0,1e-10,32,410bdb23087e32a5,228196.37914695326,410bdb2308895600,228196.3791681975,2.2829637916819755e-05,interior
analytical36|C|http0,1,native-rsi64,mean,36,0,0,0,9.366658559883945e-09,2.5423185220178103e-11,1e-08,36,C,analytical36,9.366658559883945e-09,-8.4686462287209e-09,analytical36-C-1-http0-native-rsi64,analytical36-C-1-http0-natural-ee,36,natural-ee,0,http0,1e-10,31,4090f1fd2cafc51a,1084.4972407783557,4090f1fd2caf242f,1084.497240768989,1.184497240768989e-07,interior
analytical36|C|http0,1,native-rsi64,min,36,0,0,0,0.0,0.0,1e-08,0,C,analytical36,0.0,0.0,analytical36-C-1-http0-native-rsi64,analytical36-C-1-http0-natural-ee,36,natural-ee,0,http0,1e-10,0,c07ffe0000000000,-511.875,c07ffe0000000000,-511.875,6.11875e-08,interior
analytical36|C|http0,1,native-rsi64,max,36,0,0,0,0.0,0.0,1e-08,0,C,analytical36,0.0,0.0,analytical36-C-1-http0-native-rsi64,analytical36-C-1-http0-natural-ee,36,natural-ee,0,http0,1e-10,0,40f869f000000000,99999.0,40f869f000000000,99999.0,1.00099e-05,interior
analytical36|C|http0,1,native-rsi256,sum,36,0,0,7,0.026579856872558594,1.1813990441741926e-10,1e-08,36,C,analytical36,-0.005446836352348328,-0.026579856872558594,analytical36-C-1-http0-native-rsi256,analytical36-C-1-http0-natural-ee,36,natural-ee,0,http0,1e-10,35,41b0483232cd97e1,273166898.80309874,41b0483232d465d1,273166898.8296786,0.027316699882967862,interior
analytical36|C|http0,1,native-rsi256,support,36,0,0,0,2.1244253730401397e-05,9.309636641842954e-11,1e-08,36,C,analytical36,-2.114006201736629e-05,-2.1244253730401397e-05,analytical36-C-1-http0-native-rsi256,analytical36-C-1-http0-natural-ee,36,natural-ee,0,http0,1e-10,32,410bdb23087e32a5,228196.37914695326,410bdb2308895600,228196.3791681975,2.2829637916819755e-05,interior
analytical36|C|http0,1,native-rsi256,mean,36,0,0,0,9.366658559883945e-09,2.5423185220178103e-11,1e-08,36,C,analytical36,9.366658559883945e-09,-8.4686462287209e-09,analytical36-C-1-http0-native-rsi256,analytical36-C-1-http0-natural-ee,36,natural-ee,0,http0,1e-10,31,4090f1fd2cafc51a,1084.4972407783557,4090f1fd2caf242f,1084.497240768989,1.184497240768989e-07,interior
analytical36|C|http0,1,native-rsi256,min,36,0,0,0,0.0,0.0,1e-08,0,C,analytical36,0.0,0.0,analytical36-C-1-http0-native-rsi256,analytical36-C-1-http0-natural-ee,36,natural-ee,0,http0,1e-10,0,c07ffe0000000000,-511.875,c07ffe0000000000,-511.875,6.11875e-08,interior
analytical36|C|http0,1,native-rsi256,max,36,0,0,0,0.0,0.0,1e-08,0,C,analytical36,0.0,0.0,analytical36-C-1-http0-native-rsi256,analytical36-C-1-http0-natural-ee,36,natural-ee,0,http0,1e-10,0,40f869f000000000,99999.0,40f869f000000000,99999.0,1.00099e-05,interior
analytical36|C|http0,1,native-skv-raw,sum,36,0,0,7,0.026579856872558594,1.1813990441741926e-10,1e-08,36,C,analytical36,-0.005446836352348328,-0.026579856872558594,analytical36-C-1-http0-native-skv-raw,analytical36-C-1-http0-natural-ee,36,natural-ee,0,http0,1e-10,35,41b0483232cd97e1,273166898.80309874,41b0483232d465d1,273166898.8296786,0.027316699882967862,interior
analytical36|C|http0,1,native-skv-raw,support,36,0,0,0,2.1244253730401397e-05,9.309636641842954e-11,1e-08,36,C,analytical36,-2.114006201736629e-05,-2.1244253730401397e-05,analytical36-C-1-http0-native-skv-raw,analytical36-C-1-http0-natural-ee,36,natural-ee,0,http0,1e-10,32,410bdb23087e32a5,228196.37914695326,410bdb2308895600,228196.3791681975,2.2829637916819755e-05,interior
analytical36|C|http0,1,native-skv-raw,mean,36,0,0,0,9.366658559883945e-09,2.5423185220178103e-11,1e-08,36,C,analytical36,9.366658559883945e-09,-8.4686462287209e-09,analytical36-C-1-http0-native-skv-raw,analytical36-C-1-http0-natural-ee,36,natural-ee,0,http0,1e-10,31,4090f1fd2cafc51a,1084.4972407783557,4090f1fd2caf242f,1084.497240768989,1.184497240768989e-07,interior
analytical36|C|http0,1,native-skv-raw,min,36,0,0,0,0.0,0.0,1e-08,0,C,analytical36,0.0,0.0,analytical36-C-1-http0-native-skv-raw,analytical36-C-1-http0-natural-ee,36,natural-ee,0,http0,1e-10,0,c07ffe0000000000,-511.875,c07ffe0000000000,-511.875,6.11875e-08,interior
analytical36|C|http0,1,native-skv-raw,max,36,0,0,0,0.0,0.0,1e-08,0,C,analytical36,0.0,0.0,analytical36-C-1-http0-native-skv-raw,analytical36-C-1-http0-natural-ee,36,natural-ee,0,http0,1e-10,0,40f869f000000000,99999.0,40f869f000000000,99999.0,1.00099e-05,interior
analytical36|C|http0,1,native-skv-summary,sum,36,0,0,7,0.026579856872558594,1.1813990441741926e-10,1e-08,36,C,analytical36,-0.005446836352348328,-0.026579856872558594,analytical36-C-1-http0-native-skv-summary,analytical36-C-1-http0-natural-ee,36,natural-ee,0,http0,1e-10,35,41b0483232cd97e1,273166898.80309874,41b0483232d465d1,273166898.8296786,0.027316699882967862,interior
analytical36|C|http0,1,native-skv-summary,support,36,0,0,0,2.1244253730401397e-05,9.309636641842954e-11,1e-08,36,C,analytical36,-2.114006201736629e-05,-2.1244253730401397e-05,analytical36-C-1-http0-native-skv-summary,analytical36-C-1-http0-natural-ee,36,natural-ee,0,http0,1e-10,32,410bdb23087e32a5,228196.37914695326,410bdb2308895600,228196.3791681975,2.2829637916819755e-05,interior
analytical36|C|http0,1,native-skv-summary,mean,36,0,0,0,9.366658559883945e-09,2.5423185220178103e-11,1e-08,36,C,analytical36,9.366658559883945e-09,-8.4686462287209e-09,analytical36-C-1-http0-native-skv-summary,analytical36-C-1-http0-natural-ee,36,natural-ee,0,http0,1e-10,31,4090f1fd2cafc51a,1084.4972407783557,4090f1fd2caf242f,1084.497240768989,1.184497240768989e-07,interior
analytical36|C|http0,1,native-skv-summary,min,36,0,0,0,0.0,0.0,1e-08,0,C,analytical36,0.0,0.0,analytical36-C-1-http0-native-skv-summary,analytical36-C-1-http0-natural-ee,36,natural-ee,0,http0,1e-10,0,c07ffe0000000000,-511.875,c07ffe0000000000,-511.875,6.11875e-08,interior
analytical36|C|http0,1,native-skv-summary,max,36,0,0,0,0.0,0.0,1e-08,0,C,analytical36,0.0,0.0,analytical36-C-1-http0-native-skv-summary,analytical36-C-1-http0-natural-ee,36,natural-ee,0,http0,1e-10,0,40f869f000000000,99999.0,40f869f000000000,99999.0,1.00099e-05,interior
analytical36|C|http0,2,native-tiff,sum,36,0,0,36,0.031094014644622803,1.3696130330420926e-10,1e-08,36,C,analytical36,-0.006519913673400879,-0.031094014644622803,analytical36-C-2-http0-native-tiff,analytical36-C-2-http0-natural-ee,36,natural-ee,0,http0,1e-10,35,41b07ef0affae51b,276754607.9800584,41b07ef0b002dae2,276754608.0111524,0.02767547080111524,interior
analytical36|C|http0,2,native-tiff,support,36,0,0,36,2.6923458790406585e-05,1.1640208024622065e-10,1e-08,36,C,analytical36,-2.686682273633778e-05,-2.6923458790406585e-05,analytical36-C-2-http0-native-tiff,analytical36-C-2-http0-natural-ee,36,natural-ee,0,http0,1e-10,3,410c3c7a7836a065,231311.30869794186,410c3c7a7844be00,231311.30872486532,2.3141130872486534e-05,interior
analytical36|C|http0,2,native-tiff,mean,36,0,0,0,8.050733413256239e-09,2.0642978576334146e-11,1e-08,36,C,analytical36,4.570892997435294e-09,-8.050733413256239e-09,analytical36-C-2-http0-native-tiff,analytical36-C-2-http0-natural-ee,36,natural-ee,0,http0,1e-10,21,408972513cbc3162,814.2896666243143,408972513cbd4601,814.2896666323651,9.142896666323651e-08,interior
analytical36|C|http0,2,native-tiff,min,36,0,0,0,0.0,0.0,1e-08,0,C,analytical36,0.0,0.0,analytical36-C-2-http0-native-tiff,analytical36-C-2-http0-natural-ee,36,natural-ee,0,http0,1e-10,0,c07ffe0000000000,-511.875,c07ffe0000000000,-511.875,6.11875e-08,interior
analytical36|C|http0,2,native-tiff,max,36,0,0,0,0.0,0.0,1e-08,0,C,analytical36,0.0,0.0,analytical36-C-2-http0-native-tiff,analytical36-C-2-http0-natural-ee,36,natural-ee,0,http0,1e-10,0,40f869f000000000,99999.0,40f869f000000000,99999.0,1.00099e-05,interior
analytical36|C|http0,2,native-cog,sum,36,0,0,36,0.031094014644622803,1.3696130330420926e-10,1e-08,36,C,analytical36,-0.006519913673400879,-0.031094014644622803,analytical36-C-2-http0-native-cog,analytical36-C-2-http0-natural-ee,36,natural-ee,0,http0,1e-10,35,41b07ef0affae51b,276754607.9800584,41b07ef0b002dae2,276754608.0111524,0.02767547080111524,interior
analytical36|C|http0,2,native-cog,support,36,0,0,36,2.6923458790406585e-05,1.1640208024622065e-10,1e-08,36,C,analytical36,-2.686682273633778e-05,-2.6923458790406585e-05,analytical36-C-2-http0-native-cog,analytical36-C-2-http0-natural-ee,36,natural-ee,0,http0,1e-10,3,410c3c7a7836a065,231311.30869794186,410c3c7a7844be00,231311.30872486532,2.3141130872486534e-05,interior
analytical36|C|http0,2,native-cog,mean,36,0,0,0,8.050733413256239e-09,2.0642978576334146e-11,1e-08,36,C,analytical36,4.570892997435294e-09,-8.050733413256239e-09,analytical36-C-2-http0-native-cog,analytical36-C-2-http0-natural-ee,36,natural-ee,0,http0,1e-10,21,408972513cbc3162,814.2896666243143,408972513cbd4601,814.2896666323651,9.142896666323651e-08,interior
analytical36|C|http0,2,native-cog,min,36,0,0,0,0.0,0.0,1e-08,0,C,analytical36,0.0,0.0,analytical36-C-2-http0-native-cog,analytical36-C-2-http0-natural-ee,36,natural-ee,0,http0,1e-10,0,c07ffe0000000000,-511.875,c07ffe0000000000,-511.875,6.11875e-08,interior
analytical36|C|http0,2,native-cog,max,36,0,0,0,0.0,0.0,1e-08,0,C,analytical36,0.0,0.0,analytical36-C-2-http0-native-cog,analytical36-C-2-http0-natural-ee,36,natural-ee,0,http0,1e-10,0,40f869f000000000,99999.0,40f869f000000000,99999.0,1.00099e-05,interior
analytical36|C|http0,2,native-rsi64,sum,36,0,0,36,0.031094014644622803,1.3696130330420926e-10,1e-08,36,C,analytical36,-0.006519913673400879,-0.031094014644622803,analytical36-C-2-http0-native-rsi64,analytical36-C-2-http0-natural-ee,36,natural-ee,0,http0,1e-10,35,41b07ef0affae51b,276754607.9800584,41b07ef0b002dae2,276754608.0111524,0.02767547080111524,interior
analytical36|C|http0,2,native-rsi64,support,36,0,0,36,2.6923458790406585e-05,1.1640208024622065e-10,1e-08,36,C,analytical36,-2.686682273633778e-05,-2.6923458790406585e-05,analytical36-C-2-http0-native-rsi64,analytical36-C-2-http0-natural-ee,36,natural-ee,0,http0,1e-10,3,410c3c7a7836a065,231311.30869794186,410c3c7a7844be00,231311.30872486532,2.3141130872486534e-05,interior
analytical36|C|http0,2,native-rsi64,mean,36,0,0,0,8.050733413256239e-09,2.0642978576334146e-11,1e-08,36,C,analytical36,4.570892997435294e-09,-8.050733413256239e-09,analytical36-C-2-http0-native-rsi64,analytical36-C-2-http0-natural-ee,36,natural-ee,0,http0,1e-10,21,408972513cbc3162,814.2896666243143,408972513cbd4601,814.2896666323651,9.142896666323651e-08,interior
analytical36|C|http0,2,native-rsi64,min,36,0,0,0,0.0,0.0,1e-08,0,C,analytical36,0.0,0.0,analytical36-C-2-http0-native-rsi64,analytical36-C-2-http0-natural-ee,36,natural-ee,0,http0,1e-10,0,c07ffe0000000000,-511.875,c07ffe0000000000,-511.875,6.11875e-08,interior
analytical36|C|http0,2,native-rsi64,max,36,0,0,0,0.0,0.0,1e-08,0,C,analytical36,0.0,0.0,analytical36-C-2-http0-native-rsi64,analytical36-C-2-http0-natural-ee,36,natural-ee,0,http0,1e-10,0,40f869f000000000,99999.0,40f869f000000000,99999.0,1.00099e-05,interior
analytical36|C|http0,2,native-rsi256,sum,36,0,0,36,0.031094014644622803,1.3696130330420926e-10,1e-08,36,C,analytical36,-0.006519913673400879,-0.031094014644622803,analytical36-C-2-http0-native-rsi256,analytical36-C-2-http0-natural-ee,36,natural-ee,0,http0,1e-10,35,41b07ef0affae51b,276754607.9800584,41b07ef0b002dae2,276754608.0111524,0.02767547080111524,interior
analytical36|C|http0,2,native-rsi256,support,36,0,0,36,2.6923458790406585e-05,1.1640208024622065e-10,1e-08,36,C,analytical36,-2.686682273633778e-05,-2.6923458790406585e-05,analytical36-C-2-http0-native-rsi256,analytical36-C-2-http0-natural-ee,36,natural-ee,0,http0,1e-10,3,410c3c7a7836a065,231311.30869794186,410c3c7a7844be00,231311.30872486532,2.3141130872486534e-05,interior
analytical36|C|http0,2,native-rsi256,mean,36,0,0,0,8.050733413256239e-09,2.0642978576334146e-11,1e-08,36,C,analytical36,4.570892997435294e-09,-8.050733413256239e-09,analytical36-C-2-http0-native-rsi256,analytical36-C-2-http0-natural-ee,36,natural-ee,0,http0,1e-10,21,408972513cbc3162,814.2896666243143,408972513cbd4601,814.2896666323651,9.142896666323651e-08,interior
analytical36|C|http0,2,native-rsi256,min,36,0,0,0,0.0,0.0,1e-08,0,C,analytical36,0.0,0.0,analytical36-C-2-http0-native-rsi256,analytical36-C-2-http0-natural-ee,36,natural-ee,0,http0,1e-10,0,c07ffe0000000000,-511.875,c07ffe0000000000,-511.875,6.11875e-08,interior
analytical36|C|http0,2,native-rsi256,max,36,0,0,0,0.0,0.0,1e-08,0,C,analytical36,0.0,0.0,analytical36-C-2-http0-native-rsi256,analytical36-C-2-http0-natural-ee,36,natural-ee,0,http0,1e-10,0,40f869f000000000,99999.0,40f869f000000000,99999.0,1.00099e-05,interior
analytical36|C|http0,2,native-skv-raw,sum,36,0,0,36,0.031094014644622803,1.3696130330420926e-10,1e-08,36,C,analytical36,-0.006519913673400879,-0.031094014644622803,analytical36-C-2-http0-native-skv-raw,analytical36-C-2-http0-natural-ee,36,natural-ee,0,http0,1e-10,35,41b07ef0affae51b,276754607.9800584,41b07ef0b002dae2,276754608.0111524,0.02767547080111524,interior
analytical36|C|http0,2,native-skv-raw,support,36,0,0,36,2.6923458790406585e-05,1.1640208024622065e-10,1e-08,36,C,analytical36,-2.686682273633778e-05,-2.6923458790406585e-05,analytical36-C-2-http0-native-skv-raw,analytical36-C-2-http0-natural-ee,36,natural-ee,0,http0,1e-10,3,410c3c7a7836a065,231311.30869794186,410c3c7a7844be00,231311.30872486532,2.3141130872486534e-05,interior
analytical36|C|http0,2,native-skv-raw,mean,36,0,0,0,8.050733413256239e-09,2.0642978576334146e-11,1e-08,36,C,analytical36,4.570892997435294e-09,-8.050733413256239e-09,analytical36-C-2-http0-native-skv-raw,analytical36-C-2-http0-natural-ee,36,natural-ee,0,http0,1e-10,21,408972513cbc3162,814.2896666243143,408972513cbd4601,814.2896666323651,9.142896666323651e-08,interior
analytical36|C|http0,2,native-skv-raw,min,36,0,0,0,0.0,0.0,1e-08,0,C,analytical36,0.0,0.0,analytical36-C-2-http0-native-skv-raw,analytical36-C-2-http0-natural-ee,36,natural-ee,0,http0,1e-10,0,c07ffe0000000000,-511.875,c07ffe0000000000,-511.875,6.11875e-08,interior
analytical36|C|http0,2,native-skv-raw,max,36,0,0,0,0.0,0.0,1e-08,0,C,analytical36,0.0,0.0,analytical36-C-2-http0-native-skv-raw,analytical36-C-2-http0-natural-ee,36,natural-ee,0,http0,1e-10,0,40f869f000000000,99999.0,40f869f000000000,99999.0,1.00099e-05,interior
analytical36|C|http0,2,native-skv-summary,sum,36,0,0,36,0.031094014644622803,1.3696130330420926e-10,1e-08,36,C,analytical36,-0.006519913673400879,-0.031094014644622803,analytical36-C-2-http0-native-skv-summary,analytical36-C-2-http0-natural-ee,36,natural-ee,0,http0,1e-10,35,41b07ef0affae51b,276754607.9800584,41b07ef0b002dae2,276754608.0111524,0.02767547080111524,interior
analytical36|C|http0,2,native-skv-summary,support,36,0,0,36,2.6923458790406585e-05,1.1640208024622065e-10,1e-08,36,C,analytical36,-2.686682273633778e-05,-2.6923458790406585e-05,analytical36-C-2-http0-native-skv-summary,analytical36-C-2-http0-natural-ee,36,natural-ee,0,http0,1e-10,3,410c3c7a7836a065,231311.30869794186,410c3c7a7844be00,231311.30872486532,2.3141130872486534e-05,interior
analytical36|C|http0,2,native-skv-summary,mean,36,0,0,0,8.050733413256239e-09,2.0642978576334146e-11,1e-08,36,C,analytical36,4.570892997435294e-09,-8.050733413256239e-09,analytical36-C-2-http0-native-skv-summary,analytical36-C-2-http0-natural-ee,36,natural-ee,0,http0,1e-10,21,408972513cbc3162,814.2896666243143,408972513cbd4601,814.2896666323651,9.142896666323651e-08,interior
analytical36|C|http0,2,native-skv-summary,min,36,0,0,0,0.0,0.0,1e-08,0,C,analytical36,0.0,0.0,analytical36-C-2-http0-native-skv-summary,analytical36-C-2-http0-natural-ee,36,natural-ee,0,http0,1e-10,0,c07ffe0000000000,-511.875,c07ffe0000000000,-511.875,6.11875e-08,interior
analytical36|C|http0,2,native-skv-summary,max,36,0,0,0,0.0,0.0,1e-08,0,C,analytical36,0.0,0.0,analytical36-C-2-http0-native-skv-summary,analytical36-C-2-http0-natural-ee,36,natural-ee,0,http0,1e-10,0,40f869f000000000,99999.0,40f869f000000000,99999.0,1.00099e-05,interior
analytical36|C|local,0,native-tiff,sum,36,0,0,36,0.04404401779174805,1.958660082354992e-10,1e-08,36,C,analytical36,0.04404401779174805,0.009319029748439789,analytical36-C-0-local-native-tiff,analytical36-C-0-local-natural-ee,36,natural-ee,0,local,1e-10,35,41b014e5a5224c58,269804965.1339774,41b014e5a51705e0,269804965.0899334,0.026980506508993342,interior
analytical36|C|local,0,native-tiff,support,36,0,0,36,3.8233527448028326e-05,1.695694505607772e-10,1e-08,36,C,analytical36,3.8233527448028326e-05,3.808413748629391e-05,analytical36-C-0-local-native-tiff,analytical36-C-0-local-natural-ee,36,natural-ee,0,local,1e-10,3,410b86112fdbd79e,225474.14836853457,410b86112fc7cc00,225474.14833030105,2.2557414833030107e-05,interior
analytical36|C|local,0,native-tiff,mean,36,0,0,0,1.1020347301382571e-08,2.6685782745869707e-11,1e-08,36,C,analytical36,1.1020347301382571e-08,-7.3598585004219785e-09,analytical36-C-0-local-native-tiff,analytical36-C-0-local-natural-ee,36,natural-ee,0,local,1e-10,6,4079cf78c7926441,412.96698720154023,4079cf78c78f6ef1,412.9669871905199,5.129669871905199e-08,interior
analytical36|C|local,0,native-tiff,min,36,0,0,0,0.0,0.0,1e-08,0,C,analytical36,0.0,0.0,analytical36-C-0-local-native-tiff,analytical36-C-0-local-natural-ee,36,natural-ee,0,local,1e-10,0,c07ffe0000000000,-511.875,c07ffe0000000000,-511.875,6.11875e-08,interior
analytical36|C|local,0,native-tiff,max,36,0,0,0,0.0,0.0,1e-08,0,C,analytical36,0.0,0.0,analytical36-C-0-local-native-tiff,analytical36-C-0-local-natural-ee,36,natural-ee,0,local,1e-10,0,40f869f000000000,99999.0,40f869f000000000,99999.0,1.00099e-05,interior
analytical36|C|local,0,native-cog,sum,36,0,0,36,0.04404401779174805,1.958660082354992e-10,1e-08,36,C,analytical36,0.04404401779174805,0.009319029748439789,analytical36-C-0-local-native-cog,analytical36-C-0-local-natural-ee,36,natural-ee,0,local,1e-10,35,41b014e5a5224c58,269804965.1339774,41b014e5a51705e0,269804965.0899334,0.026980506508993342,interior
analytical36|C|local,0,native-cog,support,36,0,0,36,3.8233527448028326e-05,1.695694505607772e-10,1e-08,36,C,analytical36,3.8233527448028326e-05,3.808413748629391e-05,analytical36-C-0-local-native-cog,analytical36-C-0-local-natural-ee,36,natural-ee,0,local,1e-10,3,410b86112fdbd79e,225474.14836853457,410b86112fc7cc00,225474.14833030105,2.2557414833030107e-05,interior
analytical36|C|local,0,native-cog,mean,36,0,0,0,1.1020347301382571e-08,2.6685782745869707e-11,1e-08,36,C,analytical36,1.1020347301382571e-08,-7.3598585004219785e-09,analytical36-C-0-local-native-cog,analytical36-C-0-local-natural-ee,36,natural-ee,0,local,1e-10,6,4079cf78c7926441,412.96698720154023,4079cf78c78f6ef1,412.9669871905199,5.129669871905199e-08,interior
analytical36|C|local,0,native-cog,min,36,0,0,0,0.0,0.0,1e-08,0,C,analytical36,0.0,0.0,analytical36-C-0-local-native-cog,analytical36-C-0-local-natural-ee,36,natural-ee,0,local,1e-10,0,c07ffe0000000000,-511.875,c07ffe0000000000,-511.875,6.11875e-08,interior
analytical36|C|local,0,native-cog,max,36,0,0,0,0.0,0.0,1e-08,0,C,analytical36,0.0,0.0,analytical36-C-0-local-native-cog,analytical36-C-0-local-natural-ee,36,natural-ee,0,local,1e-10,0,40f869f000000000,99999.0,40f869f000000000,99999.0,1.00099e-05,interior
analytical36|C|local,0,native-rsi64,sum,36,0,0,36,0.04404401779174805,1.958660082354992e-10,1e-08,36,C,analytical36,0.04404401779174805,0.009319029748439789,analytical36-C-0-local-native-rsi64,analytical36-C-0-local-natural-ee,36,natural-ee,0,local,1e-10,35,41b014e5a5224c58,269804965.1339774,41b014e5a51705e0,269804965.0899334,0.026980506508993342,interior
analytical36|C|local,0,native-rsi64,support,36,0,0,36,3.8233527448028326e-05,1.695694505607772e-10,1e-08,36,C,analytical36,3.8233527448028326e-05,3.808413748629391e-05,analytical36-C-0-local-native-rsi64,analytical36-C-0-local-natural-ee,36,natural-ee,0,local,1e-10,3,410b86112fdbd79e,225474.14836853457,410b86112fc7cc00,225474.14833030105,2.2557414833030107e-05,interior
analytical36|C|local,0,native-rsi64,mean,36,0,0,0,1.1020347301382571e-08,2.6685782745869707e-11,1e-08,36,C,analytical36,1.1020347301382571e-08,-7.3598585004219785e-09,analytical36-C-0-local-native-rsi64,analytical36-C-0-local-natural-ee,36,natural-ee,0,local,1e-10,6,4079cf78c7926441,412.96698720154023,4079cf78c78f6ef1,412.9669871905199,5.129669871905199e-08,interior
analytical36|C|local,0,native-rsi64,min,36,0,0,0,0.0,0.0,1e-08,0,C,analytical36,0.0,0.0,analytical36-C-0-local-native-rsi64,analytical36-C-0-local-natural-ee,36,natural-ee,0,local,1e-10,0,c07ffe0000000000,-511.875,c07ffe0000000000,-511.875,6.11875e-08,interior
analytical36|C|local,0,native-rsi64,max,36,0,0,0,0.0,0.0,1e-08,0,C,analytical36,0.0,0.0,analytical36-C-0-local-native-rsi64,analytical36-C-0-local-natural-ee,36,natural-ee,0,local,1e-10,0,40f869f000000000,99999.0,40f869f000000000,99999.0,1.00099e-05,interior
analytical36|C|local,0,native-rsi256,sum,36,0,0,36,0.04404401779174805,1.958660082354992e-10,1e-08,36,C,analytical36,0.04404401779174805,0.009319029748439789,analytical36-C-0-local-native-rsi256,analytical36-C-0-local-natural-ee,36,natural-ee,0,local,1e-10,35,41b014e5a5224c58,269804965.1339774,41b014e5a51705e0,269804965.0899334,0.026980506508993342,interior
analytical36|C|local,0,native-rsi256,support,36,0,0,36,3.8233527448028326e-05,1.695694505607772e-10,1e-08,36,C,analytical36,3.8233527448028326e-05,3.808413748629391e-05,analytical36-C-0-local-native-rsi256,analytical36-C-0-local-natural-ee,36,natural-ee,0,local,1e-10,3,410b86112fdbd79e,225474.14836853457,410b86112fc7cc00,225474.14833030105,2.2557414833030107e-05,interior
analytical36|C|local,0,native-rsi256,mean,36,0,0,0,1.1020347301382571e-08,2.6685782745869707e-11,1e-08,36,C,analytical36,1.1020347301382571e-08,-7.3598585004219785e-09,analytical36-C-0-local-native-rsi256,analytical36-C-0-local-natural-ee,36,natural-ee,0,local,1e-10,6,4079cf78c7926441,412.96698720154023,4079cf78c78f6ef1,412.9669871905199,5.129669871905199e-08,interior
analytical36|C|local,0,native-rsi256,min,36,0,0,0,0.0,0.0,1e-08,0,C,analytical36,0.0,0.0,analytical36-C-0-local-native-rsi256,analytical36-C-0-local-natural-ee,36,natural-ee,0,local,1e-10,0,c07ffe0000000000,-511.875,c07ffe0000000000,-511.875,6.11875e-08,interior
analytical36|C|local,0,native-rsi256,max,36,0,0,0,0.0,0.0,1e-08,0,C,analytical36,0.0,0.0,analytical36-C-0-local-native-rsi256,analytical36-C-0-local-natural-ee,36,natural-ee,0,local,1e-10,0,40f869f000000000,99999.0,40f869f000000000,99999.0,1.00099e-05,interior
analytical36|C|local,0,native-skv-raw,sum,36,0,0,36,0.04404401779174805,1.958660082354992e-10,1e-08,36,C,analytical36,0.04404401779174805,0.009319029748439789,analytical36-C-0-local-native-skv-raw,analytical36-C-0-local-natural-ee,36,natural-ee,0,local,1e-10,35,41b014e5a5224c58,269804965.1339774,41b014e5a51705e0,269804965.0899334,0.026980506508993342,interior
analytical36|C|local,0,native-skv-raw,support,36,0,0,36,3.8233527448028326e-05,1.695694505607772e-10,1e-08,36,C,analytical36,3.8233527448028326e-05,3.808413748629391e-05,analytical36-C-0-local-native-skv-raw,analytical36-C-0-local-natural-ee,36,natural-ee,0,local,1e-10,3,410b86112fdbd79e,225474.14836853457,410b86112fc7cc00,225474.14833030105,2.2557414833030107e-05,interior
analytical36|C|local,0,native-skv-raw,mean,36,0,0,0,1.1020347301382571e-08,2.6685782745869707e-11,1e-08,36,C,analytical36,1.1020347301382571e-08,-7.3598585004219785e-09,analytical36-C-0-local-native-skv-raw,analytical36-C-0-local-natural-ee,36,natural-ee,0,local,1e-10,6,4079cf78c7926441,412.96698720154023,4079cf78c78f6ef1,412.9669871905199,5.129669871905199e-08,interior
analytical36|C|local,0,native-skv-raw,min,36,0,0,0,0.0,0.0,1e-08,0,C,analytical36,0.0,0.0,analytical36-C-0-local-native-skv-raw,analytical36-C-0-local-natural-ee,36,natural-ee,0,local,1e-10,0,c07ffe0000000000,-511.875,c07ffe0000000000,-511.875,6.11875e-08,interior
analytical36|C|local,0,native-skv-raw,max,36,0,0,0,0.0,0.0,1e-08,0,C,analytical36,0.0,0.0,analytical36-C-0-local-native-skv-raw,analytical36-C-0-local-natural-ee,36,natural-ee,0,local,1e-10,0,40f869f000000000,99999.0,40f869f000000000,99999.0,1.00099e-05,interior
analytical36|C|local,0,native-skv-summary,sum,36,0,0,36,0.04404401779174805,1.958660082354992e-10,1e-08,36,C,analytical36,0.04404401779174805,0.009319029748439789,analytical36-C-0-local-native-skv-summary,analytical36-C-0-local-natural-ee,36,natural-ee,0,local,1e-10,35,41b014e5a5224c58,269804965.1339774,41b014e5a51705e0,269804965.0899334,0.026980506508993342,interior
analytical36|C|local,0,native-skv-summary,support,36,0,0,36,3.8233527448028326e-05,1.695694505607772e-10,1e-08,36,C,analytical36,3.8233527448028326e-05,3.808413748629391e-05,analytical36-C-0-local-native-skv-summary,analytical36-C-0-local-natural-ee,36,natural-ee,0,local,1e-10,3,410b86112fdbd79e,225474.14836853457,410b86112fc7cc00,225474.14833030105,2.2557414833030107e-05,interior
analytical36|C|local,0,native-skv-summary,mean,36,0,0,0,1.1020347301382571e-08,2.6685782745869707e-11,1e-08,36,C,analytical36,1.1020347301382571e-08,-7.3598585004219785e-09,analytical36-C-0-local-native-skv-summary,analytical36-C-0-local-natural-ee,36,natural-ee,0,local,1e-10,6,4079cf78c7926441,412.96698720154023,4079cf78c78f6ef1,412.9669871905199,5.129669871905199e-08,interior
analytical36|C|local,0,native-skv-summary,min,36,0,0,0,0.0,0.0,1e-08,0,C,analytical36,0.0,0.0,analytical36-C-0-local-native-skv-summary,analytical36-C-0-local-natural-ee,36,natural-ee,0,local,1e-10,0,c07ffe0000000000,-511.875,c07ffe0000000000,-511.875,6.11875e-08,interior
analytical36|C|local,0,native-skv-summary,max,36,0,0,0,0.0,0.0,1e-08,0,C,analytical36,0.0,0.0,analytical36-C-0-local-native-skv-summary,analytical36-C-0-local-natural-ee,36,natural-ee,0,local,1e-10,0,40f869f000000000,99999.0,40f869f000000000,99999.0,1.00099e-05,interior
analytical36|C|local,1,native-tiff,sum,36,0,0,7,0.026579856872558594,1.1813990441741926e-10,1e-08,36,C,analytical36,-0.005446836352348328,-0.026579856872558594,analytical36-C-1-local-native-tiff,analytical36-C-1-local-natural-ee,36,natural-ee,0,local,1e-10,35,41b0483232cd97e1,273166898.80309874,41b0483232d465d1,273166898.8296786,0.027316699882967862,interior
analytical36|C|local,1,native-tiff,support,36,0,0,0,2.1244253730401397e-05,9.309636641842954e-11,1e-08,36,C,analytical36,-2.114006201736629e-05,-2.1244253730401397e-05,analytical36-C-1-local-native-tiff,analytical36-C-1-local-natural-ee,36,natural-ee,0,local,1e-10,32,410bdb23087e32a5,228196.37914695326,410bdb2308895600,228196.3791681975,2.2829637916819755e-05,interior
analytical36|C|local,1,native-tiff,mean,36,0,0,0,9.366658559883945e-09,2.5423185220178103e-11,1e-08,36,C,analytical36,9.366658559883945e-09,-8.4686462287209e-09,analytical36-C-1-local-native-tiff,analytical36-C-1-local-natural-ee,36,natural-ee,0,local,1e-10,31,4090f1fd2cafc51a,1084.4972407783557,4090f1fd2caf242f,1084.497240768989,1.184497240768989e-07,interior
analytical36|C|local,1,native-tiff,min,36,0,0,0,0.0,0.0,1e-08,0,C,analytical36,0.0,0.0,analytical36-C-1-local-native-tiff,analytical36-C-1-local-natural-ee,36,natural-ee,0,local,1e-10,0,c07ffe0000000000,-511.875,c07ffe0000000000,-511.875,6.11875e-08,interior
analytical36|C|local,1,native-tiff,max,36,0,0,0,0.0,0.0,1e-08,0,C,analytical36,0.0,0.0,analytical36-C-1-local-native-tiff,analytical36-C-1-local-natural-ee,36,natural-ee,0,local,1e-10,0,40f869f000000000,99999.0,40f869f000000000,99999.0,1.00099e-05,interior
analytical36|C|local,1,native-cog,sum,36,0,0,7,0.026579856872558594,1.1813990441741926e-10,1e-08,36,C,analytical36,-0.005446836352348328,-0.026579856872558594,analytical36-C-1-local-native-cog,analytical36-C-1-local-natural-ee,36,natural-ee,0,local,1e-10,35,41b0483232cd97e1,273166898.80309874,41b0483232d465d1,273166898.8296786,0.027316699882967862,interior
analytical36|C|local,1,native-cog,support,36,0,0,0,2.1244253730401397e-05,9.309636641842954e-11,1e-08,36,C,analytical36,-2.114006201736629e-05,-2.1244253730401397e-05,analytical36-C-1-local-native-cog,analytical36-C-1-local-natural-ee,36,natural-ee,0,local,1e-10,32,410bdb23087e32a5,228196.37914695326,410bdb2308895600,228196.3791681975,2.2829637916819755e-05,interior
analytical36|C|local,1,native-cog,mean,36,0,0,0,9.366658559883945e-09,2.5423185220178103e-11,1e-08,36,C,analytical36,9.366658559883945e-09,-8.4686462287209e-09,analytical36-C-1-local-native-cog,analytical36-C-1-local-natural-ee,36,natural-ee,0,local,1e-10,31,4090f1fd2cafc51a,1084.4972407783557,4090f1fd2caf242f,1084.497240768989,1.184497240768989e-07,interior
analytical36|C|local,1,native-cog,min,36,0,0,0,0.0,0.0,1e-08,0,C,analytical36,0.0,0.0,analytical36-C-1-local-native-cog,analytical36-C-1-local-natural-ee,36,natural-ee,0,local,1e-10,0,c07ffe0000000000,-511.875,c07ffe0000000000,-511.875,6.11875e-08,interior
analytical36|C|local,1,native-cog,max,36,0,0,0,0.0,0.0,1e-08,0,C,analytical36,0.0,0.0,analytical36-C-1-local-native-cog,analytical36-C-1-local-natural-ee,36,natural-ee,0,local,1e-10,0,40f869f000000000,99999.0,40f869f000000000,99999.0,1.00099e-05,interior
analytical36|C|local,1,native-rsi64,sum,36,0,0,7,0.026579856872558594,1.1813990441741926e-10,1e-08,36,C,analytical36,-0.005446836352348328,-0.026579856872558594,analytical36-C-1-local-native-rsi64,analytical36-C-1-local-natural-ee,36,natural-ee,0,local,1e-10,35,41b0483232cd97e1,273166898.80309874,41b0483232d465d1,273166898.8296786,0.027316699882967862,interior
analytical36|C|local,1,native-rsi64,support,36,0,0,0,2.1244253730401397e-05,9.309636641842954e-11,1e-08,36,C,analytical36,-2.114006201736629e-05,-2.1244253730401397e-05,analytical36-C-1-local-native-rsi64,analytical36-C-1-local-natural-ee,36,natural-ee,0,local,1e-10,32,410bdb23087e32a5,228196.37914695326,410bdb2308895600,228196.3791681975,2.2829637916819755e-05,interior
analytical36|C|local,1,native-rsi64,mean,36,0,0,0,9.366658559883945e-09,2.5423185220178103e-11,1e-08,36,C,analytical36,9.366658559883945e-09,-8.4686462287209e-09,analytical36-C-1-local-native-rsi64,analytical36-C-1-local-natural-ee,36,natural-ee,0,local,1e-10,31,4090f1fd2cafc51a,1084.4972407783557,4090f1fd2caf242f,1084.497240768989,1.184497240768989e-07,interior
analytical36|C|local,1,native-rsi64,min,36,0,0,0,0.0,0.0,1e-08,0,C,analytical36,0.0,0.0,analytical36-C-1-local-native-rsi64,analytical36-C-1-local-natural-ee,36,natural-ee,0,local,1e-10,0,c07ffe0000000000,-511.875,c07ffe0000000000,-511.875,6.11875e-08,interior
analytical36|C|local,1,native-rsi64,max,36,0,0,0,0.0,0.0,1e-08,0,C,analytical36,0.0,0.0,analytical36-C-1-local-native-rsi64,analytical36-C-1-local-natural-ee,36,natural-ee,0,local,1e-10,0,40f869f000000000,99999.0,40f869f000000000,99999.0,1.00099e-05,interior
analytical36|C|local,1,native-rsi256,sum,36,0,0,7,0.026579856872558594,1.1813990441741926e-10,1e-08,36,C,analytical36,-0.005446836352348328,-0.026579856872558594,analytical36-C-1-local-native-rsi256,analytical36-C-1-local-natural-ee,36,natural-ee,0,local,1e-10,35,41b0483232cd97e1,273166898.80309874,41b0483232d465d1,273166898.8296786,0.027316699882967862,interior
analytical36|C|local,1,native-rsi256,support,36,0,0,0,2.1244253730401397e-05,9.309636641842954e-11,1e-08,36,C,analytical36,-2.114006201736629e-05,-2.1244253730401397e-05,analytical36-C-1-local-native-rsi256,analytical36-C-1-local-natural-ee,36,natural-ee,0,local,1e-10,32,410bdb23087e32a5,228196.37914695326,410bdb2308895600,228196.3791681975,2.2829637916819755e-05,interior
analytical36|C|local,1,native-rsi256,mean,36,0,0,0,9.366658559883945e-09,2.5423185220178103e-11,1e-08,36,C,analytical36,9.366658559883945e-09,-8.4686462287209e-09,analytical36-C-1-local-native-rsi256,analytical36-C-1-local-natural-ee,36,natural-ee,0,local,1e-10,31,4090f1fd2cafc51a,1084.4972407783557,4090f1fd2caf242f,1084.497240768989,1.184497240768989e-07,interior
analytical36|C|local,1,native-rsi256,min,36,0,0,0,0.0,0.0,1e-08,0,C,analytical36,0.0,0.0,analytical36-C-1-local-native-rsi256,analytical36-C-1-local-natural-ee,36,natural-ee,0,local,1e-10,0,c07ffe0000000000,-511.875,c07ffe0000000000,-511.875,6.11875e-08,interior
analytical36|C|local,1,native-rsi256,max,36,0,0,0,0.0,0.0,1e-08,0,C,analytical36,0.0,0.0,analytical36-C-1-local-native-rsi256,analytical36-C-1-local-natural-ee,36,natural-ee,0,local,1e-10,0,40f869f000000000,99999.0,40f869f000000000,99999.0,1.00099e-05,interior
analytical36|C|local,1,native-skv-raw,sum,36,0,0,7,0.026579856872558594,1.1813990441741926e-10,1e-08,36,C,analytical36,-0.005446836352348328,-0.026579856872558594,analytical36-C-1-local-native-skv-raw,analytical36-C-1-local-natural-ee,36,natural-ee,0,local,1e-10,35,41b0483232cd97e1,273166898.80309874,41b0483232d465d1,273166898.8296786,0.027316699882967862,interior
analytical36|C|local,1,native-skv-raw,support,36,0,0,0,2.1244253730401397e-05,9.309636641842954e-11,1e-08,36,C,analytical36,-2.114006201736629e-05,-2.1244253730401397e-05,analytical36-C-1-local-native-skv-raw,analytical36-C-1-local-natural-ee,36,natural-ee,0,local,1e-10,32,410bdb23087e32a5,228196.37914695326,410bdb2308895600,228196.3791681975,2.2829637916819755e-05,interior
analytical36|C|local,1,native-skv-raw,mean,36,0,0,0,9.366658559883945e-09,2.5423185220178103e-11,1e-08,36,C,analytical36,9.366658559883945e-09,-8.4686462287209e-09,analytical36-C-1-local-native-skv-raw,analytical36-C-1-local-natural-ee,36,natural-ee,0,local,1e-10,31,4090f1fd2cafc51a,1084.4972407783557,4090f1fd2caf242f,1084.497240768989,1.184497240768989e-07,interior
analytical36|C|local,1,native-skv-raw,min,36,0,0,0,0.0,0.0,1e-08,0,C,analytical36,0.0,0.0,analytical36-C-1-local-native-skv-raw,analytical36-C-1-local-natural-ee,36,natural-ee,0,local,1e-10,0,c07ffe0000000000,-511.875,c07ffe0000000000,-511.875,6.11875e-08,interior
analytical36|C|local,1,native-skv-raw,max,36,0,0,0,0.0,0.0,1e-08,0,C,analytical36,0.0,0.0,analytical36-C-1-local-native-skv-raw,analytical36-C-1-local-natural-ee,36,natural-ee,0,local,1e-10,0,40f869f000000000,99999.0,40f869f000000000,99999.0,1.00099e-05,interior
analytical36|C|local,1,native-skv-summary,sum,36,0,0,7,0.026579856872558594,1.1813990441741926e-10,1e-08,36,C,analytical36,-0.005446836352348328,-0.026579856872558594,analytical36-C-1-local-native-skv-summary,analytical36-C-1-local-natural-ee,36,natural-ee,0,local,1e-10,35,41b0483232cd97e1,273166898.80309874,41b0483232d465d1,273166898.8296786,0.027316699882967862,interior
analytical36|C|local,1,native-skv-summary,support,36,0,0,0,2.1244253730401397e-05,9.309636641842954e-11,1e-08,36,C,analytical36,-2.114006201736629e-05,-2.1244253730401397e-05,analytical36-C-1-local-native-skv-summary,analytical36-C-1-local-natural-ee,36,natural-ee,0,local,1e-10,32,410bdb23087e32a5,228196.37914695326,410bdb2308895600,228196.3791681975,2.2829637916819755e-05,interior
analytical36|C|local,1,native-skv-summary,mean,36,0,0,0,9.366658559883945e-09,2.5423185220178103e-11,1e-08,36,C,analytical36,9.366658559883945e-09,-8.4686462287209e-09,analytical36-C-1-local-native-skv-summary,analytical36-C-1-local-natural-ee,36,natural-ee,0,local,1e-10,31,4090f1fd2cafc51a,1084.4972407783557,4090f1fd2caf242f,1084.497240768989,1.184497240768989e-07,interior
analytical36|C|local,1,native-skv-summary,min,36,0,0,0,0.0,0.0,1e-08,0,C,analytical36,0.0,0.0,analytical36-C-1-local-native-skv-summary,analytical36-C-1-local-natural-ee,36,natural-ee,0,local,1e-10,0,c07ffe0000000000,-511.875,c07ffe0000000000,-511.875,6.11875e-08,interior
analytical36|C|local,1,native-skv-summary,max,36,0,0,0,0.0,0.0,1e-08,0,C,analytical36,0.0,0.0,analytical36-C-1-local-native-skv-summary,analytical36-C-1-local-natural-ee,36,natural-ee,0,local,1e-10,0,40f869f000000000,99999.0,40f869f000000000,99999.0,1.00099e-05,interior
analytical36|C|local,2,native-tiff,sum,36,0,0,36,0.031094014644622803,1.3696130330420926e-10,1e-08,36,C,analytical36,-0.006519913673400879,-0.031094014644622803,analytical36-C-2-local-native-tiff,analytical36-C-2-local-natural-ee,36,natural-ee,0,local,1e-10,35,41b07ef0affae51b,276754607.9800584,41b07ef0b002dae2,276754608.0111524,0.02767547080111524,interior
analytical36|C|local,2,native-tiff,support,36,0,0,36,2.6923458790406585e-05,1.1640208024622065e-10,1e-08,36,C,analytical36,-2.686682273633778e-05,-2.6923458790406585e-05,analytical36-C-2-local-native-tiff,analytical36-C-2-local-natural-ee,36,natural-ee,0,local,1e-10,3,410c3c7a7836a065,231311.30869794186,410c3c7a7844be00,231311.30872486532,2.3141130872486534e-05,interior
analytical36|C|local,2,native-tiff,mean,36,0,0,0,8.050733413256239e-09,2.0642978576334146e-11,1e-08,36,C,analytical36,4.570892997435294e-09,-8.050733413256239e-09,analytical36-C-2-local-native-tiff,analytical36-C-2-local-natural-ee,36,natural-ee,0,local,1e-10,21,408972513cbc3162,814.2896666243143,408972513cbd4601,814.2896666323651,9.142896666323651e-08,interior
analytical36|C|local,2,native-tiff,min,36,0,0,0,0.0,0.0,1e-08,0,C,analytical36,0.0,0.0,analytical36-C-2-local-native-tiff,analytical36-C-2-local-natural-ee,36,natural-ee,0,local,1e-10,0,c07ffe0000000000,-511.875,c07ffe0000000000,-511.875,6.11875e-08,interior
analytical36|C|local,2,native-tiff,max,36,0,0,0,0.0,0.0,1e-08,0,C,analytical36,0.0,0.0,analytical36-C-2-local-native-tiff,analytical36-C-2-local-natural-ee,36,natural-ee,0,local,1e-10,0,40f869f000000000,99999.0,40f869f000000000,99999.0,1.00099e-05,interior
analytical36|C|local,2,native-cog,sum,36,0,0,36,0.031094014644622803,1.3696130330420926e-10,1e-08,36,C,analytical36,-0.006519913673400879,-0.031094014644622803,analytical36-C-2-local-native-cog,analytical36-C-2-local-natural-ee,36,natural-ee,0,local,1e-10,35,41b07ef0affae51b,276754607.9800584,41b07ef0b002dae2,276754608.0111524,0.02767547080111524,interior
analytical36|C|local,2,native-cog,support,36,0,0,36,2.6923458790406585e-05,1.1640208024622065e-10,1e-08,36,C,analytical36,-2.686682273633778e-05,-2.6923458790406585e-05,analytical36-C-2-local-native-cog,analytical36-C-2-local-natural-ee,36,natural-ee,0,local,1e-10,3,410c3c7a7836a065,231311.30869794186,410c3c7a7844be00,231311.30872486532,2.3141130872486534e-05,interior
analytical36|C|local,2,native-cog,mean,36,0,0,0,8.050733413256239e-09,2.0642978576334146e-11,1e-08,36,C,analytical36,4.570892997435294e-09,-8.050733413256239e-09,analytical36-C-2-local-native-cog,analytical36-C-2-local-natural-ee,36,natural-ee,0,local,1e-10,21,408972513cbc3162,814.2896666243143,408972513cbd4601,814.2896666323651,9.142896666323651e-08,interior
analytical36|C|local,2,native-cog,min,36,0,0,0,0.0,0.0,1e-08,0,C,analytical36,0.0,0.0,analytical36-C-2-local-native-cog,analytical36-C-2-local-natural-ee,36,natural-ee,0,local,1e-10,0,c07ffe0000000000,-511.875,c07ffe0000000000,-511.875,6.11875e-08,interior
analytical36|C|local,2,native-cog,max,36,0,0,0,0.0,0.0,1e-08,0,C,analytical36,0.0,0.0,analytical36-C-2-local-native-cog,analytical36-C-2-local-natural-ee,36,natural-ee,0,local,1e-10,0,40f869f000000000,99999.0,40f869f000000000,99999.0,1.00099e-05,interior
analytical36|C|local,2,native-rsi64,sum,36,0,0,36,0.031094014644622803,1.3696130330420926e-10,1e-08,36,C,analytical36,-0.006519913673400879,-0.031094014644622803,analytical36-C-2-local-native-rsi64,analytical36-C-2-local-natural-ee,36,natural-ee,0,local,1e-10,35,41b07ef0affae51b,276754607.9800584,41b07ef0b002dae2,276754608.0111524,0.02767547080111524,interior
analytical36|C|local,2,native-rsi64,support,36,0,0,36,2.6923458790406585e-05,1.1640208024622065e-10,1e-08,36,C,analytical36,-2.686682273633778e-05,-2.6923458790406585e-05,analytical36-C-2-local-native-rsi64,analytical36-C-2-local-natural-ee,36,natural-ee,0,local,1e-10,3,410c3c7a7836a065,231311.30869794186,410c3c7a7844be00,231311.30872486532,2.3141130872486534e-05,interior
analytical36|C|local,2,native-rsi64,mean,36,0,0,0,8.050733413256239e-09,2.0642978576334146e-11,1e-08,36,C,analytical36,4.570892997435294e-09,-8.050733413256239e-09,analytical36-C-2-local-native-rsi64,analytical36-C-2-local-natural-ee,36,natural-ee,0,local,1e-10,21,408972513cbc3162,814.2896666243143,408972513cbd4601,814.2896666323651,9.142896666323651e-08,interior
analytical36|C|local,2,native-rsi64,min,36,0,0,0,0.0,0.0,1e-08,0,C,analytical36,0.0,0.0,analytical36-C-2-local-native-rsi64,analytical36-C-2-local-natural-ee,36,natural-ee,0,local,1e-10,0,c07ffe0000000000,-511.875,c07ffe0000000000,-511.875,6.11875e-08,interior
analytical36|C|local,2,native-rsi64,max,36,0,0,0,0.0,0.0,1e-08,0,C,analytical36,0.0,0.0,analytical36-C-2-local-native-rsi64,analytical36-C-2-local-natural-ee,36,natural-ee,0,local,1e-10,0,40f869f000000000,99999.0,40f869f000000000,99999.0,1.00099e-05,interior
analytical36|C|local,2,native-rsi256,sum,36,0,0,36,0.031094014644622803,1.3696130330420926e-10,1e-08,36,C,analytical36,-0.006519913673400879,-0.031094014644622803,analytical36-C-2-local-native-rsi256,analytical36-C-2-local-natural-ee,36,natural-ee,0,local,1e-10,35,41b07ef0affae51b,276754607.9800584,41b07ef0b002dae2,276754608.0111524,0.02767547080111524,interior
analytical36|C|local,2,native-rsi256,support,36,0,0,36,2.6923458790406585e-05,1.1640208024622065e-10,1e-08,36,C,analytical36,-2.686682273633778e-05,-2.6923458790406585e-05,analytical36-C-2-local-native-rsi256,analytical36-C-2-local-natural-ee,36,natural-ee,0,local,1e-10,3,410c3c7a7836a065,231311.30869794186,410c3c7a7844be00,231311.30872486532,2.3141130872486534e-05,interior
analytical36|C|local,2,native-rsi256,mean,36,0,0,0,8.050733413256239e-09,2.0642978576334146e-11,1e-08,36,C,analytical36,4.570892997435294e-09,-8.050733413256239e-09,analytical36-C-2-local-native-rsi256,analytical36-C-2-local-natural-ee,36,natural-ee,0,local,1e-10,21,408972513cbc3162,814.2896666243143,408972513cbd4601,814.2896666323651,9.142896666323651e-08,interior
analytical36|C|local,2,native-rsi256,min,36,0,0,0,0.0,0.0,1e-08,0,C,analytical36,0.0,0.0,analytical36-C-2-local-native-rsi256,analytical36-C-2-local-natural-ee,36,natural-ee,0,local,1e-10,0,c07ffe0000000000,-511.875,c07ffe0000000000,-511.875,6.11875e-08,interior
analytical36|C|local,2,native-rsi256,max,36,0,0,0,0.0,0.0,1e-08,0,C,analytical36,0.0,0.0,analytical36-C-2-local-native-rsi256,analytical36-C-2-local-natural-ee,36,natural-ee,0,local,1e-10,0,40f869f000000000,99999.0,40f869f000000000,99999.0,1.00099e-05,interior
analytical36|C|local,2,native-skv-raw,sum,36,0,0,36,0.031094014644622803,1.3696130330420926e-10,1e-08,36,C,analytical36,-0.006519913673400879,-0.031094014644622803,analytical36-C-2-local-native-skv-raw,analytical36-C-2-local-natural-ee,36,natural-ee,0,local,1e-10,35,41b07ef0affae51b,276754607.9800584,41b07ef0b002dae2,276754608.0111524,0.02767547080111524,interior
analytical36|C|local,2,native-skv-raw,support,36,0,0,36,2.6923458790406585e-05,1.1640208024622065e-10,1e-08,36,C,analytical36,-2.686682273633778e-05,-2.6923458790406585e-05,analytical36-C-2-local-native-skv-raw,analytical36-C-2-local-natural-ee,36,natural-ee,0,local,1e-10,3,410c3c7a7836a065,231311.30869794186,410c3c7a7844be00,231311.30872486532,2.3141130872486534e-05,interior
analytical36|C|local,2,native-skv-raw,mean,36,0,0,0,8.050733413256239e-09,2.0642978576334146e-11,1e-08,36,C,analytical36,4.570892997435294e-09,-8.050733413256239e-09,analytical36-C-2-local-native-skv-raw,analytical36-C-2-local-natural-ee,36,natural-ee,0,local,1e-10,21,408972513cbc3162,814.2896666243143,408972513cbd4601,814.2896666323651,9.142896666323651e-08,interior
analytical36|C|local,2,native-skv-raw,min,36,0,0,0,0.0,0.0,1e-08,0,C,analytical36,0.0,0.0,analytical36-C-2-local-native-skv-raw,analytical36-C-2-local-natural-ee,36,natural-ee,0,local,1e-10,0,c07ffe0000000000,-511.875,c07ffe0000000000,-511.875,6.11875e-08,interior
analytical36|C|local,2,native-skv-raw,max,36,0,0,0,0.0,0.0,1e-08,0,C,analytical36,0.0,0.0,analytical36-C-2-local-native-skv-raw,analytical36-C-2-local-natural-ee,36,natural-ee,0,local,1e-10,0,40f869f000000000,99999.0,40f869f000000000,99999.0,1.00099e-05,interior
analytical36|C|local,2,native-skv-summary,sum,36,0,0,36,0.031094014644622803,1.3696130330420926e-10,1e-08,36,C,analytical36,-0.006519913673400879,-0.031094014644622803,analytical36-C-2-local-native-skv-summary,analytical36-C-2-local-natural-ee,36,natural-ee,0,local,1e-10,35,41b07ef0affae51b,276754607.9800584,41b07ef0b002dae2,276754608.0111524,0.02767547080111524,interior
analytical36|C|local,2,native-skv-summary,support,36,0,0,36,2.6923458790406585e-05,1.1640208024622065e-10,1e-08,36,C,analytical36,-2.686682273633778e-05,-2.6923458790406585e-05,analytical36-C-2-local-native-skv-summary,analytical36-C-2-local-natural-ee,36,natural-ee,0,local,1e-10,3,410c3c7a7836a065,231311.30869794186,410c3c7a7844be00,231311.30872486532,2.3141130872486534e-05,interior
analytical36|C|local,2,native-skv-summary,mean,36,0,0,0,8.050733413256239e-09,2.0642978576334146e-11,1e-08,36,C,analytical36,4.570892997435294e-09,-8.050733413256239e-09,analytical36-C-2-local-native-skv-summary,analytical36-C-2-local-natural-ee,36,natural-ee,0,local,1e-10,21,408972513cbc3162,814.2896666243143,408972513cbd4601,814.2896666323651,9.142896666323651e-08,interior
analytical36|C|local,2,native-skv-summary,min,36,0,0,0,0.0,0.0,1e-08,0,C,analytical36,0.0,0.0,analytical36-C-2-local-native-skv-summary,analytical36-C-2-local-natural-ee,36,natural-ee,0,local,1e-10,0,c07ffe0000000000,-511.875,c07ffe0000000000,-511.875,6.11875e-08,interior
analytical36|C|local,2,native-skv-summary,max,36,0,0,0,0.0,0.0,1e-08,0,C,analytical36,0.0,0.0,analytical36-C-2-local-native-skv-summary,analytical36-C-2-local-natural-ee,36,natural-ee,0,local,1e-10,0,40f869f000000000,99999.0,40f869f000000000,99999.0,1.00099e-05,interior
analytical36|D|http0,0,native-tiff,sum,288,0,0,214,0.05760359764099121,7.910837846964167e-09,1e-08,216,D,analytical36,0.05760359764099121,-0.0009567519300617278,analytical36-D-0-http0-native-tiff,analytical36-D-0-http0-natural-ee,288,natural-ee,38,http0,1e-10,35,41acb0ae6e15f175,240670519.0428578,41acb0ae6df8733d,240670518.9852542,0.02406706189852542,hole
analytical36|D|http0,0,native-tiff,support,288,0,0,216,4.7368346713483334e-05,7.719239755790169e-10,1e-08,216,D,analytical36,4.7368346713483334e-05,-3.826947931884206e-07,analytical36-D-0-http0-native-tiff,analytical36-D-0-http0-natural-ee,288,natural-ee,37,http0,1e-10,0,41088bb1c54d35ac,201078.22133867198,41088bb1c5346000,201078.22129130363,2.0117822129130365e-05,hole
analytical36|D|http0,0,native-tiff,mean,288,37,0,48,1.8046373213564948e-06,7.1569693900240705e-09,1e-08,216,D,analytical36,1.55075895236223e-06,-1.8046373213564948e-06,analytical36-D-0-http0-native-tiff,analytical36-D-0-http0-natural-ee,251,natural-ee,1,http0,1e-10,3,406f84d55ba75c2e,252.15104468047633,406f84d55f7037a5,252.15104648511365,3.521510464851137e-08,compact
analytical36|D|http0,0,native-tiff,min,288,37,0,0,0.0,0.0,1e-08,0,D,analytical36,0.0,0.0,analytical36-D-0-http0-native-tiff,analytical36-D-0-http0-natural-ee,251,natural-ee,1,http0,1e-10,0,4073570000000000,309.4375,4073570000000000,309.4375,4.0943750000000006e-08,tiny
analytical36|D|http0,0,native-tiff,max,288,37,0,0,0.0,0.0,1e-08,0,D,analytical36,0.0,0.0,analytical36-D-0-http0-native-tiff,analytical36-D-0-http0-natural-ee,251,natural-ee,1,http0,1e-10,0,4073570000000000,309.4375,4073570000000000,309.4375,4.0943750000000006e-08,tiny
analytical36|D|http0,0,native-cog,sum,288,0,0,214,0.05760359764099121,7.910837846964167e-09,1e-08,216,D,analytical36,0.05760359764099121,-0.0009567519300617278,analytical36-D-0-http0-native-cog,analytical36-D-0-http0-natural-ee,288,natural-ee,38,http0,1e-10,35,41acb0ae6e15f175,240670519.0428578,41acb0ae6df8733d,240670518.9852542,0.02406706189852542,hole
analytical36|D|http0,0,native-cog,support,288,0,0,216,4.7368346713483334e-05,7.719239755790169e-10,1e-08,216,D,analytical36,4.7368346713483334e-05,-3.826947931884206e-07,analytical36-D-0-http0-native-cog,analytical36-D-0-http0-natural-ee,288,natural-ee,37,http0,1e-10,0,41088bb1c54d35ac,201078.22133867198,41088bb1c5346000,201078.22129130363,2.0117822129130365e-05,hole
analytical36|D|http0,0,native-cog,mean,288,37,0,48,1.8046373213564948e-06,7.1569693900240705e-09,1e-08,216,D,analytical36,1.55075895236223e-06,-1.8046373213564948e-06,analytical36-D-0-http0-native-cog,analytical36-D-0-http0-natural-ee,251,natural-ee,1,http0,1e-10,3,406f84d55ba75c2e,252.15104468047633,406f84d55f7037a5,252.15104648511365,3.521510464851137e-08,compact
analytical36|D|http0,0,native-cog,min,288,37,0,0,0.0,0.0,1e-08,0,D,analytical36,0.0,0.0,analytical36-D-0-http0-native-cog,analytical36-D-0-http0-natural-ee,251,natural-ee,1,http0,1e-10,0,4073570000000000,309.4375,4073570000000000,309.4375,4.0943750000000006e-08,tiny
analytical36|D|http0,0,native-cog,max,288,37,0,0,0.0,0.0,1e-08,0,D,analytical36,0.0,0.0,analytical36-D-0-http0-native-cog,analytical36-D-0-http0-natural-ee,251,natural-ee,1,http0,1e-10,0,4073570000000000,309.4375,4073570000000000,309.4375,4.0943750000000006e-08,tiny
analytical36|D|http0,0,native-rsi64,sum,288,0,0,214,0.05760359764099121,7.910837846964167e-09,1e-08,216,D,analytical36,0.05760359764099121,-0.0009567519300617278,analytical36-D-0-http0-native-rsi64,analytical36-D-0-http0-natural-ee,288,natural-ee,38,http0,1e-10,35,41acb0ae6e15f175,240670519.0428578,41acb0ae6df8733d,240670518.9852542,0.02406706189852542,hole
analytical36|D|http0,0,native-rsi64,support,288,0,0,216,4.7368346713483334e-05,7.719239755790169e-10,1e-08,216,D,analytical36,4.7368346713483334e-05,-3.826947931884206e-07,analytical36-D-0-http0-native-rsi64,analytical36-D-0-http0-natural-ee,288,natural-ee,37,http0,1e-10,0,41088bb1c54d35ac,201078.22133867198,41088bb1c5346000,201078.22129130363,2.0117822129130365e-05,hole
analytical36|D|http0,0,native-rsi64,mean,288,37,0,48,1.8046373213564948e-06,7.1569693900240705e-09,1e-08,216,D,analytical36,1.55075895236223e-06,-1.8046373213564948e-06,analytical36-D-0-http0-native-rsi64,analytical36-D-0-http0-natural-ee,251,natural-ee,1,http0,1e-10,3,406f84d55ba75c2e,252.15104468047633,406f84d55f7037a5,252.15104648511365,3.521510464851137e-08,compact
analytical36|D|http0,0,native-rsi64,min,288,37,0,0,0.0,0.0,1e-08,0,D,analytical36,0.0,0.0,analytical36-D-0-http0-native-rsi64,analytical36-D-0-http0-natural-ee,251,natural-ee,1,http0,1e-10,0,4073570000000000,309.4375,4073570000000000,309.4375,4.0943750000000006e-08,tiny
analytical36|D|http0,0,native-rsi64,max,288,37,0,0,0.0,0.0,1e-08,0,D,analytical36,0.0,0.0,analytical36-D-0-http0-native-rsi64,analytical36-D-0-http0-natural-ee,251,natural-ee,1,http0,1e-10,0,4073570000000000,309.4375,4073570000000000,309.4375,4.0943750000000006e-08,tiny
analytical36|D|http0,0,native-rsi256,sum,288,0,0,214,0.05760359764099121,7.910837846964167e-09,1e-08,216,D,analytical36,0.05760359764099121,-0.0009567519300617278,analytical36-D-0-http0-native-rsi256,analytical36-D-0-http0-natural-ee,288,natural-ee,38,http0,1e-10,35,41acb0ae6e15f175,240670519.0428578,41acb0ae6df8733d,240670518.9852542,0.02406706189852542,hole
analytical36|D|http0,0,native-rsi256,support,288,0,0,216,4.7368346713483334e-05,7.719239755790169e-10,1e-08,216,D,analytical36,4.7368346713483334e-05,-3.826947931884206e-07,analytical36-D-0-http0-native-rsi256,analytical36-D-0-http0-natural-ee,288,natural-ee,37,http0,1e-10,0,41088bb1c54d35ac,201078.22133867198,41088bb1c5346000,201078.22129130363,2.0117822129130365e-05,hole
analytical36|D|http0,0,native-rsi256,mean,288,37,0,48,1.8046373213564948e-06,7.1569693900240705e-09,1e-08,216,D,analytical36,1.55075895236223e-06,-1.8046373213564948e-06,analytical36-D-0-http0-native-rsi256,analytical36-D-0-http0-natural-ee,251,natural-ee,1,http0,1e-10,3,406f84d55ba75c2e,252.15104468047633,406f84d55f7037a5,252.15104648511365,3.521510464851137e-08,compact
analytical36|D|http0,0,native-rsi256,min,288,37,0,0,0.0,0.0,1e-08,0,D,analytical36,0.0,0.0,analytical36-D-0-http0-native-rsi256,analytical36-D-0-http0-natural-ee,251,natural-ee,1,http0,1e-10,0,4073570000000000,309.4375,4073570000000000,309.4375,4.0943750000000006e-08,tiny
analytical36|D|http0,0,native-rsi256,max,288,37,0,0,0.0,0.0,1e-08,0,D,analytical36,0.0,0.0,analytical36-D-0-http0-native-rsi256,analytical36-D-0-http0-natural-ee,251,natural-ee,1,http0,1e-10,0,4073570000000000,309.4375,4073570000000000,309.4375,4.0943750000000006e-08,tiny
analytical36|D|http0,0,native-skv-raw,sum,288,0,0,214,0.05760359764099121,7.910837846964167e-09,1e-08,216,D,analytical36,0.05760359764099121,-0.0009567519300617278,analytical36-D-0-http0-native-skv-raw,analytical36-D-0-http0-natural-ee,288,natural-ee,38,http0,1e-10,35,41acb0ae6e15f175,240670519.0428578,41acb0ae6df8733d,240670518.9852542,0.02406706189852542,hole
analytical36|D|http0,0,native-skv-raw,support,288,0,0,216,4.7368346713483334e-05,7.719239755790169e-10,1e-08,216,D,analytical36,4.7368346713483334e-05,-3.826947931884206e-07,analytical36-D-0-http0-native-skv-raw,analytical36-D-0-http0-natural-ee,288,natural-ee,37,http0,1e-10,0,41088bb1c54d35ac,201078.22133867198,41088bb1c5346000,201078.22129130363,2.0117822129130365e-05,hole
analytical36|D|http0,0,native-skv-raw,mean,288,37,0,48,1.8046373213564948e-06,7.1569693900240705e-09,1e-08,216,D,analytical36,1.55075895236223e-06,-1.8046373213564948e-06,analytical36-D-0-http0-native-skv-raw,analytical36-D-0-http0-natural-ee,251,natural-ee,1,http0,1e-10,3,406f84d55ba75c2e,252.15104468047633,406f84d55f7037a5,252.15104648511365,3.521510464851137e-08,compact
analytical36|D|http0,0,native-skv-raw,min,288,37,0,0,0.0,0.0,1e-08,0,D,analytical36,0.0,0.0,analytical36-D-0-http0-native-skv-raw,analytical36-D-0-http0-natural-ee,251,natural-ee,1,http0,1e-10,0,4073570000000000,309.4375,4073570000000000,309.4375,4.0943750000000006e-08,tiny
analytical36|D|http0,0,native-skv-raw,max,288,37,0,0,0.0,0.0,1e-08,0,D,analytical36,0.0,0.0,analytical36-D-0-http0-native-skv-raw,analytical36-D-0-http0-natural-ee,251,natural-ee,1,http0,1e-10,0,4073570000000000,309.4375,4073570000000000,309.4375,4.0943750000000006e-08,tiny
analytical36|D|http0,0,native-skv-summary,sum,288,0,0,214,0.05760359764099121,7.910837846964167e-09,1e-08,216,D,analytical36,0.05760359764099121,-0.0009567519300617278,analytical36-D-0-http0-native-skv-summary,analytical36-D-0-http0-natural-ee,288,natural-ee,38,http0,1e-10,35,41acb0ae6e15f175,240670519.0428578,41acb0ae6df8733d,240670518.9852542,0.02406706189852542,hole
analytical36|D|http0,0,native-skv-summary,support,288,0,0,216,4.7368346713483334e-05,7.719239755790169e-10,1e-08,216,D,analytical36,4.7368346713483334e-05,-3.826947931884206e-07,analytical36-D-0-http0-native-skv-summary,analytical36-D-0-http0-natural-ee,288,natural-ee,37,http0,1e-10,0,41088bb1c54d35ac,201078.22133867198,41088bb1c5346000,201078.22129130363,2.0117822129130365e-05,hole
analytical36|D|http0,0,native-skv-summary,mean,288,37,0,48,1.8046373213564948e-06,7.1569693900240705e-09,1e-08,216,D,analytical36,1.55075895236223e-06,-1.8046373213564948e-06,analytical36-D-0-http0-native-skv-summary,analytical36-D-0-http0-natural-ee,251,natural-ee,1,http0,1e-10,3,406f84d55ba75c2e,252.15104468047633,406f84d55f7037a5,252.15104648511365,3.521510464851137e-08,compact
analytical36|D|http0,0,native-skv-summary,min,288,37,0,0,0.0,0.0,1e-08,0,D,analytical36,0.0,0.0,analytical36-D-0-http0-native-skv-summary,analytical36-D-0-http0-natural-ee,251,natural-ee,1,http0,1e-10,0,4073570000000000,309.4375,4073570000000000,309.4375,4.0943750000000006e-08,tiny
analytical36|D|http0,0,native-skv-summary,max,288,37,0,0,0.0,0.0,1e-08,0,D,analytical36,0.0,0.0,analytical36-D-0-http0-native-skv-summary,analytical36-D-0-http0-natural-ee,251,natural-ee,1,http0,1e-10,0,4073570000000000,309.4375,4073570000000000,309.4375,4.0943750000000006e-08,tiny
analytical36|D|http0,1,native-tiff,sum,288,0,0,174,0.033332496881484985,2.2774356962898528e-08,1e-08,216,D,analytical36,0.014742381870746613,-0.033332496881484985,analytical36-D-1-http0-native-tiff,analytical36-D-1-http0-natural-ee,288,natural-ee,38,http0,1e-10,35,41acefd2bffa1458,242739551.98843646,41acefd2c00b254d,242739552.02176896,0.024273965202176898,hole
analytical36|D|http0,1,native-tiff,support,288,0,0,155,2.7407571906223893e-05,8.059172319528559e-10,1e-08,216,D,analytical36,9.21860191738233e-06,-2.7407571906223893e-05,analytical36-D-1-http0-native-tiff,analytical36-D-1-http0-natural-ee,288,natural-ee,36,http0,1e-10,32,4108c1634e6b916b,202796.41329110725,4108c1634e79f000,202796.41331851482,2.0289641331851485e-05,hole
analytical36|D|http0,1,native-tiff,mean,288,36,0,54,5.79859693061735e-06,2.2010819807760268e-08,1e-08,216,D,analytical36,5.79859693061735e-06,-1.3439212125376798e-06,analytical36-D-1-http0-native-tiff,analytical36-D-1-http0-natural-ee,252,natural-ee,2,http0,1e-10,3,40707716a666dc30,263.4430297868703,40707716a0524fa4,263.44302398827335,3.634430239882734e-08,compact
analytical36|D|http0,1,native-tiff,min,288,36,0,0,0.0,0.0,1e-08,0,D,analytical36,0.0,0.0,analytical36-D-1-http0-native-tiff,analytical36-D-1-http0-natural-ee,252,natural-ee,2,http0,1e-10,0,4073a50000000000,314.3125,4073a50000000000,314.3125,4.143125e-08,tiny
analytical36|D|http0,1,native-tiff,max,288,36,0,0,0.0,0.0,1e-08,0,D,analytical36,0.0,0.0,analytical36-D-1-http0-native-tiff,analytical36-D-1-http0-natural-ee,252,natural-ee,2,http0,1e-10,0,4073a50000000000,314.3125,4073a50000000000,314.3125,4.143125e-08,tiny
analytical36|D|http0,1,native-cog,sum,288,0,0,174,0.033332496881484985,2.2774356962898528e-08,1e-08,216,D,analytical36,0.014742381870746613,-0.033332496881484985,analytical36-D-1-http0-native-cog,analytical36-D-1-http0-natural-ee,288,natural-ee,38,http0,1e-10,35,41acefd2bffa1458,242739551.98843646,41acefd2c00b254d,242739552.02176896,0.024273965202176898,hole
analytical36|D|http0,1,native-cog,support,288,0,0,155,2.7407571906223893e-05,8.059172319528559e-10,1e-08,216,D,analytical36,9.21860191738233e-06,-2.7407571906223893e-05,analytical36-D-1-http0-native-cog,analytical36-D-1-http0-natural-ee,288,natural-ee,36,http0,1e-10,32,4108c1634e6b916b,202796.41329110725,4108c1634e79f000,202796.41331851482,2.0289641331851485e-05,hole
analytical36|D|http0,1,native-cog,mean,288,36,0,54,5.79859693061735e-06,2.2010819807760268e-08,1e-08,216,D,analytical36,5.79859693061735e-06,-1.3439212125376798e-06,analytical36-D-1-http0-native-cog,analytical36-D-1-http0-natural-ee,252,natural-ee,2,http0,1e-10,3,40707716a666dc30,263.4430297868703,40707716a0524fa4,263.44302398827335,3.634430239882734e-08,compact
analytical36|D|http0,1,native-cog,min,288,36,0,0,0.0,0.0,1e-08,0,D,analytical36,0.0,0.0,analytical36-D-1-http0-native-cog,analytical36-D-1-http0-natural-ee,252,natural-ee,2,http0,1e-10,0,4073a50000000000,314.3125,4073a50000000000,314.3125,4.143125e-08,tiny
analytical36|D|http0,1,native-cog,max,288,36,0,0,0.0,0.0,1e-08,0,D,analytical36,0.0,0.0,analytical36-D-1-http0-native-cog,analytical36-D-1-http0-natural-ee,252,natural-ee,2,http0,1e-10,0,4073a50000000000,314.3125,4073a50000000000,314.3125,4.143125e-08,tiny
analytical36|D|http0,1,native-rsi64,sum,288,0,0,174,0.033332496881484985,2.2774356962898528e-08,1e-08,216,D,analytical36,0.014742381870746613,-0.033332496881484985,analytical36-D-1-http0-native-rsi64,analytical36-D-1-http0-natural-ee,288,natural-ee,38,http0,1e-10,35,41acefd2bffa1458,242739551.98843646,41acefd2c00b254d,242739552.02176896,0.024273965202176898,hole
analytical36|D|http0,1,native-rsi64,support,288,0,0,155,2.7407571906223893e-05,8.059172319528559e-10,1e-08,216,D,analytical36,9.21860191738233e-06,-2.7407571906223893e-05,analytical36-D-1-http0-native-rsi64,analytical36-D-1-http0-natural-ee,288,natural-ee,36,http0,1e-10,32,4108c1634e6b916b,202796.41329110725,4108c1634e79f000,202796.41331851482,2.0289641331851485e-05,hole
analytical36|D|http0,1,native-rsi64,mean,288,36,0,54,5.79859693061735e-06,2.2010819807760268e-08,1e-08,216,D,analytical36,5.79859693061735e-06,-1.3439212125376798e-06,analytical36-D-1-http0-native-rsi64,analytical36-D-1-http0-natural-ee,252,natural-ee,2,http0,1e-10,3,40707716a666dc30,263.4430297868703,40707716a0524fa4,263.44302398827335,3.634430239882734e-08,compact
analytical36|D|http0,1,native-rsi64,min,288,36,0,0,0.0,0.0,1e-08,0,D,analytical36,0.0,0.0,analytical36-D-1-http0-native-rsi64,analytical36-D-1-http0-natural-ee,252,natural-ee,2,http0,1e-10,0,4073a50000000000,314.3125,4073a50000000000,314.3125,4.143125e-08,tiny
analytical36|D|http0,1,native-rsi64,max,288,36,0,0,0.0,0.0,1e-08,0,D,analytical36,0.0,0.0,analytical36-D-1-http0-native-rsi64,analytical36-D-1-http0-natural-ee,252,natural-ee,2,http0,1e-10,0,4073a50000000000,314.3125,4073a50000000000,314.3125,4.143125e-08,tiny
analytical36|D|http0,1,native-rsi256,sum,288,0,0,174,0.033332496881484985,2.2774356962898528e-08,1e-08,216,D,analytical36,0.014742381870746613,-0.033332496881484985,analytical36-D-1-http0-native-rsi256,analytical36-D-1-http0-natural-ee,288,natural-ee,38,http0,1e-10,35,41acefd2bffa1458,242739551.98843646,41acefd2c00b254d,242739552.02176896,0.024273965202176898,hole
analytical36|D|http0,1,native-rsi256,support,288,0,0,155,2.7407571906223893e-05,8.059172319528559e-10,1e-08,216,D,analytical36,9.21860191738233e-06,-2.7407571906223893e-05,analytical36-D-1-http0-native-rsi256,analytical36-D-1-http0-natural-ee,288,natural-ee,36,http0,1e-10,32,4108c1634e6b916b,202796.41329110725,4108c1634e79f000,202796.41331851482,2.0289641331851485e-05,hole
analytical36|D|http0,1,native-rsi256,mean,288,36,0,54,5.79859693061735e-06,2.2010819807760268e-08,1e-08,216,D,analytical36,5.79859693061735e-06,-1.3439212125376798e-06,analytical36-D-1-http0-native-rsi256,analytical36-D-1-http0-natural-ee,252,natural-ee,2,http0,1e-10,3,40707716a666dc30,263.4430297868703,40707716a0524fa4,263.44302398827335,3.634430239882734e-08,compact
analytical36|D|http0,1,native-rsi256,min,288,36,0,0,0.0,0.0,1e-08,0,D,analytical36,0.0,0.0,analytical36-D-1-http0-native-rsi256,analytical36-D-1-http0-natural-ee,252,natural-ee,2,http0,1e-10,0,4073a50000000000,314.3125,4073a50000000000,314.3125,4.143125e-08,tiny
analytical36|D|http0,1,native-rsi256,max,288,36,0,0,0.0,0.0,1e-08,0,D,analytical36,0.0,0.0,analytical36-D-1-http0-native-rsi256,analytical36-D-1-http0-natural-ee,252,natural-ee,2,http0,1e-10,0,4073a50000000000,314.3125,4073a50000000000,314.3125,4.143125e-08,tiny
analytical36|D|http0,1,native-skv-raw,sum,288,0,0,174,0.033332496881484985,2.2774356962898528e-08,1e-08,216,D,analytical36,0.014742381870746613,-0.033332496881484985,analytical36-D-1-http0-native-skv-raw,analytical36-D-1-http0-natural-ee,288,natural-ee,38,http0,1e-10,35,41acefd2bffa1458,242739551.98843646,41acefd2c00b254d,242739552.02176896,0.024273965202176898,hole
analytical36|D|http0,1,native-skv-raw,support,288,0,0,155,2.7407571906223893e-05,8.059172319528559e-10,1e-08,216,D,analytical36,9.21860191738233e-06,-2.7407571906223893e-05,analytical36-D-1-http0-native-skv-raw,analytical36-D-1-http0-natural-ee,288,natural-ee,36,http0,1e-10,32,4108c1634e6b916b,202796.41329110725,4108c1634e79f000,202796.41331851482,2.0289641331851485e-05,hole
analytical36|D|http0,1,native-skv-raw,mean,288,36,0,54,5.79859693061735e-06,2.2010819807760268e-08,1e-08,216,D,analytical36,5.79859693061735e-06,-1.3439212125376798e-06,analytical36-D-1-http0-native-skv-raw,analytical36-D-1-http0-natural-ee,252,natural-ee,2,http0,1e-10,3,40707716a666dc30,263.4430297868703,40707716a0524fa4,263.44302398827335,3.634430239882734e-08,compact
analytical36|D|http0,1,native-skv-raw,min,288,36,0,0,0.0,0.0,1e-08,0,D,analytical36,0.0,0.0,analytical36-D-1-http0-native-skv-raw,analytical36-D-1-http0-natural-ee,252,natural-ee,2,http0,1e-10,0,4073a50000000000,314.3125,4073a50000000000,314.3125,4.143125e-08,tiny
analytical36|D|http0,1,native-skv-raw,max,288,36,0,0,0.0,0.0,1e-08,0,D,analytical36,0.0,0.0,analytical36-D-1-http0-native-skv-raw,analytical36-D-1-http0-natural-ee,252,natural-ee,2,http0,1e-10,0,4073a50000000000,314.3125,4073a50000000000,314.3125,4.143125e-08,tiny
analytical36|D|http0,1,native-skv-summary,sum,288,0,0,174,0.033332496881484985,2.2774356962898528e-08,1e-08,216,D,analytical36,0.014742381870746613,-0.033332496881484985,analytical36-D-1-http0-native-skv-summary,analytical36-D-1-http0-natural-ee,288,natural-ee,38,http0,1e-10,35,41acefd2bffa1458,242739551.98843646,41acefd2c00b254d,242739552.02176896,0.024273965202176898,hole
analytical36|D|http0,1,native-skv-summary,support,288,0,0,155,2.7407571906223893e-05,8.059172319528559e-10,1e-08,216,D,analytical36,9.21860191738233e-06,-2.7407571906223893e-05,analytical36-D-1-http0-native-skv-summary,analytical36-D-1-http0-natural-ee,288,natural-ee,36,http0,1e-10,32,4108c1634e6b916b,202796.41329110725,4108c1634e79f000,202796.41331851482,2.0289641331851485e-05,hole
analytical36|D|http0,1,native-skv-summary,mean,288,36,0,54,5.79859693061735e-06,2.2010819807760268e-08,1e-08,216,D,analytical36,5.79859693061735e-06,-1.3439212125376798e-06,analytical36-D-1-http0-native-skv-summary,analytical36-D-1-http0-natural-ee,252,natural-ee,2,http0,1e-10,3,40707716a666dc30,263.4430297868703,40707716a0524fa4,263.44302398827335,3.634430239882734e-08,compact
analytical36|D|http0,1,native-skv-summary,min,288,36,0,0,0.0,0.0,1e-08,0,D,analytical36,0.0,0.0,analytical36-D-1-http0-native-skv-summary,analytical36-D-1-http0-natural-ee,252,natural-ee,2,http0,1e-10,0,4073a50000000000,314.3125,4073a50000000000,314.3125,4.143125e-08,tiny
analytical36|D|http0,1,native-skv-summary,max,288,36,0,0,0.0,0.0,1e-08,0,D,analytical36,0.0,0.0,analytical36-D-1-http0-native-skv-summary,analytical36-D-1-http0-natural-ee,252,natural-ee,2,http0,1e-10,0,4073a50000000000,314.3125,4073a50000000000,314.3125,4.143125e-08,tiny
analytical36|D|http0,2,native-tiff,sum,288,0,0,211,0.03160983324050903,2.981572835856969e-08,1e-08,250,D,analytical36,0.003399662673473358,-0.03160983324050903,analytical36-D-2-http0-native-tiff,analytical36-D-2-http0-natural-ee,288,natural-ee,38,http0,1e-10,30,41a96c1368ac1cd0,213256628.33615732,41a96c1368bc4bfa,213256628.36776716,0.021325672836776718,hole
analytical36|D|http0,2,native-tiff,support,288,0,0,180,2.7057656552642584e-05,2.9802323164851456e-08,1e-08,252,D,analytical36,1.2706877896562219e-06,-2.7057656552642584e-05,analytical36-D-2-http0-native-tiff,analytical36-D-2-http0-natural-ee,288,natural-ee,36,http0,1e-10,3,41089f6d99c13862,201709.70007556962,41089f6d99cf6800,201709.70010262728,2.018097001026273e-05,hole
analytical36|D|http0,2,native-tiff,mean,288,36,0,43,1.824947304385205e-06,8.445335617246757e-09,1e-08,249,D,analytical36,1.824947304385205e-06,-1.0728887218647287e-06,analytical36-D-2-http0-native-tiff,analytical36-D-2-http0-natural-ee,252,natural-ee,2,http0,1e-10,3,406b02dc2f11ac92,216.08937791301702,406b02dc2b3de9b9,216.0893760880697,3.160893760880697e-08,compact
analytical36|D|http0,2,native-tiff,min,288,36,0,0,0.0,0.0,1e-08,0,D,analytical36,0.0,0.0,analytical36-D-2-http0-native-tiff,analytical36-D-2-http0-natural-ee,252,natural-ee,2,http0,1e-10,0,40733c0000000000,307.75,40733c0000000000,307.75,4.0775000000000006e-08,tiny
analytical36|D|http0,2,native-tiff,max,288,36,0,0,0.0,0.0,1e-08,0,D,analytical36,0.0,0.0,analytical36-D-2-http0-native-tiff,analytical36-D-2-http0-natural-ee,252,natural-ee,2,http0,1e-10,0,4073920000000000,313.125,4073920000000000,313.125,4.131250000000001e-08,tiny
analytical36|D|http0,2,native-cog,sum,288,0,0,211,0.03160983324050903,2.981572835856969e-08,1e-08,250,D,analytical36,0.003399662673473358,-0.03160983324050903,analytical36-D-2-http0-native-cog,analytical36-D-2-http0-natural-ee,288,natural-ee,38,http0,1e-10,30,41a96c1368ac1cd0,213256628.33615732,41a96c1368bc4bfa,213256628.36776716,0.021325672836776718,hole
analytical36|D|http0,2,native-cog,support,288,0,0,180,2.7057656552642584e-05,2.9802323164851456e-08,1e-08,252,D,analytical36,1.2706877896562219e-06,-2.7057656552642584e-05,analytical36-D-2-http0-native-cog,analytical36-D-2-http0-natural-ee,288,natural-ee,36,http0,1e-10,3,41089f6d99c13862,201709.70007556962,41089f6d99cf6800,201709.70010262728,2.018097001026273e-05,hole
analytical36|D|http0,2,native-cog,mean,288,36,0,43,1.824947304385205e-06,8.445335617246757e-09,1e-08,249,D,analytical36,1.824947304385205e-06,-1.0728887218647287e-06,analytical36-D-2-http0-native-cog,analytical36-D-2-http0-natural-ee,252,natural-ee,2,http0,1e-10,3,406b02dc2f11ac92,216.08937791301702,406b02dc2b3de9b9,216.0893760880697,3.160893760880697e-08,compact
analytical36|D|http0,2,native-cog,min,288,36,0,0,0.0,0.0,1e-08,0,D,analytical36,0.0,0.0,analytical36-D-2-http0-native-cog,analytical36-D-2-http0-natural-ee,252,natural-ee,2,http0,1e-10,0,40733c0000000000,307.75,40733c0000000000,307.75,4.0775000000000006e-08,tiny
analytical36|D|http0,2,native-cog,max,288,36,0,0,0.0,0.0,1e-08,0,D,analytical36,0.0,0.0,analytical36-D-2-http0-native-cog,analytical36-D-2-http0-natural-ee,252,natural-ee,2,http0,1e-10,0,4073920000000000,313.125,4073920000000000,313.125,4.131250000000001e-08,tiny
analytical36|D|http0,2,native-rsi64,sum,288,0,0,211,0.03160983324050903,2.981572835856969e-08,1e-08,250,D,analytical36,0.003399662673473358,-0.03160983324050903,analytical36-D-2-http0-native-rsi64,analytical36-D-2-http0-natural-ee,288,natural-ee,38,http0,1e-10,30,41a96c1368ac1cd0,213256628.33615732,41a96c1368bc4bfa,213256628.36776716,0.021325672836776718,hole
analytical36|D|http0,2,native-rsi64,support,288,0,0,180,2.7057656552642584e-05,2.9802323164851456e-08,1e-08,252,D,analytical36,1.2706877896562219e-06,-2.7057656552642584e-05,analytical36-D-2-http0-native-rsi64,analytical36-D-2-http0-natural-ee,288,natural-ee,36,http0,1e-10,3,41089f6d99c13862,201709.70007556962,41089f6d99cf6800,201709.70010262728,2.018097001026273e-05,hole
analytical36|D|http0,2,native-rsi64,mean,288,36,0,43,1.824947304385205e-06,8.445335617246757e-09,1e-08,249,D,analytical36,1.824947304385205e-06,-1.0728887218647287e-06,analytical36-D-2-http0-native-rsi64,analytical36-D-2-http0-natural-ee,252,natural-ee,2,http0,1e-10,3,406b02dc2f11ac92,216.08937791301702,406b02dc2b3de9b9,216.0893760880697,3.160893760880697e-08,compact
analytical36|D|http0,2,native-rsi64,min,288,36,0,0,0.0,0.0,1e-08,0,D,analytical36,0.0,0.0,analytical36-D-2-http0-native-rsi64,analytical36-D-2-http0-natural-ee,252,natural-ee,2,http0,1e-10,0,40733c0000000000,307.75,40733c0000000000,307.75,4.0775000000000006e-08,tiny
analytical36|D|http0,2,native-rsi64,max,288,36,0,0,0.0,0.0,1e-08,0,D,analytical36,0.0,0.0,analytical36-D-2-http0-native-rsi64,analytical36-D-2-http0-natural-ee,252,natural-ee,2,http0,1e-10,0,4073920000000000,313.125,4073920000000000,313.125,4.131250000000001e-08,tiny
analytical36|D|http0,2,native-rsi256,sum,288,0,0,211,0.03160983324050903,2.981572835856969e-08,1e-08,250,D,analytical36,0.003399662673473358,-0.03160983324050903,analytical36-D-2-http0-native-rsi256,analytical36-D-2-http0-natural-ee,288,natural-ee,38,http0,1e-10,30,41a96c1368ac1cd0,213256628.33615732,41a96c1368bc4bfa,213256628.36776716,0.021325672836776718,hole
analytical36|D|http0,2,native-rsi256,support,288,0,0,180,2.7057656552642584e-05,2.9802323164851456e-08,1e-08,252,D,analytical36,1.2706877896562219e-06,-2.7057656552642584e-05,analytical36-D-2-http0-native-rsi256,analytical36-D-2-http0-natural-ee,288,natural-ee,36,http0,1e-10,3,41089f6d99c13862,201709.70007556962,41089f6d99cf6800,201709.70010262728,2.018097001026273e-05,hole
analytical36|D|http0,2,native-rsi256,mean,288,36,0,43,1.824947304385205e-06,8.445335617246757e-09,1e-08,249,D,analytical36,1.824947304385205e-06,-1.0728887218647287e-06,analytical36-D-2-http0-native-rsi256,analytical36-D-2-http0-natural-ee,252,natural-ee,2,http0,1e-10,3,406b02dc2f11ac92,216.08937791301702,406b02dc2b3de9b9,216.0893760880697,3.160893760880697e-08,compact
analytical36|D|http0,2,native-rsi256,min,288,36,0,0,0.0,0.0,1e-08,0,D,analytical36,0.0,0.0,analytical36-D-2-http0-native-rsi256,analytical36-D-2-http0-natural-ee,252,natural-ee,2,http0,1e-10,0,40733c0000000000,307.75,40733c0000000000,307.75,4.0775000000000006e-08,tiny
analytical36|D|http0,2,native-rsi256,max,288,36,0,0,0.0,0.0,1e-08,0,D,analytical36,0.0,0.0,analytical36-D-2-http0-native-rsi256,analytical36-D-2-http0-natural-ee,252,natural-ee,2,http0,1e-10,0,4073920000000000,313.125,4073920000000000,313.125,4.131250000000001e-08,tiny
analytical36|D|http0,2,native-skv-raw,sum,288,0,0,211,0.03160983324050903,2.981572835856969e-08,1e-08,250,D,analytical36,0.003399662673473358,-0.03160983324050903,analytical36-D-2-http0-native-skv-raw,analytical36-D-2-http0-natural-ee,288,natural-ee,38,http0,1e-10,30,41a96c1368ac1cd0,213256628.33615732,41a96c1368bc4bfa,213256628.36776716,0.021325672836776718,hole
analytical36|D|http0,2,native-skv-raw,support,288,0,0,180,2.7057656552642584e-05,2.9802323164851456e-08,1e-08,252,D,analytical36,1.2706877896562219e-06,-2.7057656552642584e-05,analytical36-D-2-http0-native-skv-raw,analytical36-D-2-http0-natural-ee,288,natural-ee,36,http0,1e-10,3,41089f6d99c13862,201709.70007556962,41089f6d99cf6800,201709.70010262728,2.018097001026273e-05,hole
analytical36|D|http0,2,native-skv-raw,mean,288,36,0,43,1.824947304385205e-06,8.445335617246757e-09,1e-08,249,D,analytical36,1.824947304385205e-06,-1.0728887218647287e-06,analytical36-D-2-http0-native-skv-raw,analytical36-D-2-http0-natural-ee,252,natural-ee,2,http0,1e-10,3,406b02dc2f11ac92,216.08937791301702,406b02dc2b3de9b9,216.0893760880697,3.160893760880697e-08,compact
analytical36|D|http0,2,native-skv-raw,min,288,36,0,0,0.0,0.0,1e-08,0,D,analytical36,0.0,0.0,analytical36-D-2-http0-native-skv-raw,analytical36-D-2-http0-natural-ee,252,natural-ee,2,http0,1e-10,0,40733c0000000000,307.75,40733c0000000000,307.75,4.0775000000000006e-08,tiny
analytical36|D|http0,2,native-skv-raw,max,288,36,0,0,0.0,0.0,1e-08,0,D,analytical36,0.0,0.0,analytical36-D-2-http0-native-skv-raw,analytical36-D-2-http0-natural-ee,252,natural-ee,2,http0,1e-10,0,4073920000000000,313.125,4073920000000000,313.125,4.131250000000001e-08,tiny
analytical36|D|http0,2,native-skv-summary,sum,288,0,0,211,0.03160983324050903,2.981572835856969e-08,1e-08,250,D,analytical36,0.003399662673473358,-0.03160983324050903,analytical36-D-2-http0-native-skv-summary,analytical36-D-2-http0-natural-ee,288,natural-ee,38,http0,1e-10,30,41a96c1368ac1cd0,213256628.33615732,41a96c1368bc4bfa,213256628.36776716,0.021325672836776718,hole
analytical36|D|http0,2,native-skv-summary,support,288,0,0,180,2.7057656552642584e-05,2.9802323164851456e-08,1e-08,252,D,analytical36,1.2706877896562219e-06,-2.7057656552642584e-05,analytical36-D-2-http0-native-skv-summary,analytical36-D-2-http0-natural-ee,288,natural-ee,36,http0,1e-10,3,41089f6d99c13862,201709.70007556962,41089f6d99cf6800,201709.70010262728,2.018097001026273e-05,hole
analytical36|D|http0,2,native-skv-summary,mean,288,36,0,43,1.824947304385205e-06,8.445335617246757e-09,1e-08,249,D,analytical36,1.824947304385205e-06,-1.0728887218647287e-06,analytical36-D-2-http0-native-skv-summary,analytical36-D-2-http0-natural-ee,252,natural-ee,2,http0,1e-10,3,406b02dc2f11ac92,216.08937791301702,406b02dc2b3de9b9,216.0893760880697,3.160893760880697e-08,compact
analytical36|D|http0,2,native-skv-summary,min,288,36,0,0,0.0,0.0,1e-08,0,D,analytical36,0.0,0.0,analytical36-D-2-http0-native-skv-summary,analytical36-D-2-http0-natural-ee,252,natural-ee,2,http0,1e-10,0,40733c0000000000,307.75,40733c0000000000,307.75,4.0775000000000006e-08,tiny
analytical36|D|http0,2,native-skv-summary,max,288,36,0,0,0.0,0.0,1e-08,0,D,analytical36,0.0,0.0,analytical36-D-2-http0-native-skv-summary,analytical36-D-2-http0-natural-ee,252,natural-ee,2,http0,1e-10,0,4073920000000000,313.125,4073920000000000,313.125,4.131250000000001e-08,tiny
analytical36|D|local,0,native-tiff,sum,288,0,0,214,0.05760359764099121,7.910837846964167e-09,1e-08,216,D,analytical36,0.05760359764099121,-0.0009567519300617278,analytical36-D-0-local-native-tiff,analytical36-D-0-local-natural-ee,288,natural-ee,38,local,1e-10,35,41acb0ae6e15f175,240670519.0428578,41acb0ae6df8733d,240670518.9852542,0.02406706189852542,hole
analytical36|D|local,0,native-tiff,support,288,0,0,216,4.7368346713483334e-05,7.719239755790169e-10,1e-08,216,D,analytical36,4.7368346713483334e-05,-3.826947931884206e-07,analytical36-D-0-local-native-tiff,analytical36-D-0-local-natural-ee,288,natural-ee,37,local,1e-10,0,41088bb1c54d35ac,201078.22133867198,41088bb1c5346000,201078.22129130363,2.0117822129130365e-05,hole
analytical36|D|local,0,native-tiff,mean,288,37,0,48,1.8046373213564948e-06,7.1569693900240705e-09,1e-08,216,D,analytical36,1.55075895236223e-06,-1.8046373213564948e-06,analytical36-D-0-local-native-tiff,analytical36-D-0-local-natural-ee,251,natural-ee,1,local,1e-10,3,406f84d55ba75c2e,252.15104468047633,406f84d55f7037a5,252.15104648511365,3.521510464851137e-08,compact
analytical36|D|local,0,native-tiff,min,288,37,0,0,0.0,0.0,1e-08,0,D,analytical36,0.0,0.0,analytical36-D-0-local-native-tiff,analytical36-D-0-local-natural-ee,251,natural-ee,1,local,1e-10,0,4073570000000000,309.4375,4073570000000000,309.4375,4.0943750000000006e-08,tiny
analytical36|D|local,0,native-tiff,max,288,37,0,0,0.0,0.0,1e-08,0,D,analytical36,0.0,0.0,analytical36-D-0-local-native-tiff,analytical36-D-0-local-natural-ee,251,natural-ee,1,local,1e-10,0,4073570000000000,309.4375,4073570000000000,309.4375,4.0943750000000006e-08,tiny
analytical36|D|local,0,native-cog,sum,288,0,0,214,0.05760359764099121,7.910837846964167e-09,1e-08,216,D,analytical36,0.05760359764099121,-0.0009567519300617278,analytical36-D-0-local-native-cog,analytical36-D-0-local-natural-ee,288,natural-ee,38,local,1e-10,35,41acb0ae6e15f175,240670519.0428578,41acb0ae6df8733d,240670518.9852542,0.02406706189852542,hole
analytical36|D|local,0,native-cog,support,288,0,0,216,4.7368346713483334e-05,7.719239755790169e-10,1e-08,216,D,analytical36,4.7368346713483334e-05,-3.826947931884206e-07,analytical36-D-0-local-native-cog,analytical36-D-0-local-natural-ee,288,natural-ee,37,local,1e-10,0,41088bb1c54d35ac,201078.22133867198,41088bb1c5346000,201078.22129130363,2.0117822129130365e-05,hole
analytical36|D|local,0,native-cog,mean,288,37,0,48,1.8046373213564948e-06,7.1569693900240705e-09,1e-08,216,D,analytical36,1.55075895236223e-06,-1.8046373213564948e-06,analytical36-D-0-local-native-cog,analytical36-D-0-local-natural-ee,251,natural-ee,1,local,1e-10,3,406f84d55ba75c2e,252.15104468047633,406f84d55f7037a5,252.15104648511365,3.521510464851137e-08,compact
analytical36|D|local,0,native-cog,min,288,37,0,0,0.0,0.0,1e-08,0,D,analytical36,0.0,0.0,analytical36-D-0-local-native-cog,analytical36-D-0-local-natural-ee,251,natural-ee,1,local,1e-10,0,4073570000000000,309.4375,4073570000000000,309.4375,4.0943750000000006e-08,tiny
analytical36|D|local,0,native-cog,max,288,37,0,0,0.0,0.0,1e-08,0,D,analytical36,0.0,0.0,analytical36-D-0-local-native-cog,analytical36-D-0-local-natural-ee,251,natural-ee,1,local,1e-10,0,4073570000000000,309.4375,4073570000000000,309.4375,4.0943750000000006e-08,tiny
analytical36|D|local,0,native-rsi64,sum,288,0,0,214,0.05760359764099121,7.910837846964167e-09,1e-08,216,D,analytical36,0.05760359764099121,-0.0009567519300617278,analytical36-D-0-local-native-rsi64,analytical36-D-0-local-natural-ee,288,natural-ee,38,local,1e-10,35,41acb0ae6e15f175,240670519.0428578,41acb0ae6df8733d,240670518.9852542,0.02406706189852542,hole
analytical36|D|local,0,native-rsi64,support,288,0,0,216,4.7368346713483334e-05,7.719239755790169e-10,1e-08,216,D,analytical36,4.7368346713483334e-05,-3.826947931884206e-07,analytical36-D-0-local-native-rsi64,analytical36-D-0-local-natural-ee,288,natural-ee,37,local,1e-10,0,41088bb1c54d35ac,201078.22133867198,41088bb1c5346000,201078.22129130363,2.0117822129130365e-05,hole
analytical36|D|local,0,native-rsi64,mean,288,37,0,48,1.8046373213564948e-06,7.1569693900240705e-09,1e-08,216,D,analytical36,1.55075895236223e-06,-1.8046373213564948e-06,analytical36-D-0-local-native-rsi64,analytical36-D-0-local-natural-ee,251,natural-ee,1,local,1e-10,3,406f84d55ba75c2e,252.15104468047633,406f84d55f7037a5,252.15104648511365,3.521510464851137e-08,compact
analytical36|D|local,0,native-rsi64,min,288,37,0,0,0.0,0.0,1e-08,0,D,analytical36,0.0,0.0,analytical36-D-0-local-native-rsi64,analytical36-D-0-local-natural-ee,251,natural-ee,1,local,1e-10,0,4073570000000000,309.4375,4073570000000000,309.4375,4.0943750000000006e-08,tiny
analytical36|D|local,0,native-rsi64,max,288,37,0,0,0.0,0.0,1e-08,0,D,analytical36,0.0,0.0,analytical36-D-0-local-native-rsi64,analytical36-D-0-local-natural-ee,251,natural-ee,1,local,1e-10,0,4073570000000000,309.4375,4073570000000000,309.4375,4.0943750000000006e-08,tiny
analytical36|D|local,0,native-rsi256,sum,288,0,0,214,0.05760359764099121,7.910837846964167e-09,1e-08,216,D,analytical36,0.05760359764099121,-0.0009567519300617278,analytical36-D-0-local-native-rsi256,analytical36-D-0-local-natural-ee,288,natural-ee,38,local,1e-10,35,41acb0ae6e15f175,240670519.0428578,41acb0ae6df8733d,240670518.9852542,0.02406706189852542,hole
analytical36|D|local,0,native-rsi256,support,288,0,0,216,4.7368346713483334e-05,7.719239755790169e-10,1e-08,216,D,analytical36,4.7368346713483334e-05,-3.826947931884206e-07,analytical36-D-0-local-native-rsi256,analytical36-D-0-local-natural-ee,288,natural-ee,37,local,1e-10,0,41088bb1c54d35ac,201078.22133867198,41088bb1c5346000,201078.22129130363,2.0117822129130365e-05,hole
analytical36|D|local,0,native-rsi256,mean,288,37,0,48,1.8046373213564948e-06,7.1569693900240705e-09,1e-08,216,D,analytical36,1.55075895236223e-06,-1.8046373213564948e-06,analytical36-D-0-local-native-rsi256,analytical36-D-0-local-natural-ee,251,natural-ee,1,local,1e-10,3,406f84d55ba75c2e,252.15104468047633,406f84d55f7037a5,252.15104648511365,3.521510464851137e-08,compact
analytical36|D|local,0,native-rsi256,min,288,37,0,0,0.0,0.0,1e-08,0,D,analytical36,0.0,0.0,analytical36-D-0-local-native-rsi256,analytical36-D-0-local-natural-ee,251,natural-ee,1,local,1e-10,0,4073570000000000,309.4375,4073570000000000,309.4375,4.0943750000000006e-08,tiny
analytical36|D|local,0,native-rsi256,max,288,37,0,0,0.0,0.0,1e-08,0,D,analytical36,0.0,0.0,analytical36-D-0-local-native-rsi256,analytical36-D-0-local-natural-ee,251,natural-ee,1,local,1e-10,0,4073570000000000,309.4375,4073570000000000,309.4375,4.0943750000000006e-08,tiny
analytical36|D|local,0,native-skv-raw,sum,288,0,0,214,0.05760359764099121,7.910837846964167e-09,1e-08,216,D,analytical36,0.05760359764099121,-0.0009567519300617278,analytical36-D-0-local-native-skv-raw,analytical36-D-0-local-natural-ee,288,natural-ee,38,local,1e-10,35,41acb0ae6e15f175,240670519.0428578,41acb0ae6df8733d,240670518.9852542,0.02406706189852542,hole
analytical36|D|local,0,native-skv-raw,support,288,0,0,216,4.7368346713483334e-05,7.719239755790169e-10,1e-08,216,D,analytical36,4.7368346713483334e-05,-3.826947931884206e-07,analytical36-D-0-local-native-skv-raw,analytical36-D-0-local-natural-ee,288,natural-ee,37,local,1e-10,0,41088bb1c54d35ac,201078.22133867198,41088bb1c5346000,201078.22129130363,2.0117822129130365e-05,hole
analytical36|D|local,0,native-skv-raw,mean,288,37,0,48,1.8046373213564948e-06,7.1569693900240705e-09,1e-08,216,D,analytical36,1.55075895236223e-06,-1.8046373213564948e-06,analytical36-D-0-local-native-skv-raw,analytical36-D-0-local-natural-ee,251,natural-ee,1,local,1e-10,3,406f84d55ba75c2e,252.15104468047633,406f84d55f7037a5,252.15104648511365,3.521510464851137e-08,compact
analytical36|D|local,0,native-skv-raw,min,288,37,0,0,0.0,0.0,1e-08,0,D,analytical36,0.0,0.0,analytical36-D-0-local-native-skv-raw,analytical36-D-0-local-natural-ee,251,natural-ee,1,local,1e-10,0,4073570000000000,309.4375,4073570000000000,309.4375,4.0943750000000006e-08,tiny
analytical36|D|local,0,native-skv-raw,max,288,37,0,0,0.0,0.0,1e-08,0,D,analytical36,0.0,0.0,analytical36-D-0-local-native-skv-raw,analytical36-D-0-local-natural-ee,251,natural-ee,1,local,1e-10,0,4073570000000000,309.4375,4073570000000000,309.4375,4.0943750000000006e-08,tiny
analytical36|D|local,0,native-skv-summary,sum,288,0,0,214,0.05760359764099121,7.910837846964167e-09,1e-08,216,D,analytical36,0.05760359764099121,-0.0009567519300617278,analytical36-D-0-local-native-skv-summary,analytical36-D-0-local-natural-ee,288,natural-ee,38,local,1e-10,35,41acb0ae6e15f175,240670519.0428578,41acb0ae6df8733d,240670518.9852542,0.02406706189852542,hole
analytical36|D|local,0,native-skv-summary,support,288,0,0,216,4.7368346713483334e-05,7.719239755790169e-10,1e-08,216,D,analytical36,4.7368346713483334e-05,-3.826947931884206e-07,analytical36-D-0-local-native-skv-summary,analytical36-D-0-local-natural-ee,288,natural-ee,37,local,1e-10,0,41088bb1c54d35ac,201078.22133867198,41088bb1c5346000,201078.22129130363,2.0117822129130365e-05,hole
analytical36|D|local,0,native-skv-summary,mean,288,37,0,48,1.8046373213564948e-06,7.1569693900240705e-09,1e-08,216,D,analytical36,1.55075895236223e-06,-1.8046373213564948e-06,analytical36-D-0-local-native-skv-summary,analytical36-D-0-local-natural-ee,251,natural-ee,1,local,1e-10,3,406f84d55ba75c2e,252.15104468047633,406f84d55f7037a5,252.15104648511365,3.521510464851137e-08,compact
analytical36|D|local,0,native-skv-summary,min,288,37,0,0,0.0,0.0,1e-08,0,D,analytical36,0.0,0.0,analytical36-D-0-local-native-skv-summary,analytical36-D-0-local-natural-ee,251,natural-ee,1,local,1e-10,0,4073570000000000,309.4375,4073570000000000,309.4375,4.0943750000000006e-08,tiny
analytical36|D|local,0,native-skv-summary,max,288,37,0,0,0.0,0.0,1e-08,0,D,analytical36,0.0,0.0,analytical36-D-0-local-native-skv-summary,analytical36-D-0-local-natural-ee,251,natural-ee,1,local,1e-10,0,4073570000000000,309.4375,4073570000000000,309.4375,4.0943750000000006e-08,tiny
analytical36|D|local,1,native-tiff,sum,288,0,0,174,0.033332496881484985,2.2774356962898528e-08,1e-08,216,D,analytical36,0.014742381870746613,-0.033332496881484985,analytical36-D-1-local-native-tiff,analytical36-D-1-local-natural-ee,288,natural-ee,38,local,1e-10,35,41acefd2bffa1458,242739551.98843646,41acefd2c00b254d,242739552.02176896,0.024273965202176898,hole
analytical36|D|local,1,native-tiff,support,288,0,0,155,2.7407571906223893e-05,8.059172319528559e-10,1e-08,216,D,analytical36,9.21860191738233e-06,-2.7407571906223893e-05,analytical36-D-1-local-native-tiff,analytical36-D-1-local-natural-ee,288,natural-ee,36,local,1e-10,32,4108c1634e6b916b,202796.41329110725,4108c1634e79f000,202796.41331851482,2.0289641331851485e-05,hole
analytical36|D|local,1,native-tiff,mean,288,36,0,54,5.79859693061735e-06,2.2010819807760268e-08,1e-08,216,D,analytical36,5.79859693061735e-06,-1.3439212125376798e-06,analytical36-D-1-local-native-tiff,analytical36-D-1-local-natural-ee,252,natural-ee,2,local,1e-10,3,40707716a666dc30,263.4430297868703,40707716a0524fa4,263.44302398827335,3.634430239882734e-08,compact
analytical36|D|local,1,native-tiff,min,288,36,0,0,0.0,0.0,1e-08,0,D,analytical36,0.0,0.0,analytical36-D-1-local-native-tiff,analytical36-D-1-local-natural-ee,252,natural-ee,2,local,1e-10,0,4073a50000000000,314.3125,4073a50000000000,314.3125,4.143125e-08,tiny
analytical36|D|local,1,native-tiff,max,288,36,0,0,0.0,0.0,1e-08,0,D,analytical36,0.0,0.0,analytical36-D-1-local-native-tiff,analytical36-D-1-local-natural-ee,252,natural-ee,2,local,1e-10,0,4073a50000000000,314.3125,4073a50000000000,314.3125,4.143125e-08,tiny
analytical36|D|local,1,native-cog,sum,288,0,0,174,0.033332496881484985,2.2774356962898528e-08,1e-08,216,D,analytical36,0.014742381870746613,-0.033332496881484985,analytical36-D-1-local-native-cog,analytical36-D-1-local-natural-ee,288,natural-ee,38,local,1e-10,35,41acefd2bffa1458,242739551.98843646,41acefd2c00b254d,242739552.02176896,0.024273965202176898,hole
analytical36|D|local,1,native-cog,support,288,0,0,155,2.7407571906223893e-05,8.059172319528559e-10,1e-08,216,D,analytical36,9.21860191738233e-06,-2.7407571906223893e-05,analytical36-D-1-local-native-cog,analytical36-D-1-local-natural-ee,288,natural-ee,36,local,1e-10,32,4108c1634e6b916b,202796.41329110725,4108c1634e79f000,202796.41331851482,2.0289641331851485e-05,hole
analytical36|D|local,1,native-cog,mean,288,36,0,54,5.79859693061735e-06,2.2010819807760268e-08,1e-08,216,D,analytical36,5.79859693061735e-06,-1.3439212125376798e-06,analytical36-D-1-local-native-cog,analytical36-D-1-local-natural-ee,252,natural-ee,2,local,1e-10,3,40707716a666dc30,263.4430297868703,40707716a0524fa4,263.44302398827335,3.634430239882734e-08,compact
analytical36|D|local,1,native-cog,min,288,36,0,0,0.0,0.0,1e-08,0,D,analytical36,0.0,0.0,analytical36-D-1-local-native-cog,analytical36-D-1-local-natural-ee,252,natural-ee,2,local,1e-10,0,4073a50000000000,314.3125,4073a50000000000,314.3125,4.143125e-08,tiny
analytical36|D|local,1,native-cog,max,288,36,0,0,0.0,0.0,1e-08,0,D,analytical36,0.0,0.0,analytical36-D-1-local-native-cog,analytical36-D-1-local-natural-ee,252,natural-ee,2,local,1e-10,0,4073a50000000000,314.3125,4073a50000000000,314.3125,4.143125e-08,tiny
analytical36|D|local,1,native-rsi64,sum,288,0,0,174,0.033332496881484985,2.2774356962898528e-08,1e-08,216,D,analytical36,0.014742381870746613,-0.033332496881484985,analytical36-D-1-local-native-rsi64,analytical36-D-1-local-natural-ee,288,natural-ee,38,local,1e-10,35,41acefd2bffa1458,242739551.98843646,41acefd2c00b254d,242739552.02176896,0.024273965202176898,hole
analytical36|D|local,1,native-rsi64,support,288,0,0,155,2.7407571906223893e-05,8.059172319528559e-10,1e-08,216,D,analytical36,9.21860191738233e-06,-2.7407571906223893e-05,analytical36-D-1-local-native-rsi64,analytical36-D-1-local-natural-ee,288,natural-ee,36,local,1e-10,32,4108c1634e6b916b,202796.41329110725,4108c1634e79f000,202796.41331851482,2.0289641331851485e-05,hole
analytical36|D|local,1,native-rsi64,mean,288,36,0,54,5.79859693061735e-06,2.2010819807760268e-08,1e-08,216,D,analytical36,5.79859693061735e-06,-1.3439212125376798e-06,analytical36-D-1-local-native-rsi64,analytical36-D-1-local-natural-ee,252,natural-ee,2,local,1e-10,3,40707716a666dc30,263.4430297868703,40707716a0524fa4,263.44302398827335,3.634430239882734e-08,compact
analytical36|D|local,1,native-rsi64,min,288,36,0,0,0.0,0.0,1e-08,0,D,analytical36,0.0,0.0,analytical36-D-1-local-native-rsi64,analytical36-D-1-local-natural-ee,252,natural-ee,2,local,1e-10,0,4073a50000000000,314.3125,4073a50000000000,314.3125,4.143125e-08,tiny
analytical36|D|local,1,native-rsi64,max,288,36,0,0,0.0,0.0,1e-08,0,D,analytical36,0.0,0.0,analytical36-D-1-local-native-rsi64,analytical36-D-1-local-natural-ee,252,natural-ee,2,local,1e-10,0,4073a50000000000,314.3125,4073a50000000000,314.3125,4.143125e-08,tiny
analytical36|D|local,1,native-rsi256,sum,288,0,0,174,0.033332496881484985,2.2774356962898528e-08,1e-08,216,D,analytical36,0.014742381870746613,-0.033332496881484985,analytical36-D-1-local-native-rsi256,analytical36-D-1-local-natural-ee,288,natural-ee,38,local,1e-10,35,41acefd2bffa1458,242739551.98843646,41acefd2c00b254d,242739552.02176896,0.024273965202176898,hole
analytical36|D|local,1,native-rsi256,support,288,0,0,155,2.7407571906223893e-05,8.059172319528559e-10,1e-08,216,D,analytical36,9.21860191738233e-06,-2.7407571906223893e-05,analytical36-D-1-local-native-rsi256,analytical36-D-1-local-natural-ee,288,natural-ee,36,local,1e-10,32,4108c1634e6b916b,202796.41329110725,4108c1634e79f000,202796.41331851482,2.0289641331851485e-05,hole
analytical36|D|local,1,native-rsi256,mean,288,36,0,54,5.79859693061735e-06,2.2010819807760268e-08,1e-08,216,D,analytical36,5.79859693061735e-06,-1.3439212125376798e-06,analytical36-D-1-local-native-rsi256,analytical36-D-1-local-natural-ee,252,natural-ee,2,local,1e-10,3,40707716a666dc30,263.4430297868703,40707716a0524fa4,263.44302398827335,3.634430239882734e-08,compact
analytical36|D|local,1,native-rsi256,min,288,36,0,0,0.0,0.0,1e-08,0,D,analytical36,0.0,0.0,analytical36-D-1-local-native-rsi256,analytical36-D-1-local-natural-ee,252,natural-ee,2,local,1e-10,0,4073a50000000000,314.3125,4073a50000000000,314.3125,4.143125e-08,tiny
analytical36|D|local,1,native-rsi256,max,288,36,0,0,0.0,0.0,1e-08,0,D,analytical36,0.0,0.0,analytical36-D-1-local-native-rsi256,analytical36-D-1-local-natural-ee,252,natural-ee,2,local,1e-10,0,4073a50000000000,314.3125,4073a50000000000,314.3125,4.143125e-08,tiny
analytical36|D|local,1,native-skv-raw,sum,288,0,0,174,0.033332496881484985,2.2774356962898528e-08,1e-08,216,D,analytical36,0.014742381870746613,-0.033332496881484985,analytical36-D-1-local-native-skv-raw,analytical36-D-1-local-natural-ee,288,natural-ee,38,local,1e-10,35,41acefd2bffa1458,242739551.98843646,41acefd2c00b254d,242739552.02176896,0.024273965202176898,hole
analytical36|D|local,1,native-skv-raw,support,288,0,0,155,2.7407571906223893e-05,8.059172319528559e-10,1e-08,216,D,analytical36,9.21860191738233e-06,-2.7407571906223893e-05,analytical36-D-1-local-native-skv-raw,analytical36-D-1-local-natural-ee,288,natural-ee,36,local,1e-10,32,4108c1634e6b916b,202796.41329110725,4108c1634e79f000,202796.41331851482,2.0289641331851485e-05,hole
analytical36|D|local,1,native-skv-raw,mean,288,36,0,54,5.79859693061735e-06,2.2010819807760268e-08,1e-08,216,D,analytical36,5.79859693061735e-06,-1.3439212125376798e-06,analytical36-D-1-local-native-skv-raw,analytical36-D-1-local-natural-ee,252,natural-ee,2,local,1e-10,3,40707716a666dc30,263.4430297868703,40707716a0524fa4,263.44302398827335,3.634430239882734e-08,compact
analytical36|D|local,1,native-skv-raw,min,288,36,0,0,0.0,0.0,1e-08,0,D,analytical36,0.0,0.0,analytical36-D-1-local-native-skv-raw,analytical36-D-1-local-natural-ee,252,natural-ee,2,local,1e-10,0,4073a50000000000,314.3125,4073a50000000000,314.3125,4.143125e-08,tiny
analytical36|D|local,1,native-skv-raw,max,288,36,0,0,0.0,0.0,1e-08,0,D,analytical36,0.0,0.0,analytical36-D-1-local-native-skv-raw,analytical36-D-1-local-natural-ee,252,natural-ee,2,local,1e-10,0,4073a50000000000,314.3125,4073a50000000000,314.3125,4.143125e-08,tiny
analytical36|D|local,1,native-skv-summary,sum,288,0,0,174,0.033332496881484985,2.2774356962898528e-08,1e-08,216,D,analytical36,0.014742381870746613,-0.033332496881484985,analytical36-D-1-local-native-skv-summary,analytical36-D-1-local-natural-ee,288,natural-ee,38,local,1e-10,35,41acefd2bffa1458,242739551.98843646,41acefd2c00b254d,242739552.02176896,0.024273965202176898,hole
analytical36|D|local,1,native-skv-summary,support,288,0,0,155,2.7407571906223893e-05,8.059172319528559e-10,1e-08,216,D,analytical36,9.21860191738233e-06,-2.7407571906223893e-05,analytical36-D-1-local-native-skv-summary,analytical36-D-1-local-natural-ee,288,natural-ee,36,local,1e-10,32,4108c1634e6b916b,202796.41329110725,4108c1634e79f000,202796.41331851482,2.0289641331851485e-05,hole
analytical36|D|local,1,native-skv-summary,mean,288,36,0,54,5.79859693061735e-06,2.2010819807760268e-08,1e-08,216,D,analytical36,5.79859693061735e-06,-1.3439212125376798e-06,analytical36-D-1-local-native-skv-summary,analytical36-D-1-local-natural-ee,252,natural-ee,2,local,1e-10,3,40707716a666dc30,263.4430297868703,40707716a0524fa4,263.44302398827335,3.634430239882734e-08,compact
analytical36|D|local,1,native-skv-summary,min,288,36,0,0,0.0,0.0,1e-08,0,D,analytical36,0.0,0.0,analytical36-D-1-local-native-skv-summary,analytical36-D-1-local-natural-ee,252,natural-ee,2,local,1e-10,0,4073a50000000000,314.3125,4073a50000000000,314.3125,4.143125e-08,tiny
analytical36|D|local,1,native-skv-summary,max,288,36,0,0,0.0,0.0,1e-08,0,D,analytical36,0.0,0.0,analytical36-D-1-local-native-skv-summary,analytical36-D-1-local-natural-ee,252,natural-ee,2,local,1e-10,0,4073a50000000000,314.3125,4073a50000000000,314.3125,4.143125e-08,tiny
analytical36|D|local,2,native-tiff,sum,288,0,0,211,0.03160983324050903,2.981572835856969e-08,1e-08,250,D,analytical36,0.003399662673473358,-0.03160983324050903,analytical36-D-2-local-native-tiff,analytical36-D-2-local-natural-ee,288,natural-ee,38,local,1e-10,30,41a96c1368ac1cd0,213256628.33615732,41a96c1368bc4bfa,213256628.36776716,0.021325672836776718,hole
analytical36|D|local,2,native-tiff,support,288,0,0,180,2.7057656552642584e-05,2.9802323164851456e-08,1e-08,252,D,analytical36,1.2706877896562219e-06,-2.7057656552642584e-05,analytical36-D-2-local-native-tiff,analytical36-D-2-local-natural-ee,288,natural-ee,36,local,1e-10,3,41089f6d99c13862,201709.70007556962,41089f6d99cf6800,201709.70010262728,2.018097001026273e-05,hole
analytical36|D|local,2,native-tiff,mean,288,36,0,43,1.824947304385205e-06,8.445335617246757e-09,1e-08,249,D,analytical36,1.824947304385205e-06,-1.0728887218647287e-06,analytical36-D-2-local-native-tiff,analytical36-D-2-local-natural-ee,252,natural-ee,2,local,1e-10,3,406b02dc2f11ac92,216.08937791301702,406b02dc2b3de9b9,216.0893760880697,3.160893760880697e-08,compact
analytical36|D|local,2,native-tiff,min,288,36,0,0,0.0,0.0,1e-08,0,D,analytical36,0.0,0.0,analytical36-D-2-local-native-tiff,analytical36-D-2-local-natural-ee,252,natural-ee,2,local,1e-10,0,40733c0000000000,307.75,40733c0000000000,307.75,4.0775000000000006e-08,tiny
analytical36|D|local,2,native-tiff,max,288,36,0,0,0.0,0.0,1e-08,0,D,analytical36,0.0,0.0,analytical36-D-2-local-native-tiff,analytical36-D-2-local-natural-ee,252,natural-ee,2,local,1e-10,0,4073920000000000,313.125,4073920000000000,313.125,4.131250000000001e-08,tiny
analytical36|D|local,2,native-cog,sum,288,0,0,211,0.03160983324050903,2.981572835856969e-08,1e-08,250,D,analytical36,0.003399662673473358,-0.03160983324050903,analytical36-D-2-local-native-cog,analytical36-D-2-local-natural-ee,288,natural-ee,38,local,1e-10,30,41a96c1368ac1cd0,213256628.33615732,41a96c1368bc4bfa,213256628.36776716,0.021325672836776718,hole
analytical36|D|local,2,native-cog,support,288,0,0,180,2.7057656552642584e-05,2.9802323164851456e-08,1e-08,252,D,analytical36,1.2706877896562219e-06,-2.7057656552642584e-05,analytical36-D-2-local-native-cog,analytical36-D-2-local-natural-ee,288,natural-ee,36,local,1e-10,3,41089f6d99c13862,201709.70007556962,41089f6d99cf6800,201709.70010262728,2.018097001026273e-05,hole
analytical36|D|local,2,native-cog,mean,288,36,0,43,1.824947304385205e-06,8.445335617246757e-09,1e-08,249,D,analytical36,1.824947304385205e-06,-1.0728887218647287e-06,analytical36-D-2-local-native-cog,analytical36-D-2-local-natural-ee,252,natural-ee,2,local,1e-10,3,406b02dc2f11ac92,216.08937791301702,406b02dc2b3de9b9,216.0893760880697,3.160893760880697e-08,compact
analytical36|D|local,2,native-cog,min,288,36,0,0,0.0,0.0,1e-08,0,D,analytical36,0.0,0.0,analytical36-D-2-local-native-cog,analytical36-D-2-local-natural-ee,252,natural-ee,2,local,1e-10,0,40733c0000000000,307.75,40733c0000000000,307.75,4.0775000000000006e-08,tiny
analytical36|D|local,2,native-cog,max,288,36,0,0,0.0,0.0,1e-08,0,D,analytical36,0.0,0.0,analytical36-D-2-local-native-cog,analytical36-D-2-local-natural-ee,252,natural-ee,2,local,1e-10,0,4073920000000000,313.125,4073920000000000,313.125,4.131250000000001e-08,tiny
analytical36|D|local,2,native-rsi64,sum,288,0,0,211,0.03160983324050903,2.981572835856969e-08,1e-08,250,D,analytical36,0.003399662673473358,-0.03160983324050903,analytical36-D-2-local-native-rsi64,analytical36-D-2-local-natural-ee,288,natural-ee,38,local,1e-10,30,41a96c1368ac1cd0,213256628.33615732,41a96c1368bc4bfa,213256628.36776716,0.021325672836776718,hole
analytical36|D|local,2,native-rsi64,support,288,0,0,180,2.7057656552642584e-05,2.9802323164851456e-08,1e-08,252,D,analytical36,1.2706877896562219e-06,-2.7057656552642584e-05,analytical36-D-2-local-native-rsi64,analytical36-D-2-local-natural-ee,288,natural-ee,36,local,1e-10,3,41089f6d99c13862,201709.70007556962,41089f6d99cf6800,201709.70010262728,2.018097001026273e-05,hole
analytical36|D|local,2,native-rsi64,mean,288,36,0,43,1.824947304385205e-06,8.445335617246757e-09,1e-08,249,D,analytical36,1.824947304385205e-06,-1.0728887218647287e-06,analytical36-D-2-local-native-rsi64,analytical36-D-2-local-natural-ee,252,natural-ee,2,local,1e-10,3,406b02dc2f11ac92,216.08937791301702,406b02dc2b3de9b9,216.0893760880697,3.160893760880697e-08,compact
analytical36|D|local,2,native-rsi64,min,288,36,0,0,0.0,0.0,1e-08,0,D,analytical36,0.0,0.0,analytical36-D-2-local-native-rsi64,analytical36-D-2-local-natural-ee,252,natural-ee,2,local,1e-10,0,40733c0000000000,307.75,40733c0000000000,307.75,4.0775000000000006e-08,tiny
analytical36|D|local,2,native-rsi64,max,288,36,0,0,0.0,0.0,1e-08,0,D,analytical36,0.0,0.0,analytical36-D-2-local-native-rsi64,analytical36-D-2-local-natural-ee,252,natural-ee,2,local,1e-10,0,4073920000000000,313.125,4073920000000000,313.125,4.131250000000001e-08,tiny
analytical36|D|local,2,native-rsi256,sum,288,0,0,211,0.03160983324050903,2.981572835856969e-08,1e-08,250,D,analytical36,0.003399662673473358,-0.03160983324050903,analytical36-D-2-local-native-rsi256,analytical36-D-2-local-natural-ee,288,natural-ee,38,local,1e-10,30,41a96c1368ac1cd0,213256628.33615732,41a96c1368bc4bfa,213256628.36776716,0.021325672836776718,hole
analytical36|D|local,2,native-rsi256,support,288,0,0,180,2.7057656552642584e-05,2.9802323164851456e-08,1e-08,252,D,analytical36,1.2706877896562219e-06,-2.7057656552642584e-05,analytical36-D-2-local-native-rsi256,analytical36-D-2-local-natural-ee,288,natural-ee,36,local,1e-10,3,41089f6d99c13862,201709.70007556962,41089f6d99cf6800,201709.70010262728,2.018097001026273e-05,hole
analytical36|D|local,2,native-rsi256,mean,288,36,0,43,1.824947304385205e-06,8.445335617246757e-09,1e-08,249,D,analytical36,1.824947304385205e-06,-1.0728887218647287e-06,analytical36-D-2-local-native-rsi256,analytical36-D-2-local-natural-ee,252,natural-ee,2,local,1e-10,3,406b02dc2f11ac92,216.08937791301702,406b02dc2b3de9b9,216.0893760880697,3.160893760880697e-08,compact
analytical36|D|local,2,native-rsi256,min,288,36,0,0,0.0,0.0,1e-08,0,D,analytical36,0.0,0.0,analytical36-D-2-local-native-rsi256,analytical36-D-2-local-natural-ee,252,natural-ee,2,local,1e-10,0,40733c0000000000,307.75,40733c0000000000,307.75,4.0775000000000006e-08,tiny
analytical36|D|local,2,native-rsi256,max,288,36,0,0,0.0,0.0,1e-08,0,D,analytical36,0.0,0.0,analytical36-D-2-local-native-rsi256,analytical36-D-2-local-natural-ee,252,natural-ee,2,local,1e-10,0,4073920000000000,313.125,4073920000000000,313.125,4.131250000000001e-08,tiny
analytical36|D|local,2,native-skv-raw,sum,288,0,0,211,0.03160983324050903,2.981572835856969e-08,1e-08,250,D,analytical36,0.003399662673473358,-0.03160983324050903,analytical36-D-2-local-native-skv-raw,analytical36-D-2-local-natural-ee,288,natural-ee,38,local,1e-10,30,41a96c1368ac1cd0,213256628.33615732,41a96c1368bc4bfa,213256628.36776716,0.021325672836776718,hole
analytical36|D|local,2,native-skv-raw,support,288,0,0,180,2.7057656552642584e-05,2.9802323164851456e-08,1e-08,252,D,analytical36,1.2706877896562219e-06,-2.7057656552642584e-05,analytical36-D-2-local-native-skv-raw,analytical36-D-2-local-natural-ee,288,natural-ee,36,local,1e-10,3,41089f6d99c13862,201709.70007556962,41089f6d99cf6800,201709.70010262728,2.018097001026273e-05,hole
analytical36|D|local,2,native-skv-raw,mean,288,36,0,43,1.824947304385205e-06,8.445335617246757e-09,1e-08,249,D,analytical36,1.824947304385205e-06,-1.0728887218647287e-06,analytical36-D-2-local-native-skv-raw,analytical36-D-2-local-natural-ee,252,natural-ee,2,local,1e-10,3,406b02dc2f11ac92,216.08937791301702,406b02dc2b3de9b9,216.0893760880697,3.160893760880697e-08,compact
analytical36|D|local,2,native-skv-raw,min,288,36,0,0,0.0,0.0,1e-08,0,D,analytical36,0.0,0.0,analytical36-D-2-local-native-skv-raw,analytical36-D-2-local-natural-ee,252,natural-ee,2,local,1e-10,0,40733c0000000000,307.75,40733c0000000000,307.75,4.0775000000000006e-08,tiny
analytical36|D|local,2,native-skv-raw,max,288,36,0,0,0.0,0.0,1e-08,0,D,analytical36,0.0,0.0,analytical36-D-2-local-native-skv-raw,analytical36-D-2-local-natural-ee,252,natural-ee,2,local,1e-10,0,4073920000000000,313.125,4073920000000000,313.125,4.131250000000001e-08,tiny
analytical36|D|local,2,native-skv-summary,sum,288,0,0,211,0.03160983324050903,2.981572835856969e-08,1e-08,250,D,analytical36,0.003399662673473358,-0.03160983324050903,analytical36-D-2-local-native-skv-summary,analytical36-D-2-local-natural-ee,288,natural-ee,38,local,1e-10,30,41a96c1368ac1cd0,213256628.33615732,41a96c1368bc4bfa,213256628.36776716,0.021325672836776718,hole
analytical36|D|local,2,native-skv-summary,support,288,0,0,180,2.7057656552642584e-05,2.9802323164851456e-08,1e-08,252,D,analytical36,1.2706877896562219e-06,-2.7057656552642584e-05,analytical36-D-2-local-native-skv-summary,analytical36-D-2-local-natural-ee,288,natural-ee,36,local,1e-10,3,41089f6d99c13862,201709.70007556962,41089f6d99cf6800,201709.70010262728,2.018097001026273e-05,hole
analytical36|D|local,2,native-skv-summary,mean,288,36,0,43,1.824947304385205e-06,8.445335617246757e-09,1e-08,249,D,analytical36,1.824947304385205e-06,-1.0728887218647287e-06,analytical36-D-2-local-native-skv-summary,analytical36-D-2-local-natural-ee,252,natural-ee,2,local,1e-10,3,406b02dc2f11ac92,216.08937791301702,406b02dc2b3de9b9,216.0893760880697,3.160893760880697e-08,compact
analytical36|D|local,2,native-skv-summary,min,288,36,0,0,0.0,0.0,1e-08,0,D,analytical36,0.0,0.0,analytical36-D-2-local-native-skv-summary,analytical36-D-2-local-natural-ee,252,natural-ee,2,local,1e-10,0,40733c0000000000,307.75,40733c0000000000,307.75,4.0775000000000006e-08,tiny
analytical36|D|local,2,native-skv-summary,max,288,36,0,0,0.0,0.0,1e-08,0,D,analytical36,0.0,0.0,analytical36-D-2-local-native-skv-summary,analytical36-D-2-local-natural-ee,252,natural-ee,2,local,1e-10,0,4073920000000000,313.125,4073920000000000,313.125,4.131250000000001e-08,tiny
analytical40-1025x1031|A|http0,0,native-tiff,sum,1,0,0,0,0.07354235649108887,8.737835900456917e-11,1e-08,1,A,analytical40-1025x1031,0.07354235649108887,0.07354235649108887,analytical40-1025x1031-A-0-http0-native-tiff,analytical40-1025x1031-A-0-http0-natural-ee,1,natural-ee,0,http0,1e-10,23,41c9154fb7ad2a41,841654127.352852,41c9154fb7a3c06b,841654127.2793096,0.08416542272793096,interior
analytical40-1025x1031|A|http0,0,native-tiff,support,1,0,0,0,7.921026553958654e-05,8.198988277294777e-11,1e-08,1,A,analytical40-1025x1031,7.921026553958654e-05,7.921026553958654e-05,analytical40-1025x1031-A-0-http0-native-tiff,analytical40-1025x1031-A-0-http0-natural-ee,1,natural-ee,0,http0,1e-10,23,412d7ba4179916db,966098.0460898535,412d7ba4178eb500,966098.0460106432,9.661980460106433e-05,interior
analytical40-1025x1031|A|http0,0,native-tiff,mean,1,0,0,0,4.694356903200969e-09,5.388447444699556e-12,1e-08,1,A,analytical40-1025x1031,4.694356903200969e-09,4.694356903200969e-09,analytical40-1025x1031-A-0-http0-native-tiff,analytical40-1025x1031-A-0-http0-natural-ee,1,natural-ee,0,http0,1e-10,23,408b39835c9aed93,871.189141474128,408b39835c9a4c47,871.1891414694336,9.711891414694336e-08,interior
analytical40-1025x1031|A|http0,0,native-tiff,min,1,0,0,0,0.0,0.0,1e-08,0,A,analytical40-1025x1031,0.0,0.0,analytical40-1025x1031-A-0-http0-native-tiff,analytical40-1025x1031-A-0-http0-natural-ee,1,natural-ee,0,http0,1e-10,23,c0926b8000000000,-1178.875,c0926b8000000000,-1178.875,1.278875e-07,interior
analytical40-1025x1031|A|http0,0,native-tiff,max,1,0,0,0,0.0,0.0,1e-08,0,A,analytical40-1025x1031,0.0,0.0,analytical40-1025x1031-A-0-http0-native-tiff,analytical40-1025x1031-A-0-http0-natural-ee,1,natural-ee,0,http0,1e-10,23,40f869f000000000,99999.0,40f869f000000000,99999.0,1.00099e-05,interior
analytical40-1025x1031|A|http0,0,native-cog,sum,1,0,0,0,0.07354235649108887,8.737835900456917e-11,1e-08,1,A,analytical40-1025x1031,0.07354235649108887,0.07354235649108887,analytical40-1025x1031-A-0-http0-native-cog,analytical40-1025x1031-A-0-http0-natural-ee,1,natural-ee,0,http0,1e-10,23,41c9154fb7ad2a41,841654127.352852,41c9154fb7a3c06b,841654127.2793096,0.08416542272793096,interior
analytical40-1025x1031|A|http0,0,native-cog,support,1,0,0,0,7.921026553958654e-05,8.198988277294777e-11,1e-08,1,A,analytical40-1025x1031,7.921026553958654e-05,7.921026553958654e-05,analytical40-1025x1031-A-0-http0-native-cog,analytical40-1025x1031-A-0-http0-natural-ee,1,natural-ee,0,http0,1e-10,23,412d7ba4179916db,966098.0460898535,412d7ba4178eb500,966098.0460106432,9.661980460106433e-05,interior
analytical40-1025x1031|A|http0,0,native-cog,mean,1,0,0,0,4.694356903200969e-09,5.388447444699556e-12,1e-08,1,A,analytical40-1025x1031,4.694356903200969e-09,4.694356903200969e-09,analytical40-1025x1031-A-0-http0-native-cog,analytical40-1025x1031-A-0-http0-natural-ee,1,natural-ee,0,http0,1e-10,23,408b39835c9aed93,871.189141474128,408b39835c9a4c47,871.1891414694336,9.711891414694336e-08,interior
analytical40-1025x1031|A|http0,0,native-cog,min,1,0,0,0,0.0,0.0,1e-08,0,A,analytical40-1025x1031,0.0,0.0,analytical40-1025x1031-A-0-http0-native-cog,analytical40-1025x1031-A-0-http0-natural-ee,1,natural-ee,0,http0,1e-10,23,c0926b8000000000,-1178.875,c0926b8000000000,-1178.875,1.278875e-07,interior
analytical40-1025x1031|A|http0,0,native-cog,max,1,0,0,0,0.0,0.0,1e-08,0,A,analytical40-1025x1031,0.0,0.0,analytical40-1025x1031-A-0-http0-native-cog,analytical40-1025x1031-A-0-http0-natural-ee,1,natural-ee,0,http0,1e-10,23,40f869f000000000,99999.0,40f869f000000000,99999.0,1.00099e-05,interior
analytical40-1025x1031|A|http0,0,native-rsi64,sum,1,0,0,0,0.07354235649108887,8.737835900456917e-11,1e-08,1,A,analytical40-1025x1031,0.07354235649108887,0.07354235649108887,analytical40-1025x1031-A-0-http0-native-rsi64,analytical40-1025x1031-A-0-http0-natural-ee,1,natural-ee,0,http0,1e-10,23,41c9154fb7ad2a41,841654127.352852,41c9154fb7a3c06b,841654127.2793096,0.08416542272793096,interior
analytical40-1025x1031|A|http0,0,native-rsi64,support,1,0,0,0,7.921026553958654e-05,8.198988277294777e-11,1e-08,1,A,analytical40-1025x1031,7.921026553958654e-05,7.921026553958654e-05,analytical40-1025x1031-A-0-http0-native-rsi64,analytical40-1025x1031-A-0-http0-natural-ee,1,natural-ee,0,http0,1e-10,23,412d7ba4179916db,966098.0460898535,412d7ba4178eb500,966098.0460106432,9.661980460106433e-05,interior
analytical40-1025x1031|A|http0,0,native-rsi64,mean,1,0,0,0,4.694356903200969e-09,5.388447444699556e-12,1e-08,1,A,analytical40-1025x1031,4.694356903200969e-09,4.694356903200969e-09,analytical40-1025x1031-A-0-http0-native-rsi64,analytical40-1025x1031-A-0-http0-natural-ee,1,natural-ee,0,http0,1e-10,23,408b39835c9aed93,871.189141474128,408b39835c9a4c47,871.1891414694336,9.711891414694336e-08,interior
analytical40-1025x1031|A|http0,0,native-rsi64,min,1,0,0,0,0.0,0.0,1e-08,0,A,analytical40-1025x1031,0.0,0.0,analytical40-1025x1031-A-0-http0-native-rsi64,analytical40-1025x1031-A-0-http0-natural-ee,1,natural-ee,0,http0,1e-10,23,c0926b8000000000,-1178.875,c0926b8000000000,-1178.875,1.278875e-07,interior
analytical40-1025x1031|A|http0,0,native-rsi64,max,1,0,0,0,0.0,0.0,1e-08,0,A,analytical40-1025x1031,0.0,0.0,analytical40-1025x1031-A-0-http0-native-rsi64,analytical40-1025x1031-A-0-http0-natural-ee,1,natural-ee,0,http0,1e-10,23,40f869f000000000,99999.0,40f869f000000000,99999.0,1.00099e-05,interior
analytical40-1025x1031|A|http0,0,native-rsi256,sum,1,0,0,0,0.07354235649108887,8.737835900456917e-11,1e-08,1,A,analytical40-1025x1031,0.07354235649108887,0.07354235649108887,analytical40-1025x1031-A-0-http0-native-rsi256,analytical40-1025x1031-A-0-http0-natural-ee,1,natural-ee,0,http0,1e-10,23,41c9154fb7ad2a41,841654127.352852,41c9154fb7a3c06b,841654127.2793096,0.08416542272793096,interior
analytical40-1025x1031|A|http0,0,native-rsi256,support,1,0,0,0,7.921026553958654e-05,8.198988277294777e-11,1e-08,1,A,analytical40-1025x1031,7.921026553958654e-05,7.921026553958654e-05,analytical40-1025x1031-A-0-http0-native-rsi256,analytical40-1025x1031-A-0-http0-natural-ee,1,natural-ee,0,http0,1e-10,23,412d7ba4179916db,966098.0460898535,412d7ba4178eb500,966098.0460106432,9.661980460106433e-05,interior
analytical40-1025x1031|A|http0,0,native-rsi256,mean,1,0,0,0,4.694356903200969e-09,5.388447444699556e-12,1e-08,1,A,analytical40-1025x1031,4.694356903200969e-09,4.694356903200969e-09,analytical40-1025x1031-A-0-http0-native-rsi256,analytical40-1025x1031-A-0-http0-natural-ee,1,natural-ee,0,http0,1e-10,23,408b39835c9aed93,871.189141474128,408b39835c9a4c47,871.1891414694336,9.711891414694336e-08,interior
analytical40-1025x1031|A|http0,0,native-rsi256,min,1,0,0,0,0.0,0.0,1e-08,0,A,analytical40-1025x1031,0.0,0.0,analytical40-1025x1031-A-0-http0-native-rsi256,analytical40-1025x1031-A-0-http0-natural-ee,1,natural-ee,0,http0,1e-10,23,c0926b8000000000,-1178.875,c0926b8000000000,-1178.875,1.278875e-07,interior
analytical40-1025x1031|A|http0,0,native-rsi256,max,1,0,0,0,0.0,0.0,1e-08,0,A,analytical40-1025x1031,0.0,0.0,analytical40-1025x1031-A-0-http0-native-rsi256,analytical40-1025x1031-A-0-http0-natural-ee,1,natural-ee,0,http0,1e-10,23,40f869f000000000,99999.0,40f869f000000000,99999.0,1.00099e-05,interior
analytical40-1025x1031|A|http0,0,native-skv-raw,sum,1,0,0,0,0.07354235649108887,8.737835900456917e-11,1e-08,1,A,analytical40-1025x1031,0.07354235649108887,0.07354235649108887,analytical40-1025x1031-A-0-http0-native-skv-raw,analytical40-1025x1031-A-0-http0-natural-ee,1,natural-ee,0,http0,1e-10,23,41c9154fb7ad2a41,841654127.352852,41c9154fb7a3c06b,841654127.2793096,0.08416542272793096,interior
analytical40-1025x1031|A|http0,0,native-skv-raw,support,1,0,0,0,7.921026553958654e-05,8.198988277294777e-11,1e-08,1,A,analytical40-1025x1031,7.921026553958654e-05,7.921026553958654e-05,analytical40-1025x1031-A-0-http0-native-skv-raw,analytical40-1025x1031-A-0-http0-natural-ee,1,natural-ee,0,http0,1e-10,23,412d7ba4179916db,966098.0460898535,412d7ba4178eb500,966098.0460106432,9.661980460106433e-05,interior
analytical40-1025x1031|A|http0,0,native-skv-raw,mean,1,0,0,0,4.694356903200969e-09,5.388447444699556e-12,1e-08,1,A,analytical40-1025x1031,4.694356903200969e-09,4.694356903200969e-09,analytical40-1025x1031-A-0-http0-native-skv-raw,analytical40-1025x1031-A-0-http0-natural-ee,1,natural-ee,0,http0,1e-10,23,408b39835c9aed93,871.189141474128,408b39835c9a4c47,871.1891414694336,9.711891414694336e-08,interior
analytical40-1025x1031|A|http0,0,native-skv-raw,min,1,0,0,0,0.0,0.0,1e-08,0,A,analytical40-1025x1031,0.0,0.0,analytical40-1025x1031-A-0-http0-native-skv-raw,analytical40-1025x1031-A-0-http0-natural-ee,1,natural-ee,0,http0,1e-10,23,c0926b8000000000,-1178.875,c0926b8000000000,-1178.875,1.278875e-07,interior
analytical40-1025x1031|A|http0,0,native-skv-raw,max,1,0,0,0,0.0,0.0,1e-08,0,A,analytical40-1025x1031,0.0,0.0,analytical40-1025x1031-A-0-http0-native-skv-raw,analytical40-1025x1031-A-0-http0-natural-ee,1,natural-ee,0,http0,1e-10,23,40f869f000000000,99999.0,40f869f000000000,99999.0,1.00099e-05,interior
analytical40-1025x1031|A|http0,0,native-skv-summary,sum,1,0,0,0,0.07354235649108887,8.737835900456917e-11,1e-08,1,A,analytical40-1025x1031,0.07354235649108887,0.07354235649108887,analytical40-1025x1031-A-0-http0-native-skv-summary,analytical40-1025x1031-A-0-http0-natural-ee,1,natural-ee,0,http0,1e-10,23,41c9154fb7ad2a41,841654127.352852,41c9154fb7a3c06b,841654127.2793096,0.08416542272793096,interior
analytical40-1025x1031|A|http0,0,native-skv-summary,support,1,0,0,0,7.921026553958654e-05,8.198988277294777e-11,1e-08,1,A,analytical40-1025x1031,7.921026553958654e-05,7.921026553958654e-05,analytical40-1025x1031-A-0-http0-native-skv-summary,analytical40-1025x1031-A-0-http0-natural-ee,1,natural-ee,0,http0,1e-10,23,412d7ba4179916db,966098.0460898535,412d7ba4178eb500,966098.0460106432,9.661980460106433e-05,interior
analytical40-1025x1031|A|http0,0,native-skv-summary,mean,1,0,0,0,4.694356903200969e-09,5.388447444699556e-12,1e-08,1,A,analytical40-1025x1031,4.694356903200969e-09,4.694356903200969e-09,analytical40-1025x1031-A-0-http0-native-skv-summary,analytical40-1025x1031-A-0-http0-natural-ee,1,natural-ee,0,http0,1e-10,23,408b39835c9aed93,871.189141474128,408b39835c9a4c47,871.1891414694336,9.711891414694336e-08,interior
analytical40-1025x1031|A|http0,0,native-skv-summary,min,1,0,0,0,0.0,0.0,1e-08,0,A,analytical40-1025x1031,0.0,0.0,analytical40-1025x1031-A-0-http0-native-skv-summary,analytical40-1025x1031-A-0-http0-natural-ee,1,natural-ee,0,http0,1e-10,23,c0926b8000000000,-1178.875,c0926b8000000000,-1178.875,1.278875e-07,interior
analytical40-1025x1031|A|http0,0,native-skv-summary,max,1,0,0,0,0.0,0.0,1e-08,0,A,analytical40-1025x1031,0.0,0.0,analytical40-1025x1031-A-0-http0-native-skv-summary,analytical40-1025x1031-A-0-http0-natural-ee,1,natural-ee,0,http0,1e-10,23,40f869f000000000,99999.0,40f869f000000000,99999.0,1.00099e-05,interior
analytical40-1025x1031|A|http0,1,native-tiff,sum,1,0,0,0,0.037224411964416504,4.3971301113032666e-11,1e-08,1,A,analytical40-1025x1031,-0.037224411964416504,-0.037224411964416504,analytical40-1025x1031-A-1-http0-native-tiff,analytical40-1025x1031-A-1-http0-natural-ee,1,natural-ee,0,http0,1e-10,23,41c93ac07d2fdb5a,846561530.3738816,41c93ac07d349f1f,846561530.411106,0.0846561630411106,interior
analytical40-1025x1031|A|http0,1,native-tiff,support,1,0,0,0,4.3689506128430367e-05,4.49593432390605e-11,1e-08,1,A,analytical40-1025x1031,-4.3689506128430367e-05,-4.3689506128430367e-05,analytical40-1025x1031-A-1-http0-native-tiff,analytical40-1025x1031-A-1-http0-natural-ee,1,natural-ee,0,http0,1e-10,23,412da7d7c2408f86,971755.8793988086,412da7d7c2464980,971755.8794424981,9.71855879442498e-05,interior
analytical40-1025x1031|A|http0,1,native-tiff,mean,1,0,0,0,8.60723048390355e-10,9.880116834966735e-13,1e-08,1,A,analytical40-1025x1031,8.60723048390355e-10,8.60723048390355e-10,analytical40-1025x1031-A-1-http0-native-tiff,analytical40-1025x1031-A-1-http0-natural-ee,1,natural-ee,0,http0,1e-10,23,408b3955c14b7dd0,871.1668725869913,408b3955c14b603d,871.1668725861306,9.711668725861305e-08,interior
analytical40-1025x1031|A|http0,1,native-tiff,min,1,0,0,0,0.0,0.0,1e-08,0,A,analytical40-1025x1031,0.0,0.0,analytical40-1025x1031-A-1-http0-native-tiff,analytical40-1025x1031-A-1-http0-natural-ee,1,natural-ee,0,http0,1e-10,23,c0926b8000000000,-1178.875,c0926b8000000000,-1178.875,1.278875e-07,interior
analytical40-1025x1031|A|http0,1,native-tiff,max,1,0,0,0,0.0,0.0,1e-08,0,A,analytical40-1025x1031,0.0,0.0,analytical40-1025x1031-A-1-http0-native-tiff,analytical40-1025x1031-A-1-http0-natural-ee,1,natural-ee,0,http0,1e-10,23,40f869f000000000,99999.0,40f869f000000000,99999.0,1.00099e-05,interior
analytical40-1025x1031|A|http0,1,native-cog,sum,1,0,0,0,0.037224411964416504,4.3971301113032666e-11,1e-08,1,A,analytical40-1025x1031,-0.037224411964416504,-0.037224411964416504,analytical40-1025x1031-A-1-http0-native-cog,analytical40-1025x1031-A-1-http0-natural-ee,1,natural-ee,0,http0,1e-10,23,41c93ac07d2fdb5a,846561530.3738816,41c93ac07d349f1f,846561530.411106,0.0846561630411106,interior
analytical40-1025x1031|A|http0,1,native-cog,support,1,0,0,0,4.3689506128430367e-05,4.49593432390605e-11,1e-08,1,A,analytical40-1025x1031,-4.3689506128430367e-05,-4.3689506128430367e-05,analytical40-1025x1031-A-1-http0-native-cog,analytical40-1025x1031-A-1-http0-natural-ee,1,natural-ee,0,http0,1e-10,23,412da7d7c2408f86,971755.8793988086,412da7d7c2464980,971755.8794424981,9.71855879442498e-05,interior
analytical40-1025x1031|A|http0,1,native-cog,mean,1,0,0,0,8.60723048390355e-10,9.880116834966735e-13,1e-08,1,A,analytical40-1025x1031,8.60723048390355e-10,8.60723048390355e-10,analytical40-1025x1031-A-1-http0-native-cog,analytical40-1025x1031-A-1-http0-natural-ee,1,natural-ee,0,http0,1e-10,23,408b3955c14b7dd0,871.1668725869913,408b3955c14b603d,871.1668725861306,9.711668725861305e-08,interior
analytical40-1025x1031|A|http0,1,native-cog,min,1,0,0,0,0.0,0.0,1e-08,0,A,analytical40-1025x1031,0.0,0.0,analytical40-1025x1031-A-1-http0-native-cog,analytical40-1025x1031-A-1-http0-natural-ee,1,natural-ee,0,http0,1e-10,23,c0926b8000000000,-1178.875,c0926b8000000000,-1178.875,1.278875e-07,interior
analytical40-1025x1031|A|http0,1,native-cog,max,1,0,0,0,0.0,0.0,1e-08,0,A,analytical40-1025x1031,0.0,0.0,analytical40-1025x1031-A-1-http0-native-cog,analytical40-1025x1031-A-1-http0-natural-ee,1,natural-ee,0,http0,1e-10,23,40f869f000000000,99999.0,40f869f000000000,99999.0,1.00099e-05,interior
analytical40-1025x1031|A|http0,1,native-rsi64,sum,1,0,0,0,0.037224411964416504,4.3971301113032666e-11,1e-08,1,A,analytical40-1025x1031,-0.037224411964416504,-0.037224411964416504,analytical40-1025x1031-A-1-http0-native-rsi64,analytical40-1025x1031-A-1-http0-natural-ee,1,natural-ee,0,http0,1e-10,23,41c93ac07d2fdb5a,846561530.3738816,41c93ac07d349f1f,846561530.411106,0.0846561630411106,interior
analytical40-1025x1031|A|http0,1,native-rsi64,support,1,0,0,0,4.3689506128430367e-05,4.49593432390605e-11,1e-08,1,A,analytical40-1025x1031,-4.3689506128430367e-05,-4.3689506128430367e-05,analytical40-1025x1031-A-1-http0-native-rsi64,analytical40-1025x1031-A-1-http0-natural-ee,1,natural-ee,0,http0,1e-10,23,412da7d7c2408f86,971755.8793988086,412da7d7c2464980,971755.8794424981,9.71855879442498e-05,interior
analytical40-1025x1031|A|http0,1,native-rsi64,mean,1,0,0,0,8.60723048390355e-10,9.880116834966735e-13,1e-08,1,A,analytical40-1025x1031,8.60723048390355e-10,8.60723048390355e-10,analytical40-1025x1031-A-1-http0-native-rsi64,analytical40-1025x1031-A-1-http0-natural-ee,1,natural-ee,0,http0,1e-10,23,408b3955c14b7dd0,871.1668725869913,408b3955c14b603d,871.1668725861306,9.711668725861305e-08,interior
analytical40-1025x1031|A|http0,1,native-rsi64,min,1,0,0,0,0.0,0.0,1e-08,0,A,analytical40-1025x1031,0.0,0.0,analytical40-1025x1031-A-1-http0-native-rsi64,analytical40-1025x1031-A-1-http0-natural-ee,1,natural-ee,0,http0,1e-10,23,c0926b8000000000,-1178.875,c0926b8000000000,-1178.875,1.278875e-07,interior
analytical40-1025x1031|A|http0,1,native-rsi64,max,1,0,0,0,0.0,0.0,1e-08,0,A,analytical40-1025x1031,0.0,0.0,analytical40-1025x1031-A-1-http0-native-rsi64,analytical40-1025x1031-A-1-http0-natural-ee,1,natural-ee,0,http0,1e-10,23,40f869f000000000,99999.0,40f869f000000000,99999.0,1.00099e-05,interior
analytical40-1025x1031|A|http0,1,native-rsi256,sum,1,0,0,0,0.037224411964416504,4.3971301113032666e-11,1e-08,1,A,analytical40-1025x1031,-0.037224411964416504,-0.037224411964416504,analytical40-1025x1031-A-1-http0-native-rsi256,analytical40-1025x1031-A-1-http0-natural-ee,1,natural-ee,0,http0,1e-10,23,41c93ac07d2fdb5a,846561530.3738816,41c93ac07d349f1f,846561530.411106,0.0846561630411106,interior
analytical40-1025x1031|A|http0,1,native-rsi256,support,1,0,0,0,4.3689506128430367e-05,4.49593432390605e-11,1e-08,1,A,analytical40-1025x1031,-4.3689506128430367e-05,-4.3689506128430367e-05,analytical40-1025x1031-A-1-http0-native-rsi256,analytical40-1025x1031-A-1-http0-natural-ee,1,natural-ee,0,http0,1e-10,23,412da7d7c2408f86,971755.8793988086,412da7d7c2464980,971755.8794424981,9.71855879442498e-05,interior
analytical40-1025x1031|A|http0,1,native-rsi256,mean,1,0,0,0,8.60723048390355e-10,9.880116834966735e-13,1e-08,1,A,analytical40-1025x1031,8.60723048390355e-10,8.60723048390355e-10,analytical40-1025x1031-A-1-http0-native-rsi256,analytical40-1025x1031-A-1-http0-natural-ee,1,natural-ee,0,http0,1e-10,23,408b3955c14b7dd0,871.1668725869913,408b3955c14b603d,871.1668725861306,9.711668725861305e-08,interior
analytical40-1025x1031|A|http0,1,native-rsi256,min,1,0,0,0,0.0,0.0,1e-08,0,A,analytical40-1025x1031,0.0,0.0,analytical40-1025x1031-A-1-http0-native-rsi256,analytical40-1025x1031-A-1-http0-natural-ee,1,natural-ee,0,http0,1e-10,23,c0926b8000000000,-1178.875,c0926b8000000000,-1178.875,1.278875e-07,interior
analytical40-1025x1031|A|http0,1,native-rsi256,max,1,0,0,0,0.0,0.0,1e-08,0,A,analytical40-1025x1031,0.0,0.0,analytical40-1025x1031-A-1-http0-native-rsi256,analytical40-1025x1031-A-1-http0-natural-ee,1,natural-ee,0,http0,1e-10,23,40f869f000000000,99999.0,40f869f000000000,99999.0,1.00099e-05,interior
analytical40-1025x1031|A|http0,1,native-skv-raw,sum,1,0,0,0,0.037224411964416504,4.3971301113032666e-11,1e-08,1,A,analytical40-1025x1031,-0.037224411964416504,-0.037224411964416504,analytical40-1025x1031-A-1-http0-native-skv-raw,analytical40-1025x1031-A-1-http0-natural-ee,1,natural-ee,0,http0,1e-10,23,41c93ac07d2fdb5a,846561530.3738816,41c93ac07d349f1f,846561530.411106,0.0846561630411106,interior
analytical40-1025x1031|A|http0,1,native-skv-raw,support,1,0,0,0,4.3689506128430367e-05,4.49593432390605e-11,1e-08,1,A,analytical40-1025x1031,-4.3689506128430367e-05,-4.3689506128430367e-05,analytical40-1025x1031-A-1-http0-native-skv-raw,analytical40-1025x1031-A-1-http0-natural-ee,1,natural-ee,0,http0,1e-10,23,412da7d7c2408f86,971755.8793988086,412da7d7c2464980,971755.8794424981,9.71855879442498e-05,interior
analytical40-1025x1031|A|http0,1,native-skv-raw,mean,1,0,0,0,8.60723048390355e-10,9.880116834966735e-13,1e-08,1,A,analytical40-1025x1031,8.60723048390355e-10,8.60723048390355e-10,analytical40-1025x1031-A-1-http0-native-skv-raw,analytical40-1025x1031-A-1-http0-natural-ee,1,natural-ee,0,http0,1e-10,23,408b3955c14b7dd0,871.1668725869913,408b3955c14b603d,871.1668725861306,9.711668725861305e-08,interior
analytical40-1025x1031|A|http0,1,native-skv-raw,min,1,0,0,0,0.0,0.0,1e-08,0,A,analytical40-1025x1031,0.0,0.0,analytical40-1025x1031-A-1-http0-native-skv-raw,analytical40-1025x1031-A-1-http0-natural-ee,1,natural-ee,0,http0,1e-10,23,c0926b8000000000,-1178.875,c0926b8000000000,-1178.875,1.278875e-07,interior
analytical40-1025x1031|A|http0,1,native-skv-raw,max,1,0,0,0,0.0,0.0,1e-08,0,A,analytical40-1025x1031,0.0,0.0,analytical40-1025x1031-A-1-http0-native-skv-raw,analytical40-1025x1031-A-1-http0-natural-ee,1,natural-ee,0,http0,1e-10,23,40f869f000000000,99999.0,40f869f000000000,99999.0,1.00099e-05,interior
analytical40-1025x1031|A|http0,1,native-skv-summary,sum,1,0,0,0,0.037224411964416504,4.3971301113032666e-11,1e-08,1,A,analytical40-1025x1031,-0.037224411964416504,-0.037224411964416504,analytical40-1025x1031-A-1-http0-native-skv-summary,analytical40-1025x1031-A-1-http0-natural-ee,1,natural-ee,0,http0,1e-10,23,41c93ac07d2fdb5a,846561530.3738816,41c93ac07d349f1f,846561530.411106,0.0846561630411106,interior
analytical40-1025x1031|A|http0,1,native-skv-summary,support,1,0,0,0,4.3689506128430367e-05,4.49593432390605e-11,1e-08,1,A,analytical40-1025x1031,-4.3689506128430367e-05,-4.3689506128430367e-05,analytical40-1025x1031-A-1-http0-native-skv-summary,analytical40-1025x1031-A-1-http0-natural-ee,1,natural-ee,0,http0,1e-10,23,412da7d7c2408f86,971755.8793988086,412da7d7c2464980,971755.8794424981,9.71855879442498e-05,interior
analytical40-1025x1031|A|http0,1,native-skv-summary,mean,1,0,0,0,8.60723048390355e-10,9.880116834966735e-13,1e-08,1,A,analytical40-1025x1031,8.60723048390355e-10,8.60723048390355e-10,analytical40-1025x1031-A-1-http0-native-skv-summary,analytical40-1025x1031-A-1-http0-natural-ee,1,natural-ee,0,http0,1e-10,23,408b3955c14b7dd0,871.1668725869913,408b3955c14b603d,871.1668725861306,9.711668725861305e-08,interior
analytical40-1025x1031|A|http0,1,native-skv-summary,min,1,0,0,0,0.0,0.0,1e-08,0,A,analytical40-1025x1031,0.0,0.0,analytical40-1025x1031-A-1-http0-native-skv-summary,analytical40-1025x1031-A-1-http0-natural-ee,1,natural-ee,0,http0,1e-10,23,c0926b8000000000,-1178.875,c0926b8000000000,-1178.875,1.278875e-07,interior
analytical40-1025x1031|A|http0,1,native-skv-summary,max,1,0,0,0,0.0,0.0,1e-08,0,A,analytical40-1025x1031,0.0,0.0,analytical40-1025x1031-A-1-http0-native-skv-summary,analytical40-1025x1031-A-1-http0-natural-ee,1,natural-ee,0,http0,1e-10,23,40f869f000000000,99999.0,40f869f000000000,99999.0,1.00099e-05,interior
analytical40-1025x1031|A|http0,2,native-tiff,sum,1,0,0,0,0.04970204830169678,5.832223694618706e-11,1e-08,1,A,analytical40-1025x1031,-0.04970204830169678,-0.04970204830169678,analytical40-1025x1031-A-2-http0-native-tiff,analytical40-1025x1031-A-2-http0-natural-ee,1,natural-ee,0,http0,1e-10,23,41c965bfb2ef63c7,852197221.8702325,41c965bfb2f5c06a,852197221.9199345,0.08521973219199346,interior
analytical40-1025x1031|A|http0,2,native-tiff,support,1,0,0,0,5.54501311853528e-05,5.6689346785858214e-11,1e-08,1,A,analytical40-1025x1031,-5.54501311853528e-05,-5.54501311853528e-05,analytical40-1025x1031-A-2-http0-native-tiff,analytical40-1025x1031-A-2-http0-natural-ee,1,natural-ee,0,http0,1e-10,23,412dd9b87a14ff67,978140.2384414495,412dd9b87a1c4400,978140.2384968996,9.782402384968995e-05,interior
analytical40-1025x1031|A|http0,2,native-tiff,mean,1,0,0,0,1.4225634004105814e-09,1.6327986855198848e-12,1e-08,1,A,analytical40-1025x1031,-1.4225634004105814e-09,-1.4225634004105814e-09,analytical40-1025x1031-A-2-http0-native-tiff,analytical40-1025x1031-A-2-http0-natural-ee,1,natural-ee,0,http0,1e-10,23,408b39f060ef9182,871.2423723903923,408b39f060efc263,871.2423723918149,9.712423723918149e-08,interior
analytical40-1025x1031|A|http0,2,native-tiff,min,1,0,0,0,0.0,0.0,1e-08,0,A,analytical40-1025x1031,0.0,0.0,analytical40-1025x1031-A-2-http0-native-tiff,analytical40-1025x1031-A-2-http0-natural-ee,1,natural-ee,0,http0,1e-10,23,c0926b8000000000,-1178.875,c0926b8000000000,-1178.875,1.278875e-07,interior
analytical40-1025x1031|A|http0,2,native-tiff,max,1,0,0,0,0.0,0.0,1e-08,0,A,analytical40-1025x1031,0.0,0.0,analytical40-1025x1031-A-2-http0-native-tiff,analytical40-1025x1031-A-2-http0-natural-ee,1,natural-ee,0,http0,1e-10,23,40f869f000000000,99999.0,40f869f000000000,99999.0,1.00099e-05,interior
analytical40-1025x1031|A|http0,2,native-cog,sum,1,0,0,0,0.04970204830169678,5.832223694618706e-11,1e-08,1,A,analytical40-1025x1031,-0.04970204830169678,-0.04970204830169678,analytical40-1025x1031-A-2-http0-native-cog,analytical40-1025x1031-A-2-http0-natural-ee,1,natural-ee,0,http0,1e-10,23,41c965bfb2ef63c7,852197221.8702325,41c965bfb2f5c06a,852197221.9199345,0.08521973219199346,interior
analytical40-1025x1031|A|http0,2,native-cog,support,1,0,0,0,5.54501311853528e-05,5.6689346785858214e-11,1e-08,1,A,analytical40-1025x1031,-5.54501311853528e-05,-5.54501311853528e-05,analytical40-1025x1031-A-2-http0-native-cog,analytical40-1025x1031-A-2-http0-natural-ee,1,natural-ee,0,http0,1e-10,23,412dd9b87a14ff67,978140.2384414495,412dd9b87a1c4400,978140.2384968996,9.782402384968995e-05,interior
analytical40-1025x1031|A|http0,2,native-cog,mean,1,0,0,0,1.4225634004105814e-09,1.6327986855198848e-12,1e-08,1,A,analytical40-1025x1031,-1.4225634004105814e-09,-1.4225634004105814e-09,analytical40-1025x1031-A-2-http0-native-cog,analytical40-1025x1031-A-2-http0-natural-ee,1,natural-ee,0,http0,1e-10,23,408b39f060ef9182,871.2423723903923,408b39f060efc263,871.2423723918149,9.712423723918149e-08,interior
analytical40-1025x1031|A|http0,2,native-cog,min,1,0,0,0,0.0,0.0,1e-08,0,A,analytical40-1025x1031,0.0,0.0,analytical40-1025x1031-A-2-http0-native-cog,analytical40-1025x1031-A-2-http0-natural-ee,1,natural-ee,0,http0,1e-10,23,c0926b8000000000,-1178.875,c0926b8000000000,-1178.875,1.278875e-07,interior
analytical40-1025x1031|A|http0,2,native-cog,max,1,0,0,0,0.0,0.0,1e-08,0,A,analytical40-1025x1031,0.0,0.0,analytical40-1025x1031-A-2-http0-native-cog,analytical40-1025x1031-A-2-http0-natural-ee,1,natural-ee,0,http0,1e-10,23,40f869f000000000,99999.0,40f869f000000000,99999.0,1.00099e-05,interior
analytical40-1025x1031|A|http0,2,native-rsi64,sum,1,0,0,0,0.04970204830169678,5.832223694618706e-11,1e-08,1,A,analytical40-1025x1031,-0.04970204830169678,-0.04970204830169678,analytical40-1025x1031-A-2-http0-native-rsi64,analytical40-1025x1031-A-2-http0-natural-ee,1,natural-ee,0,http0,1e-10,23,41c965bfb2ef63c7,852197221.8702325,41c965bfb2f5c06a,852197221.9199345,0.08521973219199346,interior
analytical40-1025x1031|A|http0,2,native-rsi64,support,1,0,0,0,5.54501311853528e-05,5.6689346785858214e-11,1e-08,1,A,analytical40-1025x1031,-5.54501311853528e-05,-5.54501311853528e-05,analytical40-1025x1031-A-2-http0-native-rsi64,analytical40-1025x1031-A-2-http0-natural-ee,1,natural-ee,0,http0,1e-10,23,412dd9b87a14ff67,978140.2384414495,412dd9b87a1c4400,978140.2384968996,9.782402384968995e-05,interior
analytical40-1025x1031|A|http0,2,native-rsi64,mean,1,0,0,0,1.4225634004105814e-09,1.6327986855198848e-12,1e-08,1,A,analytical40-1025x1031,-1.4225634004105814e-09,-1.4225634004105814e-09,analytical40-1025x1031-A-2-http0-native-rsi64,analytical40-1025x1031-A-2-http0-natural-ee,1,natural-ee,0,http0,1e-10,23,408b39f060ef9182,871.2423723903923,408b39f060efc263,871.2423723918149,9.712423723918149e-08,interior
analytical40-1025x1031|A|http0,2,native-rsi64,min,1,0,0,0,0.0,0.0,1e-08,0,A,analytical40-1025x1031,0.0,0.0,analytical40-1025x1031-A-2-http0-native-rsi64,analytical40-1025x1031-A-2-http0-natural-ee,1,natural-ee,0,http0,1e-10,23,c0926b8000000000,-1178.875,c0926b8000000000,-1178.875,1.278875e-07,interior
analytical40-1025x1031|A|http0,2,native-rsi64,max,1,0,0,0,0.0,0.0,1e-08,0,A,analytical40-1025x1031,0.0,0.0,analytical40-1025x1031-A-2-http0-native-rsi64,analytical40-1025x1031-A-2-http0-natural-ee,1,natural-ee,0,http0,1e-10,23,40f869f000000000,99999.0,40f869f000000000,99999.0,1.00099e-05,interior
analytical40-1025x1031|A|http0,2,native-rsi256,sum,1,0,0,0,0.04970204830169678,5.832223694618706e-11,1e-08,1,A,analytical40-1025x1031,-0.04970204830169678,-0.04970204830169678,analytical40-1025x1031-A-2-http0-native-rsi256,analytical40-1025x1031-A-2-http0-natural-ee,1,natural-ee,0,http0,1e-10,23,41c965bfb2ef63c7,852197221.8702325,41c965bfb2f5c06a,852197221.9199345,0.08521973219199346,interior
analytical40-1025x1031|A|http0,2,native-rsi256,support,1,0,0,0,5.54501311853528e-05,5.6689346785858214e-11,1e-08,1,A,analytical40-1025x1031,-5.54501311853528e-05,-5.54501311853528e-05,analytical40-1025x1031-A-2-http0-native-rsi256,analytical40-1025x1031-A-2-http0-natural-ee,1,natural-ee,0,http0,1e-10,23,412dd9b87a14ff67,978140.2384414495,412dd9b87a1c4400,978140.2384968996,9.782402384968995e-05,interior
analytical40-1025x1031|A|http0,2,native-rsi256,mean,1,0,0,0,1.4225634004105814e-09,1.6327986855198848e-12,1e-08,1,A,analytical40-1025x1031,-1.4225634004105814e-09,-1.4225634004105814e-09,analytical40-1025x1031-A-2-http0-native-rsi256,analytical40-1025x1031-A-2-http0-natural-ee,1,natural-ee,0,http0,1e-10,23,408b39f060ef9182,871.2423723903923,408b39f060efc263,871.2423723918149,9.712423723918149e-08,interior
analytical40-1025x1031|A|http0,2,native-rsi256,min,1,0,0,0,0.0,0.0,1e-08,0,A,analytical40-1025x1031,0.0,0.0,analytical40-1025x1031-A-2-http0-native-rsi256,analytical40-1025x1031-A-2-http0-natural-ee,1,natural-ee,0,http0,1e-10,23,c0926b8000000000,-1178.875,c0926b8000000000,-1178.875,1.278875e-07,interior
analytical40-1025x1031|A|http0,2,native-rsi256,max,1,0,0,0,0.0,0.0,1e-08,0,A,analytical40-1025x1031,0.0,0.0,analytical40-1025x1031-A-2-http0-native-rsi256,analytical40-1025x1031-A-2-http0-natural-ee,1,natural-ee,0,http0,1e-10,23,40f869f000000000,99999.0,40f869f000000000,99999.0,1.00099e-05,interior
analytical40-1025x1031|A|http0,2,native-skv-raw,sum,1,0,0,0,0.04970204830169678,5.832223694618706e-11,1e-08,1,A,analytical40-1025x1031,-0.04970204830169678,-0.04970204830169678,analytical40-1025x1031-A-2-http0-native-skv-raw,analytical40-1025x1031-A-2-http0-natural-ee,1,natural-ee,0,http0,1e-10,23,41c965bfb2ef63c7,852197221.8702325,41c965bfb2f5c06a,852197221.9199345,0.08521973219199346,interior
analytical40-1025x1031|A|http0,2,native-skv-raw,support,1,0,0,0,5.54501311853528e-05,5.6689346785858214e-11,1e-08,1,A,analytical40-1025x1031,-5.54501311853528e-05,-5.54501311853528e-05,analytical40-1025x1031-A-2-http0-native-skv-raw,analytical40-1025x1031-A-2-http0-natural-ee,1,natural-ee,0,http0,1e-10,23,412dd9b87a14ff67,978140.2384414495,412dd9b87a1c4400,978140.2384968996,9.782402384968995e-05,interior
analytical40-1025x1031|A|http0,2,native-skv-raw,mean,1,0,0,0,1.4225634004105814e-09,1.6327986855198848e-12,1e-08,1,A,analytical40-1025x1031,-1.4225634004105814e-09,-1.4225634004105814e-09,analytical40-1025x1031-A-2-http0-native-skv-raw,analytical40-1025x1031-A-2-http0-natural-ee,1,natural-ee,0,http0,1e-10,23,408b39f060ef9182,871.2423723903923,408b39f060efc263,871.2423723918149,9.712423723918149e-08,interior
analytical40-1025x1031|A|http0,2,native-skv-raw,min,1,0,0,0,0.0,0.0,1e-08,0,A,analytical40-1025x1031,0.0,0.0,analytical40-1025x1031-A-2-http0-native-skv-raw,analytical40-1025x1031-A-2-http0-natural-ee,1,natural-ee,0,http0,1e-10,23,c0926b8000000000,-1178.875,c0926b8000000000,-1178.875,1.278875e-07,interior
analytical40-1025x1031|A|http0,2,native-skv-raw,max,1,0,0,0,0.0,0.0,1e-08,0,A,analytical40-1025x1031,0.0,0.0,analytical40-1025x1031-A-2-http0-native-skv-raw,analytical40-1025x1031-A-2-http0-natural-ee,1,natural-ee,0,http0,1e-10,23,40f869f000000000,99999.0,40f869f000000000,99999.0,1.00099e-05,interior
analytical40-1025x1031|A|http0,2,native-skv-summary,sum,1,0,0,0,0.04970204830169678,5.832223694618706e-11,1e-08,1,A,analytical40-1025x1031,-0.04970204830169678,-0.04970204830169678,analytical40-1025x1031-A-2-http0-native-skv-summary,analytical40-1025x1031-A-2-http0-natural-ee,1,natural-ee,0,http0,1e-10,23,41c965bfb2ef63c7,852197221.8702325,41c965bfb2f5c06a,852197221.9199345,0.08521973219199346,interior
analytical40-1025x1031|A|http0,2,native-skv-summary,support,1,0,0,0,5.54501311853528e-05,5.6689346785858214e-11,1e-08,1,A,analytical40-1025x1031,-5.54501311853528e-05,-5.54501311853528e-05,analytical40-1025x1031-A-2-http0-native-skv-summary,analytical40-1025x1031-A-2-http0-natural-ee,1,natural-ee,0,http0,1e-10,23,412dd9b87a14ff67,978140.2384414495,412dd9b87a1c4400,978140.2384968996,9.782402384968995e-05,interior
analytical40-1025x1031|A|http0,2,native-skv-summary,mean,1,0,0,0,1.4225634004105814e-09,1.6327986855198848e-12,1e-08,1,A,analytical40-1025x1031,-1.4225634004105814e-09,-1.4225634004105814e-09,analytical40-1025x1031-A-2-http0-native-skv-summary,analytical40-1025x1031-A-2-http0-natural-ee,1,natural-ee,0,http0,1e-10,23,408b39f060ef9182,871.2423723903923,408b39f060efc263,871.2423723918149,9.712423723918149e-08,interior
analytical40-1025x1031|A|http0,2,native-skv-summary,min,1,0,0,0,0.0,0.0,1e-08,0,A,analytical40-1025x1031,0.0,0.0,analytical40-1025x1031-A-2-http0-native-skv-summary,analytical40-1025x1031-A-2-http0-natural-ee,1,natural-ee,0,http0,1e-10,23,c0926b8000000000,-1178.875,c0926b8000000000,-1178.875,1.278875e-07,interior
analytical40-1025x1031|A|http0,2,native-skv-summary,max,1,0,0,0,0.0,0.0,1e-08,0,A,analytical40-1025x1031,0.0,0.0,analytical40-1025x1031-A-2-http0-native-skv-summary,analytical40-1025x1031-A-2-http0-natural-ee,1,natural-ee,0,http0,1e-10,23,40f869f000000000,99999.0,40f869f000000000,99999.0,1.00099e-05,interior
analytical40-1025x1031|A|local,0,native-tiff,sum,1,0,0,0,0.07354235649108887,8.737835900456917e-11,1e-08,1,A,analytical40-1025x1031,0.07354235649108887,0.07354235649108887,analytical40-1025x1031-A-0-local-native-tiff,analytical40-1025x1031-A-0-local-natural-ee,1,natural-ee,0,local,1e-10,23,41c9154fb7ad2a41,841654127.352852,41c9154fb7a3c06b,841654127.2793096,0.08416542272793096,interior
analytical40-1025x1031|A|local,0,native-tiff,support,1,0,0,0,7.921026553958654e-05,8.198988277294777e-11,1e-08,1,A,analytical40-1025x1031,7.921026553958654e-05,7.921026553958654e-05,analytical40-1025x1031-A-0-local-native-tiff,analytical40-1025x1031-A-0-local-natural-ee,1,natural-ee,0,local,1e-10,23,412d7ba4179916db,966098.0460898535,412d7ba4178eb500,966098.0460106432,9.661980460106433e-05,interior
analytical40-1025x1031|A|local,0,native-tiff,mean,1,0,0,0,4.694356903200969e-09,5.388447444699556e-12,1e-08,1,A,analytical40-1025x1031,4.694356903200969e-09,4.694356903200969e-09,analytical40-1025x1031-A-0-local-native-tiff,analytical40-1025x1031-A-0-local-natural-ee,1,natural-ee,0,local,1e-10,23,408b39835c9aed93,871.189141474128,408b39835c9a4c47,871.1891414694336,9.711891414694336e-08,interior
analytical40-1025x1031|A|local,0,native-tiff,min,1,0,0,0,0.0,0.0,1e-08,0,A,analytical40-1025x1031,0.0,0.0,analytical40-1025x1031-A-0-local-native-tiff,analytical40-1025x1031-A-0-local-natural-ee,1,natural-ee,0,local,1e-10,23,c0926b8000000000,-1178.875,c0926b8000000000,-1178.875,1.278875e-07,interior
analytical40-1025x1031|A|local,0,native-tiff,max,1,0,0,0,0.0,0.0,1e-08,0,A,analytical40-1025x1031,0.0,0.0,analytical40-1025x1031-A-0-local-native-tiff,analytical40-1025x1031-A-0-local-natural-ee,1,natural-ee,0,local,1e-10,23,40f869f000000000,99999.0,40f869f000000000,99999.0,1.00099e-05,interior
analytical40-1025x1031|A|local,0,native-cog,sum,1,0,0,0,0.07354235649108887,8.737835900456917e-11,1e-08,1,A,analytical40-1025x1031,0.07354235649108887,0.07354235649108887,analytical40-1025x1031-A-0-local-native-cog,analytical40-1025x1031-A-0-local-natural-ee,1,natural-ee,0,local,1e-10,23,41c9154fb7ad2a41,841654127.352852,41c9154fb7a3c06b,841654127.2793096,0.08416542272793096,interior
analytical40-1025x1031|A|local,0,native-cog,support,1,0,0,0,7.921026553958654e-05,8.198988277294777e-11,1e-08,1,A,analytical40-1025x1031,7.921026553958654e-05,7.921026553958654e-05,analytical40-1025x1031-A-0-local-native-cog,analytical40-1025x1031-A-0-local-natural-ee,1,natural-ee,0,local,1e-10,23,412d7ba4179916db,966098.0460898535,412d7ba4178eb500,966098.0460106432,9.661980460106433e-05,interior
analytical40-1025x1031|A|local,0,native-cog,mean,1,0,0,0,4.694356903200969e-09,5.388447444699556e-12,1e-08,1,A,analytical40-1025x1031,4.694356903200969e-09,4.694356903200969e-09,analytical40-1025x1031-A-0-local-native-cog,analytical40-1025x1031-A-0-local-natural-ee,1,natural-ee,0,local,1e-10,23,408b39835c9aed93,871.189141474128,408b39835c9a4c47,871.1891414694336,9.711891414694336e-08,interior
analytical40-1025x1031|A|local,0,native-cog,min,1,0,0,0,0.0,0.0,1e-08,0,A,analytical40-1025x1031,0.0,0.0,analytical40-1025x1031-A-0-local-native-cog,analytical40-1025x1031-A-0-local-natural-ee,1,natural-ee,0,local,1e-10,23,c0926b8000000000,-1178.875,c0926b8000000000,-1178.875,1.278875e-07,interior
analytical40-1025x1031|A|local,0,native-cog,max,1,0,0,0,0.0,0.0,1e-08,0,A,analytical40-1025x1031,0.0,0.0,analytical40-1025x1031-A-0-local-native-cog,analytical40-1025x1031-A-0-local-natural-ee,1,natural-ee,0,local,1e-10,23,40f869f000000000,99999.0,40f869f000000000,99999.0,1.00099e-05,interior
analytical40-1025x1031|A|local,0,native-rsi64,sum,1,0,0,0,0.07354235649108887,8.737835900456917e-11,1e-08,1,A,analytical40-1025x1031,0.07354235649108887,0.07354235649108887,analytical40-1025x1031-A-0-local-native-rsi64,analytical40-1025x1031-A-0-local-natural-ee,1,natural-ee,0,local,1e-10,23,41c9154fb7ad2a41,841654127.352852,41c9154fb7a3c06b,841654127.2793096,0.08416542272793096,interior
analytical40-1025x1031|A|local,0,native-rsi64,support,1,0,0,0,7.921026553958654e-05,8.198988277294777e-11,1e-08,1,A,analytical40-1025x1031,7.921026553958654e-05,7.921026553958654e-05,analytical40-1025x1031-A-0-local-native-rsi64,analytical40-1025x1031-A-0-local-natural-ee,1,natural-ee,0,local,1e-10,23,412d7ba4179916db,966098.0460898535,412d7ba4178eb500,966098.0460106432,9.661980460106433e-05,interior
analytical40-1025x1031|A|local,0,native-rsi64,mean,1,0,0,0,4.694356903200969e-09,5.388447444699556e-12,1e-08,1,A,analytical40-1025x1031,4.694356903200969e-09,4.694356903200969e-09,analytical40-1025x1031-A-0-local-native-rsi64,analytical40-1025x1031-A-0-local-natural-ee,1,natural-ee,0,local,1e-10,23,408b39835c9aed93,871.189141474128,408b39835c9a4c47,871.1891414694336,9.711891414694336e-08,interior
analytical40-1025x1031|A|local,0,native-rsi64,min,1,0,0,0,0.0,0.0,1e-08,0,A,analytical40-1025x1031,0.0,0.0,analytical40-1025x1031-A-0-local-native-rsi64,analytical40-1025x1031-A-0-local-natural-ee,1,natural-ee,0,local,1e-10,23,c0926b8000000000,-1178.875,c0926b8000000000,-1178.875,1.278875e-07,interior
analytical40-1025x1031|A|local,0,native-rsi64,max,1,0,0,0,0.0,0.0,1e-08,0,A,analytical40-1025x1031,0.0,0.0,analytical40-1025x1031-A-0-local-native-rsi64,analytical40-1025x1031-A-0-local-natural-ee,1,natural-ee,0,local,1e-10,23,40f869f000000000,99999.0,40f869f000000000,99999.0,1.00099e-05,interior
analytical40-1025x1031|A|local,0,native-rsi256,sum,1,0,0,0,0.07354235649108887,8.737835900456917e-11,1e-08,1,A,analytical40-1025x1031,0.07354235649108887,0.07354235649108887,analytical40-1025x1031-A-0-local-native-rsi256,analytical40-1025x1031-A-0-local-natural-ee,1,natural-ee,0,local,1e-10,23,41c9154fb7ad2a41,841654127.352852,41c9154fb7a3c06b,841654127.2793096,0.08416542272793096,interior
analytical40-1025x1031|A|local,0,native-rsi256,support,1,0,0,0,7.921026553958654e-05,8.198988277294777e-11,1e-08,1,A,analytical40-1025x1031,7.921026553958654e-05,7.921026553958654e-05,analytical40-1025x1031-A-0-local-native-rsi256,analytical40-1025x1031-A-0-local-natural-ee,1,natural-ee,0,local,1e-10,23,412d7ba4179916db,966098.0460898535,412d7ba4178eb500,966098.0460106432,9.661980460106433e-05,interior
analytical40-1025x1031|A|local,0,native-rsi256,mean,1,0,0,0,4.694356903200969e-09,5.388447444699556e-12,1e-08,1,A,analytical40-1025x1031,4.694356903200969e-09,4.694356903200969e-09,analytical40-1025x1031-A-0-local-native-rsi256,analytical40-1025x1031-A-0-local-natural-ee,1,natural-ee,0,local,1e-10,23,408b39835c9aed93,871.189141474128,408b39835c9a4c47,871.1891414694336,9.711891414694336e-08,interior
analytical40-1025x1031|A|local,0,native-rsi256,min,1,0,0,0,0.0,0.0,1e-08,0,A,analytical40-1025x1031,0.0,0.0,analytical40-1025x1031-A-0-local-native-rsi256,analytical40-1025x1031-A-0-local-natural-ee,1,natural-ee,0,local,1e-10,23,c0926b8000000000,-1178.875,c0926b8000000000,-1178.875,1.278875e-07,interior
analytical40-1025x1031|A|local,0,native-rsi256,max,1,0,0,0,0.0,0.0,1e-08,0,A,analytical40-1025x1031,0.0,0.0,analytical40-1025x1031-A-0-local-native-rsi256,analytical40-1025x1031-A-0-local-natural-ee,1,natural-ee,0,local,1e-10,23,40f869f000000000,99999.0,40f869f000000000,99999.0,1.00099e-05,interior
analytical40-1025x1031|A|local,0,native-skv-raw,sum,1,0,0,0,0.07354235649108887,8.737835900456917e-11,1e-08,1,A,analytical40-1025x1031,0.07354235649108887,0.07354235649108887,analytical40-1025x1031-A-0-local-native-skv-raw,analytical40-1025x1031-A-0-local-natural-ee,1,natural-ee,0,local,1e-10,23,41c9154fb7ad2a41,841654127.352852,41c9154fb7a3c06b,841654127.2793096,0.08416542272793096,interior
analytical40-1025x1031|A|local,0,native-skv-raw,support,1,0,0,0,7.921026553958654e-05,8.198988277294777e-11,1e-08,1,A,analytical40-1025x1031,7.921026553958654e-05,7.921026553958654e-05,analytical40-1025x1031-A-0-local-native-skv-raw,analytical40-1025x1031-A-0-local-natural-ee,1,natural-ee,0,local,1e-10,23,412d7ba4179916db,966098.0460898535,412d7ba4178eb500,966098.0460106432,9.661980460106433e-05,interior
analytical40-1025x1031|A|local,0,native-skv-raw,mean,1,0,0,0,4.694356903200969e-09,5.388447444699556e-12,1e-08,1,A,analytical40-1025x1031,4.694356903200969e-09,4.694356903200969e-09,analytical40-1025x1031-A-0-local-native-skv-raw,analytical40-1025x1031-A-0-local-natural-ee,1,natural-ee,0,local,1e-10,23,408b39835c9aed93,871.189141474128,408b39835c9a4c47,871.1891414694336,9.711891414694336e-08,interior
analytical40-1025x1031|A|local,0,native-skv-raw,min,1,0,0,0,0.0,0.0,1e-08,0,A,analytical40-1025x1031,0.0,0.0,analytical40-1025x1031-A-0-local-native-skv-raw,analytical40-1025x1031-A-0-local-natural-ee,1,natural-ee,0,local,1e-10,23,c0926b8000000000,-1178.875,c0926b8000000000,-1178.875,1.278875e-07,interior
analytical40-1025x1031|A|local,0,native-skv-raw,max,1,0,0,0,0.0,0.0,1e-08,0,A,analytical40-1025x1031,0.0,0.0,analytical40-1025x1031-A-0-local-native-skv-raw,analytical40-1025x1031-A-0-local-natural-ee,1,natural-ee,0,local,1e-10,23,40f869f000000000,99999.0,40f869f000000000,99999.0,1.00099e-05,interior
analytical40-1025x1031|A|local,0,native-skv-summary,sum,1,0,0,0,0.07354235649108887,8.737835900456917e-11,1e-08,1,A,analytical40-1025x1031,0.07354235649108887,0.07354235649108887,analytical40-1025x1031-A-0-local-native-skv-summary,analytical40-1025x1031-A-0-local-natural-ee,1,natural-ee,0,local,1e-10,23,41c9154fb7ad2a41,841654127.352852,41c9154fb7a3c06b,841654127.2793096,0.08416542272793096,interior
analytical40-1025x1031|A|local,0,native-skv-summary,support,1,0,0,0,7.921026553958654e-05,8.198988277294777e-11,1e-08,1,A,analytical40-1025x1031,7.921026553958654e-05,7.921026553958654e-05,analytical40-1025x1031-A-0-local-native-skv-summary,analytical40-1025x1031-A-0-local-natural-ee,1,natural-ee,0,local,1e-10,23,412d7ba4179916db,966098.0460898535,412d7ba4178eb500,966098.0460106432,9.661980460106433e-05,interior
analytical40-1025x1031|A|local,0,native-skv-summary,mean,1,0,0,0,4.694356903200969e-09,5.388447444699556e-12,1e-08,1,A,analytical40-1025x1031,4.694356903200969e-09,4.694356903200969e-09,analytical40-1025x1031-A-0-local-native-skv-summary,analytical40-1025x1031-A-0-local-natural-ee,1,natural-ee,0,local,1e-10,23,408b39835c9aed93,871.189141474128,408b39835c9a4c47,871.1891414694336,9.711891414694336e-08,interior
analytical40-1025x1031|A|local,0,native-skv-summary,min,1,0,0,0,0.0,0.0,1e-08,0,A,analytical40-1025x1031,0.0,0.0,analytical40-1025x1031-A-0-local-native-skv-summary,analytical40-1025x1031-A-0-local-natural-ee,1,natural-ee,0,local,1e-10,23,c0926b8000000000,-1178.875,c0926b8000000000,-1178.875,1.278875e-07,interior
analytical40-1025x1031|A|local,0,native-skv-summary,max,1,0,0,0,0.0,0.0,1e-08,0,A,analytical40-1025x1031,0.0,0.0,analytical40-1025x1031-A-0-local-native-skv-summary,analytical40-1025x1031-A-0-local-natural-ee,1,natural-ee,0,local,1e-10,23,40f869f000000000,99999.0,40f869f000000000,99999.0,1.00099e-05,interior
analytical40-1025x1031|A|local,1,native-tiff,sum,1,0,0,0,0.037224411964416504,4.3971301113032666e-11,1e-08,1,A,analytical40-1025x1031,-0.037224411964416504,-0.037224411964416504,analytical40-1025x1031-A-1-local-native-tiff,analytical40-1025x1031-A-1-local-natural-ee,1,natural-ee,0,local,1e-10,23,41c93ac07d2fdb5a,846561530.3738816,41c93ac07d349f1f,846561530.411106,0.0846561630411106,interior
analytical40-1025x1031|A|local,1,native-tiff,support,1,0,0,0,4.3689506128430367e-05,4.49593432390605e-11,1e-08,1,A,analytical40-1025x1031,-4.3689506128430367e-05,-4.3689506128430367e-05,analytical40-1025x1031-A-1-local-native-tiff,analytical40-1025x1031-A-1-local-natural-ee,1,natural-ee,0,local,1e-10,23,412da7d7c2408f86,971755.8793988086,412da7d7c2464980,971755.8794424981,9.71855879442498e-05,interior
analytical40-1025x1031|A|local,1,native-tiff,mean,1,0,0,0,8.60723048390355e-10,9.880116834966735e-13,1e-08,1,A,analytical40-1025x1031,8.60723048390355e-10,8.60723048390355e-10,analytical40-1025x1031-A-1-local-native-tiff,analytical40-1025x1031-A-1-local-natural-ee,1,natural-ee,0,local,1e-10,23,408b3955c14b7dd0,871.1668725869913,408b3955c14b603d,871.1668725861306,9.711668725861305e-08,interior
analytical40-1025x1031|A|local,1,native-tiff,min,1,0,0,0,0.0,0.0,1e-08,0,A,analytical40-1025x1031,0.0,0.0,analytical40-1025x1031-A-1-local-native-tiff,analytical40-1025x1031-A-1-local-natural-ee,1,natural-ee,0,local,1e-10,23,c0926b8000000000,-1178.875,c0926b8000000000,-1178.875,1.278875e-07,interior
analytical40-1025x1031|A|local,1,native-tiff,max,1,0,0,0,0.0,0.0,1e-08,0,A,analytical40-1025x1031,0.0,0.0,analytical40-1025x1031-A-1-local-native-tiff,analytical40-1025x1031-A-1-local-natural-ee,1,natural-ee,0,local,1e-10,23,40f869f000000000,99999.0,40f869f000000000,99999.0,1.00099e-05,interior
analytical40-1025x1031|A|local,1,native-cog,sum,1,0,0,0,0.037224411964416504,4.3971301113032666e-11,1e-08,1,A,analytical40-1025x1031,-0.037224411964416504,-0.037224411964416504,analytical40-1025x1031-A-1-local-native-cog,analytical40-1025x1031-A-1-local-natural-ee,1,natural-ee,0,local,1e-10,23,41c93ac07d2fdb5a,846561530.3738816,41c93ac07d349f1f,846561530.411106,0.0846561630411106,interior
analytical40-1025x1031|A|local,1,native-cog,support,1,0,0,0,4.3689506128430367e-05,4.49593432390605e-11,1e-08,1,A,analytical40-1025x1031,-4.3689506128430367e-05,-4.3689506128430367e-05,analytical40-1025x1031-A-1-local-native-cog,analytical40-1025x1031-A-1-local-natural-ee,1,natural-ee,0,local,1e-10,23,412da7d7c2408f86,971755.8793988086,412da7d7c2464980,971755.8794424981,9.71855879442498e-05,interior
analytical40-1025x1031|A|local,1,native-cog,mean,1,0,0,0,8.60723048390355e-10,9.880116834966735e-13,1e-08,1,A,analytical40-1025x1031,8.60723048390355e-10,8.60723048390355e-10,analytical40-1025x1031-A-1-local-native-cog,analytical40-1025x1031-A-1-local-natural-ee,1,natural-ee,0,local,1e-10,23,408b3955c14b7dd0,871.1668725869913,408b3955c14b603d,871.1668725861306,9.711668725861305e-08,interior
analytical40-1025x1031|A|local,1,native-cog,min,1,0,0,0,0.0,0.0,1e-08,0,A,analytical40-1025x1031,0.0,0.0,analytical40-1025x1031-A-1-local-native-cog,analytical40-1025x1031-A-1-local-natural-ee,1,natural-ee,0,local,1e-10,23,c0926b8000000000,-1178.875,c0926b8000000000,-1178.875,1.278875e-07,interior
analytical40-1025x1031|A|local,1,native-cog,max,1,0,0,0,0.0,0.0,1e-08,0,A,analytical40-1025x1031,0.0,0.0,analytical40-1025x1031-A-1-local-native-cog,analytical40-1025x1031-A-1-local-natural-ee,1,natural-ee,0,local,1e-10,23,40f869f000000000,99999.0,40f869f000000000,99999.0,1.00099e-05,interior
analytical40-1025x1031|A|local,1,native-rsi64,sum,1,0,0,0,0.037224411964416504,4.3971301113032666e-11,1e-08,1,A,analytical40-1025x1031,-0.037224411964416504,-0.037224411964416504,analytical40-1025x1031-A-1-local-native-rsi64,analytical40-1025x1031-A-1-local-natural-ee,1,natural-ee,0,local,1e-10,23,41c93ac07d2fdb5a,846561530.3738816,41c93ac07d349f1f,846561530.411106,0.0846561630411106,interior
analytical40-1025x1031|A|local,1,native-rsi64,support,1,0,0,0,4.3689506128430367e-05,4.49593432390605e-11,1e-08,1,A,analytical40-1025x1031,-4.3689506128430367e-05,-4.3689506128430367e-05,analytical40-1025x1031-A-1-local-native-rsi64,analytical40-1025x1031-A-1-local-natural-ee,1,natural-ee,0,local,1e-10,23,412da7d7c2408f86,971755.8793988086,412da7d7c2464980,971755.8794424981,9.71855879442498e-05,interior
analytical40-1025x1031|A|local,1,native-rsi64,mean,1,0,0,0,8.60723048390355e-10,9.880116834966735e-13,1e-08,1,A,analytical40-1025x1031,8.60723048390355e-10,8.60723048390355e-10,analytical40-1025x1031-A-1-local-native-rsi64,analytical40-1025x1031-A-1-local-natural-ee,1,natural-ee,0,local,1e-10,23,408b3955c14b7dd0,871.1668725869913,408b3955c14b603d,871.1668725861306,9.711668725861305e-08,interior
analytical40-1025x1031|A|local,1,native-rsi64,min,1,0,0,0,0.0,0.0,1e-08,0,A,analytical40-1025x1031,0.0,0.0,analytical40-1025x1031-A-1-local-native-rsi64,analytical40-1025x1031-A-1-local-natural-ee,1,natural-ee,0,local,1e-10,23,c0926b8000000000,-1178.875,c0926b8000000000,-1178.875,1.278875e-07,interior
analytical40-1025x1031|A|local,1,native-rsi64,max,1,0,0,0,0.0,0.0,1e-08,0,A,analytical40-1025x1031,0.0,0.0,analytical40-1025x1031-A-1-local-native-rsi64,analytical40-1025x1031-A-1-local-natural-ee,1,natural-ee,0,local,1e-10,23,40f869f000000000,99999.0,40f869f000000000,99999.0,1.00099e-05,interior
analytical40-1025x1031|A|local,1,native-rsi256,sum,1,0,0,0,0.037224411964416504,4.3971301113032666e-11,1e-08,1,A,analytical40-1025x1031,-0.037224411964416504,-0.037224411964416504,analytical40-1025x1031-A-1-local-native-rsi256,analytical40-1025x1031-A-1-local-natural-ee,1,natural-ee,0,local,1e-10,23,41c93ac07d2fdb5a,846561530.3738816,41c93ac07d349f1f,846561530.411106,0.0846561630411106,interior
analytical40-1025x1031|A|local,1,native-rsi256,support,1,0,0,0,4.3689506128430367e-05,4.49593432390605e-11,1e-08,1,A,analytical40-1025x1031,-4.3689506128430367e-05,-4.3689506128430367e-05,analytical40-1025x1031-A-1-local-native-rsi256,analytical40-1025x1031-A-1-local-natural-ee,1,natural-ee,0,local,1e-10,23,412da7d7c2408f86,971755.8793988086,412da7d7c2464980,971755.8794424981,9.71855879442498e-05,interior
analytical40-1025x1031|A|local,1,native-rsi256,mean,1,0,0,0,8.60723048390355e-10,9.880116834966735e-13,1e-08,1,A,analytical40-1025x1031,8.60723048390355e-10,8.60723048390355e-10,analytical40-1025x1031-A-1-local-native-rsi256,analytical40-1025x1031-A-1-local-natural-ee,1,natural-ee,0,local,1e-10,23,408b3955c14b7dd0,871.1668725869913,408b3955c14b603d,871.1668725861306,9.711668725861305e-08,interior
analytical40-1025x1031|A|local,1,native-rsi256,min,1,0,0,0,0.0,0.0,1e-08,0,A,analytical40-1025x1031,0.0,0.0,analytical40-1025x1031-A-1-local-native-rsi256,analytical40-1025x1031-A-1-local-natural-ee,1,natural-ee,0,local,1e-10,23,c0926b8000000000,-1178.875,c0926b8000000000,-1178.875,1.278875e-07,interior
analytical40-1025x1031|A|local,1,native-rsi256,max,1,0,0,0,0.0,0.0,1e-08,0,A,analytical40-1025x1031,0.0,0.0,analytical40-1025x1031-A-1-local-native-rsi256,analytical40-1025x1031-A-1-local-natural-ee,1,natural-ee,0,local,1e-10,23,40f869f000000000,99999.0,40f869f000000000,99999.0,1.00099e-05,interior
analytical40-1025x1031|A|local,1,native-skv-raw,sum,1,0,0,0,0.037224411964416504,4.3971301113032666e-11,1e-08,1,A,analytical40-1025x1031,-0.037224411964416504,-0.037224411964416504,analytical40-1025x1031-A-1-local-native-skv-raw,analytical40-1025x1031-A-1-local-natural-ee,1,natural-ee,0,local,1e-10,23,41c93ac07d2fdb5a,846561530.3738816,41c93ac07d349f1f,846561530.411106,0.0846561630411106,interior
analytical40-1025x1031|A|local,1,native-skv-raw,support,1,0,0,0,4.3689506128430367e-05,4.49593432390605e-11,1e-08,1,A,analytical40-1025x1031,-4.3689506128430367e-05,-4.3689506128430367e-05,analytical40-1025x1031-A-1-local-native-skv-raw,analytical40-1025x1031-A-1-local-natural-ee,1,natural-ee,0,local,1e-10,23,412da7d7c2408f86,971755.8793988086,412da7d7c2464980,971755.8794424981,9.71855879442498e-05,interior
analytical40-1025x1031|A|local,1,native-skv-raw,mean,1,0,0,0,8.60723048390355e-10,9.880116834966735e-13,1e-08,1,A,analytical40-1025x1031,8.60723048390355e-10,8.60723048390355e-10,analytical40-1025x1031-A-1-local-native-skv-raw,analytical40-1025x1031-A-1-local-natural-ee,1,natural-ee,0,local,1e-10,23,408b3955c14b7dd0,871.1668725869913,408b3955c14b603d,871.1668725861306,9.711668725861305e-08,interior
analytical40-1025x1031|A|local,1,native-skv-raw,min,1,0,0,0,0.0,0.0,1e-08,0,A,analytical40-1025x1031,0.0,0.0,analytical40-1025x1031-A-1-local-native-skv-raw,analytical40-1025x1031-A-1-local-natural-ee,1,natural-ee,0,local,1e-10,23,c0926b8000000000,-1178.875,c0926b8000000000,-1178.875,1.278875e-07,interior
analytical40-1025x1031|A|local,1,native-skv-raw,max,1,0,0,0,0.0,0.0,1e-08,0,A,analytical40-1025x1031,0.0,0.0,analytical40-1025x1031-A-1-local-native-skv-raw,analytical40-1025x1031-A-1-local-natural-ee,1,natural-ee,0,local,1e-10,23,40f869f000000000,99999.0,40f869f000000000,99999.0,1.00099e-05,interior
analytical40-1025x1031|A|local,1,native-skv-summary,sum,1,0,0,0,0.037224411964416504,4.3971301113032666e-11,1e-08,1,A,analytical40-1025x1031,-0.037224411964416504,-0.037224411964416504,analytical40-1025x1031-A-1-local-native-skv-summary,analytical40-1025x1031-A-1-local-natural-ee,1,natural-ee,0,local,1e-10,23,41c93ac07d2fdb5a,846561530.3738816,41c93ac07d349f1f,846561530.411106,0.0846561630411106,interior
analytical40-1025x1031|A|local,1,native-skv-summary,support,1,0,0,0,4.3689506128430367e-05,4.49593432390605e-11,1e-08,1,A,analytical40-1025x1031,-4.3689506128430367e-05,-4.3689506128430367e-05,analytical40-1025x1031-A-1-local-native-skv-summary,analytical40-1025x1031-A-1-local-natural-ee,1,natural-ee,0,local,1e-10,23,412da7d7c2408f86,971755.8793988086,412da7d7c2464980,971755.8794424981,9.71855879442498e-05,interior
analytical40-1025x1031|A|local,1,native-skv-summary,mean,1,0,0,0,8.60723048390355e-10,9.880116834966735e-13,1e-08,1,A,analytical40-1025x1031,8.60723048390355e-10,8.60723048390355e-10,analytical40-1025x1031-A-1-local-native-skv-summary,analytical40-1025x1031-A-1-local-natural-ee,1,natural-ee,0,local,1e-10,23,408b3955c14b7dd0,871.1668725869913,408b3955c14b603d,871.1668725861306,9.711668725861305e-08,interior
analytical40-1025x1031|A|local,1,native-skv-summary,min,1,0,0,0,0.0,0.0,1e-08,0,A,analytical40-1025x1031,0.0,0.0,analytical40-1025x1031-A-1-local-native-skv-summary,analytical40-1025x1031-A-1-local-natural-ee,1,natural-ee,0,local,1e-10,23,c0926b8000000000,-1178.875,c0926b8000000000,-1178.875,1.278875e-07,interior
analytical40-1025x1031|A|local,1,native-skv-summary,max,1,0,0,0,0.0,0.0,1e-08,0,A,analytical40-1025x1031,0.0,0.0,analytical40-1025x1031-A-1-local-native-skv-summary,analytical40-1025x1031-A-1-local-natural-ee,1,natural-ee,0,local,1e-10,23,40f869f000000000,99999.0,40f869f000000000,99999.0,1.00099e-05,interior
analytical40-1025x1031|A|local,2,native-tiff,sum,1,0,0,0,0.04970204830169678,5.832223694618706e-11,1e-08,1,A,analytical40-1025x1031,-0.04970204830169678,-0.04970204830169678,analytical40-1025x1031-A-2-local-native-tiff,analytical40-1025x1031-A-2-local-natural-ee,1,natural-ee,0,local,1e-10,23,41c965bfb2ef63c7,852197221.8702325,41c965bfb2f5c06a,852197221.9199345,0.08521973219199346,interior
analytical40-1025x1031|A|local,2,native-tiff,support,1,0,0,0,5.54501311853528e-05,5.6689346785858214e-11,1e-08,1,A,analytical40-1025x1031,-5.54501311853528e-05,-5.54501311853528e-05,analytical40-1025x1031-A-2-local-native-tiff,analytical40-1025x1031-A-2-local-natural-ee,1,natural-ee,0,local,1e-10,23,412dd9b87a14ff67,978140.2384414495,412dd9b87a1c4400,978140.2384968996,9.782402384968995e-05,interior
analytical40-1025x1031|A|local,2,native-tiff,mean,1,0,0,0,1.4225634004105814e-09,1.6327986855198848e-12,1e-08,1,A,analytical40-1025x1031,-1.4225634004105814e-09,-1.4225634004105814e-09,analytical40-1025x1031-A-2-local-native-tiff,analytical40-1025x1031-A-2-local-natural-ee,1,natural-ee,0,local,1e-10,23,408b39f060ef9182,871.2423723903923,408b39f060efc263,871.2423723918149,9.712423723918149e-08,interior
analytical40-1025x1031|A|local,2,native-tiff,min,1,0,0,0,0.0,0.0,1e-08,0,A,analytical40-1025x1031,0.0,0.0,analytical40-1025x1031-A-2-local-native-tiff,analytical40-1025x1031-A-2-local-natural-ee,1,natural-ee,0,local,1e-10,23,c0926b8000000000,-1178.875,c0926b8000000000,-1178.875,1.278875e-07,interior
analytical40-1025x1031|A|local,2,native-tiff,max,1,0,0,0,0.0,0.0,1e-08,0,A,analytical40-1025x1031,0.0,0.0,analytical40-1025x1031-A-2-local-native-tiff,analytical40-1025x1031-A-2-local-natural-ee,1,natural-ee,0,local,1e-10,23,40f869f000000000,99999.0,40f869f000000000,99999.0,1.00099e-05,interior
analytical40-1025x1031|A|local,2,native-cog,sum,1,0,0,0,0.04970204830169678,5.832223694618706e-11,1e-08,1,A,analytical40-1025x1031,-0.04970204830169678,-0.04970204830169678,analytical40-1025x1031-A-2-local-native-cog,analytical40-1025x1031-A-2-local-natural-ee,1,natural-ee,0,local,1e-10,23,41c965bfb2ef63c7,852197221.8702325,41c965bfb2f5c06a,852197221.9199345,0.08521973219199346,interior
analytical40-1025x1031|A|local,2,native-cog,support,1,0,0,0,5.54501311853528e-05,5.6689346785858214e-11,1e-08,1,A,analytical40-1025x1031,-5.54501311853528e-05,-5.54501311853528e-05,analytical40-1025x1031-A-2-local-native-cog,analytical40-1025x1031-A-2-local-natural-ee,1,natural-ee,0,local,1e-10,23,412dd9b87a14ff67,978140.2384414495,412dd9b87a1c4400,978140.2384968996,9.782402384968995e-05,interior
analytical40-1025x1031|A|local,2,native-cog,mean,1,0,0,0,1.4225634004105814e-09,1.6327986855198848e-12,1e-08,1,A,analytical40-1025x1031,-1.4225634004105814e-09,-1.4225634004105814e-09,analytical40-1025x1031-A-2-local-native-cog,analytical40-1025x1031-A-2-local-natural-ee,1,natural-ee,0,local,1e-10,23,408b39f060ef9182,871.2423723903923,408b39f060efc263,871.2423723918149,9.712423723918149e-08,interior
analytical40-1025x1031|A|local,2,native-cog,min,1,0,0,0,0.0,0.0,1e-08,0,A,analytical40-1025x1031,0.0,0.0,analytical40-1025x1031-A-2-local-native-cog,analytical40-1025x1031-A-2-local-natural-ee,1,natural-ee,0,local,1e-10,23,c0926b8000000000,-1178.875,c0926b8000000000,-1178.875,1.278875e-07,interior
analytical40-1025x1031|A|local,2,native-cog,max,1,0,0,0,0.0,0.0,1e-08,0,A,analytical40-1025x1031,0.0,0.0,analytical40-1025x1031-A-2-local-native-cog,analytical40-1025x1031-A-2-local-natural-ee,1,natural-ee,0,local,1e-10,23,40f869f000000000,99999.0,40f869f000000000,99999.0,1.00099e-05,interior
analytical40-1025x1031|A|local,2,native-rsi64,sum,1,0,0,0,0.04970204830169678,5.832223694618706e-11,1e-08,1,A,analytical40-1025x1031,-0.04970204830169678,-0.04970204830169678,analytical40-1025x1031-A-2-local-native-rsi64,analytical40-1025x1031-A-2-local-natural-ee,1,natural-ee,0,local,1e-10,23,41c965bfb2ef63c7,852197221.8702325,41c965bfb2f5c06a,852197221.9199345,0.08521973219199346,interior
analytical40-1025x1031|A|local,2,native-rsi64,support,1,0,0,0,5.54501311853528e-05,5.6689346785858214e-11,1e-08,1,A,analytical40-1025x1031,-5.54501311853528e-05,-5.54501311853528e-05,analytical40-1025x1031-A-2-local-native-rsi64,analytical40-1025x1031-A-2-local-natural-ee,1,natural-ee,0,local,1e-10,23,412dd9b87a14ff67,978140.2384414495,412dd9b87a1c4400,978140.2384968996,9.782402384968995e-05,interior
analytical40-1025x1031|A|local,2,native-rsi64,mean,1,0,0,0,1.4225634004105814e-09,1.6327986855198848e-12,1e-08,1,A,analytical40-1025x1031,-1.4225634004105814e-09,-1.4225634004105814e-09,analytical40-1025x1031-A-2-local-native-rsi64,analytical40-1025x1031-A-2-local-natural-ee,1,natural-ee,0,local,1e-10,23,408b39f060ef9182,871.2423723903923,408b39f060efc263,871.2423723918149,9.712423723918149e-08,interior
analytical40-1025x1031|A|local,2,native-rsi64,min,1,0,0,0,0.0,0.0,1e-08,0,A,analytical40-1025x1031,0.0,0.0,analytical40-1025x1031-A-2-local-native-rsi64,analytical40-1025x1031-A-2-local-natural-ee,1,natural-ee,0,local,1e-10,23,c0926b8000000000,-1178.875,c0926b8000000000,-1178.875,1.278875e-07,interior
analytical40-1025x1031|A|local,2,native-rsi64,max,1,0,0,0,0.0,0.0,1e-08,0,A,analytical40-1025x1031,0.0,0.0,analytical40-1025x1031-A-2-local-native-rsi64,analytical40-1025x1031-A-2-local-natural-ee,1,natural-ee,0,local,1e-10,23,40f869f000000000,99999.0,40f869f000000000,99999.0,1.00099e-05,interior
analytical40-1025x1031|A|local,2,native-rsi256,sum,1,0,0,0,0.04970204830169678,5.832223694618706e-11,1e-08,1,A,analytical40-1025x1031,-0.04970204830169678,-0.04970204830169678,analytical40-1025x1031-A-2-local-native-rsi256,analytical40-1025x1031-A-2-local-natural-ee,1,natural-ee,0,local,1e-10,23,41c965bfb2ef63c7,852197221.8702325,41c965bfb2f5c06a,852197221.9199345,0.08521973219199346,interior
analytical40-1025x1031|A|local,2,native-rsi256,support,1,0,0,0,5.54501311853528e-05,5.6689346785858214e-11,1e-08,1,A,analytical40-1025x1031,-5.54501311853528e-05,-5.54501311853528e-05,analytical40-1025x1031-A-2-local-native-rsi256,analytical40-1025x1031-A-2-local-natural-ee,1,natural-ee,0,local,1e-10,23,412dd9b87a14ff67,978140.2384414495,412dd9b87a1c4400,978140.2384968996,9.782402384968995e-05,interior
analytical40-1025x1031|A|local,2,native-rsi256,mean,1,0,0,0,1.4225634004105814e-09,1.6327986855198848e-12,1e-08,1,A,analytical40-1025x1031,-1.4225634004105814e-09,-1.4225634004105814e-09,analytical40-1025x1031-A-2-local-native-rsi256,analytical40-1025x1031-A-2-local-natural-ee,1,natural-ee,0,local,1e-10,23,408b39f060ef9182,871.2423723903923,408b39f060efc263,871.2423723918149,9.712423723918149e-08,interior
analytical40-1025x1031|A|local,2,native-rsi256,min,1,0,0,0,0.0,0.0,1e-08,0,A,analytical40-1025x1031,0.0,0.0,analytical40-1025x1031-A-2-local-native-rsi256,analytical40-1025x1031-A-2-local-natural-ee,1,natural-ee,0,local,1e-10,23,c0926b8000000000,-1178.875,c0926b8000000000,-1178.875,1.278875e-07,interior
analytical40-1025x1031|A|local,2,native-rsi256,max,1,0,0,0,0.0,0.0,1e-08,0,A,analytical40-1025x1031,0.0,0.0,analytical40-1025x1031-A-2-local-native-rsi256,analytical40-1025x1031-A-2-local-natural-ee,1,natural-ee,0,local,1e-10,23,40f869f000000000,99999.0,40f869f000000000,99999.0,1.00099e-05,interior
analytical40-1025x1031|A|local,2,native-skv-raw,sum,1,0,0,0,0.04970204830169678,5.832223694618706e-11,1e-08,1,A,analytical40-1025x1031,-0.04970204830169678,-0.04970204830169678,analytical40-1025x1031-A-2-local-native-skv-raw,analytical40-1025x1031-A-2-local-natural-ee,1,natural-ee,0,local,1e-10,23,41c965bfb2ef63c7,852197221.8702325,41c965bfb2f5c06a,852197221.9199345,0.08521973219199346,interior
analytical40-1025x1031|A|local,2,native-skv-raw,support,1,0,0,0,5.54501311853528e-05,5.6689346785858214e-11,1e-08,1,A,analytical40-1025x1031,-5.54501311853528e-05,-5.54501311853528e-05,analytical40-1025x1031-A-2-local-native-skv-raw,analytical40-1025x1031-A-2-local-natural-ee,1,natural-ee,0,local,1e-10,23,412dd9b87a14ff67,978140.2384414495,412dd9b87a1c4400,978140.2384968996,9.782402384968995e-05,interior
analytical40-1025x1031|A|local,2,native-skv-raw,mean,1,0,0,0,1.4225634004105814e-09,1.6327986855198848e-12,1e-08,1,A,analytical40-1025x1031,-1.4225634004105814e-09,-1.4225634004105814e-09,analytical40-1025x1031-A-2-local-native-skv-raw,analytical40-1025x1031-A-2-local-natural-ee,1,natural-ee,0,local,1e-10,23,408b39f060ef9182,871.2423723903923,408b39f060efc263,871.2423723918149,9.712423723918149e-08,interior
analytical40-1025x1031|A|local,2,native-skv-raw,min,1,0,0,0,0.0,0.0,1e-08,0,A,analytical40-1025x1031,0.0,0.0,analytical40-1025x1031-A-2-local-native-skv-raw,analytical40-1025x1031-A-2-local-natural-ee,1,natural-ee,0,local,1e-10,23,c0926b8000000000,-1178.875,c0926b8000000000,-1178.875,1.278875e-07,interior
analytical40-1025x1031|A|local,2,native-skv-raw,max,1,0,0,0,0.0,0.0,1e-08,0,A,analytical40-1025x1031,0.0,0.0,analytical40-1025x1031-A-2-local-native-skv-raw,analytical40-1025x1031-A-2-local-natural-ee,1,natural-ee,0,local,1e-10,23,40f869f000000000,99999.0,40f869f000000000,99999.0,1.00099e-05,interior
analytical40-1025x1031|A|local,2,native-skv-summary,sum,1,0,0,0,0.04970204830169678,5.832223694618706e-11,1e-08,1,A,analytical40-1025x1031,-0.04970204830169678,-0.04970204830169678,analytical40-1025x1031-A-2-local-native-skv-summary,analytical40-1025x1031-A-2-local-natural-ee,1,natural-ee,0,local,1e-10,23,41c965bfb2ef63c7,852197221.8702325,41c965bfb2f5c06a,852197221.9199345,0.08521973219199346,interior
analytical40-1025x1031|A|local,2,native-skv-summary,support,1,0,0,0,5.54501311853528e-05,5.6689346785858214e-11,1e-08,1,A,analytical40-1025x1031,-5.54501311853528e-05,-5.54501311853528e-05,analytical40-1025x1031-A-2-local-native-skv-summary,analytical40-1025x1031-A-2-local-natural-ee,1,natural-ee,0,local,1e-10,23,412dd9b87a14ff67,978140.2384414495,412dd9b87a1c4400,978140.2384968996,9.782402384968995e-05,interior
analytical40-1025x1031|A|local,2,native-skv-summary,mean,1,0,0,0,1.4225634004105814e-09,1.6327986855198848e-12,1e-08,1,A,analytical40-1025x1031,-1.4225634004105814e-09,-1.4225634004105814e-09,analytical40-1025x1031-A-2-local-native-skv-summary,analytical40-1025x1031-A-2-local-natural-ee,1,natural-ee,0,local,1e-10,23,408b39f060ef9182,871.2423723903923,408b39f060efc263,871.2423723918149,9.712423723918149e-08,interior
analytical40-1025x1031|A|local,2,native-skv-summary,min,1,0,0,0,0.0,0.0,1e-08,0,A,analytical40-1025x1031,0.0,0.0,analytical40-1025x1031-A-2-local-native-skv-summary,analytical40-1025x1031-A-2-local-natural-ee,1,natural-ee,0,local,1e-10,23,c0926b8000000000,-1178.875,c0926b8000000000,-1178.875,1.278875e-07,interior
analytical40-1025x1031|A|local,2,native-skv-summary,max,1,0,0,0,0.0,0.0,1e-08,0,A,analytical40-1025x1031,0.0,0.0,analytical40-1025x1031-A-2-local-native-skv-summary,analytical40-1025x1031-A-2-local-natural-ee,1,natural-ee,0,local,1e-10,23,40f869f000000000,99999.0,40f869f000000000,99999.0,1.00099e-05,interior
analytical40-1025x1031|B|http0,0,native-tiff,sum,8,0,0,3,0.09269559383392334,2.978258089496543e-08,1e-08,7,B,analytical40-1025x1031,0.09269559383392334,-0.003955036401748657,analytical40-1025x1031-B-0-http0-native-tiff,analytical40-1025x1031-B-0-http0-natural-ee,8,natural-ee,1,http0,1e-10,23,41c68897f47dfffd,756101096.9843746,41c68897f472228a,756101096.891679,0.0756101196891679,hole
analytical40-1025x1031|B|http0,0,native-tiff,support,8,0,0,2,0.00010504992678761482,2.980232149951692e-08,1e-08,7,B,analytical40-1025x1031,0.00010504992678761482,-5.00876922160387e-06,analytical40-1025x1031-B-0-http0-native-tiff,analytical40-1025x1031-B-0-http0-natural-ee,8,natural-ee,1,http0,1e-10,23,412a806fb27304e4,868407.8485337761,412a806fb2654000,868407.8484287262,8.685078484287261e-05,hole
analytical40-1025x1031|B|http0,0,native-tiff,mean,8,1,0,0,2.7287342163617723e-08,3.0871626084005103e-11,1e-08,7,B,analytical40-1025x1031,1.7366119209327735e-08,-2.7287342163617723e-08,analytical40-1025x1031-B-0-http0-native-tiff,analytical40-1025x1031-B-0-http0-natural-ee,7,natural-ee,0,http0,1e-10,23,408f35b1889e33d0,998.7116863593637,408f35b188a1dd66,998.7116863866511,1.0987116863866511e-07,edge
analytical40-1025x1031|B|http0,0,native-tiff,min,8,1,0,0,0.0,0.0,1e-08,0,B,analytical40-1025x1031,0.0,0.0,analytical40-1025x1031-B-0-http0-native-tiff,analytical40-1025x1031-B-0-http0-natural-ee,7,natural-ee,0,http0,1e-10,23,408b590000000000,875.125,408b590000000000,875.125,9.75125e-08,tiny
analytical40-1025x1031|B|http0,0,native-tiff,max,8,1,0,0,0.0,0.0,1e-08,0,B,analytical40-1025x1031,0.0,0.0,analytical40-1025x1031-B-0-http0-native-tiff,analytical40-1025x1031-B-0-http0-natural-ee,7,natural-ee,0,http0,1e-10,23,408b918000000000,882.1875,408b918000000000,882.1875,9.821875e-08,tiny
analytical40-1025x1031|B|http0,0,native-cog,sum,8,0,0,3,0.09269559383392334,2.978258089496543e-08,1e-08,7,B,analytical40-1025x1031,0.09269559383392334,-0.003955036401748657,analytical40-1025x1031-B-0-http0-native-cog,analytical40-1025x1031-B-0-http0-natural-ee,8,natural-ee,1,http0,1e-10,23,41c68897f47dfffd,756101096.9843746,41c68897f472228a,756101096.891679,0.0756101196891679,hole
analytical40-1025x1031|B|http0,0,native-cog,support,8,0,0,2,0.00010504992678761482,2.980232149951692e-08,1e-08,7,B,analytical40-1025x1031,0.00010504992678761482,-5.00876922160387e-06,analytical40-1025x1031-B-0-http0-native-cog,analytical40-1025x1031-B-0-http0-natural-ee,8,natural-ee,1,http0,1e-10,23,412a806fb27304e4,868407.8485337761,412a806fb2654000,868407.8484287262,8.685078484287261e-05,hole
analytical40-1025x1031|B|http0,0,native-cog,mean,8,1,0,0,2.7287342163617723e-08,3.0871626084005103e-11,1e-08,7,B,analytical40-1025x1031,1.7366119209327735e-08,-2.7287342163617723e-08,analytical40-1025x1031-B-0-http0-native-cog,analytical40-1025x1031-B-0-http0-natural-ee,7,natural-ee,0,http0,1e-10,23,408f35b1889e33d0,998.7116863593637,408f35b188a1dd66,998.7116863866511,1.0987116863866511e-07,edge
analytical40-1025x1031|B|http0,0,native-cog,min,8,1,0,0,0.0,0.0,1e-08,0,B,analytical40-1025x1031,0.0,0.0,analytical40-1025x1031-B-0-http0-native-cog,analytical40-1025x1031-B-0-http0-natural-ee,7,natural-ee,0,http0,1e-10,23,408b590000000000,875.125,408b590000000000,875.125,9.75125e-08,tiny
analytical40-1025x1031|B|http0,0,native-cog,max,8,1,0,0,0.0,0.0,1e-08,0,B,analytical40-1025x1031,0.0,0.0,analytical40-1025x1031-B-0-http0-native-cog,analytical40-1025x1031-B-0-http0-natural-ee,7,natural-ee,0,http0,1e-10,23,408b918000000000,882.1875,408b918000000000,882.1875,9.821875e-08,tiny
analytical40-1025x1031|B|http0,0,native-rsi64,sum,8,0,0,3,0.09269559383392334,2.978258089496543e-08,1e-08,7,B,analytical40-1025x1031,0.09269559383392334,-0.003955036401748657,analytical40-1025x1031-B-0-http0-native-rsi64,analytical40-1025x1031-B-0-http0-natural-ee,8,natural-ee,1,http0,1e-10,23,41c68897f47dfffd,756101096.9843746,41c68897f472228a,756101096.891679,0.0756101196891679,hole
analytical40-1025x1031|B|http0,0,native-rsi64,support,8,0,0,2,0.00010504992678761482,2.980232149951692e-08,1e-08,7,B,analytical40-1025x1031,0.00010504992678761482,-5.00876922160387e-06,analytical40-1025x1031-B-0-http0-native-rsi64,analytical40-1025x1031-B-0-http0-natural-ee,8,natural-ee,1,http0,1e-10,23,412a806fb27304e4,868407.8485337761,412a806fb2654000,868407.8484287262,8.685078484287261e-05,hole
analytical40-1025x1031|B|http0,0,native-rsi64,mean,8,1,0,0,2.7287342163617723e-08,3.0871626084005103e-11,1e-08,7,B,analytical40-1025x1031,1.7366119209327735e-08,-2.7287342163617723e-08,analytical40-1025x1031-B-0-http0-native-rsi64,analytical40-1025x1031-B-0-http0-natural-ee,7,natural-ee,0,http0,1e-10,23,408f35b1889e33d0,998.7116863593637,408f35b188a1dd66,998.7116863866511,1.0987116863866511e-07,edge
analytical40-1025x1031|B|http0,0,native-rsi64,min,8,1,0,0,0.0,0.0,1e-08,0,B,analytical40-1025x1031,0.0,0.0,analytical40-1025x1031-B-0-http0-native-rsi64,analytical40-1025x1031-B-0-http0-natural-ee,7,natural-ee,0,http0,1e-10,23,408b590000000000,875.125,408b590000000000,875.125,9.75125e-08,tiny
analytical40-1025x1031|B|http0,0,native-rsi64,max,8,1,0,0,0.0,0.0,1e-08,0,B,analytical40-1025x1031,0.0,0.0,analytical40-1025x1031-B-0-http0-native-rsi64,analytical40-1025x1031-B-0-http0-natural-ee,7,natural-ee,0,http0,1e-10,23,408b918000000000,882.1875,408b918000000000,882.1875,9.821875e-08,tiny
analytical40-1025x1031|B|http0,0,native-rsi256,sum,8,0,0,3,0.09269559383392334,2.978258089496543e-08,1e-08,7,B,analytical40-1025x1031,0.09269559383392334,-0.003955036401748657,analytical40-1025x1031-B-0-http0-native-rsi256,analytical40-1025x1031-B-0-http0-natural-ee,8,natural-ee,1,http0,1e-10,23,41c68897f47dfffd,756101096.9843746,41c68897f472228a,756101096.891679,0.0756101196891679,hole
analytical40-1025x1031|B|http0,0,native-rsi256,support,8,0,0,2,0.00010504992678761482,2.980232149951692e-08,1e-08,7,B,analytical40-1025x1031,0.00010504992678761482,-5.00876922160387e-06,analytical40-1025x1031-B-0-http0-native-rsi256,analytical40-1025x1031-B-0-http0-natural-ee,8,natural-ee,1,http0,1e-10,23,412a806fb27304e4,868407.8485337761,412a806fb2654000,868407.8484287262,8.685078484287261e-05,hole
analytical40-1025x1031|B|http0,0,native-rsi256,mean,8,1,0,0,2.7287342163617723e-08,3.0871626084005103e-11,1e-08,7,B,analytical40-1025x1031,1.7366119209327735e-08,-2.7287342163617723e-08,analytical40-1025x1031-B-0-http0-native-rsi256,analytical40-1025x1031-B-0-http0-natural-ee,7,natural-ee,0,http0,1e-10,23,408f35b1889e33d0,998.7116863593637,408f35b188a1dd66,998.7116863866511,1.0987116863866511e-07,edge
analytical40-1025x1031|B|http0,0,native-rsi256,min,8,1,0,0,0.0,0.0,1e-08,0,B,analytical40-1025x1031,0.0,0.0,analytical40-1025x1031-B-0-http0-native-rsi256,analytical40-1025x1031-B-0-http0-natural-ee,7,natural-ee,0,http0,1e-10,23,408b590000000000,875.125,408b590000000000,875.125,9.75125e-08,tiny
analytical40-1025x1031|B|http0,0,native-rsi256,max,8,1,0,0,0.0,0.0,1e-08,0,B,analytical40-1025x1031,0.0,0.0,analytical40-1025x1031-B-0-http0-native-rsi256,analytical40-1025x1031-B-0-http0-natural-ee,7,natural-ee,0,http0,1e-10,23,408b918000000000,882.1875,408b918000000000,882.1875,9.821875e-08,tiny
analytical40-1025x1031|B|http0,0,native-skv-raw,sum,8,0,0,3,0.09269559383392334,2.978258089496543e-08,1e-08,7,B,analytical40-1025x1031,0.09269559383392334,-0.003955036401748657,analytical40-1025x1031-B-0-http0-native-skv-raw,analytical40-1025x1031-B-0-http0-natural-ee,8,natural-ee,1,http0,1e-10,23,41c68897f47dfffd,756101096.9843746,41c68897f472228a,756101096.891679,0.0756101196891679,hole
analytical40-1025x1031|B|http0,0,native-skv-raw,support,8,0,0,2,0.00010504992678761482,2.980232149951692e-08,1e-08,7,B,analytical40-1025x1031,0.00010504992678761482,-5.00876922160387e-06,analytical40-1025x1031-B-0-http0-native-skv-raw,analytical40-1025x1031-B-0-http0-natural-ee,8,natural-ee,1,http0,1e-10,23,412a806fb27304e4,868407.8485337761,412a806fb2654000,868407.8484287262,8.685078484287261e-05,hole
analytical40-1025x1031|B|http0,0,native-skv-raw,mean,8,1,0,0,2.7287342163617723e-08,3.0871626084005103e-11,1e-08,7,B,analytical40-1025x1031,1.7366119209327735e-08,-2.7287342163617723e-08,analytical40-1025x1031-B-0-http0-native-skv-raw,analytical40-1025x1031-B-0-http0-natural-ee,7,natural-ee,0,http0,1e-10,23,408f35b1889e33d0,998.7116863593637,408f35b188a1dd66,998.7116863866511,1.0987116863866511e-07,edge
analytical40-1025x1031|B|http0,0,native-skv-raw,min,8,1,0,0,0.0,0.0,1e-08,0,B,analytical40-1025x1031,0.0,0.0,analytical40-1025x1031-B-0-http0-native-skv-raw,analytical40-1025x1031-B-0-http0-natural-ee,7,natural-ee,0,http0,1e-10,23,408b590000000000,875.125,408b590000000000,875.125,9.75125e-08,tiny
analytical40-1025x1031|B|http0,0,native-skv-raw,max,8,1,0,0,0.0,0.0,1e-08,0,B,analytical40-1025x1031,0.0,0.0,analytical40-1025x1031-B-0-http0-native-skv-raw,analytical40-1025x1031-B-0-http0-natural-ee,7,natural-ee,0,http0,1e-10,23,408b918000000000,882.1875,408b918000000000,882.1875,9.821875e-08,tiny
analytical40-1025x1031|B|http0,0,native-skv-summary,sum,8,0,0,3,0.09269559383392334,2.978258089496543e-08,1e-08,7,B,analytical40-1025x1031,0.09269559383392334,-0.003955036401748657,analytical40-1025x1031-B-0-http0-native-skv-summary,analytical40-1025x1031-B-0-http0-natural-ee,8,natural-ee,1,http0,1e-10,23,41c68897f47dfffd,756101096.9843746,41c68897f472228a,756101096.891679,0.0756101196891679,hole
analytical40-1025x1031|B|http0,0,native-skv-summary,support,8,0,0,2,0.00010504992678761482,2.980232149951692e-08,1e-08,7,B,analytical40-1025x1031,0.00010504992678761482,-5.00876922160387e-06,analytical40-1025x1031-B-0-http0-native-skv-summary,analytical40-1025x1031-B-0-http0-natural-ee,8,natural-ee,1,http0,1e-10,23,412a806fb27304e4,868407.8485337761,412a806fb2654000,868407.8484287262,8.685078484287261e-05,hole
analytical40-1025x1031|B|http0,0,native-skv-summary,mean,8,1,0,0,2.7287342163617723e-08,3.0871626084005103e-11,1e-08,7,B,analytical40-1025x1031,1.7366119209327735e-08,-2.7287342163617723e-08,analytical40-1025x1031-B-0-http0-native-skv-summary,analytical40-1025x1031-B-0-http0-natural-ee,7,natural-ee,0,http0,1e-10,23,408f35b1889e33d0,998.7116863593637,408f35b188a1dd66,998.7116863866511,1.0987116863866511e-07,edge
analytical40-1025x1031|B|http0,0,native-skv-summary,min,8,1,0,0,0.0,0.0,1e-08,0,B,analytical40-1025x1031,0.0,0.0,analytical40-1025x1031-B-0-http0-native-skv-summary,analytical40-1025x1031-B-0-http0-natural-ee,7,natural-ee,0,http0,1e-10,23,408b590000000000,875.125,408b590000000000,875.125,9.75125e-08,tiny
analytical40-1025x1031|B|http0,0,native-skv-summary,max,8,1,0,0,0.0,0.0,1e-08,0,B,analytical40-1025x1031,0.0,0.0,analytical40-1025x1031-B-0-http0-native-skv-summary,analytical40-1025x1031-B-0-http0-natural-ee,7,natural-ee,0,http0,1e-10,23,408b918000000000,882.1875,408b918000000000,882.1875,9.821875e-08,tiny
analytical40-1025x1031|B|http0,1,native-tiff,sum,8,0,0,3,0.07533645629882812,1.490102504793698e-08,1e-08,7,B,analytical40-1025x1031,0.010752871632575989,-0.07533645629882812,analytical40-1025x1031-B-1-http0-native-tiff,analytical40-1025x1031-B-1-http0-natural-ee,8,natural-ee,1,http0,1e-10,23,41c691f28840c903,757327120.5061344,41c691f2884a6da3,757327120.5814708,0.07573272205814709,hole
analytical40-1025x1031|B|http0,1,native-tiff,support,8,0,0,3,8.724769577383995e-05,1.4901161415892264e-08,1e-08,7,B,analytical40-1025x1031,1.1359457857906818e-05,-8.724769577383995e-05,analytical40-1025x1031-B-1-http0-native-tiff,analytical40-1025x1031-B-1-http0-natural-ee,8,natural-ee,1,http0,1e-10,23,412a8d412b0d4674,870048.5840856568,412a8d412b18b600,870048.5841729045,8.701485841729045e-05,hole
analytical40-1025x1031|B|http0,1,native-tiff,mean,8,1,0,0,8.625158898212248e-08,8.632924763680458e-11,1e-08,7,B,analytical40-1025x1031,6.155607934488216e-08,-8.625158898212248e-08,analytical40-1025x1031-B-1-http0-native-tiff,analytical40-1025x1031-B-1-http0-natural-ee,7,natural-ee,0,http0,1e-10,23,408f38cdb184adb9,999.1004362454906,408f38cdb190414e,999.1004363317422,1.0991004363317422e-07,edge
analytical40-1025x1031|B|http0,1,native-tiff,min,8,1,0,0,0.0,0.0,1e-08,0,B,analytical40-1025x1031,0.0,0.0,analytical40-1025x1031-B-1-http0-native-tiff,analytical40-1025x1031-B-1-http0-natural-ee,7,natural-ee,0,http0,1e-10,23,408b820000000000,880.25,408b820000000000,880.25,9.8025e-08,tiny
analytical40-1025x1031|B|http0,1,native-tiff,max,8,1,0,0,0.0,0.0,1e-08,0,B,analytical40-1025x1031,0.0,0.0,analytical40-1025x1031-B-1-http0-native-tiff,analytical40-1025x1031-B-1-http0-natural-ee,7,natural-ee,0,http0,1e-10,23,408b850000000000,880.625,408b850000000000,880.625,9.80625e-08,tiny
analytical40-1025x1031|B|http0,1,native-cog,sum,8,0,0,3,0.07533645629882812,1.490102504793698e-08,1e-08,7,B,analytical40-1025x1031,0.010752871632575989,-0.07533645629882812,analytical40-1025x1031-B-1-http0-native-cog,analytical40-1025x1031-B-1-http0-natural-ee,8,natural-ee,1,http0,1e-10,23,41c691f28840c903,757327120.5061344,41c691f2884a6da3,757327120.5814708,0.07573272205814709,hole
analytical40-1025x1031|B|http0,1,native-cog,support,8,0,0,3,8.724769577383995e-05,1.4901161415892264e-08,1e-08,7,B,analytical40-1025x1031,1.1359457857906818e-05,-8.724769577383995e-05,analytical40-1025x1031-B-1-http0-native-cog,analytical40-1025x1031-B-1-http0-natural-ee,8,natural-ee,1,http0,1e-10,23,412a8d412b0d4674,870048.5840856568,412a8d412b18b600,870048.5841729045,8.701485841729045e-05,hole
analytical40-1025x1031|B|http0,1,native-cog,mean,8,1,0,0,8.625158898212248e-08,8.632924763680458e-11,1e-08,7,B,analytical40-1025x1031,6.155607934488216e-08,-8.625158898212248e-08,analytical40-1025x1031-B-1-http0-native-cog,analytical40-1025x1031-B-1-http0-natural-ee,7,natural-ee,0,http0,1e-10,23,408f38cdb184adb9,999.1004362454906,408f38cdb190414e,999.1004363317422,1.0991004363317422e-07,edge
analytical40-1025x1031|B|http0,1,native-cog,min,8,1,0,0,0.0,0.0,1e-08,0,B,analytical40-1025x1031,0.0,0.0,analytical40-1025x1031-B-1-http0-native-cog,analytical40-1025x1031-B-1-http0-natural-ee,7,natural-ee,0,http0,1e-10,23,408b820000000000,880.25,408b820000000000,880.25,9.8025e-08,tiny
analytical40-1025x1031|B|http0,1,native-cog,max,8,1,0,0,0.0,0.0,1e-08,0,B,analytical40-1025x1031,0.0,0.0,analytical40-1025x1031-B-1-http0-native-cog,analytical40-1025x1031-B-1-http0-natural-ee,7,natural-ee,0,http0,1e-10,23,408b850000000000,880.625,408b850000000000,880.625,9.80625e-08,tiny
analytical40-1025x1031|B|http0,1,native-rsi64,sum,8,0,0,3,0.07533645629882812,1.490102504793698e-08,1e-08,7,B,analytical40-1025x1031,0.010752871632575989,-0.07533645629882812,analytical40-1025x1031-B-1-http0-native-rsi64,analytical40-1025x1031-B-1-http0-natural-ee,8,natural-ee,1,http0,1e-10,23,41c691f28840c903,757327120.5061344,41c691f2884a6da3,757327120.5814708,0.07573272205814709,hole
analytical40-1025x1031|B|http0,1,native-rsi64,support,8,0,0,3,8.724769577383995e-05,1.4901161415892264e-08,1e-08,7,B,analytical40-1025x1031,1.1359457857906818e-05,-8.724769577383995e-05,analytical40-1025x1031-B-1-http0-native-rsi64,analytical40-1025x1031-B-1-http0-natural-ee,8,natural-ee,1,http0,1e-10,23,412a8d412b0d4674,870048.5840856568,412a8d412b18b600,870048.5841729045,8.701485841729045e-05,hole
analytical40-1025x1031|B|http0,1,native-rsi64,mean,8,1,0,0,8.625158898212248e-08,8.632924763680458e-11,1e-08,7,B,analytical40-1025x1031,6.155607934488216e-08,-8.625158898212248e-08,analytical40-1025x1031-B-1-http0-native-rsi64,analytical40-1025x1031-B-1-http0-natural-ee,7,natural-ee,0,http0,1e-10,23,408f38cdb184adb9,999.1004362454906,408f38cdb190414e,999.1004363317422,1.0991004363317422e-07,edge
analytical40-1025x1031|B|http0,1,native-rsi64,min,8,1,0,0,0.0,0.0,1e-08,0,B,analytical40-1025x1031,0.0,0.0,analytical40-1025x1031-B-1-http0-native-rsi64,analytical40-1025x1031-B-1-http0-natural-ee,7,natural-ee,0,http0,1e-10,23,408b820000000000,880.25,408b820000000000,880.25,9.8025e-08,tiny
analytical40-1025x1031|B|http0,1,native-rsi64,max,8,1,0,0,0.0,0.0,1e-08,0,B,analytical40-1025x1031,0.0,0.0,analytical40-1025x1031-B-1-http0-native-rsi64,analytical40-1025x1031-B-1-http0-natural-ee,7,natural-ee,0,http0,1e-10,23,408b850000000000,880.625,408b850000000000,880.625,9.80625e-08,tiny
analytical40-1025x1031|B|http0,1,native-rsi256,sum,8,0,0,3,0.07533645629882812,1.490102504793698e-08,1e-08,7,B,analytical40-1025x1031,0.010752871632575989,-0.07533645629882812,analytical40-1025x1031-B-1-http0-native-rsi256,analytical40-1025x1031-B-1-http0-natural-ee,8,natural-ee,1,http0,1e-10,23,41c691f28840c903,757327120.5061344,41c691f2884a6da3,757327120.5814708,0.07573272205814709,hole
analytical40-1025x1031|B|http0,1,native-rsi256,support,8,0,0,3,8.724769577383995e-05,1.4901161415892264e-08,1e-08,7,B,analytical40-1025x1031,1.1359457857906818e-05,-8.724769577383995e-05,analytical40-1025x1031-B-1-http0-native-rsi256,analytical40-1025x1031-B-1-http0-natural-ee,8,natural-ee,1,http0,1e-10,23,412a8d412b0d4674,870048.5840856568,412a8d412b18b600,870048.5841729045,8.701485841729045e-05,hole
analytical40-1025x1031|B|http0,1,native-rsi256,mean,8,1,0,0,8.625158898212248e-08,8.632924763680458e-11,1e-08,7,B,analytical40-1025x1031,6.155607934488216e-08,-8.625158898212248e-08,analytical40-1025x1031-B-1-http0-native-rsi256,analytical40-1025x1031-B-1-http0-natural-ee,7,natural-ee,0,http0,1e-10,23,408f38cdb184adb9,999.1004362454906,408f38cdb190414e,999.1004363317422,1.0991004363317422e-07,edge
analytical40-1025x1031|B|http0,1,native-rsi256,min,8,1,0,0,0.0,0.0,1e-08,0,B,analytical40-1025x1031,0.0,0.0,analytical40-1025x1031-B-1-http0-native-rsi256,analytical40-1025x1031-B-1-http0-natural-ee,7,natural-ee,0,http0,1e-10,23,408b820000000000,880.25,408b820000000000,880.25,9.8025e-08,tiny
analytical40-1025x1031|B|http0,1,native-rsi256,max,8,1,0,0,0.0,0.0,1e-08,0,B,analytical40-1025x1031,0.0,0.0,analytical40-1025x1031-B-1-http0-native-rsi256,analytical40-1025x1031-B-1-http0-natural-ee,7,natural-ee,0,http0,1e-10,23,408b850000000000,880.625,408b850000000000,880.625,9.80625e-08,tiny
analytical40-1025x1031|B|http0,1,native-skv-raw,sum,8,0,0,3,0.07533645629882812,1.490102504793698e-08,1e-08,7,B,analytical40-1025x1031,0.010752871632575989,-0.07533645629882812,analytical40-1025x1031-B-1-http0-native-skv-raw,analytical40-1025x1031-B-1-http0-natural-ee,8,natural-ee,1,http0,1e-10,23,41c691f28840c903,757327120.5061344,41c691f2884a6da3,757327120.5814708,0.07573272205814709,hole
analytical40-1025x1031|B|http0,1,native-skv-raw,support,8,0,0,3,8.724769577383995e-05,1.4901161415892264e-08,1e-08,7,B,analytical40-1025x1031,1.1359457857906818e-05,-8.724769577383995e-05,analytical40-1025x1031-B-1-http0-native-skv-raw,analytical40-1025x1031-B-1-http0-natural-ee,8,natural-ee,1,http0,1e-10,23,412a8d412b0d4674,870048.5840856568,412a8d412b18b600,870048.5841729045,8.701485841729045e-05,hole
analytical40-1025x1031|B|http0,1,native-skv-raw,mean,8,1,0,0,8.625158898212248e-08,8.632924763680458e-11,1e-08,7,B,analytical40-1025x1031,6.155607934488216e-08,-8.625158898212248e-08,analytical40-1025x1031-B-1-http0-native-skv-raw,analytical40-1025x1031-B-1-http0-natural-ee,7,natural-ee,0,http0,1e-10,23,408f38cdb184adb9,999.1004362454906,408f38cdb190414e,999.1004363317422,1.0991004363317422e-07,edge
analytical40-1025x1031|B|http0,1,native-skv-raw,min,8,1,0,0,0.0,0.0,1e-08,0,B,analytical40-1025x1031,0.0,0.0,analytical40-1025x1031-B-1-http0-native-skv-raw,analytical40-1025x1031-B-1-http0-natural-ee,7,natural-ee,0,http0,1e-10,23,408b820000000000,880.25,408b820000000000,880.25,9.8025e-08,tiny
analytical40-1025x1031|B|http0,1,native-skv-raw,max,8,1,0,0,0.0,0.0,1e-08,0,B,analytical40-1025x1031,0.0,0.0,analytical40-1025x1031-B-1-http0-native-skv-raw,analytical40-1025x1031-B-1-http0-natural-ee,7,natural-ee,0,http0,1e-10,23,408b850000000000,880.625,408b850000000000,880.625,9.80625e-08,tiny
analytical40-1025x1031|B|http0,1,native-skv-summary,sum,8,0,0,3,0.07533645629882812,1.490102504793698e-08,1e-08,7,B,analytical40-1025x1031,0.010752871632575989,-0.07533645629882812,analytical40-1025x1031-B-1-http0-native-skv-summary,analytical40-1025x1031-B-1-http0-natural-ee,8,natural-ee,1,http0,1e-10,23,41c691f28840c903,757327120.5061344,41c691f2884a6da3,757327120.5814708,0.07573272205814709,hole
analytical40-1025x1031|B|http0,1,native-skv-summary,support,8,0,0,3,8.724769577383995e-05,1.4901161415892264e-08,1e-08,7,B,analytical40-1025x1031,1.1359457857906818e-05,-8.724769577383995e-05,analytical40-1025x1031-B-1-http0-native-skv-summary,analytical40-1025x1031-B-1-http0-natural-ee,8,natural-ee,1,http0,1e-10,23,412a8d412b0d4674,870048.5840856568,412a8d412b18b600,870048.5841729045,8.701485841729045e-05,hole
analytical40-1025x1031|B|http0,1,native-skv-summary,mean,8,1,0,0,8.625158898212248e-08,8.632924763680458e-11,1e-08,7,B,analytical40-1025x1031,6.155607934488216e-08,-8.625158898212248e-08,analytical40-1025x1031-B-1-http0-native-skv-summary,analytical40-1025x1031-B-1-http0-natural-ee,7,natural-ee,0,http0,1e-10,23,408f38cdb184adb9,999.1004362454906,408f38cdb190414e,999.1004363317422,1.0991004363317422e-07,edge
analytical40-1025x1031|B|http0,1,native-skv-summary,min,8,1,0,0,0.0,0.0,1e-08,0,B,analytical40-1025x1031,0.0,0.0,analytical40-1025x1031-B-1-http0-native-skv-summary,analytical40-1025x1031-B-1-http0-natural-ee,7,natural-ee,0,http0,1e-10,23,408b820000000000,880.25,408b820000000000,880.25,9.8025e-08,tiny
analytical40-1025x1031|B|http0,1,native-skv-summary,max,8,1,0,0,0.0,0.0,1e-08,0,B,analytical40-1025x1031,0.0,0.0,analytical40-1025x1031-B-1-http0-native-skv-summary,analytical40-1025x1031-B-1-http0-natural-ee,7,natural-ee,0,http0,1e-10,23,408b850000000000,880.625,408b850000000000,880.625,9.80625e-08,tiny
analytical40-1025x1031|B|http0,2,native-tiff,sum,8,0,0,3,0.053128838539123535,5.945595696069333e-10,1e-08,6,B,analytical40-1025x1031,0.0014541596174240112,-0.053128838539123535,analytical40-1025x1031-B-2-http0-native-tiff,analytical40-1025x1031-B-2-http0-natural-ee,8,natural-ee,1,http0,1e-10,23,41c64c6aac23af3f,748213592.2787856,41c64c6aac2a7c2c,748213592.3319144,0.07482136923319144,hole
analytical40-1025x1031|B|http0,2,native-tiff,support,8,0,0,3,5.9792306274175644e-05,6.818163010589131e-10,1e-08,6,B,analytical40-1025x1031,1.5196274034678936e-06,-5.9792306274175644e-05,analytical40-1025x1031-B-2-http0-native-tiff,analytical40-1025x1031-B-2-http0-natural-ee,8,natural-ee,1,http0,1e-10,23,412a3ce2611e9fb4,859761.1896867664,412a3ce261267600,859761.1897465587,8.598611897465586e-05,hole
analytical40-1025x1031|B|http0,2,native-tiff,mean,8,1,0,0,7.559231107734377e-08,8.72567823924004e-11,1e-08,6,B,analytical40-1025x1031,1.718433395581087e-08,-7.559231107734377e-08,analytical40-1025x1031-B-2-http0-native-tiff,analytical40-1025x1031-B-2-http0-natural-ee,7,natural-ee,0,http0,1e-10,23,408b128fb8620157,866.3201759010943,408b128fb86c26ac,866.3201759766866,9.663201759766867e-08,compact
analytical40-1025x1031|B|http0,2,native-tiff,min,8,1,0,0,0.0,0.0,1e-08,0,B,analytical40-1025x1031,0.0,0.0,analytical40-1025x1031-B-2-http0-native-tiff,analytical40-1025x1031-B-2-http0-natural-ee,7,natural-ee,0,http0,1e-10,23,408b750000000000,878.625,408b750000000000,878.625,9.78625e-08,tiny
analytical40-1025x1031|B|http0,2,native-tiff,max,8,1,0,0,0.0,0.0,1e-08,0,B,analytical40-1025x1031,0.0,0.0,analytical40-1025x1031-B-2-http0-native-tiff,analytical40-1025x1031-B-2-http0-natural-ee,7,natural-ee,0,http0,1e-10,23,408b750000000000,878.625,408b750000000000,878.625,9.78625e-08,tiny
analytical40-1025x1031|B|http0,2,native-cog,sum,8,0,0,3,0.053128838539123535,5.945595696069333e-10,1e-08,6,B,analytical40-1025x1031,0.0014541596174240112,-0.053128838539123535,analytical40-1025x1031-B-2-http0-native-cog,analytical40-1025x1031-B-2-http0-natural-ee,8,natural-ee,1,http0,1e-10,23,41c64c6aac23af3f,748213592.2787856,41c64c6aac2a7c2c,748213592.3319144,0.07482136923319144,hole
analytical40-1025x1031|B|http0,2,native-cog,support,8,0,0,3,5.9792306274175644e-05,6.818163010589131e-10,1e-08,6,B,analytical40-1025x1031,1.5196274034678936e-06,-5.9792306274175644e-05,analytical40-1025x1031-B-2-http0-native-cog,analytical40-1025x1031-B-2-http0-natural-ee,8,natural-ee,1,http0,1e-10,23,412a3ce2611e9fb4,859761.1896867664,412a3ce261267600,859761.1897465587,8.598611897465586e-05,hole
analytical40-1025x1031|B|http0,2,native-cog,mean,8,1,0,0,7.559231107734377e-08,8.72567823924004e-11,1e-08,6,B,analytical40-1025x1031,1.718433395581087e-08,-7.559231107734377e-08,analytical40-1025x1031-B-2-http0-native-cog,analytical40-1025x1031-B-2-http0-natural-ee,7,natural-ee,0,http0,1e-10,23,408b128fb8620157,866.3201759010943,408b128fb86c26ac,866.3201759766866,9.663201759766867e-08,compact
analytical40-1025x1031|B|http0,2,native-cog,min,8,1,0,0,0.0,0.0,1e-08,0,B,analytical40-1025x1031,0.0,0.0,analytical40-1025x1031-B-2-http0-native-cog,analytical40-1025x1031-B-2-http0-natural-ee,7,natural-ee,0,http0,1e-10,23,408b750000000000,878.625,408b750000000000,878.625,9.78625e-08,tiny
analytical40-1025x1031|B|http0,2,native-cog,max,8,1,0,0,0.0,0.0,1e-08,0,B,analytical40-1025x1031,0.0,0.0,analytical40-1025x1031-B-2-http0-native-cog,analytical40-1025x1031-B-2-http0-natural-ee,7,natural-ee,0,http0,1e-10,23,408b750000000000,878.625,408b750000000000,878.625,9.78625e-08,tiny
analytical40-1025x1031|B|http0,2,native-rsi64,sum,8,0,0,3,0.053128838539123535,5.945595696069333e-10,1e-08,6,B,analytical40-1025x1031,0.0014541596174240112,-0.053128838539123535,analytical40-1025x1031-B-2-http0-native-rsi64,analytical40-1025x1031-B-2-http0-natural-ee,8,natural-ee,1,http0,1e-10,23,41c64c6aac23af3f,748213592.2787856,41c64c6aac2a7c2c,748213592.3319144,0.07482136923319144,hole
analytical40-1025x1031|B|http0,2,native-rsi64,support,8,0,0,3,5.9792306274175644e-05,6.818163010589131e-10,1e-08,6,B,analytical40-1025x1031,1.5196274034678936e-06,-5.9792306274175644e-05,analytical40-1025x1031-B-2-http0-native-rsi64,analytical40-1025x1031-B-2-http0-natural-ee,8,natural-ee,1,http0,1e-10,23,412a3ce2611e9fb4,859761.1896867664,412a3ce261267600,859761.1897465587,8.598611897465586e-05,hole
analytical40-1025x1031|B|http0,2,native-rsi64,mean,8,1,0,0,7.559231107734377e-08,8.72567823924004e-11,1e-08,6,B,analytical40-1025x1031,1.718433395581087e-08,-7.559231107734377e-08,analytical40-1025x1031-B-2-http0-native-rsi64,analytical40-1025x1031-B-2-http0-natural-ee,7,natural-ee,0,http0,1e-10,23,408b128fb8620157,866.3201759010943,408b128fb86c26ac,866.3201759766866,9.663201759766867e-08,compact
analytical40-1025x1031|B|http0,2,native-rsi64,min,8,1,0,0,0.0,0.0,1e-08,0,B,analytical40-1025x1031,0.0,0.0,analytical40-1025x1031-B-2-http0-native-rsi64,analytical40-1025x1031-B-2-http0-natural-ee,7,natural-ee,0,http0,1e-10,23,408b750000000000,878.625,408b750000000000,878.625,9.78625e-08,tiny
analytical40-1025x1031|B|http0,2,native-rsi64,max,8,1,0,0,0.0,0.0,1e-08,0,B,analytical40-1025x1031,0.0,0.0,analytical40-1025x1031-B-2-http0-native-rsi64,analytical40-1025x1031-B-2-http0-natural-ee,7,natural-ee,0,http0,1e-10,23,408b750000000000,878.625,408b750000000000,878.625,9.78625e-08,tiny
analytical40-1025x1031|B|http0,2,native-rsi256,sum,8,0,0,3,0.053128838539123535,5.945595696069333e-10,1e-08,6,B,analytical40-1025x1031,0.0014541596174240112,-0.053128838539123535,analytical40-1025x1031-B-2-http0-native-rsi256,analytical40-1025x1031-B-2-http0-natural-ee,8,natural-ee,1,http0,1e-10,23,41c64c6aac23af3f,748213592.2787856,41c64c6aac2a7c2c,748213592.3319144,0.07482136923319144,hole
analytical40-1025x1031|B|http0,2,native-rsi256,support,8,0,0,3,5.9792306274175644e-05,6.818163010589131e-10,1e-08,6,B,analytical40-1025x1031,1.5196274034678936e-06,-5.9792306274175644e-05,analytical40-1025x1031-B-2-http0-native-rsi256,analytical40-1025x1031-B-2-http0-natural-ee,8,natural-ee,1,http0,1e-10,23,412a3ce2611e9fb4,859761.1896867664,412a3ce261267600,859761.1897465587,8.598611897465586e-05,hole
analytical40-1025x1031|B|http0,2,native-rsi256,mean,8,1,0,0,7.559231107734377e-08,8.72567823924004e-11,1e-08,6,B,analytical40-1025x1031,1.718433395581087e-08,-7.559231107734377e-08,analytical40-1025x1031-B-2-http0-native-rsi256,analytical40-1025x1031-B-2-http0-natural-ee,7,natural-ee,0,http0,1e-10,23,408b128fb8620157,866.3201759010943,408b128fb86c26ac,866.3201759766866,9.663201759766867e-08,compact
analytical40-1025x1031|B|http0,2,native-rsi256,min,8,1,0,0,0.0,0.0,1e-08,0,B,analytical40-1025x1031,0.0,0.0,analytical40-1025x1031-B-2-http0-native-rsi256,analytical40-1025x1031-B-2-http0-natural-ee,7,natural-ee,0,http0,1e-10,23,408b750000000000,878.625,408b750000000000,878.625,9.78625e-08,tiny
analytical40-1025x1031|B|http0,2,native-rsi256,max,8,1,0,0,0.0,0.0,1e-08,0,B,analytical40-1025x1031,0.0,0.0,analytical40-1025x1031-B-2-http0-native-rsi256,analytical40-1025x1031-B-2-http0-natural-ee,7,natural-ee,0,http0,1e-10,23,408b750000000000,878.625,408b750000000000,878.625,9.78625e-08,tiny
analytical40-1025x1031|B|http0,2,native-skv-raw,sum,8,0,0,3,0.053128838539123535,5.945595696069333e-10,1e-08,6,B,analytical40-1025x1031,0.0014541596174240112,-0.053128838539123535,analytical40-1025x1031-B-2-http0-native-skv-raw,analytical40-1025x1031-B-2-http0-natural-ee,8,natural-ee,1,http0,1e-10,23,41c64c6aac23af3f,748213592.2787856,41c64c6aac2a7c2c,748213592.3319144,0.07482136923319144,hole
analytical40-1025x1031|B|http0,2,native-skv-raw,support,8,0,0,3,5.9792306274175644e-05,6.818163010589131e-10,1e-08,6,B,analytical40-1025x1031,1.5196274034678936e-06,-5.9792306274175644e-05,analytical40-1025x1031-B-2-http0-native-skv-raw,analytical40-1025x1031-B-2-http0-natural-ee,8,natural-ee,1,http0,1e-10,23,412a3ce2611e9fb4,859761.1896867664,412a3ce261267600,859761.1897465587,8.598611897465586e-05,hole
analytical40-1025x1031|B|http0,2,native-skv-raw,mean,8,1,0,0,7.559231107734377e-08,8.72567823924004e-11,1e-08,6,B,analytical40-1025x1031,1.718433395581087e-08,-7.559231107734377e-08,analytical40-1025x1031-B-2-http0-native-skv-raw,analytical40-1025x1031-B-2-http0-natural-ee,7,natural-ee,0,http0,1e-10,23,408b128fb8620157,866.3201759010943,408b128fb86c26ac,866.3201759766866,9.663201759766867e-08,compact
analytical40-1025x1031|B|http0,2,native-skv-raw,min,8,1,0,0,0.0,0.0,1e-08,0,B,analytical40-1025x1031,0.0,0.0,analytical40-1025x1031-B-2-http0-native-skv-raw,analytical40-1025x1031-B-2-http0-natural-ee,7,natural-ee,0,http0,1e-10,23,408b750000000000,878.625,408b750000000000,878.625,9.78625e-08,tiny
analytical40-1025x1031|B|http0,2,native-skv-raw,max,8,1,0,0,0.0,0.0,1e-08,0,B,analytical40-1025x1031,0.0,0.0,analytical40-1025x1031-B-2-http0-native-skv-raw,analytical40-1025x1031-B-2-http0-natural-ee,7,natural-ee,0,http0,1e-10,23,408b750000000000,878.625,408b750000000000,878.625,9.78625e-08,tiny
analytical40-1025x1031|B|http0,2,native-skv-summary,sum,8,0,0,3,0.053128838539123535,5.945595696069333e-10,1e-08,6,B,analytical40-1025x1031,0.0014541596174240112,-0.053128838539123535,analytical40-1025x1031-B-2-http0-native-skv-summary,analytical40-1025x1031-B-2-http0-natural-ee,8,natural-ee,1,http0,1e-10,23,41c64c6aac23af3f,748213592.2787856,41c64c6aac2a7c2c,748213592.3319144,0.07482136923319144,hole
analytical40-1025x1031|B|http0,2,native-skv-summary,support,8,0,0,3,5.9792306274175644e-05,6.818163010589131e-10,1e-08,6,B,analytical40-1025x1031,1.5196274034678936e-06,-5.9792306274175644e-05,analytical40-1025x1031-B-2-http0-native-skv-summary,analytical40-1025x1031-B-2-http0-natural-ee,8,natural-ee,1,http0,1e-10,23,412a3ce2611e9fb4,859761.1896867664,412a3ce261267600,859761.1897465587,8.598611897465586e-05,hole
analytical40-1025x1031|B|http0,2,native-skv-summary,mean,8,1,0,0,7.559231107734377e-08,8.72567823924004e-11,1e-08,6,B,analytical40-1025x1031,1.718433395581087e-08,-7.559231107734377e-08,analytical40-1025x1031-B-2-http0-native-skv-summary,analytical40-1025x1031-B-2-http0-natural-ee,7,natural-ee,0,http0,1e-10,23,408b128fb8620157,866.3201759010943,408b128fb86c26ac,866.3201759766866,9.663201759766867e-08,compact
analytical40-1025x1031|B|http0,2,native-skv-summary,min,8,1,0,0,0.0,0.0,1e-08,0,B,analytical40-1025x1031,0.0,0.0,analytical40-1025x1031-B-2-http0-native-skv-summary,analytical40-1025x1031-B-2-http0-natural-ee,7,natural-ee,0,http0,1e-10,23,408b750000000000,878.625,408b750000000000,878.625,9.78625e-08,tiny
analytical40-1025x1031|B|http0,2,native-skv-summary,max,8,1,0,0,0.0,0.0,1e-08,0,B,analytical40-1025x1031,0.0,0.0,analytical40-1025x1031-B-2-http0-native-skv-summary,analytical40-1025x1031-B-2-http0-natural-ee,7,natural-ee,0,http0,1e-10,23,408b750000000000,878.625,408b750000000000,878.625,9.78625e-08,tiny
analytical40-1025x1031|B|local,0,native-tiff,sum,8,0,0,3,0.09269559383392334,2.978258089496543e-08,1e-08,7,B,analytical40-1025x1031,0.09269559383392334,-0.003955036401748657,analytical40-1025x1031-B-0-local-native-tiff,analytical40-1025x1031-B-0-local-natural-ee,8,natural-ee,1,local,1e-10,23,41c68897f47dfffd,756101096.9843746,41c68897f472228a,756101096.891679,0.0756101196891679,hole
analytical40-1025x1031|B|local,0,native-tiff,support,8,0,0,2,0.00010504992678761482,2.980232149951692e-08,1e-08,7,B,analytical40-1025x1031,0.00010504992678761482,-5.00876922160387e-06,analytical40-1025x1031-B-0-local-native-tiff,analytical40-1025x1031-B-0-local-natural-ee,8,natural-ee,1,local,1e-10,23,412a806fb27304e4,868407.8485337761,412a806fb2654000,868407.8484287262,8.685078484287261e-05,hole
analytical40-1025x1031|B|local,0,native-tiff,mean,8,1,0,0,2.7287342163617723e-08,3.0871626084005103e-11,1e-08,7,B,analytical40-1025x1031,1.7366119209327735e-08,-2.7287342163617723e-08,analytical40-1025x1031-B-0-local-native-tiff,analytical40-1025x1031-B-0-local-natural-ee,7,natural-ee,0,local,1e-10,23,408f35b1889e33d0,998.7116863593637,408f35b188a1dd66,998.7116863866511,1.0987116863866511e-07,edge
analytical40-1025x1031|B|local,0,native-tiff,min,8,1,0,0,0.0,0.0,1e-08,0,B,analytical40-1025x1031,0.0,0.0,analytical40-1025x1031-B-0-local-native-tiff,analytical40-1025x1031-B-0-local-natural-ee,7,natural-ee,0,local,1e-10,23,408b590000000000,875.125,408b590000000000,875.125,9.75125e-08,tiny
analytical40-1025x1031|B|local,0,native-tiff,max,8,1,0,0,0.0,0.0,1e-08,0,B,analytical40-1025x1031,0.0,0.0,analytical40-1025x1031-B-0-local-native-tiff,analytical40-1025x1031-B-0-local-natural-ee,7,natural-ee,0,local,1e-10,23,408b918000000000,882.1875,408b918000000000,882.1875,9.821875e-08,tiny
analytical40-1025x1031|B|local,0,native-cog,sum,8,0,0,3,0.09269559383392334,2.978258089496543e-08,1e-08,7,B,analytical40-1025x1031,0.09269559383392334,-0.003955036401748657,analytical40-1025x1031-B-0-local-native-cog,analytical40-1025x1031-B-0-local-natural-ee,8,natural-ee,1,local,1e-10,23,41c68897f47dfffd,756101096.9843746,41c68897f472228a,756101096.891679,0.0756101196891679,hole
analytical40-1025x1031|B|local,0,native-cog,support,8,0,0,2,0.00010504992678761482,2.980232149951692e-08,1e-08,7,B,analytical40-1025x1031,0.00010504992678761482,-5.00876922160387e-06,analytical40-1025x1031-B-0-local-native-cog,analytical40-1025x1031-B-0-local-natural-ee,8,natural-ee,1,local,1e-10,23,412a806fb27304e4,868407.8485337761,412a806fb2654000,868407.8484287262,8.685078484287261e-05,hole
analytical40-1025x1031|B|local,0,native-cog,mean,8,1,0,0,2.7287342163617723e-08,3.0871626084005103e-11,1e-08,7,B,analytical40-1025x1031,1.7366119209327735e-08,-2.7287342163617723e-08,analytical40-1025x1031-B-0-local-native-cog,analytical40-1025x1031-B-0-local-natural-ee,7,natural-ee,0,local,1e-10,23,408f35b1889e33d0,998.7116863593637,408f35b188a1dd66,998.7116863866511,1.0987116863866511e-07,edge
analytical40-1025x1031|B|local,0,native-cog,min,8,1,0,0,0.0,0.0,1e-08,0,B,analytical40-1025x1031,0.0,0.0,analytical40-1025x1031-B-0-local-native-cog,analytical40-1025x1031-B-0-local-natural-ee,7,natural-ee,0,local,1e-10,23,408b590000000000,875.125,408b590000000000,875.125,9.75125e-08,tiny
analytical40-1025x1031|B|local,0,native-cog,max,8,1,0,0,0.0,0.0,1e-08,0,B,analytical40-1025x1031,0.0,0.0,analytical40-1025x1031-B-0-local-native-cog,analytical40-1025x1031-B-0-local-natural-ee,7,natural-ee,0,local,1e-10,23,408b918000000000,882.1875,408b918000000000,882.1875,9.821875e-08,tiny
analytical40-1025x1031|B|local,0,native-rsi64,sum,8,0,0,3,0.09269559383392334,2.978258089496543e-08,1e-08,7,B,analytical40-1025x1031,0.09269559383392334,-0.003955036401748657,analytical40-1025x1031-B-0-local-native-rsi64,analytical40-1025x1031-B-0-local-natural-ee,8,natural-ee,1,local,1e-10,23,41c68897f47dfffd,756101096.9843746,41c68897f472228a,756101096.891679,0.0756101196891679,hole
analytical40-1025x1031|B|local,0,native-rsi64,support,8,0,0,2,0.00010504992678761482,2.980232149951692e-08,1e-08,7,B,analytical40-1025x1031,0.00010504992678761482,-5.00876922160387e-06,analytical40-1025x1031-B-0-local-native-rsi64,analytical40-1025x1031-B-0-local-natural-ee,8,natural-ee,1,local,1e-10,23,412a806fb27304e4,868407.8485337761,412a806fb2654000,868407.8484287262,8.685078484287261e-05,hole
analytical40-1025x1031|B|local,0,native-rsi64,mean,8,1,0,0,2.7287342163617723e-08,3.0871626084005103e-11,1e-08,7,B,analytical40-1025x1031,1.7366119209327735e-08,-2.7287342163617723e-08,analytical40-1025x1031-B-0-local-native-rsi64,analytical40-1025x1031-B-0-local-natural-ee,7,natural-ee,0,local,1e-10,23,408f35b1889e33d0,998.7116863593637,408f35b188a1dd66,998.7116863866511,1.0987116863866511e-07,edge
analytical40-1025x1031|B|local,0,native-rsi64,min,8,1,0,0,0.0,0.0,1e-08,0,B,analytical40-1025x1031,0.0,0.0,analytical40-1025x1031-B-0-local-native-rsi64,analytical40-1025x1031-B-0-local-natural-ee,7,natural-ee,0,local,1e-10,23,408b590000000000,875.125,408b590000000000,875.125,9.75125e-08,tiny
analytical40-1025x1031|B|local,0,native-rsi64,max,8,1,0,0,0.0,0.0,1e-08,0,B,analytical40-1025x1031,0.0,0.0,analytical40-1025x1031-B-0-local-native-rsi64,analytical40-1025x1031-B-0-local-natural-ee,7,natural-ee,0,local,1e-10,23,408b918000000000,882.1875,408b918000000000,882.1875,9.821875e-08,tiny
analytical40-1025x1031|B|local,0,native-rsi256,sum,8,0,0,3,0.09269559383392334,2.978258089496543e-08,1e-08,7,B,analytical40-1025x1031,0.09269559383392334,-0.003955036401748657,analytical40-1025x1031-B-0-local-native-rsi256,analytical40-1025x1031-B-0-local-natural-ee,8,natural-ee,1,local,1e-10,23,41c68897f47dfffd,756101096.9843746,41c68897f472228a,756101096.891679,0.0756101196891679,hole
analytical40-1025x1031|B|local,0,native-rsi256,support,8,0,0,2,0.00010504992678761482,2.980232149951692e-08,1e-08,7,B,analytical40-1025x1031,0.00010504992678761482,-5.00876922160387e-06,analytical40-1025x1031-B-0-local-native-rsi256,analytical40-1025x1031-B-0-local-natural-ee,8,natural-ee,1,local,1e-10,23,412a806fb27304e4,868407.8485337761,412a806fb2654000,868407.8484287262,8.685078484287261e-05,hole
analytical40-1025x1031|B|local,0,native-rsi256,mean,8,1,0,0,2.7287342163617723e-08,3.0871626084005103e-11,1e-08,7,B,analytical40-1025x1031,1.7366119209327735e-08,-2.7287342163617723e-08,analytical40-1025x1031-B-0-local-native-rsi256,analytical40-1025x1031-B-0-local-natural-ee,7,natural-ee,0,local,1e-10,23,408f35b1889e33d0,998.7116863593637,408f35b188a1dd66,998.7116863866511,1.0987116863866511e-07,edge
analytical40-1025x1031|B|local,0,native-rsi256,min,8,1,0,0,0.0,0.0,1e-08,0,B,analytical40-1025x1031,0.0,0.0,analytical40-1025x1031-B-0-local-native-rsi256,analytical40-1025x1031-B-0-local-natural-ee,7,natural-ee,0,local,1e-10,23,408b590000000000,875.125,408b590000000000,875.125,9.75125e-08,tiny
analytical40-1025x1031|B|local,0,native-rsi256,max,8,1,0,0,0.0,0.0,1e-08,0,B,analytical40-1025x1031,0.0,0.0,analytical40-1025x1031-B-0-local-native-rsi256,analytical40-1025x1031-B-0-local-natural-ee,7,natural-ee,0,local,1e-10,23,408b918000000000,882.1875,408b918000000000,882.1875,9.821875e-08,tiny
analytical40-1025x1031|B|local,0,native-skv-raw,sum,8,0,0,3,0.09269559383392334,2.978258089496543e-08,1e-08,7,B,analytical40-1025x1031,0.09269559383392334,-0.003955036401748657,analytical40-1025x1031-B-0-local-native-skv-raw,analytical40-1025x1031-B-0-local-natural-ee,8,natural-ee,1,local,1e-10,23,41c68897f47dfffd,756101096.9843746,41c68897f472228a,756101096.891679,0.0756101196891679,hole
analytical40-1025x1031|B|local,0,native-skv-raw,support,8,0,0,2,0.00010504992678761482,2.980232149951692e-08,1e-08,7,B,analytical40-1025x1031,0.00010504992678761482,-5.00876922160387e-06,analytical40-1025x1031-B-0-local-native-skv-raw,analytical40-1025x1031-B-0-local-natural-ee,8,natural-ee,1,local,1e-10,23,412a806fb27304e4,868407.8485337761,412a806fb2654000,868407.8484287262,8.685078484287261e-05,hole
analytical40-1025x1031|B|local,0,native-skv-raw,mean,8,1,0,0,2.7287342163617723e-08,3.0871626084005103e-11,1e-08,7,B,analytical40-1025x1031,1.7366119209327735e-08,-2.7287342163617723e-08,analytical40-1025x1031-B-0-local-native-skv-raw,analytical40-1025x1031-B-0-local-natural-ee,7,natural-ee,0,local,1e-10,23,408f35b1889e33d0,998.7116863593637,408f35b188a1dd66,998.7116863866511,1.0987116863866511e-07,edge
analytical40-1025x1031|B|local,0,native-skv-raw,min,8,1,0,0,0.0,0.0,1e-08,0,B,analytical40-1025x1031,0.0,0.0,analytical40-1025x1031-B-0-local-native-skv-raw,analytical40-1025x1031-B-0-local-natural-ee,7,natural-ee,0,local,1e-10,23,408b590000000000,875.125,408b590000000000,875.125,9.75125e-08,tiny
analytical40-1025x1031|B|local,0,native-skv-raw,max,8,1,0,0,0.0,0.0,1e-08,0,B,analytical40-1025x1031,0.0,0.0,analytical40-1025x1031-B-0-local-native-skv-raw,analytical40-1025x1031-B-0-local-natural-ee,7,natural-ee,0,local,1e-10,23,408b918000000000,882.1875,408b918000000000,882.1875,9.821875e-08,tiny
analytical40-1025x1031|B|local,0,native-skv-summary,sum,8,0,0,3,0.09269559383392334,2.978258089496543e-08,1e-08,7,B,analytical40-1025x1031,0.09269559383392334,-0.003955036401748657,analytical40-1025x1031-B-0-local-native-skv-summary,analytical40-1025x1031-B-0-local-natural-ee,8,natural-ee,1,local,1e-10,23,41c68897f47dfffd,756101096.9843746,41c68897f472228a,756101096.891679,0.0756101196891679,hole
analytical40-1025x1031|B|local,0,native-skv-summary,support,8,0,0,2,0.00010504992678761482,2.980232149951692e-08,1e-08,7,B,analytical40-1025x1031,0.00010504992678761482,-5.00876922160387e-06,analytical40-1025x1031-B-0-local-native-skv-summary,analytical40-1025x1031-B-0-local-natural-ee,8,natural-ee,1,local,1e-10,23,412a806fb27304e4,868407.8485337761,412a806fb2654000,868407.8484287262,8.685078484287261e-05,hole
analytical40-1025x1031|B|local,0,native-skv-summary,mean,8,1,0,0,2.7287342163617723e-08,3.0871626084005103e-11,1e-08,7,B,analytical40-1025x1031,1.7366119209327735e-08,-2.7287342163617723e-08,analytical40-1025x1031-B-0-local-native-skv-summary,analytical40-1025x1031-B-0-local-natural-ee,7,natural-ee,0,local,1e-10,23,408f35b1889e33d0,998.7116863593637,408f35b188a1dd66,998.7116863866511,1.0987116863866511e-07,edge
analytical40-1025x1031|B|local,0,native-skv-summary,min,8,1,0,0,0.0,0.0,1e-08,0,B,analytical40-1025x1031,0.0,0.0,analytical40-1025x1031-B-0-local-native-skv-summary,analytical40-1025x1031-B-0-local-natural-ee,7,natural-ee,0,local,1e-10,23,408b590000000000,875.125,408b590000000000,875.125,9.75125e-08,tiny
analytical40-1025x1031|B|local,0,native-skv-summary,max,8,1,0,0,0.0,0.0,1e-08,0,B,analytical40-1025x1031,0.0,0.0,analytical40-1025x1031-B-0-local-native-skv-summary,analytical40-1025x1031-B-0-local-natural-ee,7,natural-ee,0,local,1e-10,23,408b918000000000,882.1875,408b918000000000,882.1875,9.821875e-08,tiny
analytical40-1025x1031|B|local,1,native-tiff,sum,8,0,0,3,0.07533645629882812,1.490102504793698e-08,1e-08,7,B,analytical40-1025x1031,0.010752871632575989,-0.07533645629882812,analytical40-1025x1031-B-1-local-native-tiff,analytical40-1025x1031-B-1-local-natural-ee,8,natural-ee,1,local,1e-10,23,41c691f28840c903,757327120.5061344,41c691f2884a6da3,757327120.5814708,0.07573272205814709,hole
analytical40-1025x1031|B|local,1,native-tiff,support,8,0,0,3,8.724769577383995e-05,1.4901161415892264e-08,1e-08,7,B,analytical40-1025x1031,1.1359457857906818e-05,-8.724769577383995e-05,analytical40-1025x1031-B-1-local-native-tiff,analytical40-1025x1031-B-1-local-natural-ee,8,natural-ee,1,local,1e-10,23,412a8d412b0d4674,870048.5840856568,412a8d412b18b600,870048.5841729045,8.701485841729045e-05,hole
analytical40-1025x1031|B|local,1,native-tiff,mean,8,1,0,0,8.625158898212248e-08,8.632924763680458e-11,1e-08,7,B,analytical40-1025x1031,6.155607934488216e-08,-8.625158898212248e-08,analytical40-1025x1031-B-1-local-native-tiff,analytical40-1025x1031-B-1-local-natural-ee,7,natural-ee,0,local,1e-10,23,408f38cdb184adb9,999.1004362454906,408f38cdb190414e,999.1004363317422,1.0991004363317422e-07,edge
analytical40-1025x1031|B|local,1,native-tiff,min,8,1,0,0,0.0,0.0,1e-08,0,B,analytical40-1025x1031,0.0,0.0,analytical40-1025x1031-B-1-local-native-tiff,analytical40-1025x1031-B-1-local-natural-ee,7,natural-ee,0,local,1e-10,23,408b820000000000,880.25,408b820000000000,880.25,9.8025e-08,tiny
analytical40-1025x1031|B|local,1,native-tiff,max,8,1,0,0,0.0,0.0,1e-08,0,B,analytical40-1025x1031,0.0,0.0,analytical40-1025x1031-B-1-local-native-tiff,analytical40-1025x1031-B-1-local-natural-ee,7,natural-ee,0,local,1e-10,23,408b850000000000,880.625,408b850000000000,880.625,9.80625e-08,tiny
analytical40-1025x1031|B|local,1,native-cog,sum,8,0,0,3,0.07533645629882812,1.490102504793698e-08,1e-08,7,B,analytical40-1025x1031,0.010752871632575989,-0.07533645629882812,analytical40-1025x1031-B-1-local-native-cog,analytical40-1025x1031-B-1-local-natural-ee,8,natural-ee,1,local,1e-10,23,41c691f28840c903,757327120.5061344,41c691f2884a6da3,757327120.5814708,0.07573272205814709,hole
analytical40-1025x1031|B|local,1,native-cog,support,8,0,0,3,8.724769577383995e-05,1.4901161415892264e-08,1e-08,7,B,analytical40-1025x1031,1.1359457857906818e-05,-8.724769577383995e-05,analytical40-1025x1031-B-1-local-native-cog,analytical40-1025x1031-B-1-local-natural-ee,8,natural-ee,1,local,1e-10,23,412a8d412b0d4674,870048.5840856568,412a8d412b18b600,870048.5841729045,8.701485841729045e-05,hole
analytical40-1025x1031|B|local,1,native-cog,mean,8,1,0,0,8.625158898212248e-08,8.632924763680458e-11,1e-08,7,B,analytical40-1025x1031,6.155607934488216e-08,-8.625158898212248e-08,analytical40-1025x1031-B-1-local-native-cog,analytical40-1025x1031-B-1-local-natural-ee,7,natural-ee,0,local,1e-10,23,408f38cdb184adb9,999.1004362454906,408f38cdb190414e,999.1004363317422,1.0991004363317422e-07,edge
analytical40-1025x1031|B|local,1,native-cog,min,8,1,0,0,0.0,0.0,1e-08,0,B,analytical40-1025x1031,0.0,0.0,analytical40-1025x1031-B-1-local-native-cog,analytical40-1025x1031-B-1-local-natural-ee,7,natural-ee,0,local,1e-10,23,408b820000000000,880.25,408b820000000000,880.25,9.8025e-08,tiny
analytical40-1025x1031|B|local,1,native-cog,max,8,1,0,0,0.0,0.0,1e-08,0,B,analytical40-1025x1031,0.0,0.0,analytical40-1025x1031-B-1-local-native-cog,analytical40-1025x1031-B-1-local-natural-ee,7,natural-ee,0,local,1e-10,23,408b850000000000,880.625,408b850000000000,880.625,9.80625e-08,tiny
analytical40-1025x1031|B|local,1,native-rsi64,sum,8,0,0,3,0.07533645629882812,1.490102504793698e-08,1e-08,7,B,analytical40-1025x1031,0.010752871632575989,-0.07533645629882812,analytical40-1025x1031-B-1-local-native-rsi64,analytical40-1025x1031-B-1-local-natural-ee,8,natural-ee,1,local,1e-10,23,41c691f28840c903,757327120.5061344,41c691f2884a6da3,757327120.5814708,0.07573272205814709,hole
analytical40-1025x1031|B|local,1,native-rsi64,support,8,0,0,3,8.724769577383995e-05,1.4901161415892264e-08,1e-08,7,B,analytical40-1025x1031,1.1359457857906818e-05,-8.724769577383995e-05,analytical40-1025x1031-B-1-local-native-rsi64,analytical40-1025x1031-B-1-local-natural-ee,8,natural-ee,1,local,1e-10,23,412a8d412b0d4674,870048.5840856568,412a8d412b18b600,870048.5841729045,8.701485841729045e-05,hole
analytical40-1025x1031|B|local,1,native-rsi64,mean,8,1,0,0,8.625158898212248e-08,8.632924763680458e-11,1e-08,7,B,analytical40-1025x1031,6.155607934488216e-08,-8.625158898212248e-08,analytical40-1025x1031-B-1-local-native-rsi64,analytical40-1025x1031-B-1-local-natural-ee,7,natural-ee,0,local,1e-10,23,408f38cdb184adb9,999.1004362454906,408f38cdb190414e,999.1004363317422,1.0991004363317422e-07,edge
analytical40-1025x1031|B|local,1,native-rsi64,min,8,1,0,0,0.0,0.0,1e-08,0,B,analytical40-1025x1031,0.0,0.0,analytical40-1025x1031-B-1-local-native-rsi64,analytical40-1025x1031-B-1-local-natural-ee,7,natural-ee,0,local,1e-10,23,408b820000000000,880.25,408b820000000000,880.25,9.8025e-08,tiny
analytical40-1025x1031|B|local,1,native-rsi64,max,8,1,0,0,0.0,0.0,1e-08,0,B,analytical40-1025x1031,0.0,0.0,analytical40-1025x1031-B-1-local-native-rsi64,analytical40-1025x1031-B-1-local-natural-ee,7,natural-ee,0,local,1e-10,23,408b850000000000,880.625,408b850000000000,880.625,9.80625e-08,tiny
analytical40-1025x1031|B|local,1,native-rsi256,sum,8,0,0,3,0.07533645629882812,1.490102504793698e-08,1e-08,7,B,analytical40-1025x1031,0.010752871632575989,-0.07533645629882812,analytical40-1025x1031-B-1-local-native-rsi256,analytical40-1025x1031-B-1-local-natural-ee,8,natural-ee,1,local,1e-10,23,41c691f28840c903,757327120.5061344,41c691f2884a6da3,757327120.5814708,0.07573272205814709,hole
analytical40-1025x1031|B|local,1,native-rsi256,support,8,0,0,3,8.724769577383995e-05,1.4901161415892264e-08,1e-08,7,B,analytical40-1025x1031,1.1359457857906818e-05,-8.724769577383995e-05,analytical40-1025x1031-B-1-local-native-rsi256,analytical40-1025x1031-B-1-local-natural-ee,8,natural-ee,1,local,1e-10,23,412a8d412b0d4674,870048.5840856568,412a8d412b18b600,870048.5841729045,8.701485841729045e-05,hole
analytical40-1025x1031|B|local,1,native-rsi256,mean,8,1,0,0,8.625158898212248e-08,8.632924763680458e-11,1e-08,7,B,analytical40-1025x1031,6.155607934488216e-08,-8.625158898212248e-08,analytical40-1025x1031-B-1-local-native-rsi256,analytical40-1025x1031-B-1-local-natural-ee,7,natural-ee,0,local,1e-10,23,408f38cdb184adb9,999.1004362454906,408f38cdb190414e,999.1004363317422,1.0991004363317422e-07,edge
analytical40-1025x1031|B|local,1,native-rsi256,min,8,1,0,0,0.0,0.0,1e-08,0,B,analytical40-1025x1031,0.0,0.0,analytical40-1025x1031-B-1-local-native-rsi256,analytical40-1025x1031-B-1-local-natural-ee,7,natural-ee,0,local,1e-10,23,408b820000000000,880.25,408b820000000000,880.25,9.8025e-08,tiny
analytical40-1025x1031|B|local,1,native-rsi256,max,8,1,0,0,0.0,0.0,1e-08,0,B,analytical40-1025x1031,0.0,0.0,analytical40-1025x1031-B-1-local-native-rsi256,analytical40-1025x1031-B-1-local-natural-ee,7,natural-ee,0,local,1e-10,23,408b850000000000,880.625,408b850000000000,880.625,9.80625e-08,tiny
analytical40-1025x1031|B|local,1,native-skv-raw,sum,8,0,0,3,0.07533645629882812,1.490102504793698e-08,1e-08,7,B,analytical40-1025x1031,0.010752871632575989,-0.07533645629882812,analytical40-1025x1031-B-1-local-native-skv-raw,analytical40-1025x1031-B-1-local-natural-ee,8,natural-ee,1,local,1e-10,23,41c691f28840c903,757327120.5061344,41c691f2884a6da3,757327120.5814708,0.07573272205814709,hole
analytical40-1025x1031|B|local,1,native-skv-raw,support,8,0,0,3,8.724769577383995e-05,1.4901161415892264e-08,1e-08,7,B,analytical40-1025x1031,1.1359457857906818e-05,-8.724769577383995e-05,analytical40-1025x1031-B-1-local-native-skv-raw,analytical40-1025x1031-B-1-local-natural-ee,8,natural-ee,1,local,1e-10,23,412a8d412b0d4674,870048.5840856568,412a8d412b18b600,870048.5841729045,8.701485841729045e-05,hole
analytical40-1025x1031|B|local,1,native-skv-raw,mean,8,1,0,0,8.625158898212248e-08,8.632924763680458e-11,1e-08,7,B,analytical40-1025x1031,6.155607934488216e-08,-8.625158898212248e-08,analytical40-1025x1031-B-1-local-native-skv-raw,analytical40-1025x1031-B-1-local-natural-ee,7,natural-ee,0,local,1e-10,23,408f38cdb184adb9,999.1004362454906,408f38cdb190414e,999.1004363317422,1.0991004363317422e-07,edge
analytical40-1025x1031|B|local,1,native-skv-raw,min,8,1,0,0,0.0,0.0,1e-08,0,B,analytical40-1025x1031,0.0,0.0,analytical40-1025x1031-B-1-local-native-skv-raw,analytical40-1025x1031-B-1-local-natural-ee,7,natural-ee,0,local,1e-10,23,408b820000000000,880.25,408b820000000000,880.25,9.8025e-08,tiny
analytical40-1025x1031|B|local,1,native-skv-raw,max,8,1,0,0,0.0,0.0,1e-08,0,B,analytical40-1025x1031,0.0,0.0,analytical40-1025x1031-B-1-local-native-skv-raw,analytical40-1025x1031-B-1-local-natural-ee,7,natural-ee,0,local,1e-10,23,408b850000000000,880.625,408b850000000000,880.625,9.80625e-08,tiny
analytical40-1025x1031|B|local,1,native-skv-summary,sum,8,0,0,3,0.07533645629882812,1.490102504793698e-08,1e-08,7,B,analytical40-1025x1031,0.010752871632575989,-0.07533645629882812,analytical40-1025x1031-B-1-local-native-skv-summary,analytical40-1025x1031-B-1-local-natural-ee,8,natural-ee,1,local,1e-10,23,41c691f28840c903,757327120.5061344,41c691f2884a6da3,757327120.5814708,0.07573272205814709,hole
analytical40-1025x1031|B|local,1,native-skv-summary,support,8,0,0,3,8.724769577383995e-05,1.4901161415892264e-08,1e-08,7,B,analytical40-1025x1031,1.1359457857906818e-05,-8.724769577383995e-05,analytical40-1025x1031-B-1-local-native-skv-summary,analytical40-1025x1031-B-1-local-natural-ee,8,natural-ee,1,local,1e-10,23,412a8d412b0d4674,870048.5840856568,412a8d412b18b600,870048.5841729045,8.701485841729045e-05,hole
analytical40-1025x1031|B|local,1,native-skv-summary,mean,8,1,0,0,8.625158898212248e-08,8.632924763680458e-11,1e-08,7,B,analytical40-1025x1031,6.155607934488216e-08,-8.625158898212248e-08,analytical40-1025x1031-B-1-local-native-skv-summary,analytical40-1025x1031-B-1-local-natural-ee,7,natural-ee,0,local,1e-10,23,408f38cdb184adb9,999.1004362454906,408f38cdb190414e,999.1004363317422,1.0991004363317422e-07,edge
analytical40-1025x1031|B|local,1,native-skv-summary,min,8,1,0,0,0.0,0.0,1e-08,0,B,analytical40-1025x1031,0.0,0.0,analytical40-1025x1031-B-1-local-native-skv-summary,analytical40-1025x1031-B-1-local-natural-ee,7,natural-ee,0,local,1e-10,23,408b820000000000,880.25,408b820000000000,880.25,9.8025e-08,tiny
analytical40-1025x1031|B|local,1,native-skv-summary,max,8,1,0,0,0.0,0.0,1e-08,0,B,analytical40-1025x1031,0.0,0.0,analytical40-1025x1031-B-1-local-native-skv-summary,analytical40-1025x1031-B-1-local-natural-ee,7,natural-ee,0,local,1e-10,23,408b850000000000,880.625,408b850000000000,880.625,9.80625e-08,tiny
analytical40-1025x1031|B|local,2,native-tiff,sum,8,0,0,3,0.053128838539123535,5.945595696069333e-10,1e-08,6,B,analytical40-1025x1031,0.0014541596174240112,-0.053128838539123535,analytical40-1025x1031-B-2-local-native-tiff,analytical40-1025x1031-B-2-local-natural-ee,8,natural-ee,1,local,1e-10,23,41c64c6aac23af3f,748213592.2787856,41c64c6aac2a7c2c,748213592.3319144,0.07482136923319144,hole
analytical40-1025x1031|B|local,2,native-tiff,support,8,0,0,3,5.9792306274175644e-05,6.818163010589131e-10,1e-08,6,B,analytical40-1025x1031,1.5196274034678936e-06,-5.9792306274175644e-05,analytical40-1025x1031-B-2-local-native-tiff,analytical40-1025x1031-B-2-local-natural-ee,8,natural-ee,1,local,1e-10,23,412a3ce2611e9fb4,859761.1896867664,412a3ce261267600,859761.1897465587,8.598611897465586e-05,hole
analytical40-1025x1031|B|local,2,native-tiff,mean,8,1,0,0,7.559231107734377e-08,8.72567823924004e-11,1e-08,6,B,analytical40-1025x1031,1.718433395581087e-08,-7.559231107734377e-08,analytical40-1025x1031-B-2-local-native-tiff,analytical40-1025x1031-B-2-local-natural-ee,7,natural-ee,0,local,1e-10,23,408b128fb8620157,866.3201759010943,408b128fb86c26ac,866.3201759766866,9.663201759766867e-08,compact
analytical40-1025x1031|B|local,2,native-tiff,min,8,1,0,0,0.0,0.0,1e-08,0,B,analytical40-1025x1031,0.0,0.0,analytical40-1025x1031-B-2-local-native-tiff,analytical40-1025x1031-B-2-local-natural-ee,7,natural-ee,0,local,1e-10,23,408b750000000000,878.625,408b750000000000,878.625,9.78625e-08,tiny
analytical40-1025x1031|B|local,2,native-tiff,max,8,1,0,0,0.0,0.0,1e-08,0,B,analytical40-1025x1031,0.0,0.0,analytical40-1025x1031-B-2-local-native-tiff,analytical40-1025x1031-B-2-local-natural-ee,7,natural-ee,0,local,1e-10,23,408b750000000000,878.625,408b750000000000,878.625,9.78625e-08,tiny
analytical40-1025x1031|B|local,2,native-cog,sum,8,0,0,3,0.053128838539123535,5.945595696069333e-10,1e-08,6,B,analytical40-1025x1031,0.0014541596174240112,-0.053128838539123535,analytical40-1025x1031-B-2-local-native-cog,analytical40-1025x1031-B-2-local-natural-ee,8,natural-ee,1,local,1e-10,23,41c64c6aac23af3f,748213592.2787856,41c64c6aac2a7c2c,748213592.3319144,0.07482136923319144,hole
analytical40-1025x1031|B|local,2,native-cog,support,8,0,0,3,5.9792306274175644e-05,6.818163010589131e-10,1e-08,6,B,analytical40-1025x1031,1.5196274034678936e-06,-5.9792306274175644e-05,analytical40-1025x1031-B-2-local-native-cog,analytical40-1025x1031-B-2-local-natural-ee,8,natural-ee,1,local,1e-10,23,412a3ce2611e9fb4,859761.1896867664,412a3ce261267600,859761.1897465587,8.598611897465586e-05,hole
analytical40-1025x1031|B|local,2,native-cog,mean,8,1,0,0,7.559231107734377e-08,8.72567823924004e-11,1e-08,6,B,analytical40-1025x1031,1.718433395581087e-08,-7.559231107734377e-08,analytical40-1025x1031-B-2-local-native-cog,analytical40-1025x1031-B-2-local-natural-ee,7,natural-ee,0,local,1e-10,23,408b128fb8620157,866.3201759010943,408b128fb86c26ac,866.3201759766866,9.663201759766867e-08,compact
analytical40-1025x1031|B|local,2,native-cog,min,8,1,0,0,0.0,0.0,1e-08,0,B,analytical40-1025x1031,0.0,0.0,analytical40-1025x1031-B-2-local-native-cog,analytical40-1025x1031-B-2-local-natural-ee,7,natural-ee,0,local,1e-10,23,408b750000000000,878.625,408b750000000000,878.625,9.78625e-08,tiny
analytical40-1025x1031|B|local,2,native-cog,max,8,1,0,0,0.0,0.0,1e-08,0,B,analytical40-1025x1031,0.0,0.0,analytical40-1025x1031-B-2-local-native-cog,analytical40-1025x1031-B-2-local-natural-ee,7,natural-ee,0,local,1e-10,23,408b750000000000,878.625,408b750000000000,878.625,9.78625e-08,tiny
analytical40-1025x1031|B|local,2,native-rsi64,sum,8,0,0,3,0.053128838539123535,5.945595696069333e-10,1e-08,6,B,analytical40-1025x1031,0.0014541596174240112,-0.053128838539123535,analytical40-1025x1031-B-2-local-native-rsi64,analytical40-1025x1031-B-2-local-natural-ee,8,natural-ee,1,local,1e-10,23,41c64c6aac23af3f,748213592.2787856,41c64c6aac2a7c2c,748213592.3319144,0.07482136923319144,hole
analytical40-1025x1031|B|local,2,native-rsi64,support,8,0,0,3,5.9792306274175644e-05,6.818163010589131e-10,1e-08,6,B,analytical40-1025x1031,1.5196274034678936e-06,-5.9792306274175644e-05,analytical40-1025x1031-B-2-local-native-rsi64,analytical40-1025x1031-B-2-local-natural-ee,8,natural-ee,1,local,1e-10,23,412a3ce2611e9fb4,859761.1896867664,412a3ce261267600,859761.1897465587,8.598611897465586e-05,hole
analytical40-1025x1031|B|local,2,native-rsi64,mean,8,1,0,0,7.559231107734377e-08,8.72567823924004e-11,1e-08,6,B,analytical40-1025x1031,1.718433395581087e-08,-7.559231107734377e-08,analytical40-1025x1031-B-2-local-native-rsi64,analytical40-1025x1031-B-2-local-natural-ee,7,natural-ee,0,local,1e-10,23,408b128fb8620157,866.3201759010943,408b128fb86c26ac,866.3201759766866,9.663201759766867e-08,compact
analytical40-1025x1031|B|local,2,native-rsi64,min,8,1,0,0,0.0,0.0,1e-08,0,B,analytical40-1025x1031,0.0,0.0,analytical40-1025x1031-B-2-local-native-rsi64,analytical40-1025x1031-B-2-local-natural-ee,7,natural-ee,0,local,1e-10,23,408b750000000000,878.625,408b750000000000,878.625,9.78625e-08,tiny
analytical40-1025x1031|B|local,2,native-rsi64,max,8,1,0,0,0.0,0.0,1e-08,0,B,analytical40-1025x1031,0.0,0.0,analytical40-1025x1031-B-2-local-native-rsi64,analytical40-1025x1031-B-2-local-natural-ee,7,natural-ee,0,local,1e-10,23,408b750000000000,878.625,408b750000000000,878.625,9.78625e-08,tiny
analytical40-1025x1031|B|local,2,native-rsi256,sum,8,0,0,3,0.053128838539123535,5.945595696069333e-10,1e-08,6,B,analytical40-1025x1031,0.0014541596174240112,-0.053128838539123535,analytical40-1025x1031-B-2-local-native-rsi256,analytical40-1025x1031-B-2-local-natural-ee,8,natural-ee,1,local,1e-10,23,41c64c6aac23af3f,748213592.2787856,41c64c6aac2a7c2c,748213592.3319144,0.07482136923319144,hole
analytical40-1025x1031|B|local,2,native-rsi256,support,8,0,0,3,5.9792306274175644e-05,6.818163010589131e-10,1e-08,6,B,analytical40-1025x1031,1.5196274034678936e-06,-5.9792306274175644e-05,analytical40-1025x1031-B-2-local-native-rsi256,analytical40-1025x1031-B-2-local-natural-ee,8,natural-ee,1,local,1e-10,23,412a3ce2611e9fb4,859761.1896867664,412a3ce261267600,859761.1897465587,8.598611897465586e-05,hole
analytical40-1025x1031|B|local,2,native-rsi256,mean,8,1,0,0,7.559231107734377e-08,8.72567823924004e-11,1e-08,6,B,analytical40-1025x1031,1.718433395581087e-08,-7.559231107734377e-08,analytical40-1025x1031-B-2-local-native-rsi256,analytical40-1025x1031-B-2-local-natural-ee,7,natural-ee,0,local,1e-10,23,408b128fb8620157,866.3201759010943,408b128fb86c26ac,866.3201759766866,9.663201759766867e-08,compact
analytical40-1025x1031|B|local,2,native-rsi256,min,8,1,0,0,0.0,0.0,1e-08,0,B,analytical40-1025x1031,0.0,0.0,analytical40-1025x1031-B-2-local-native-rsi256,analytical40-1025x1031-B-2-local-natural-ee,7,natural-ee,0,local,1e-10,23,408b750000000000,878.625,408b750000000000,878.625,9.78625e-08,tiny
analytical40-1025x1031|B|local,2,native-rsi256,max,8,1,0,0,0.0,0.0,1e-08,0,B,analytical40-1025x1031,0.0,0.0,analytical40-1025x1031-B-2-local-native-rsi256,analytical40-1025x1031-B-2-local-natural-ee,7,natural-ee,0,local,1e-10,23,408b750000000000,878.625,408b750000000000,878.625,9.78625e-08,tiny
analytical40-1025x1031|B|local,2,native-skv-raw,sum,8,0,0,3,0.053128838539123535,5.945595696069333e-10,1e-08,6,B,analytical40-1025x1031,0.0014541596174240112,-0.053128838539123535,analytical40-1025x1031-B-2-local-native-skv-raw,analytical40-1025x1031-B-2-local-natural-ee,8,natural-ee,1,local,1e-10,23,41c64c6aac23af3f,748213592.2787856,41c64c6aac2a7c2c,748213592.3319144,0.07482136923319144,hole
analytical40-1025x1031|B|local,2,native-skv-raw,support,8,0,0,3,5.9792306274175644e-05,6.818163010589131e-10,1e-08,6,B,analytical40-1025x1031,1.5196274034678936e-06,-5.9792306274175644e-05,analytical40-1025x1031-B-2-local-native-skv-raw,analytical40-1025x1031-B-2-local-natural-ee,8,natural-ee,1,local,1e-10,23,412a3ce2611e9fb4,859761.1896867664,412a3ce261267600,859761.1897465587,8.598611897465586e-05,hole
analytical40-1025x1031|B|local,2,native-skv-raw,mean,8,1,0,0,7.559231107734377e-08,8.72567823924004e-11,1e-08,6,B,analytical40-1025x1031,1.718433395581087e-08,-7.559231107734377e-08,analytical40-1025x1031-B-2-local-native-skv-raw,analytical40-1025x1031-B-2-local-natural-ee,7,natural-ee,0,local,1e-10,23,408b128fb8620157,866.3201759010943,408b128fb86c26ac,866.3201759766866,9.663201759766867e-08,compact
analytical40-1025x1031|B|local,2,native-skv-raw,min,8,1,0,0,0.0,0.0,1e-08,0,B,analytical40-1025x1031,0.0,0.0,analytical40-1025x1031-B-2-local-native-skv-raw,analytical40-1025x1031-B-2-local-natural-ee,7,natural-ee,0,local,1e-10,23,408b750000000000,878.625,408b750000000000,878.625,9.78625e-08,tiny
analytical40-1025x1031|B|local,2,native-skv-raw,max,8,1,0,0,0.0,0.0,1e-08,0,B,analytical40-1025x1031,0.0,0.0,analytical40-1025x1031-B-2-local-native-skv-raw,analytical40-1025x1031-B-2-local-natural-ee,7,natural-ee,0,local,1e-10,23,408b750000000000,878.625,408b750000000000,878.625,9.78625e-08,tiny
analytical40-1025x1031|B|local,2,native-skv-summary,sum,8,0,0,3,0.053128838539123535,5.945595696069333e-10,1e-08,6,B,analytical40-1025x1031,0.0014541596174240112,-0.053128838539123535,analytical40-1025x1031-B-2-local-native-skv-summary,analytical40-1025x1031-B-2-local-natural-ee,8,natural-ee,1,local,1e-10,23,41c64c6aac23af3f,748213592.2787856,41c64c6aac2a7c2c,748213592.3319144,0.07482136923319144,hole
analytical40-1025x1031|B|local,2,native-skv-summary,support,8,0,0,3,5.9792306274175644e-05,6.818163010589131e-10,1e-08,6,B,analytical40-1025x1031,1.5196274034678936e-06,-5.9792306274175644e-05,analytical40-1025x1031-B-2-local-native-skv-summary,analytical40-1025x1031-B-2-local-natural-ee,8,natural-ee,1,local,1e-10,23,412a3ce2611e9fb4,859761.1896867664,412a3ce261267600,859761.1897465587,8.598611897465586e-05,hole
analytical40-1025x1031|B|local,2,native-skv-summary,mean,8,1,0,0,7.559231107734377e-08,8.72567823924004e-11,1e-08,6,B,analytical40-1025x1031,1.718433395581087e-08,-7.559231107734377e-08,analytical40-1025x1031-B-2-local-native-skv-summary,analytical40-1025x1031-B-2-local-natural-ee,7,natural-ee,0,local,1e-10,23,408b128fb8620157,866.3201759010943,408b128fb86c26ac,866.3201759766866,9.663201759766867e-08,compact
analytical40-1025x1031|B|local,2,native-skv-summary,min,8,1,0,0,0.0,0.0,1e-08,0,B,analytical40-1025x1031,0.0,0.0,analytical40-1025x1031-B-2-local-native-skv-summary,analytical40-1025x1031-B-2-local-natural-ee,7,natural-ee,0,local,1e-10,23,408b750000000000,878.625,408b750000000000,878.625,9.78625e-08,tiny
analytical40-1025x1031|B|local,2,native-skv-summary,max,8,1,0,0,0.0,0.0,1e-08,0,B,analytical40-1025x1031,0.0,0.0,analytical40-1025x1031-B-2-local-native-skv-summary,analytical40-1025x1031-B-2-local-natural-ee,7,natural-ee,0,local,1e-10,23,408b750000000000,878.625,408b750000000000,878.625,9.78625e-08,tiny
analytical40-1025x1031|C|http0,0,native-tiff,sum,40,0,0,0,0.10213875770568848,8.911746991900053e-11,1e-08,40,C,analytical40-1025x1031,0.10213875770568848,0.020710766315460205,analytical40-1025x1031-C-0-http0-native-tiff,analytical40-1025x1031-C-0-http0-natural-ee,40,natural-ee,0,http0,1e-10,39,41d2b7d1f17da2dd,1256146885.9630654,41d2b7d1f177196c,1256146885.8609266,0.12561469858609267,interior
analytical40-1025x1031|C|http0,0,native-tiff,support,40,0,0,0,7.92420469224453e-05,8.202313117202287e-11,1e-08,40,C,analytical40-1025x1031,7.92420469224453e-05,7.907126564532518e-05,analytical40-1025x1031-C-0-http0-native-tiff,analytical40-1025x1031-C-0-http0-natural-ee,40,natural-ee,0,http0,1e-10,25,412d7b9bce53e9ec,966093.9029839612,412d7b9bce498700,966093.9029047191,9.661939029047192e-05,interior
analytical40-1025x1031|C|http0,0,native-tiff,mean,40,0,0,0,4.694356903200969e-09,7.157541192929789e-12,1e-08,40,C,analytical40-1025x1031,4.694356903200969e-09,-2.4576820578658953e-09,analytical40-1025x1031-C-0-http0-native-tiff,analytical40-1025x1031-C-0-http0-natural-ee,40,natural-ee,0,http0,1e-10,23,408b39835c9aed93,871.189141474128,408b39835c9a4c47,871.1891414694336,9.711891414694336e-08,interior
analytical40-1025x1031|C|http0,0,native-tiff,min,40,0,0,0,0.0,0.0,1e-08,0,C,analytical40-1025x1031,0.0,0.0,analytical40-1025x1031-C-0-http0-native-tiff,analytical40-1025x1031-C-0-http0-natural-ee,40,natural-ee,0,http0,1e-10,0,c07fff0000000000,-511.9375,c07fff0000000000,-511.9375,6.119375e-08,interior
analytical40-1025x1031|C|http0,0,native-tiff,max,40,0,0,0,0.0,0.0,1e-08,0,C,analytical40-1025x1031,0.0,0.0,analytical40-1025x1031-C-0-http0-native-tiff,analytical40-1025x1031-C-0-http0-natural-ee,40,natural-ee,0,http0,1e-10,0,40f869f000000000,99999.0,40f869f000000000,99999.0,1.00099e-05,interior
analytical40-1025x1031|C|http0,0,native-cog,sum,40,0,0,0,0.10213875770568848,8.911746991900053e-11,1e-08,40,C,analytical40-1025x1031,0.10213875770568848,0.020710766315460205,analytical40-1025x1031-C-0-http0-native-cog,analytical40-1025x1031-C-0-http0-natural-ee,40,natural-ee,0,http0,1e-10,39,41d2b7d1f17da2dd,1256146885.9630654,41d2b7d1f177196c,1256146885.8609266,0.12561469858609267,interior
analytical40-1025x1031|C|http0,0,native-cog,support,40,0,0,0,7.92420469224453e-05,8.202313117202287e-11,1e-08,40,C,analytical40-1025x1031,7.92420469224453e-05,7.907126564532518e-05,analytical40-1025x1031-C-0-http0-native-cog,analytical40-1025x1031-C-0-http0-natural-ee,40,natural-ee,0,http0,1e-10,25,412d7b9bce53e9ec,966093.9029839612,412d7b9bce498700,966093.9029047191,9.661939029047192e-05,interior
analytical40-1025x1031|C|http0,0,native-cog,mean,40,0,0,0,4.694356903200969e-09,7.157541192929789e-12,1e-08,40,C,analytical40-1025x1031,4.694356903200969e-09,-2.4576820578658953e-09,analytical40-1025x1031-C-0-http0-native-cog,analytical40-1025x1031-C-0-http0-natural-ee,40,natural-ee,0,http0,1e-10,23,408b39835c9aed93,871.189141474128,408b39835c9a4c47,871.1891414694336,9.711891414694336e-08,interior
analytical40-1025x1031|C|http0,0,native-cog,min,40,0,0,0,0.0,0.0,1e-08,0,C,analytical40-1025x1031,0.0,0.0,analytical40-1025x1031-C-0-http0-native-cog,analytical40-1025x1031-C-0-http0-natural-ee,40,natural-ee,0,http0,1e-10,0,c07fff0000000000,-511.9375,c07fff0000000000,-511.9375,6.119375e-08,interior
analytical40-1025x1031|C|http0,0,native-cog,max,40,0,0,0,0.0,0.0,1e-08,0,C,analytical40-1025x1031,0.0,0.0,analytical40-1025x1031-C-0-http0-native-cog,analytical40-1025x1031-C-0-http0-natural-ee,40,natural-ee,0,http0,1e-10,0,40f869f000000000,99999.0,40f869f000000000,99999.0,1.00099e-05,interior
analytical40-1025x1031|C|http0,0,native-rsi64,sum,40,0,0,0,0.10213875770568848,8.911746991900053e-11,1e-08,40,C,analytical40-1025x1031,0.10213875770568848,0.020710766315460205,analytical40-1025x1031-C-0-http0-native-rsi64,analytical40-1025x1031-C-0-http0-natural-ee,40,natural-ee,0,http0,1e-10,39,41d2b7d1f17da2dd,1256146885.9630654,41d2b7d1f177196c,1256146885.8609266,0.12561469858609267,interior
analytical40-1025x1031|C|http0,0,native-rsi64,support,40,0,0,0,7.92420469224453e-05,8.202313117202287e-11,1e-08,40,C,analytical40-1025x1031,7.92420469224453e-05,7.907126564532518e-05,analytical40-1025x1031-C-0-http0-native-rsi64,analytical40-1025x1031-C-0-http0-natural-ee,40,natural-ee,0,http0,1e-10,25,412d7b9bce53e9ec,966093.9029839612,412d7b9bce498700,966093.9029047191,9.661939029047192e-05,interior
analytical40-1025x1031|C|http0,0,native-rsi64,mean,40,0,0,0,4.694356903200969e-09,7.157541192929789e-12,1e-08,40,C,analytical40-1025x1031,4.694356903200969e-09,-2.4576820578658953e-09,analytical40-1025x1031-C-0-http0-native-rsi64,analytical40-1025x1031-C-0-http0-natural-ee,40,natural-ee,0,http0,1e-10,23,408b39835c9aed93,871.189141474128,408b39835c9a4c47,871.1891414694336,9.711891414694336e-08,interior
analytical40-1025x1031|C|http0,0,native-rsi64,min,40,0,0,0,0.0,0.0,1e-08,0,C,analytical40-1025x1031,0.0,0.0,analytical40-1025x1031-C-0-http0-native-rsi64,analytical40-1025x1031-C-0-http0-natural-ee,40,natural-ee,0,http0,1e-10,0,c07fff0000000000,-511.9375,c07fff0000000000,-511.9375,6.119375e-08,interior
analytical40-1025x1031|C|http0,0,native-rsi64,max,40,0,0,0,0.0,0.0,1e-08,0,C,analytical40-1025x1031,0.0,0.0,analytical40-1025x1031-C-0-http0-native-rsi64,analytical40-1025x1031-C-0-http0-natural-ee,40,natural-ee,0,http0,1e-10,0,40f869f000000000,99999.0,40f869f000000000,99999.0,1.00099e-05,interior
analytical40-1025x1031|C|http0,0,native-rsi256,sum,40,0,0,0,0.10213875770568848,8.911746991900053e-11,1e-08,40,C,analytical40-1025x1031,0.10213875770568848,0.020710766315460205,analytical40-1025x1031-C-0-http0-native-rsi256,analytical40-1025x1031-C-0-http0-natural-ee,40,natural-ee,0,http0,1e-10,39,41d2b7d1f17da2dd,1256146885.9630654,41d2b7d1f177196c,1256146885.8609266,0.12561469858609267,interior
analytical40-1025x1031|C|http0,0,native-rsi256,support,40,0,0,0,7.92420469224453e-05,8.202313117202287e-11,1e-08,40,C,analytical40-1025x1031,7.92420469224453e-05,7.907126564532518e-05,analytical40-1025x1031-C-0-http0-native-rsi256,analytical40-1025x1031-C-0-http0-natural-ee,40,natural-ee,0,http0,1e-10,25,412d7b9bce53e9ec,966093.9029839612,412d7b9bce498700,966093.9029047191,9.661939029047192e-05,interior
analytical40-1025x1031|C|http0,0,native-rsi256,mean,40,0,0,0,4.694356903200969e-09,7.157541192929789e-12,1e-08,40,C,analytical40-1025x1031,4.694356903200969e-09,-2.4576820578658953e-09,analytical40-1025x1031-C-0-http0-native-rsi256,analytical40-1025x1031-C-0-http0-natural-ee,40,natural-ee,0,http0,1e-10,23,408b39835c9aed93,871.189141474128,408b39835c9a4c47,871.1891414694336,9.711891414694336e-08,interior
analytical40-1025x1031|C|http0,0,native-rsi256,min,40,0,0,0,0.0,0.0,1e-08,0,C,analytical40-1025x1031,0.0,0.0,analytical40-1025x1031-C-0-http0-native-rsi256,analytical40-1025x1031-C-0-http0-natural-ee,40,natural-ee,0,http0,1e-10,0,c07fff0000000000,-511.9375,c07fff0000000000,-511.9375,6.119375e-08,interior
analytical40-1025x1031|C|http0,0,native-rsi256,max,40,0,0,0,0.0,0.0,1e-08,0,C,analytical40-1025x1031,0.0,0.0,analytical40-1025x1031-C-0-http0-native-rsi256,analytical40-1025x1031-C-0-http0-natural-ee,40,natural-ee,0,http0,1e-10,0,40f869f000000000,99999.0,40f869f000000000,99999.0,1.00099e-05,interior
analytical40-1025x1031|C|http0,0,native-skv-raw,sum,40,0,0,0,0.10213875770568848,8.911746991900053e-11,1e-08,40,C,analytical40-1025x1031,0.10213875770568848,0.020710766315460205,analytical40-1025x1031-C-0-http0-native-skv-raw,analytical40-1025x1031-C-0-http0-natural-ee,40,natural-ee,0,http0,1e-10,39,41d2b7d1f17da2dd,1256146885.9630654,41d2b7d1f177196c,1256146885.8609266,0.12561469858609267,interior
analytical40-1025x1031|C|http0,0,native-skv-raw,support,40,0,0,0,7.92420469224453e-05,8.202313117202287e-11,1e-08,40,C,analytical40-1025x1031,7.92420469224453e-05,7.907126564532518e-05,analytical40-1025x1031-C-0-http0-native-skv-raw,analytical40-1025x1031-C-0-http0-natural-ee,40,natural-ee,0,http0,1e-10,25,412d7b9bce53e9ec,966093.9029839612,412d7b9bce498700,966093.9029047191,9.661939029047192e-05,interior
analytical40-1025x1031|C|http0,0,native-skv-raw,mean,40,0,0,0,4.694356903200969e-09,7.157541192929789e-12,1e-08,40,C,analytical40-1025x1031,4.694356903200969e-09,-2.4576820578658953e-09,analytical40-1025x1031-C-0-http0-native-skv-raw,analytical40-1025x1031-C-0-http0-natural-ee,40,natural-ee,0,http0,1e-10,23,408b39835c9aed93,871.189141474128,408b39835c9a4c47,871.1891414694336,9.711891414694336e-08,interior
analytical40-1025x1031|C|http0,0,native-skv-raw,min,40,0,0,0,0.0,0.0,1e-08,0,C,analytical40-1025x1031,0.0,0.0,analytical40-1025x1031-C-0-http0-native-skv-raw,analytical40-1025x1031-C-0-http0-natural-ee,40,natural-ee,0,http0,1e-10,0,c07fff0000000000,-511.9375,c07fff0000000000,-511.9375,6.119375e-08,interior
analytical40-1025x1031|C|http0,0,native-skv-raw,max,40,0,0,0,0.0,0.0,1e-08,0,C,analytical40-1025x1031,0.0,0.0,analytical40-1025x1031-C-0-http0-native-skv-raw,analytical40-1025x1031-C-0-http0-natural-ee,40,natural-ee,0,http0,1e-10,0,40f869f000000000,99999.0,40f869f000000000,99999.0,1.00099e-05,interior
analytical40-1025x1031|C|http0,0,native-skv-summary,sum,40,0,0,0,0.10213875770568848,8.911746991900053e-11,1e-08,40,C,analytical40-1025x1031,0.10213875770568848,0.020710766315460205,analytical40-1025x1031-C-0-http0-native-skv-summary,analytical40-1025x1031-C-0-http0-natural-ee,40,natural-ee,0,http0,1e-10,39,41d2b7d1f17da2dd,1256146885.9630654,41d2b7d1f177196c,1256146885.8609266,0.12561469858609267,interior
analytical40-1025x1031|C|http0,0,native-skv-summary,support,40,0,0,0,7.92420469224453e-05,8.202313117202287e-11,1e-08,40,C,analytical40-1025x1031,7.92420469224453e-05,7.907126564532518e-05,analytical40-1025x1031-C-0-http0-native-skv-summary,analytical40-1025x1031-C-0-http0-natural-ee,40,natural-ee,0,http0,1e-10,25,412d7b9bce53e9ec,966093.9029839612,412d7b9bce498700,966093.9029047191,9.661939029047192e-05,interior
analytical40-1025x1031|C|http0,0,native-skv-summary,mean,40,0,0,0,4.694356903200969e-09,7.157541192929789e-12,1e-08,40,C,analytical40-1025x1031,4.694356903200969e-09,-2.4576820578658953e-09,analytical40-1025x1031-C-0-http0-native-skv-summary,analytical40-1025x1031-C-0-http0-natural-ee,40,natural-ee,0,http0,1e-10,23,408b39835c9aed93,871.189141474128,408b39835c9a4c47,871.1891414694336,9.711891414694336e-08,interior
analytical40-1025x1031|C|http0,0,native-skv-summary,min,40,0,0,0,0.0,0.0,1e-08,0,C,analytical40-1025x1031,0.0,0.0,analytical40-1025x1031-C-0-http0-native-skv-summary,analytical40-1025x1031-C-0-http0-natural-ee,40,natural-ee,0,http0,1e-10,0,c07fff0000000000,-511.9375,c07fff0000000000,-511.9375,6.119375e-08,interior
analytical40-1025x1031|C|http0,0,native-skv-summary,max,40,0,0,0,0.0,0.0,1e-08,0,C,analytical40-1025x1031,0.0,0.0,analytical40-1025x1031-C-0-http0-native-skv-summary,analytical40-1025x1031-C-0-http0-natural-ee,40,natural-ee,0,http0,1e-10,0,40f869f000000000,99999.0,40f869f000000000,99999.0,1.00099e-05,interior
analytical40-1025x1031|C|http0,1,native-tiff,sum,40,0,0,0,0.057706356048583984,5.1834119322389505e-11,1e-08,40,C,analytical40-1025x1031,-0.011416792869567871,-0.057706356048583984,analytical40-1025x1031-C-1-http0-native-tiff,analytical40-1025x1031-C-1-http0-natural-ee,40,natural-ee,0,http0,1e-10,38,41d271cf6c8e88bb,1237794226.2270954,41d271cf6c923a31,1237794226.2848017,0.12377943262848017,interior
analytical40-1025x1031|C|http0,1,native-tiff,support,40,0,0,0,4.376389551907778e-05,4.5036688907367425e-11,1e-08,40,C,analytical40-1025x1031,-4.3596490286290646e-05,-4.376389551907778e-05,analytical40-1025x1031-C-1-http0-native-tiff,analytical40-1025x1031-C-1-http0-natural-ee,40,natural-ee,0,http0,1e-10,35,412da7b57cfa3507,971738.744096429,412da7b57cfff180,971738.7441401929,9.718387441401928e-05,interior
analytical40-1025x1031|C|http0,1,native-tiff,mean,40,0,0,0,3.2297862162522506e-09,6.88590190621757e-12,1e-08,40,C,analytical40-1025x1031,2.2764652385376394e-09,-3.2297862162522506e-09,analytical40-1025x1031-C-1-http0-native-tiff,analytical40-1025x1031-C-1-http0-natural-ee,40,natural-ee,0,http0,1e-10,8,407d50b164e1ff26,469.04330909995986,407d50b164e2dd19,469.04330910318964,5.690433091031897e-08,interior
analytical40-1025x1031|C|http0,1,native-tiff,min,40,0,0,0,0.0,0.0,1e-08,0,C,analytical40-1025x1031,0.0,0.0,analytical40-1025x1031-C-1-http0-native-tiff,analytical40-1025x1031-C-1-http0-natural-ee,40,natural-ee,0,http0,1e-10,0,c07fff0000000000,-511.9375,c07fff0000000000,-511.9375,6.119375e-08,interior
analytical40-1025x1031|C|http0,1,native-tiff,max,40,0,0,0,0.0,0.0,1e-08,0,C,analytical40-1025x1031,0.0,0.0,analytical40-1025x1031-C-1-http0-native-tiff,analytical40-1025x1031-C-1-http0-natural-ee,40,natural-ee,0,http0,1e-10,0,40f869f000000000,99999.0,40f869f000000000,99999.0,1.00099e-05,interior
analytical40-1025x1031|C|http0,1,native-cog,sum,40,0,0,0,0.057706356048583984,5.1834119322389505e-11,1e-08,40,C,analytical40-1025x1031,-0.011416792869567871,-0.057706356048583984,analytical40-1025x1031-C-1-http0-native-cog,analytical40-1025x1031-C-1-http0-natural-ee,40,natural-ee,0,http0,1e-10,38,41d271cf6c8e88bb,1237794226.2270954,41d271cf6c923a31,1237794226.2848017,0.12377943262848017,interior
analytical40-1025x1031|C|http0,1,native-cog,support,40,0,0,0,4.376389551907778e-05,4.5036688907367425e-11,1e-08,40,C,analytical40-1025x1031,-4.3596490286290646e-05,-4.376389551907778e-05,analytical40-1025x1031-C-1-http0-native-cog,analytical40-1025x1031-C-1-http0-natural-ee,40,natural-ee,0,http0,1e-10,35,412da7b57cfa3507,971738.744096429,412da7b57cfff180,971738.7441401929,9.718387441401928e-05,interior
analytical40-1025x1031|C|http0,1,native-cog,mean,40,0,0,0,3.2297862162522506e-09,6.88590190621757e-12,1e-08,40,C,analytical40-1025x1031,2.2764652385376394e-09,-3.2297862162522506e-09,analytical40-1025x1031-C-1-http0-native-cog,analytical40-1025x1031-C-1-http0-natural-ee,40,natural-ee,0,http0,1e-10,8,407d50b164e1ff26,469.04330909995986,407d50b164e2dd19,469.04330910318964,5.690433091031897e-08,interior
analytical40-1025x1031|C|http0,1,native-cog,min,40,0,0,0,0.0,0.0,1e-08,0,C,analytical40-1025x1031,0.0,0.0,analytical40-1025x1031-C-1-http0-native-cog,analytical40-1025x1031-C-1-http0-natural-ee,40,natural-ee,0,http0,1e-10,0,c07fff0000000000,-511.9375,c07fff0000000000,-511.9375,6.119375e-08,interior
analytical40-1025x1031|C|http0,1,native-cog,max,40,0,0,0,0.0,0.0,1e-08,0,C,analytical40-1025x1031,0.0,0.0,analytical40-1025x1031-C-1-http0-native-cog,analytical40-1025x1031-C-1-http0-natural-ee,40,natural-ee,0,http0,1e-10,0,40f869f000000000,99999.0,40f869f000000000,99999.0,1.00099e-05,interior
analytical40-1025x1031|C|http0,1,native-rsi64,sum,40,0,0,0,0.057706356048583984,5.1834119322389505e-11,1e-08,40,C,analytical40-1025x1031,-0.011416792869567871,-0.057706356048583984,analytical40-1025x1031-C-1-http0-native-rsi64,analytical40-1025x1031-C-1-http0-natural-ee,40,natural-ee,0,http0,1e-10,38,41d271cf6c8e88bb,1237794226.2270954,41d271cf6c923a31,1237794226.2848017,0.12377943262848017,interior
analytical40-1025x1031|C|http0,1,native-rsi64,support,40,0,0,0,4.376389551907778e-05,4.5036688907367425e-11,1e-08,40,C,analytical40-1025x1031,-4.3596490286290646e-05,-4.376389551907778e-05,analytical40-1025x1031-C-1-http0-native-rsi64,analytical40-1025x1031-C-1-http0-natural-ee,40,natural-ee,0,http0,1e-10,35,412da7b57cfa3507,971738.744096429,412da7b57cfff180,971738.7441401929,9.718387441401928e-05,interior
analytical40-1025x1031|C|http0,1,native-rsi64,mean,40,0,0,0,3.2297862162522506e-09,6.88590190621757e-12,1e-08,40,C,analytical40-1025x1031,2.2764652385376394e-09,-3.2297862162522506e-09,analytical40-1025x1031-C-1-http0-native-rsi64,analytical40-1025x1031-C-1-http0-natural-ee,40,natural-ee,0,http0,1e-10,8,407d50b164e1ff26,469.04330909995986,407d50b164e2dd19,469.04330910318964,5.690433091031897e-08,interior
analytical40-1025x1031|C|http0,1,native-rsi64,min,40,0,0,0,0.0,0.0,1e-08,0,C,analytical40-1025x1031,0.0,0.0,analytical40-1025x1031-C-1-http0-native-rsi64,analytical40-1025x1031-C-1-http0-natural-ee,40,natural-ee,0,http0,1e-10,0,c07fff0000000000,-511.9375,c07fff0000000000,-511.9375,6.119375e-08,interior
analytical40-1025x1031|C|http0,1,native-rsi64,max,40,0,0,0,0.0,0.0,1e-08,0,C,analytical40-1025x1031,0.0,0.0,analytical40-1025x1031-C-1-http0-native-rsi64,analytical40-1025x1031-C-1-http0-natural-ee,40,natural-ee,0,http0,1e-10,0,40f869f000000000,99999.0,40f869f000000000,99999.0,1.00099e-05,interior
analytical40-1025x1031|C|http0,1,native-rsi256,sum,40,0,0,0,0.057706356048583984,5.1834119322389505e-11,1e-08,40,C,analytical40-1025x1031,-0.011416792869567871,-0.057706356048583984,analytical40-1025x1031-C-1-http0-native-rsi256,analytical40-1025x1031-C-1-http0-natural-ee,40,natural-ee,0,http0,1e-10,38,41d271cf6c8e88bb,1237794226.2270954,41d271cf6c923a31,1237794226.2848017,0.12377943262848017,interior
analytical40-1025x1031|C|http0,1,native-rsi256,support,40,0,0,0,4.376389551907778e-05,4.5036688907367425e-11,1e-08,40,C,analytical40-1025x1031,-4.3596490286290646e-05,-4.376389551907778e-05,analytical40-1025x1031-C-1-http0-native-rsi256,analytical40-1025x1031-C-1-http0-natural-ee,40,natural-ee,0,http0,1e-10,35,412da7b57cfa3507,971738.744096429,412da7b57cfff180,971738.7441401929,9.718387441401928e-05,interior
analytical40-1025x1031|C|http0,1,native-rsi256,mean,40,0,0,0,3.2297862162522506e-09,6.88590190621757e-12,1e-08,40,C,analytical40-1025x1031,2.2764652385376394e-09,-3.2297862162522506e-09,analytical40-1025x1031-C-1-http0-native-rsi256,analytical40-1025x1031-C-1-http0-natural-ee,40,natural-ee,0,http0,1e-10,8,407d50b164e1ff26,469.04330909995986,407d50b164e2dd19,469.04330910318964,5.690433091031897e-08,interior
analytical40-1025x1031|C|http0,1,native-rsi256,min,40,0,0,0,0.0,0.0,1e-08,0,C,analytical40-1025x1031,0.0,0.0,analytical40-1025x1031-C-1-http0-native-rsi256,analytical40-1025x1031-C-1-http0-natural-ee,40,natural-ee,0,http0,1e-10,0,c07fff0000000000,-511.9375,c07fff0000000000,-511.9375,6.119375e-08,interior
analytical40-1025x1031|C|http0,1,native-rsi256,max,40,0,0,0,0.0,0.0,1e-08,0,C,analytical40-1025x1031,0.0,0.0,analytical40-1025x1031-C-1-http0-native-rsi256,analytical40-1025x1031-C-1-http0-natural-ee,40,natural-ee,0,http0,1e-10,0,40f869f000000000,99999.0,40f869f000000000,99999.0,1.00099e-05,interior
analytical40-1025x1031|C|http0,1,native-skv-raw,sum,40,0,0,0,0.057706356048583984,5.1834119322389505e-11,1e-08,40,C,analytical40-1025x1031,-0.011416792869567871,-0.057706356048583984,analytical40-1025x1031-C-1-http0-native-skv-raw,analytical40-1025x1031-C-1-http0-natural-ee,40,natural-ee,0,http0,1e-10,38,41d271cf6c8e88bb,1237794226.2270954,41d271cf6c923a31,1237794226.2848017,0.12377943262848017,interior
analytical40-1025x1031|C|http0,1,native-skv-raw,support,40,0,0,0,4.376389551907778e-05,4.5036688907367425e-11,1e-08,40,C,analytical40-1025x1031,-4.3596490286290646e-05,-4.376389551907778e-05,analytical40-1025x1031-C-1-http0-native-skv-raw,analytical40-1025x1031-C-1-http0-natural-ee,40,natural-ee,0,http0,1e-10,35,412da7b57cfa3507,971738.744096429,412da7b57cfff180,971738.7441401929,9.718387441401928e-05,interior
analytical40-1025x1031|C|http0,1,native-skv-raw,mean,40,0,0,0,3.2297862162522506e-09,6.88590190621757e-12,1e-08,40,C,analytical40-1025x1031,2.2764652385376394e-09,-3.2297862162522506e-09,analytical40-1025x1031-C-1-http0-native-skv-raw,analytical40-1025x1031-C-1-http0-natural-ee,40,natural-ee,0,http0,1e-10,8,407d50b164e1ff26,469.04330909995986,407d50b164e2dd19,469.04330910318964,5.690433091031897e-08,interior
analytical40-1025x1031|C|http0,1,native-skv-raw,min,40,0,0,0,0.0,0.0,1e-08,0,C,analytical40-1025x1031,0.0,0.0,analytical40-1025x1031-C-1-http0-native-skv-raw,analytical40-1025x1031-C-1-http0-natural-ee,40,natural-ee,0,http0,1e-10,0,c07fff0000000000,-511.9375,c07fff0000000000,-511.9375,6.119375e-08,interior
analytical40-1025x1031|C|http0,1,native-skv-raw,max,40,0,0,0,0.0,0.0,1e-08,0,C,analytical40-1025x1031,0.0,0.0,analytical40-1025x1031-C-1-http0-native-skv-raw,analytical40-1025x1031-C-1-http0-natural-ee,40,natural-ee,0,http0,1e-10,0,40f869f000000000,99999.0,40f869f000000000,99999.0,1.00099e-05,interior
analytical40-1025x1031|C|http0,1,native-skv-summary,sum,40,0,0,0,0.057706356048583984,5.1834119322389505e-11,1e-08,40,C,analytical40-1025x1031,-0.011416792869567871,-0.057706356048583984,analytical40-1025x1031-C-1-http0-native-skv-summary,analytical40-1025x1031-C-1-http0-natural-ee,40,natural-ee,0,http0,1e-10,38,41d271cf6c8e88bb,1237794226.2270954,41d271cf6c923a31,1237794226.2848017,0.12377943262848017,interior
analytical40-1025x1031|C|http0,1,native-skv-summary,support,40,0,0,0,4.376389551907778e-05,4.5036688907367425e-11,1e-08,40,C,analytical40-1025x1031,-4.3596490286290646e-05,-4.376389551907778e-05,analytical40-1025x1031-C-1-http0-native-skv-summary,analytical40-1025x1031-C-1-http0-natural-ee,40,natural-ee,0,http0,1e-10,35,412da7b57cfa3507,971738.744096429,412da7b57cfff180,971738.7441401929,9.718387441401928e-05,interior
analytical40-1025x1031|C|http0,1,native-skv-summary,mean,40,0,0,0,3.2297862162522506e-09,6.88590190621757e-12,1e-08,40,C,analytical40-1025x1031,2.2764652385376394e-09,-3.2297862162522506e-09,analytical40-1025x1031-C-1-http0-native-skv-summary,analytical40-1025x1031-C-1-http0-natural-ee,40,natural-ee,0,http0,1e-10,8,407d50b164e1ff26,469.04330909995986,407d50b164e2dd19,469.04330910318964,5.690433091031897e-08,interior
analytical40-1025x1031|C|http0,1,native-skv-summary,min,40,0,0,0,0.0,0.0,1e-08,0,C,analytical40-1025x1031,0.0,0.0,analytical40-1025x1031-C-1-http0-native-skv-summary,analytical40-1025x1031-C-1-http0-natural-ee,40,natural-ee,0,http0,1e-10,0,c07fff0000000000,-511.9375,c07fff0000000000,-511.9375,6.119375e-08,interior
analytical40-1025x1031|C|http0,1,native-skv-summary,max,40,0,0,0,0.0,0.0,1e-08,0,C,analytical40-1025x1031,0.0,0.0,analytical40-1025x1031-C-1-http0-native-skv-summary,analytical40-1025x1031-C-1-http0-natural-ee,40,natural-ee,0,http0,1e-10,0,40f869f000000000,99999.0,40f869f000000000,99999.0,1.00099e-05,interior
analytical40-1025x1031|C|http0,2,native-tiff,sum,40,0,0,0,0.07408308982849121,6.610293425089826e-11,1e-08,40,C,analytical40-1025x1031,-0.013428449630737305,-0.07408308982849121,analytical40-1025x1031-C-2-http0-native-tiff,analytical40-1025x1031-C-2-http0-natural-ee,40,natural-ee,0,http0,1e-10,39,41d2f37b1a7e6852,1271786601.9751172,41d2f37b1a832619,1271786602.0492003,0.12717867020492002,interior
analytical40-1025x1031|C|http0,2,native-tiff,support,40,0,0,0,5.5505894124507904e-05,5.674723963492831e-11,1e-08,40,C,analytical40-1025x1031,-5.541439168155193e-05,-5.5505894124507904e-05,analytical40-1025x1031-C-2-http0-native-tiff,analytical40-1025x1031-C-2-http0-natural-ee,40,natural-ee,0,http0,1e-10,30,412dd99a03305e08,978125.0062283883,412dd99a0337a480,978125.0062838942,9.782250062838941e-05,interior
analytical40-1025x1031|C|http0,2,native-tiff,mean,40,0,0,0,2.9070861273794435e-09,9.39248371553964e-12,1e-08,40,C,analytical40-1025x1031,1.5540990716544911e-09,-2.9070861273794435e-09,analytical40-1025x1031-C-2-http0-native-tiff,analytical40-1025x1031-C-2-http0-natural-ee,40,natural-ee,0,http0,1e-10,2,407358310644644e,309.51196886745026,4073583106452c14,309.51196887035735,4.0951196887035736e-08,interior
analytical40-1025x1031|C|http0,2,native-tiff,min,40,0,0,0,0.0,0.0,1e-08,0,C,analytical40-1025x1031,0.0,0.0,analytical40-1025x1031-C-2-http0-native-tiff,analytical40-1025x1031-C-2-http0-natural-ee,40,natural-ee,0,http0,1e-10,0,c07fff0000000000,-511.9375,c07fff0000000000,-511.9375,6.119375e-08,interior
analytical40-1025x1031|C|http0,2,native-tiff,max,40,0,0,0,0.0,0.0,1e-08,0,C,analytical40-1025x1031,0.0,0.0,analytical40-1025x1031-C-2-http0-native-tiff,analytical40-1025x1031-C-2-http0-natural-ee,40,natural-ee,0,http0,1e-10,0,40f869f000000000,99999.0,40f869f000000000,99999.0,1.00099e-05,interior
analytical40-1025x1031|C|http0,2,native-cog,sum,40,0,0,0,0.07408308982849121,6.610293425089826e-11,1e-08,40,C,analytical40-1025x1031,-0.013428449630737305,-0.07408308982849121,analytical40-1025x1031-C-2-http0-native-cog,analytical40-1025x1031-C-2-http0-natural-ee,40,natural-ee,0,http0,1e-10,39,41d2f37b1a7e6852,1271786601.9751172,41d2f37b1a832619,1271786602.0492003,0.12717867020492002,interior
analytical40-1025x1031|C|http0,2,native-cog,support,40,0,0,0,5.5505894124507904e-05,5.674723963492831e-11,1e-08,40,C,analytical40-1025x1031,-5.541439168155193e-05,-5.5505894124507904e-05,analytical40-1025x1031-C-2-http0-native-cog,analytical40-1025x1031-C-2-http0-natural-ee,40,natural-ee,0,http0,1e-10,30,412dd99a03305e08,978125.0062283883,412dd99a0337a480,978125.0062838942,9.782250062838941e-05,interior
analytical40-1025x1031|C|http0,2,native-cog,mean,40,0,0,0,2.9070861273794435e-09,9.39248371553964e-12,1e-08,40,C,analytical40-1025x1031,1.5540990716544911e-09,-2.9070861273794435e-09,analytical40-1025x1031-C-2-http0-native-cog,analytical40-1025x1031-C-2-http0-natural-ee,40,natural-ee,0,http0,1e-10,2,407358310644644e,309.51196886745026,4073583106452c14,309.51196887035735,4.0951196887035736e-08,interior
analytical40-1025x1031|C|http0,2,native-cog,min,40,0,0,0,0.0,0.0,1e-08,0,C,analytical40-1025x1031,0.0,0.0,analytical40-1025x1031-C-2-http0-native-cog,analytical40-1025x1031-C-2-http0-natural-ee,40,natural-ee,0,http0,1e-10,0,c07fff0000000000,-511.9375,c07fff0000000000,-511.9375,6.119375e-08,interior
analytical40-1025x1031|C|http0,2,native-cog,max,40,0,0,0,0.0,0.0,1e-08,0,C,analytical40-1025x1031,0.0,0.0,analytical40-1025x1031-C-2-http0-native-cog,analytical40-1025x1031-C-2-http0-natural-ee,40,natural-ee,0,http0,1e-10,0,40f869f000000000,99999.0,40f869f000000000,99999.0,1.00099e-05,interior
analytical40-1025x1031|C|http0,2,native-rsi64,sum,40,0,0,0,0.07408308982849121,6.610293425089826e-11,1e-08,40,C,analytical40-1025x1031,-0.013428449630737305,-0.07408308982849121,analytical40-1025x1031-C-2-http0-native-rsi64,analytical40-1025x1031-C-2-http0-natural-ee,40,natural-ee,0,http0,1e-10,39,41d2f37b1a7e6852,1271786601.9751172,41d2f37b1a832619,1271786602.0492003,0.12717867020492002,interior
analytical40-1025x1031|C|http0,2,native-rsi64,support,40,0,0,0,5.5505894124507904e-05,5.674723963492831e-11,1e-08,40,C,analytical40-1025x1031,-5.541439168155193e-05,-5.5505894124507904e-05,analytical40-1025x1031-C-2-http0-native-rsi64,analytical40-1025x1031-C-2-http0-natural-ee,40,natural-ee,0,http0,1e-10,30,412dd99a03305e08,978125.0062283883,412dd99a0337a480,978125.0062838942,9.782250062838941e-05,interior
analytical40-1025x1031|C|http0,2,native-rsi64,mean,40,0,0,0,2.9070861273794435e-09,9.39248371553964e-12,1e-08,40,C,analytical40-1025x1031,1.5540990716544911e-09,-2.9070861273794435e-09,analytical40-1025x1031-C-2-http0-native-rsi64,analytical40-1025x1031-C-2-http0-natural-ee,40,natural-ee,0,http0,1e-10,2,407358310644644e,309.51196886745026,4073583106452c14,309.51196887035735,4.0951196887035736e-08,interior
analytical40-1025x1031|C|http0,2,native-rsi64,min,40,0,0,0,0.0,0.0,1e-08,0,C,analytical40-1025x1031,0.0,0.0,analytical40-1025x1031-C-2-http0-native-rsi64,analytical40-1025x1031-C-2-http0-natural-ee,40,natural-ee,0,http0,1e-10,0,c07fff0000000000,-511.9375,c07fff0000000000,-511.9375,6.119375e-08,interior
analytical40-1025x1031|C|http0,2,native-rsi64,max,40,0,0,0,0.0,0.0,1e-08,0,C,analytical40-1025x1031,0.0,0.0,analytical40-1025x1031-C-2-http0-native-rsi64,analytical40-1025x1031-C-2-http0-natural-ee,40,natural-ee,0,http0,1e-10,0,40f869f000000000,99999.0,40f869f000000000,99999.0,1.00099e-05,interior
analytical40-1025x1031|C|http0,2,native-rsi256,sum,40,0,0,0,0.07408308982849121,6.610293425089826e-11,1e-08,40,C,analytical40-1025x1031,-0.013428449630737305,-0.07408308982849121,analytical40-1025x1031-C-2-http0-native-rsi256,analytical40-1025x1031-C-2-http0-natural-ee,40,natural-ee,0,http0,1e-10,39,41d2f37b1a7e6852,1271786601.9751172,41d2f37b1a832619,1271786602.0492003,0.12717867020492002,interior
analytical40-1025x1031|C|http0,2,native-rsi256,support,40,0,0,0,5.5505894124507904e-05,5.674723963492831e-11,1e-08,40,C,analytical40-1025x1031,-5.541439168155193e-05,-5.5505894124507904e-05,analytical40-1025x1031-C-2-http0-native-rsi256,analytical40-1025x1031-C-2-http0-natural-ee,40,natural-ee,0,http0,1e-10,30,412dd99a03305e08,978125.0062283883,412dd99a0337a480,978125.0062838942,9.782250062838941e-05,interior
analytical40-1025x1031|C|http0,2,native-rsi256,mean,40,0,0,0,2.9070861273794435e-09,9.39248371553964e-12,1e-08,40,C,analytical40-1025x1031,1.5540990716544911e-09,-2.9070861273794435e-09,analytical40-1025x1031-C-2-http0-native-rsi256,analytical40-1025x1031-C-2-http0-natural-ee,40,natural-ee,0,http0,1e-10,2,407358310644644e,309.51196886745026,4073583106452c14,309.51196887035735,4.0951196887035736e-08,interior
analytical40-1025x1031|C|http0,2,native-rsi256,min,40,0,0,0,0.0,0.0,1e-08,0,C,analytical40-1025x1031,0.0,0.0,analytical40-1025x1031-C-2-http0-native-rsi256,analytical40-1025x1031-C-2-http0-natural-ee,40,natural-ee,0,http0,1e-10,0,c07fff0000000000,-511.9375,c07fff0000000000,-511.9375,6.119375e-08,interior
analytical40-1025x1031|C|http0,2,native-rsi256,max,40,0,0,0,0.0,0.0,1e-08,0,C,analytical40-1025x1031,0.0,0.0,analytical40-1025x1031-C-2-http0-native-rsi256,analytical40-1025x1031-C-2-http0-natural-ee,40,natural-ee,0,http0,1e-10,0,40f869f000000000,99999.0,40f869f000000000,99999.0,1.00099e-05,interior
analytical40-1025x1031|C|http0,2,native-skv-raw,sum,40,0,0,0,0.07408308982849121,6.610293425089826e-11,1e-08,40,C,analytical40-1025x1031,-0.013428449630737305,-0.07408308982849121,analytical40-1025x1031-C-2-http0-native-skv-raw,analytical40-1025x1031-C-2-http0-natural-ee,40,natural-ee,0,http0,1e-10,39,41d2f37b1a7e6852,1271786601.9751172,41d2f37b1a832619,1271786602.0492003,0.12717867020492002,interior
analytical40-1025x1031|C|http0,2,native-skv-raw,support,40,0,0,0,5.5505894124507904e-05,5.674723963492831e-11,1e-08,40,C,analytical40-1025x1031,-5.541439168155193e-05,-5.5505894124507904e-05,analytical40-1025x1031-C-2-http0-native-skv-raw,analytical40-1025x1031-C-2-http0-natural-ee,40,natural-ee,0,http0,1e-10,30,412dd99a03305e08,978125.0062283883,412dd99a0337a480,978125.0062838942,9.782250062838941e-05,interior
analytical40-1025x1031|C|http0,2,native-skv-raw,mean,40,0,0,0,2.9070861273794435e-09,9.39248371553964e-12,1e-08,40,C,analytical40-1025x1031,1.5540990716544911e-09,-2.9070861273794435e-09,analytical40-1025x1031-C-2-http0-native-skv-raw,analytical40-1025x1031-C-2-http0-natural-ee,40,natural-ee,0,http0,1e-10,2,407358310644644e,309.51196886745026,4073583106452c14,309.51196887035735,4.0951196887035736e-08,interior
analytical40-1025x1031|C|http0,2,native-skv-raw,min,40,0,0,0,0.0,0.0,1e-08,0,C,analytical40-1025x1031,0.0,0.0,analytical40-1025x1031-C-2-http0-native-skv-raw,analytical40-1025x1031-C-2-http0-natural-ee,40,natural-ee,0,http0,1e-10,0,c07fff0000000000,-511.9375,c07fff0000000000,-511.9375,6.119375e-08,interior
analytical40-1025x1031|C|http0,2,native-skv-raw,max,40,0,0,0,0.0,0.0,1e-08,0,C,analytical40-1025x1031,0.0,0.0,analytical40-1025x1031-C-2-http0-native-skv-raw,analytical40-1025x1031-C-2-http0-natural-ee,40,natural-ee,0,http0,1e-10,0,40f869f000000000,99999.0,40f869f000000000,99999.0,1.00099e-05,interior
analytical40-1025x1031|C|http0,2,native-skv-summary,sum,40,0,0,0,0.07408308982849121,6.610293425089826e-11,1e-08,40,C,analytical40-1025x1031,-0.013428449630737305,-0.07408308982849121,analytical40-1025x1031-C-2-http0-native-skv-summary,analytical40-1025x1031-C-2-http0-natural-ee,40,natural-ee,0,http0,1e-10,39,41d2f37b1a7e6852,1271786601.9751172,41d2f37b1a832619,1271786602.0492003,0.12717867020492002,interior
analytical40-1025x1031|C|http0,2,native-skv-summary,support,40,0,0,0,5.5505894124507904e-05,5.674723963492831e-11,1e-08,40,C,analytical40-1025x1031,-5.541439168155193e-05,-5.5505894124507904e-05,analytical40-1025x1031-C-2-http0-native-skv-summary,analytical40-1025x1031-C-2-http0-natural-ee,40,natural-ee,0,http0,1e-10,30,412dd99a03305e08,978125.0062283883,412dd99a0337a480,978125.0062838942,9.782250062838941e-05,interior
analytical40-1025x1031|C|http0,2,native-skv-summary,mean,40,0,0,0,2.9070861273794435e-09,9.39248371553964e-12,1e-08,40,C,analytical40-1025x1031,1.5540990716544911e-09,-2.9070861273794435e-09,analytical40-1025x1031-C-2-http0-native-skv-summary,analytical40-1025x1031-C-2-http0-natural-ee,40,natural-ee,0,http0,1e-10,2,407358310644644e,309.51196886745026,4073583106452c14,309.51196887035735,4.0951196887035736e-08,interior
analytical40-1025x1031|C|http0,2,native-skv-summary,min,40,0,0,0,0.0,0.0,1e-08,0,C,analytical40-1025x1031,0.0,0.0,analytical40-1025x1031-C-2-http0-native-skv-summary,analytical40-1025x1031-C-2-http0-natural-ee,40,natural-ee,0,http0,1e-10,0,c07fff0000000000,-511.9375,c07fff0000000000,-511.9375,6.119375e-08,interior
analytical40-1025x1031|C|http0,2,native-skv-summary,max,40,0,0,0,0.0,0.0,1e-08,0,C,analytical40-1025x1031,0.0,0.0,analytical40-1025x1031-C-2-http0-native-skv-summary,analytical40-1025x1031-C-2-http0-natural-ee,40,natural-ee,0,http0,1e-10,0,40f869f000000000,99999.0,40f869f000000000,99999.0,1.00099e-05,interior
analytical40-1025x1031|C|local,0,native-tiff,sum,40,0,0,0,0.10213875770568848,8.911746991900053e-11,1e-08,40,C,analytical40-1025x1031,0.10213875770568848,0.020710766315460205,analytical40-1025x1031-C-0-local-native-tiff,analytical40-1025x1031-C-0-local-natural-ee,40,natural-ee,0,local,1e-10,39,41d2b7d1f17da2dd,1256146885.9630654,41d2b7d1f177196c,1256146885.8609266,0.12561469858609267,interior
analytical40-1025x1031|C|local,0,native-tiff,support,40,0,0,0,7.92420469224453e-05,8.202313117202287e-11,1e-08,40,C,analytical40-1025x1031,7.92420469224453e-05,7.907126564532518e-05,analytical40-1025x1031-C-0-local-native-tiff,analytical40-1025x1031-C-0-local-natural-ee,40,natural-ee,0,local,1e-10,25,412d7b9bce53e9ec,966093.9029839612,412d7b9bce498700,966093.9029047191,9.661939029047192e-05,interior
analytical40-1025x1031|C|local,0,native-tiff,mean,40,0,0,0,4.694356903200969e-09,7.157541192929789e-12,1e-08,40,C,analytical40-1025x1031,4.694356903200969e-09,-2.4576820578658953e-09,analytical40-1025x1031-C-0-local-native-tiff,analytical40-1025x1031-C-0-local-natural-ee,40,natural-ee,0,local,1e-10,23,408b39835c9aed93,871.189141474128,408b39835c9a4c47,871.1891414694336,9.711891414694336e-08,interior
analytical40-1025x1031|C|local,0,native-tiff,min,40,0,0,0,0.0,0.0,1e-08,0,C,analytical40-1025x1031,0.0,0.0,analytical40-1025x1031-C-0-local-native-tiff,analytical40-1025x1031-C-0-local-natural-ee,40,natural-ee,0,local,1e-10,0,c07fff0000000000,-511.9375,c07fff0000000000,-511.9375,6.119375e-08,interior
analytical40-1025x1031|C|local,0,native-tiff,max,40,0,0,0,0.0,0.0,1e-08,0,C,analytical40-1025x1031,0.0,0.0,analytical40-1025x1031-C-0-local-native-tiff,analytical40-1025x1031-C-0-local-natural-ee,40,natural-ee,0,local,1e-10,0,40f869f000000000,99999.0,40f869f000000000,99999.0,1.00099e-05,interior
analytical40-1025x1031|C|local,0,native-cog,sum,40,0,0,0,0.10213875770568848,8.911746991900053e-11,1e-08,40,C,analytical40-1025x1031,0.10213875770568848,0.020710766315460205,analytical40-1025x1031-C-0-local-native-cog,analytical40-1025x1031-C-0-local-natural-ee,40,natural-ee,0,local,1e-10,39,41d2b7d1f17da2dd,1256146885.9630654,41d2b7d1f177196c,1256146885.8609266,0.12561469858609267,interior
analytical40-1025x1031|C|local,0,native-cog,support,40,0,0,0,7.92420469224453e-05,8.202313117202287e-11,1e-08,40,C,analytical40-1025x1031,7.92420469224453e-05,7.907126564532518e-05,analytical40-1025x1031-C-0-local-native-cog,analytical40-1025x1031-C-0-local-natural-ee,40,natural-ee,0,local,1e-10,25,412d7b9bce53e9ec,966093.9029839612,412d7b9bce498700,966093.9029047191,9.661939029047192e-05,interior
analytical40-1025x1031|C|local,0,native-cog,mean,40,0,0,0,4.694356903200969e-09,7.157541192929789e-12,1e-08,40,C,analytical40-1025x1031,4.694356903200969e-09,-2.4576820578658953e-09,analytical40-1025x1031-C-0-local-native-cog,analytical40-1025x1031-C-0-local-natural-ee,40,natural-ee,0,local,1e-10,23,408b39835c9aed93,871.189141474128,408b39835c9a4c47,871.1891414694336,9.711891414694336e-08,interior
analytical40-1025x1031|C|local,0,native-cog,min,40,0,0,0,0.0,0.0,1e-08,0,C,analytical40-1025x1031,0.0,0.0,analytical40-1025x1031-C-0-local-native-cog,analytical40-1025x1031-C-0-local-natural-ee,40,natural-ee,0,local,1e-10,0,c07fff0000000000,-511.9375,c07fff0000000000,-511.9375,6.119375e-08,interior
analytical40-1025x1031|C|local,0,native-cog,max,40,0,0,0,0.0,0.0,1e-08,0,C,analytical40-1025x1031,0.0,0.0,analytical40-1025x1031-C-0-local-native-cog,analytical40-1025x1031-C-0-local-natural-ee,40,natural-ee,0,local,1e-10,0,40f869f000000000,99999.0,40f869f000000000,99999.0,1.00099e-05,interior
analytical40-1025x1031|C|local,0,native-rsi64,sum,40,0,0,0,0.10213875770568848,8.911746991900053e-11,1e-08,40,C,analytical40-1025x1031,0.10213875770568848,0.020710766315460205,analytical40-1025x1031-C-0-local-native-rsi64,analytical40-1025x1031-C-0-local-natural-ee,40,natural-ee,0,local,1e-10,39,41d2b7d1f17da2dd,1256146885.9630654,41d2b7d1f177196c,1256146885.8609266,0.12561469858609267,interior
analytical40-1025x1031|C|local,0,native-rsi64,support,40,0,0,0,7.92420469224453e-05,8.202313117202287e-11,1e-08,40,C,analytical40-1025x1031,7.92420469224453e-05,7.907126564532518e-05,analytical40-1025x1031-C-0-local-native-rsi64,analytical40-1025x1031-C-0-local-natural-ee,40,natural-ee,0,local,1e-10,25,412d7b9bce53e9ec,966093.9029839612,412d7b9bce498700,966093.9029047191,9.661939029047192e-05,interior
analytical40-1025x1031|C|local,0,native-rsi64,mean,40,0,0,0,4.694356903200969e-09,7.157541192929789e-12,1e-08,40,C,analytical40-1025x1031,4.694356903200969e-09,-2.4576820578658953e-09,analytical40-1025x1031-C-0-local-native-rsi64,analytical40-1025x1031-C-0-local-natural-ee,40,natural-ee,0,local,1e-10,23,408b39835c9aed93,871.189141474128,408b39835c9a4c47,871.1891414694336,9.711891414694336e-08,interior
analytical40-1025x1031|C|local,0,native-rsi64,min,40,0,0,0,0.0,0.0,1e-08,0,C,analytical40-1025x1031,0.0,0.0,analytical40-1025x1031-C-0-local-native-rsi64,analytical40-1025x1031-C-0-local-natural-ee,40,natural-ee,0,local,1e-10,0,c07fff0000000000,-511.9375,c07fff0000000000,-511.9375,6.119375e-08,interior
analytical40-1025x1031|C|local,0,native-rsi64,max,40,0,0,0,0.0,0.0,1e-08,0,C,analytical40-1025x1031,0.0,0.0,analytical40-1025x1031-C-0-local-native-rsi64,analytical40-1025x1031-C-0-local-natural-ee,40,natural-ee,0,local,1e-10,0,40f869f000000000,99999.0,40f869f000000000,99999.0,1.00099e-05,interior
analytical40-1025x1031|C|local,0,native-rsi256,sum,40,0,0,0,0.10213875770568848,8.911746991900053e-11,1e-08,40,C,analytical40-1025x1031,0.10213875770568848,0.020710766315460205,analytical40-1025x1031-C-0-local-native-rsi256,analytical40-1025x1031-C-0-local-natural-ee,40,natural-ee,0,local,1e-10,39,41d2b7d1f17da2dd,1256146885.9630654,41d2b7d1f177196c,1256146885.8609266,0.12561469858609267,interior
analytical40-1025x1031|C|local,0,native-rsi256,support,40,0,0,0,7.92420469224453e-05,8.202313117202287e-11,1e-08,40,C,analytical40-1025x1031,7.92420469224453e-05,7.907126564532518e-05,analytical40-1025x1031-C-0-local-native-rsi256,analytical40-1025x1031-C-0-local-natural-ee,40,natural-ee,0,local,1e-10,25,412d7b9bce53e9ec,966093.9029839612,412d7b9bce498700,966093.9029047191,9.661939029047192e-05,interior
analytical40-1025x1031|C|local,0,native-rsi256,mean,40,0,0,0,4.694356903200969e-09,7.157541192929789e-12,1e-08,40,C,analytical40-1025x1031,4.694356903200969e-09,-2.4576820578658953e-09,analytical40-1025x1031-C-0-local-native-rsi256,analytical40-1025x1031-C-0-local-natural-ee,40,natural-ee,0,local,1e-10,23,408b39835c9aed93,871.189141474128,408b39835c9a4c47,871.1891414694336,9.711891414694336e-08,interior
analytical40-1025x1031|C|local,0,native-rsi256,min,40,0,0,0,0.0,0.0,1e-08,0,C,analytical40-1025x1031,0.0,0.0,analytical40-1025x1031-C-0-local-native-rsi256,analytical40-1025x1031-C-0-local-natural-ee,40,natural-ee,0,local,1e-10,0,c07fff0000000000,-511.9375,c07fff0000000000,-511.9375,6.119375e-08,interior
analytical40-1025x1031|C|local,0,native-rsi256,max,40,0,0,0,0.0,0.0,1e-08,0,C,analytical40-1025x1031,0.0,0.0,analytical40-1025x1031-C-0-local-native-rsi256,analytical40-1025x1031-C-0-local-natural-ee,40,natural-ee,0,local,1e-10,0,40f869f000000000,99999.0,40f869f000000000,99999.0,1.00099e-05,interior
analytical40-1025x1031|C|local,0,native-skv-raw,sum,40,0,0,0,0.10213875770568848,8.911746991900053e-11,1e-08,40,C,analytical40-1025x1031,0.10213875770568848,0.020710766315460205,analytical40-1025x1031-C-0-local-native-skv-raw,analytical40-1025x1031-C-0-local-natural-ee,40,natural-ee,0,local,1e-10,39,41d2b7d1f17da2dd,1256146885.9630654,41d2b7d1f177196c,1256146885.8609266,0.12561469858609267,interior
analytical40-1025x1031|C|local,0,native-skv-raw,support,40,0,0,0,7.92420469224453e-05,8.202313117202287e-11,1e-08,40,C,analytical40-1025x1031,7.92420469224453e-05,7.907126564532518e-05,analytical40-1025x1031-C-0-local-native-skv-raw,analytical40-1025x1031-C-0-local-natural-ee,40,natural-ee,0,local,1e-10,25,412d7b9bce53e9ec,966093.9029839612,412d7b9bce498700,966093.9029047191,9.661939029047192e-05,interior
analytical40-1025x1031|C|local,0,native-skv-raw,mean,40,0,0,0,4.694356903200969e-09,7.157541192929789e-12,1e-08,40,C,analytical40-1025x1031,4.694356903200969e-09,-2.4576820578658953e-09,analytical40-1025x1031-C-0-local-native-skv-raw,analytical40-1025x1031-C-0-local-natural-ee,40,natural-ee,0,local,1e-10,23,408b39835c9aed93,871.189141474128,408b39835c9a4c47,871.1891414694336,9.711891414694336e-08,interior
analytical40-1025x1031|C|local,0,native-skv-raw,min,40,0,0,0,0.0,0.0,1e-08,0,C,analytical40-1025x1031,0.0,0.0,analytical40-1025x1031-C-0-local-native-skv-raw,analytical40-1025x1031-C-0-local-natural-ee,40,natural-ee,0,local,1e-10,0,c07fff0000000000,-511.9375,c07fff0000000000,-511.9375,6.119375e-08,interior
analytical40-1025x1031|C|local,0,native-skv-raw,max,40,0,0,0,0.0,0.0,1e-08,0,C,analytical40-1025x1031,0.0,0.0,analytical40-1025x1031-C-0-local-native-skv-raw,analytical40-1025x1031-C-0-local-natural-ee,40,natural-ee,0,local,1e-10,0,40f869f000000000,99999.0,40f869f000000000,99999.0,1.00099e-05,interior
analytical40-1025x1031|C|local,0,native-skv-summary,sum,40,0,0,0,0.10213875770568848,8.911746991900053e-11,1e-08,40,C,analytical40-1025x1031,0.10213875770568848,0.020710766315460205,analytical40-1025x1031-C-0-local-native-skv-summary,analytical40-1025x1031-C-0-local-natural-ee,40,natural-ee,0,local,1e-10,39,41d2b7d1f17da2dd,1256146885.9630654,41d2b7d1f177196c,1256146885.8609266,0.12561469858609267,interior
analytical40-1025x1031|C|local,0,native-skv-summary,support,40,0,0,0,7.92420469224453e-05,8.202313117202287e-11,1e-08,40,C,analytical40-1025x1031,7.92420469224453e-05,7.907126564532518e-05,analytical40-1025x1031-C-0-local-native-skv-summary,analytical40-1025x1031-C-0-local-natural-ee,40,natural-ee,0,local,1e-10,25,412d7b9bce53e9ec,966093.9029839612,412d7b9bce498700,966093.9029047191,9.661939029047192e-05,interior
analytical40-1025x1031|C|local,0,native-skv-summary,mean,40,0,0,0,4.694356903200969e-09,7.157541192929789e-12,1e-08,40,C,analytical40-1025x1031,4.694356903200969e-09,-2.4576820578658953e-09,analytical40-1025x1031-C-0-local-native-skv-summary,analytical40-1025x1031-C-0-local-natural-ee,40,natural-ee,0,local,1e-10,23,408b39835c9aed93,871.189141474128,408b39835c9a4c47,871.1891414694336,9.711891414694336e-08,interior
analytical40-1025x1031|C|local,0,native-skv-summary,min,40,0,0,0,0.0,0.0,1e-08,0,C,analytical40-1025x1031,0.0,0.0,analytical40-1025x1031-C-0-local-native-skv-summary,analytical40-1025x1031-C-0-local-natural-ee,40,natural-ee,0,local,1e-10,0,c07fff0000000000,-511.9375,c07fff0000000000,-511.9375,6.119375e-08,interior
analytical40-1025x1031|C|local,0,native-skv-summary,max,40,0,0,0,0.0,0.0,1e-08,0,C,analytical40-1025x1031,0.0,0.0,analytical40-1025x1031-C-0-local-native-skv-summary,analytical40-1025x1031-C-0-local-natural-ee,40,natural-ee,0,local,1e-10,0,40f869f000000000,99999.0,40f869f000000000,99999.0,1.00099e-05,interior
analytical40-1025x1031|C|local,1,native-tiff,sum,40,0,0,0,0.057706356048583984,5.1834119322389505e-11,1e-08,40,C,analytical40-1025x1031,-0.011416792869567871,-0.057706356048583984,analytical40-1025x1031-C-1-local-native-tiff,analytical40-1025x1031-C-1-local-natural-ee,40,natural-ee,0,local,1e-10,38,41d271cf6c8e88bb,1237794226.2270954,41d271cf6c923a31,1237794226.2848017,0.12377943262848017,interior
analytical40-1025x1031|C|local,1,native-tiff,support,40,0,0,0,4.376389551907778e-05,4.5036688907367425e-11,1e-08,40,C,analytical40-1025x1031,-4.3596490286290646e-05,-4.376389551907778e-05,analytical40-1025x1031-C-1-local-native-tiff,analytical40-1025x1031-C-1-local-natural-ee,40,natural-ee,0,local,1e-10,35,412da7b57cfa3507,971738.744096429,412da7b57cfff180,971738.7441401929,9.718387441401928e-05,interior
analytical40-1025x1031|C|local,1,native-tiff,mean,40,0,0,0,3.2297862162522506e-09,6.88590190621757e-12,1e-08,40,C,analytical40-1025x1031,2.2764652385376394e-09,-3.2297862162522506e-09,analytical40-1025x1031-C-1-local-native-tiff,analytical40-1025x1031-C-1-local-natural-ee,40,natural-ee,0,local,1e-10,8,407d50b164e1ff26,469.04330909995986,407d50b164e2dd19,469.04330910318964,5.690433091031897e-08,interior
analytical40-1025x1031|C|local,1,native-tiff,min,40,0,0,0,0.0,0.0,1e-08,0,C,analytical40-1025x1031,0.0,0.0,analytical40-1025x1031-C-1-local-native-tiff,analytical40-1025x1031-C-1-local-natural-ee,40,natural-ee,0,local,1e-10,0,c07fff0000000000,-511.9375,c07fff0000000000,-511.9375,6.119375e-08,interior
analytical40-1025x1031|C|local,1,native-tiff,max,40,0,0,0,0.0,0.0,1e-08,0,C,analytical40-1025x1031,0.0,0.0,analytical40-1025x1031-C-1-local-native-tiff,analytical40-1025x1031-C-1-local-natural-ee,40,natural-ee,0,local,1e-10,0,40f869f000000000,99999.0,40f869f000000000,99999.0,1.00099e-05,interior
analytical40-1025x1031|C|local,1,native-cog,sum,40,0,0,0,0.057706356048583984,5.1834119322389505e-11,1e-08,40,C,analytical40-1025x1031,-0.011416792869567871,-0.057706356048583984,analytical40-1025x1031-C-1-local-native-cog,analytical40-1025x1031-C-1-local-natural-ee,40,natural-ee,0,local,1e-10,38,41d271cf6c8e88bb,1237794226.2270954,41d271cf6c923a31,1237794226.2848017,0.12377943262848017,interior
analytical40-1025x1031|C|local,1,native-cog,support,40,0,0,0,4.376389551907778e-05,4.5036688907367425e-11,1e-08,40,C,analytical40-1025x1031,-4.3596490286290646e-05,-4.376389551907778e-05,analytical40-1025x1031-C-1-local-native-cog,analytical40-1025x1031-C-1-local-natural-ee,40,natural-ee,0,local,1e-10,35,412da7b57cfa3507,971738.744096429,412da7b57cfff180,971738.7441401929,9.718387441401928e-05,interior
analytical40-1025x1031|C|local,1,native-cog,mean,40,0,0,0,3.2297862162522506e-09,6.88590190621757e-12,1e-08,40,C,analytical40-1025x1031,2.2764652385376394e-09,-3.2297862162522506e-09,analytical40-1025x1031-C-1-local-native-cog,analytical40-1025x1031-C-1-local-natural-ee,40,natural-ee,0,local,1e-10,8,407d50b164e1ff26,469.04330909995986,407d50b164e2dd19,469.04330910318964,5.690433091031897e-08,interior
analytical40-1025x1031|C|local,1,native-cog,min,40,0,0,0,0.0,0.0,1e-08,0,C,analytical40-1025x1031,0.0,0.0,analytical40-1025x1031-C-1-local-native-cog,analytical40-1025x1031-C-1-local-natural-ee,40,natural-ee,0,local,1e-10,0,c07fff0000000000,-511.9375,c07fff0000000000,-511.9375,6.119375e-08,interior
analytical40-1025x1031|C|local,1,native-cog,max,40,0,0,0,0.0,0.0,1e-08,0,C,analytical40-1025x1031,0.0,0.0,analytical40-1025x1031-C-1-local-native-cog,analytical40-1025x1031-C-1-local-natural-ee,40,natural-ee,0,local,1e-10,0,40f869f000000000,99999.0,40f869f000000000,99999.0,1.00099e-05,interior
analytical40-1025x1031|C|local,1,native-rsi64,sum,40,0,0,0,0.057706356048583984,5.1834119322389505e-11,1e-08,40,C,analytical40-1025x1031,-0.011416792869567871,-0.057706356048583984,analytical40-1025x1031-C-1-local-native-rsi64,analytical40-1025x1031-C-1-local-natural-ee,40,natural-ee,0,local,1e-10,38,41d271cf6c8e88bb,1237794226.2270954,41d271cf6c923a31,1237794226.2848017,0.12377943262848017,interior
analytical40-1025x1031|C|local,1,native-rsi64,support,40,0,0,0,4.376389551907778e-05,4.5036688907367425e-11,1e-08,40,C,analytical40-1025x1031,-4.3596490286290646e-05,-4.376389551907778e-05,analytical40-1025x1031-C-1-local-native-rsi64,analytical40-1025x1031-C-1-local-natural-ee,40,natural-ee,0,local,1e-10,35,412da7b57cfa3507,971738.744096429,412da7b57cfff180,971738.7441401929,9.718387441401928e-05,interior
analytical40-1025x1031|C|local,1,native-rsi64,mean,40,0,0,0,3.2297862162522506e-09,6.88590190621757e-12,1e-08,40,C,analytical40-1025x1031,2.2764652385376394e-09,-3.2297862162522506e-09,analytical40-1025x1031-C-1-local-native-rsi64,analytical40-1025x1031-C-1-local-natural-ee,40,natural-ee,0,local,1e-10,8,407d50b164e1ff26,469.04330909995986,407d50b164e2dd19,469.04330910318964,5.690433091031897e-08,interior
analytical40-1025x1031|C|local,1,native-rsi64,min,40,0,0,0,0.0,0.0,1e-08,0,C,analytical40-1025x1031,0.0,0.0,analytical40-1025x1031-C-1-local-native-rsi64,analytical40-1025x1031-C-1-local-natural-ee,40,natural-ee,0,local,1e-10,0,c07fff0000000000,-511.9375,c07fff0000000000,-511.9375,6.119375e-08,interior
analytical40-1025x1031|C|local,1,native-rsi64,max,40,0,0,0,0.0,0.0,1e-08,0,C,analytical40-1025x1031,0.0,0.0,analytical40-1025x1031-C-1-local-native-rsi64,analytical40-1025x1031-C-1-local-natural-ee,40,natural-ee,0,local,1e-10,0,40f869f000000000,99999.0,40f869f000000000,99999.0,1.00099e-05,interior
analytical40-1025x1031|C|local,1,native-rsi256,sum,40,0,0,0,0.057706356048583984,5.1834119322389505e-11,1e-08,40,C,analytical40-1025x1031,-0.011416792869567871,-0.057706356048583984,analytical40-1025x1031-C-1-local-native-rsi256,analytical40-1025x1031-C-1-local-natural-ee,40,natural-ee,0,local,1e-10,38,41d271cf6c8e88bb,1237794226.2270954,41d271cf6c923a31,1237794226.2848017,0.12377943262848017,interior
analytical40-1025x1031|C|local,1,native-rsi256,support,40,0,0,0,4.376389551907778e-05,4.5036688907367425e-11,1e-08,40,C,analytical40-1025x1031,-4.3596490286290646e-05,-4.376389551907778e-05,analytical40-1025x1031-C-1-local-native-rsi256,analytical40-1025x1031-C-1-local-natural-ee,40,natural-ee,0,local,1e-10,35,412da7b57cfa3507,971738.744096429,412da7b57cfff180,971738.7441401929,9.718387441401928e-05,interior
analytical40-1025x1031|C|local,1,native-rsi256,mean,40,0,0,0,3.2297862162522506e-09,6.88590190621757e-12,1e-08,40,C,analytical40-1025x1031,2.2764652385376394e-09,-3.2297862162522506e-09,analytical40-1025x1031-C-1-local-native-rsi256,analytical40-1025x1031-C-1-local-natural-ee,40,natural-ee,0,local,1e-10,8,407d50b164e1ff26,469.04330909995986,407d50b164e2dd19,469.04330910318964,5.690433091031897e-08,interior
analytical40-1025x1031|C|local,1,native-rsi256,min,40,0,0,0,0.0,0.0,1e-08,0,C,analytical40-1025x1031,0.0,0.0,analytical40-1025x1031-C-1-local-native-rsi256,analytical40-1025x1031-C-1-local-natural-ee,40,natural-ee,0,local,1e-10,0,c07fff0000000000,-511.9375,c07fff0000000000,-511.9375,6.119375e-08,interior
analytical40-1025x1031|C|local,1,native-rsi256,max,40,0,0,0,0.0,0.0,1e-08,0,C,analytical40-1025x1031,0.0,0.0,analytical40-1025x1031-C-1-local-native-rsi256,analytical40-1025x1031-C-1-local-natural-ee,40,natural-ee,0,local,1e-10,0,40f869f000000000,99999.0,40f869f000000000,99999.0,1.00099e-05,interior
analytical40-1025x1031|C|local,1,native-skv-raw,sum,40,0,0,0,0.057706356048583984,5.1834119322389505e-11,1e-08,40,C,analytical40-1025x1031,-0.011416792869567871,-0.057706356048583984,analytical40-1025x1031-C-1-local-native-skv-raw,analytical40-1025x1031-C-1-local-natural-ee,40,natural-ee,0,local,1e-10,38,41d271cf6c8e88bb,1237794226.2270954,41d271cf6c923a31,1237794226.2848017,0.12377943262848017,interior
analytical40-1025x1031|C|local,1,native-skv-raw,support,40,0,0,0,4.376389551907778e-05,4.5036688907367425e-11,1e-08,40,C,analytical40-1025x1031,-4.3596490286290646e-05,-4.376389551907778e-05,analytical40-1025x1031-C-1-local-native-skv-raw,analytical40-1025x1031-C-1-local-natural-ee,40,natural-ee,0,local,1e-10,35,412da7b57cfa3507,971738.744096429,412da7b57cfff180,971738.7441401929,9.718387441401928e-05,interior
analytical40-1025x1031|C|local,1,native-skv-raw,mean,40,0,0,0,3.2297862162522506e-09,6.88590190621757e-12,1e-08,40,C,analytical40-1025x1031,2.2764652385376394e-09,-3.2297862162522506e-09,analytical40-1025x1031-C-1-local-native-skv-raw,analytical40-1025x1031-C-1-local-natural-ee,40,natural-ee,0,local,1e-10,8,407d50b164e1ff26,469.04330909995986,407d50b164e2dd19,469.04330910318964,5.690433091031897e-08,interior
analytical40-1025x1031|C|local,1,native-skv-raw,min,40,0,0,0,0.0,0.0,1e-08,0,C,analytical40-1025x1031,0.0,0.0,analytical40-1025x1031-C-1-local-native-skv-raw,analytical40-1025x1031-C-1-local-natural-ee,40,natural-ee,0,local,1e-10,0,c07fff0000000000,-511.9375,c07fff0000000000,-511.9375,6.119375e-08,interior
analytical40-1025x1031|C|local,1,native-skv-raw,max,40,0,0,0,0.0,0.0,1e-08,0,C,analytical40-1025x1031,0.0,0.0,analytical40-1025x1031-C-1-local-native-skv-raw,analytical40-1025x1031-C-1-local-natural-ee,40,natural-ee,0,local,1e-10,0,40f869f000000000,99999.0,40f869f000000000,99999.0,1.00099e-05,interior
analytical40-1025x1031|C|local,1,native-skv-summary,sum,40,0,0,0,0.057706356048583984,5.1834119322389505e-11,1e-08,40,C,analytical40-1025x1031,-0.011416792869567871,-0.057706356048583984,analytical40-1025x1031-C-1-local-native-skv-summary,analytical40-1025x1031-C-1-local-natural-ee,40,natural-ee,0,local,1e-10,38,41d271cf6c8e88bb,1237794226.2270954,41d271cf6c923a31,1237794226.2848017,0.12377943262848017,interior
analytical40-1025x1031|C|local,1,native-skv-summary,support,40,0,0,0,4.376389551907778e-05,4.5036688907367425e-11,1e-08,40,C,analytical40-1025x1031,-4.3596490286290646e-05,-4.376389551907778e-05,analytical40-1025x1031-C-1-local-native-skv-summary,analytical40-1025x1031-C-1-local-natural-ee,40,natural-ee,0,local,1e-10,35,412da7b57cfa3507,971738.744096429,412da7b57cfff180,971738.7441401929,9.718387441401928e-05,interior
analytical40-1025x1031|C|local,1,native-skv-summary,mean,40,0,0,0,3.2297862162522506e-09,6.88590190621757e-12,1e-08,40,C,analytical40-1025x1031,2.2764652385376394e-09,-3.2297862162522506e-09,analytical40-1025x1031-C-1-local-native-skv-summary,analytical40-1025x1031-C-1-local-natural-ee,40,natural-ee,0,local,1e-10,8,407d50b164e1ff26,469.04330909995986,407d50b164e2dd19,469.04330910318964,5.690433091031897e-08,interior
analytical40-1025x1031|C|local,1,native-skv-summary,min,40,0,0,0,0.0,0.0,1e-08,0,C,analytical40-1025x1031,0.0,0.0,analytical40-1025x1031-C-1-local-native-skv-summary,analytical40-1025x1031-C-1-local-natural-ee,40,natural-ee,0,local,1e-10,0,c07fff0000000000,-511.9375,c07fff0000000000,-511.9375,6.119375e-08,interior
analytical40-1025x1031|C|local,1,native-skv-summary,max,40,0,0,0,0.0,0.0,1e-08,0,C,analytical40-1025x1031,0.0,0.0,analytical40-1025x1031-C-1-local-native-skv-summary,analytical40-1025x1031-C-1-local-natural-ee,40,natural-ee,0,local,1e-10,0,40f869f000000000,99999.0,40f869f000000000,99999.0,1.00099e-05,interior
analytical40-1025x1031|C|local,2,native-tiff,sum,40,0,0,0,0.07408308982849121,6.610293425089826e-11,1e-08,40,C,analytical40-1025x1031,-0.013428449630737305,-0.07408308982849121,analytical40-1025x1031-C-2-local-native-tiff,analytical40-1025x1031-C-2-local-natural-ee,40,natural-ee,0,local,1e-10,39,41d2f37b1a7e6852,1271786601.9751172,41d2f37b1a832619,1271786602.0492003,0.12717867020492002,interior
analytical40-1025x1031|C|local,2,native-tiff,support,40,0,0,0,5.5505894124507904e-05,5.674723963492831e-11,1e-08,40,C,analytical40-1025x1031,-5.541439168155193e-05,-5.5505894124507904e-05,analytical40-1025x1031-C-2-local-native-tiff,analytical40-1025x1031-C-2-local-natural-ee,40,natural-ee,0,local,1e-10,30,412dd99a03305e08,978125.0062283883,412dd99a0337a480,978125.0062838942,9.782250062838941e-05,interior
analytical40-1025x1031|C|local,2,native-tiff,mean,40,0,0,0,2.9070861273794435e-09,9.39248371553964e-12,1e-08,40,C,analytical40-1025x1031,1.5540990716544911e-09,-2.9070861273794435e-09,analytical40-1025x1031-C-2-local-native-tiff,analytical40-1025x1031-C-2-local-natural-ee,40,natural-ee,0,local,1e-10,2,407358310644644e,309.51196886745026,4073583106452c14,309.51196887035735,4.0951196887035736e-08,interior
analytical40-1025x1031|C|local,2,native-tiff,min,40,0,0,0,0.0,0.0,1e-08,0,C,analytical40-1025x1031,0.0,0.0,analytical40-1025x1031-C-2-local-native-tiff,analytical40-1025x1031-C-2-local-natural-ee,40,natural-ee,0,local,1e-10,0,c07fff0000000000,-511.9375,c07fff0000000000,-511.9375,6.119375e-08,interior
analytical40-1025x1031|C|local,2,native-tiff,max,40,0,0,0,0.0,0.0,1e-08,0,C,analytical40-1025x1031,0.0,0.0,analytical40-1025x1031-C-2-local-native-tiff,analytical40-1025x1031-C-2-local-natural-ee,40,natural-ee,0,local,1e-10,0,40f869f000000000,99999.0,40f869f000000000,99999.0,1.00099e-05,interior
analytical40-1025x1031|C|local,2,native-cog,sum,40,0,0,0,0.07408308982849121,6.610293425089826e-11,1e-08,40,C,analytical40-1025x1031,-0.013428449630737305,-0.07408308982849121,analytical40-1025x1031-C-2-local-native-cog,analytical40-1025x1031-C-2-local-natural-ee,40,natural-ee,0,local,1e-10,39,41d2f37b1a7e6852,1271786601.9751172,41d2f37b1a832619,1271786602.0492003,0.12717867020492002,interior
analytical40-1025x1031|C|local,2,native-cog,support,40,0,0,0,5.5505894124507904e-05,5.674723963492831e-11,1e-08,40,C,analytical40-1025x1031,-5.541439168155193e-05,-5.5505894124507904e-05,analytical40-1025x1031-C-2-local-native-cog,analytical40-1025x1031-C-2-local-natural-ee,40,natural-ee,0,local,1e-10,30,412dd99a03305e08,978125.0062283883,412dd99a0337a480,978125.0062838942,9.782250062838941e-05,interior
analytical40-1025x1031|C|local,2,native-cog,mean,40,0,0,0,2.9070861273794435e-09,9.39248371553964e-12,1e-08,40,C,analytical40-1025x1031,1.5540990716544911e-09,-2.9070861273794435e-09,analytical40-1025x1031-C-2-local-native-cog,analytical40-1025x1031-C-2-local-natural-ee,40,natural-ee,0,local,1e-10,2,407358310644644e,309.51196886745026,4073583106452c14,309.51196887035735,4.0951196887035736e-08,interior
analytical40-1025x1031|C|local,2,native-cog,min,40,0,0,0,0.0,0.0,1e-08,0,C,analytical40-1025x1031,0.0,0.0,analytical40-1025x1031-C-2-local-native-cog,analytical40-1025x1031-C-2-local-natural-ee,40,natural-ee,0,local,1e-10,0,c07fff0000000000,-511.9375,c07fff0000000000,-511.9375,6.119375e-08,interior
analytical40-1025x1031|C|local,2,native-cog,max,40,0,0,0,0.0,0.0,1e-08,0,C,analytical40-1025x1031,0.0,0.0,analytical40-1025x1031-C-2-local-native-cog,analytical40-1025x1031-C-2-local-natural-ee,40,natural-ee,0,local,1e-10,0,40f869f000000000,99999.0,40f869f000000000,99999.0,1.00099e-05,interior
analytical40-1025x1031|C|local,2,native-rsi64,sum,40,0,0,0,0.07408308982849121,6.610293425089826e-11,1e-08,40,C,analytical40-1025x1031,-0.013428449630737305,-0.07408308982849121,analytical40-1025x1031-C-2-local-native-rsi64,analytical40-1025x1031-C-2-local-natural-ee,40,natural-ee,0,local,1e-10,39,41d2f37b1a7e6852,1271786601.9751172,41d2f37b1a832619,1271786602.0492003,0.12717867020492002,interior
analytical40-1025x1031|C|local,2,native-rsi64,support,40,0,0,0,5.5505894124507904e-05,5.674723963492831e-11,1e-08,40,C,analytical40-1025x1031,-5.541439168155193e-05,-5.5505894124507904e-05,analytical40-1025x1031-C-2-local-native-rsi64,analytical40-1025x1031-C-2-local-natural-ee,40,natural-ee,0,local,1e-10,30,412dd99a03305e08,978125.0062283883,412dd99a0337a480,978125.0062838942,9.782250062838941e-05,interior
analytical40-1025x1031|C|local,2,native-rsi64,mean,40,0,0,0,2.9070861273794435e-09,9.39248371553964e-12,1e-08,40,C,analytical40-1025x1031,1.5540990716544911e-09,-2.9070861273794435e-09,analytical40-1025x1031-C-2-local-native-rsi64,analytical40-1025x1031-C-2-local-natural-ee,40,natural-ee,0,local,1e-10,2,407358310644644e,309.51196886745026,4073583106452c14,309.51196887035735,4.0951196887035736e-08,interior
analytical40-1025x1031|C|local,2,native-rsi64,min,40,0,0,0,0.0,0.0,1e-08,0,C,analytical40-1025x1031,0.0,0.0,analytical40-1025x1031-C-2-local-native-rsi64,analytical40-1025x1031-C-2-local-natural-ee,40,natural-ee,0,local,1e-10,0,c07fff0000000000,-511.9375,c07fff0000000000,-511.9375,6.119375e-08,interior
analytical40-1025x1031|C|local,2,native-rsi64,max,40,0,0,0,0.0,0.0,1e-08,0,C,analytical40-1025x1031,0.0,0.0,analytical40-1025x1031-C-2-local-native-rsi64,analytical40-1025x1031-C-2-local-natural-ee,40,natural-ee,0,local,1e-10,0,40f869f000000000,99999.0,40f869f000000000,99999.0,1.00099e-05,interior
analytical40-1025x1031|C|local,2,native-rsi256,sum,40,0,0,0,0.07408308982849121,6.610293425089826e-11,1e-08,40,C,analytical40-1025x1031,-0.013428449630737305,-0.07408308982849121,analytical40-1025x1031-C-2-local-native-rsi256,analytical40-1025x1031-C-2-local-natural-ee,40,natural-ee,0,local,1e-10,39,41d2f37b1a7e6852,1271786601.9751172,41d2f37b1a832619,1271786602.0492003,0.12717867020492002,interior
analytical40-1025x1031|C|local,2,native-rsi256,support,40,0,0,0,5.5505894124507904e-05,5.674723963492831e-11,1e-08,40,C,analytical40-1025x1031,-5.541439168155193e-05,-5.5505894124507904e-05,analytical40-1025x1031-C-2-local-native-rsi256,analytical40-1025x1031-C-2-local-natural-ee,40,natural-ee,0,local,1e-10,30,412dd99a03305e08,978125.0062283883,412dd99a0337a480,978125.0062838942,9.782250062838941e-05,interior
analytical40-1025x1031|C|local,2,native-rsi256,mean,40,0,0,0,2.9070861273794435e-09,9.39248371553964e-12,1e-08,40,C,analytical40-1025x1031,1.5540990716544911e-09,-2.9070861273794435e-09,analytical40-1025x1031-C-2-local-native-rsi256,analytical40-1025x1031-C-2-local-natural-ee,40,natural-ee,0,local,1e-10,2,407358310644644e,309.51196886745026,4073583106452c14,309.51196887035735,4.0951196887035736e-08,interior
analytical40-1025x1031|C|local,2,native-rsi256,min,40,0,0,0,0.0,0.0,1e-08,0,C,analytical40-1025x1031,0.0,0.0,analytical40-1025x1031-C-2-local-native-rsi256,analytical40-1025x1031-C-2-local-natural-ee,40,natural-ee,0,local,1e-10,0,c07fff0000000000,-511.9375,c07fff0000000000,-511.9375,6.119375e-08,interior
analytical40-1025x1031|C|local,2,native-rsi256,max,40,0,0,0,0.0,0.0,1e-08,0,C,analytical40-1025x1031,0.0,0.0,analytical40-1025x1031-C-2-local-native-rsi256,analytical40-1025x1031-C-2-local-natural-ee,40,natural-ee,0,local,1e-10,0,40f869f000000000,99999.0,40f869f000000000,99999.0,1.00099e-05,interior
analytical40-1025x1031|C|local,2,native-skv-raw,sum,40,0,0,0,0.07408308982849121,6.610293425089826e-11,1e-08,40,C,analytical40-1025x1031,-0.013428449630737305,-0.07408308982849121,analytical40-1025x1031-C-2-local-native-skv-raw,analytical40-1025x1031-C-2-local-natural-ee,40,natural-ee,0,local,1e-10,39,41d2f37b1a7e6852,1271786601.9751172,41d2f37b1a832619,1271786602.0492003,0.12717867020492002,interior
analytical40-1025x1031|C|local,2,native-skv-raw,support,40,0,0,0,5.5505894124507904e-05,5.674723963492831e-11,1e-08,40,C,analytical40-1025x1031,-5.541439168155193e-05,-5.5505894124507904e-05,analytical40-1025x1031-C-2-local-native-skv-raw,analytical40-1025x1031-C-2-local-natural-ee,40,natural-ee,0,local,1e-10,30,412dd99a03305e08,978125.0062283883,412dd99a0337a480,978125.0062838942,9.782250062838941e-05,interior
analytical40-1025x1031|C|local,2,native-skv-raw,mean,40,0,0,0,2.9070861273794435e-09,9.39248371553964e-12,1e-08,40,C,analytical40-1025x1031,1.5540990716544911e-09,-2.9070861273794435e-09,analytical40-1025x1031-C-2-local-native-skv-raw,analytical40-1025x1031-C-2-local-natural-ee,40,natural-ee,0,local,1e-10,2,407358310644644e,309.51196886745026,4073583106452c14,309.51196887035735,4.0951196887035736e-08,interior
analytical40-1025x1031|C|local,2,native-skv-raw,min,40,0,0,0,0.0,0.0,1e-08,0,C,analytical40-1025x1031,0.0,0.0,analytical40-1025x1031-C-2-local-native-skv-raw,analytical40-1025x1031-C-2-local-natural-ee,40,natural-ee,0,local,1e-10,0,c07fff0000000000,-511.9375,c07fff0000000000,-511.9375,6.119375e-08,interior
analytical40-1025x1031|C|local,2,native-skv-raw,max,40,0,0,0,0.0,0.0,1e-08,0,C,analytical40-1025x1031,0.0,0.0,analytical40-1025x1031-C-2-local-native-skv-raw,analytical40-1025x1031-C-2-local-natural-ee,40,natural-ee,0,local,1e-10,0,40f869f000000000,99999.0,40f869f000000000,99999.0,1.00099e-05,interior
analytical40-1025x1031|C|local,2,native-skv-summary,sum,40,0,0,0,0.07408308982849121,6.610293425089826e-11,1e-08,40,C,analytical40-1025x1031,-0.013428449630737305,-0.07408308982849121,analytical40-1025x1031-C-2-local-native-skv-summary,analytical40-1025x1031-C-2-local-natural-ee,40,natural-ee,0,local,1e-10,39,41d2f37b1a7e6852,1271786601.9751172,41d2f37b1a832619,1271786602.0492003,0.12717867020492002,interior
analytical40-1025x1031|C|local,2,native-skv-summary,support,40,0,0,0,5.5505894124507904e-05,5.674723963492831e-11,1e-08,40,C,analytical40-1025x1031,-5.541439168155193e-05,-5.5505894124507904e-05,analytical40-1025x1031-C-2-local-native-skv-summary,analytical40-1025x1031-C-2-local-natural-ee,40,natural-ee,0,local,1e-10,30,412dd99a03305e08,978125.0062283883,412dd99a0337a480,978125.0062838942,9.782250062838941e-05,interior
analytical40-1025x1031|C|local,2,native-skv-summary,mean,40,0,0,0,2.9070861273794435e-09,9.39248371553964e-12,1e-08,40,C,analytical40-1025x1031,1.5540990716544911e-09,-2.9070861273794435e-09,analytical40-1025x1031-C-2-local-native-skv-summary,analytical40-1025x1031-C-2-local-natural-ee,40,natural-ee,0,local,1e-10,2,407358310644644e,309.51196886745026,4073583106452c14,309.51196887035735,4.0951196887035736e-08,interior
analytical40-1025x1031|C|local,2,native-skv-summary,min,40,0,0,0,0.0,0.0,1e-08,0,C,analytical40-1025x1031,0.0,0.0,analytical40-1025x1031-C-2-local-native-skv-summary,analytical40-1025x1031-C-2-local-natural-ee,40,natural-ee,0,local,1e-10,0,c07fff0000000000,-511.9375,c07fff0000000000,-511.9375,6.119375e-08,interior
analytical40-1025x1031|C|local,2,native-skv-summary,max,40,0,0,0,0.0,0.0,1e-08,0,C,analytical40-1025x1031,0.0,0.0,analytical40-1025x1031-C-2-local-native-skv-summary,analytical40-1025x1031-C-2-local-natural-ee,40,natural-ee,0,local,1e-10,0,40f869f000000000,99999.0,40f869f000000000,99999.0,1.00099e-05,interior
analytical40-1025x1031|D|http0,0,native-tiff,sum,320,0,0,157,0.13544702529907227,3.6828001006118285e-08,1e-08,280,D,analytical40-1025x1031,0.13544702529907227,-0.006865993142127991,analytical40-1025x1031-D-0-http0-native-tiff,analytical40-1025x1031-D-0-http0-natural-ee,320,natural-ee,40,http0,1e-10,39,41d0d130ef6f79f7,1128580029.7418191,41d0d130ef66cecd,1128580029.606372,0.11285801296063722,hole
analytical40-1025x1031|D|http0,0,native-tiff,support,320,0,0,82,0.00010515563189983368,3.6828001006118285e-08,1e-08,272,D,analytical40-1025x1031,0.00010515563189983368,-5.0702947191894054e-06,analytical40-1025x1031-D-0-http0-native-tiff,analytical40-1025x1031-D-0-http0-natural-ee,320,natural-ee,40,http0,1e-10,0,412a806ca4547270,868406.3209567796,412a806ca446aa00,868406.320851624,8.685063208516239e-05,hole
analytical40-1025x1031|D|http0,0,native-tiff,mean,320,40,0,42,3.590921437535144e-06,7.0256797404962515e-09,1e-08,278,D,analytical40-1025x1031,3.590921437535144e-06,-3.09453020008732e-06,analytical40-1025x1031-D-0-http0-native-tiff,analytical40-1025x1031-D-0-http0-natural-ee,280,natural-ee,0,http0,1e-10,34,408daa17169ceb95,949.2612735995668,408daa1714baf476,949.2612700086454,1.0492612700086454e-07,tiny
analytical40-1025x1031|D|http0,0,native-tiff,min,320,40,0,0,0.0,0.0,1e-08,0,D,analytical40-1025x1031,0.0,0.0,analytical40-1025x1031-D-0-http0-native-tiff,analytical40-1025x1031-D-0-http0-natural-ee,280,natural-ee,4,http0,1e-10,0,4040900000000000,33.125,4040900000000000,33.125,1.3312500000000001e-08,tiny
analytical40-1025x1031|D|http0,0,native-tiff,max,320,40,0,0,0.0,0.0,1e-08,0,D,analytical40-1025x1031,0.0,0.0,analytical40-1025x1031-D-0-http0-native-tiff,analytical40-1025x1031-D-0-http0-natural-ee,280,natural-ee,0,http0,1e-10,0,4041c80000000000,35.5625,4041c80000000000,35.5625,1.355625e-08,tiny
analytical40-1025x1031|D|http0,0,native-cog,sum,320,0,0,157,0.13544702529907227,3.6828001006118285e-08,1e-08,280,D,analytical40-1025x1031,0.13544702529907227,-0.006865993142127991,analytical40-1025x1031-D-0-http0-native-cog,analytical40-1025x1031-D-0-http0-natural-ee,320,natural-ee,40,http0,1e-10,39,41d0d130ef6f79f7,1128580029.7418191,41d0d130ef66cecd,1128580029.606372,0.11285801296063722,hole
analytical40-1025x1031|D|http0,0,native-cog,support,320,0,0,82,0.00010515563189983368,3.6828001006118285e-08,1e-08,272,D,analytical40-1025x1031,0.00010515563189983368,-5.0702947191894054e-06,analytical40-1025x1031-D-0-http0-native-cog,analytical40-1025x1031-D-0-http0-natural-ee,320,natural-ee,40,http0,1e-10,0,412a806ca4547270,868406.3209567796,412a806ca446aa00,868406.320851624,8.685063208516239e-05,hole
analytical40-1025x1031|D|http0,0,native-cog,mean,320,40,0,42,3.590921437535144e-06,7.0256797404962515e-09,1e-08,278,D,analytical40-1025x1031,3.590921437535144e-06,-3.09453020008732e-06,analytical40-1025x1031-D-0-http0-native-cog,analytical40-1025x1031-D-0-http0-natural-ee,280,natural-ee,0,http0,1e-10,34,408daa17169ceb95,949.2612735995668,408daa1714baf476,949.2612700086454,1.0492612700086454e-07,tiny
analytical40-1025x1031|D|http0,0,native-cog,min,320,40,0,0,0.0,0.0,1e-08,0,D,analytical40-1025x1031,0.0,0.0,analytical40-1025x1031-D-0-http0-native-cog,analytical40-1025x1031-D-0-http0-natural-ee,280,natural-ee,4,http0,1e-10,0,4040900000000000,33.125,4040900000000000,33.125,1.3312500000000001e-08,tiny
analytical40-1025x1031|D|http0,0,native-cog,max,320,40,0,0,0.0,0.0,1e-08,0,D,analytical40-1025x1031,0.0,0.0,analytical40-1025x1031-D-0-http0-native-cog,analytical40-1025x1031-D-0-http0-natural-ee,280,natural-ee,0,http0,1e-10,0,4041c80000000000,35.5625,4041c80000000000,35.5625,1.355625e-08,tiny
analytical40-1025x1031|D|http0,0,native-rsi64,sum,320,0,0,157,0.13544702529907227,3.6828001006118285e-08,1e-08,280,D,analytical40-1025x1031,0.13544702529907227,-0.006865993142127991,analytical40-1025x1031-D-0-http0-native-rsi64,analytical40-1025x1031-D-0-http0-natural-ee,320,natural-ee,40,http0,1e-10,39,41d0d130ef6f79f7,1128580029.7418191,41d0d130ef66cecd,1128580029.606372,0.11285801296063722,hole
analytical40-1025x1031|D|http0,0,native-rsi64,support,320,0,0,82,0.00010515563189983368,3.6828001006118285e-08,1e-08,272,D,analytical40-1025x1031,0.00010515563189983368,-5.0702947191894054e-06,analytical40-1025x1031-D-0-http0-native-rsi64,analytical40-1025x1031-D-0-http0-natural-ee,320,natural-ee,40,http0,1e-10,0,412a806ca4547270,868406.3209567796,412a806ca446aa00,868406.320851624,8.685063208516239e-05,hole
analytical40-1025x1031|D|http0,0,native-rsi64,mean,320,40,0,42,3.590921437535144e-06,7.0256797404962515e-09,1e-08,278,D,analytical40-1025x1031,3.590921437535144e-06,-3.09453020008732e-06,analytical40-1025x1031-D-0-http0-native-rsi64,analytical40-1025x1031-D-0-http0-natural-ee,280,natural-ee,0,http0,1e-10,34,408daa17169ceb95,949.2612735995668,408daa1714baf476,949.2612700086454,1.0492612700086454e-07,tiny
analytical40-1025x1031|D|http0,0,native-rsi64,min,320,40,0,0,0.0,0.0,1e-08,0,D,analytical40-1025x1031,0.0,0.0,analytical40-1025x1031-D-0-http0-native-rsi64,analytical40-1025x1031-D-0-http0-natural-ee,280,natural-ee,4,http0,1e-10,0,4040900000000000,33.125,4040900000000000,33.125,1.3312500000000001e-08,tiny
analytical40-1025x1031|D|http0,0,native-rsi64,max,320,40,0,0,0.0,0.0,1e-08,0,D,analytical40-1025x1031,0.0,0.0,analytical40-1025x1031-D-0-http0-native-rsi64,analytical40-1025x1031-D-0-http0-natural-ee,280,natural-ee,0,http0,1e-10,0,4041c80000000000,35.5625,4041c80000000000,35.5625,1.355625e-08,tiny
analytical40-1025x1031|D|http0,0,native-rsi256,sum,320,0,0,157,0.13544702529907227,3.6828001006118285e-08,1e-08,280,D,analytical40-1025x1031,0.13544702529907227,-0.006865993142127991,analytical40-1025x1031-D-0-http0-native-rsi256,analytical40-1025x1031-D-0-http0-natural-ee,320,natural-ee,40,http0,1e-10,39,41d0d130ef6f79f7,1128580029.7418191,41d0d130ef66cecd,1128580029.606372,0.11285801296063722,hole
analytical40-1025x1031|D|http0,0,native-rsi256,support,320,0,0,82,0.00010515563189983368,3.6828001006118285e-08,1e-08,272,D,analytical40-1025x1031,0.00010515563189983368,-5.0702947191894054e-06,analytical40-1025x1031-D-0-http0-native-rsi256,analytical40-1025x1031-D-0-http0-natural-ee,320,natural-ee,40,http0,1e-10,0,412a806ca4547270,868406.3209567796,412a806ca446aa00,868406.320851624,8.685063208516239e-05,hole
analytical40-1025x1031|D|http0,0,native-rsi256,mean,320,40,0,42,3.590921437535144e-06,7.0256797404962515e-09,1e-08,278,D,analytical40-1025x1031,3.590921437535144e-06,-3.09453020008732e-06,analytical40-1025x1031-D-0-http0-native-rsi256,analytical40-1025x1031-D-0-http0-natural-ee,280,natural-ee,0,http0,1e-10,34,408daa17169ceb95,949.2612735995668,408daa1714baf476,949.2612700086454,1.0492612700086454e-07,tiny
analytical40-1025x1031|D|http0,0,native-rsi256,min,320,40,0,0,0.0,0.0,1e-08,0,D,analytical40-1025x1031,0.0,0.0,analytical40-1025x1031-D-0-http0-native-rsi256,analytical40-1025x1031-D-0-http0-natural-ee,280,natural-ee,4,http0,1e-10,0,4040900000000000,33.125,4040900000000000,33.125,1.3312500000000001e-08,tiny
analytical40-1025x1031|D|http0,0,native-rsi256,max,320,40,0,0,0.0,0.0,1e-08,0,D,analytical40-1025x1031,0.0,0.0,analytical40-1025x1031-D-0-http0-native-rsi256,analytical40-1025x1031-D-0-http0-natural-ee,280,natural-ee,0,http0,1e-10,0,4041c80000000000,35.5625,4041c80000000000,35.5625,1.355625e-08,tiny
analytical40-1025x1031|D|http0,0,native-skv-raw,sum,320,0,0,157,0.13544702529907227,3.6828001006118285e-08,1e-08,280,D,analytical40-1025x1031,0.13544702529907227,-0.006865993142127991,analytical40-1025x1031-D-0-http0-native-skv-raw,analytical40-1025x1031-D-0-http0-natural-ee,320,natural-ee,40,http0,1e-10,39,41d0d130ef6f79f7,1128580029.7418191,41d0d130ef66cecd,1128580029.606372,0.11285801296063722,hole
analytical40-1025x1031|D|http0,0,native-skv-raw,support,320,0,0,82,0.00010515563189983368,3.6828001006118285e-08,1e-08,272,D,analytical40-1025x1031,0.00010515563189983368,-5.0702947191894054e-06,analytical40-1025x1031-D-0-http0-native-skv-raw,analytical40-1025x1031-D-0-http0-natural-ee,320,natural-ee,40,http0,1e-10,0,412a806ca4547270,868406.3209567796,412a806ca446aa00,868406.320851624,8.685063208516239e-05,hole
analytical40-1025x1031|D|http0,0,native-skv-raw,mean,320,40,0,42,3.590921437535144e-06,7.0256797404962515e-09,1e-08,278,D,analytical40-1025x1031,3.590921437535144e-06,-3.09453020008732e-06,analytical40-1025x1031-D-0-http0-native-skv-raw,analytical40-1025x1031-D-0-http0-natural-ee,280,natural-ee,0,http0,1e-10,34,408daa17169ceb95,949.2612735995668,408daa1714baf476,949.2612700086454,1.0492612700086454e-07,tiny
analytical40-1025x1031|D|http0,0,native-skv-raw,min,320,40,0,0,0.0,0.0,1e-08,0,D,analytical40-1025x1031,0.0,0.0,analytical40-1025x1031-D-0-http0-native-skv-raw,analytical40-1025x1031-D-0-http0-natural-ee,280,natural-ee,4,http0,1e-10,0,4040900000000000,33.125,4040900000000000,33.125,1.3312500000000001e-08,tiny
analytical40-1025x1031|D|http0,0,native-skv-raw,max,320,40,0,0,0.0,0.0,1e-08,0,D,analytical40-1025x1031,0.0,0.0,analytical40-1025x1031-D-0-http0-native-skv-raw,analytical40-1025x1031-D-0-http0-natural-ee,280,natural-ee,0,http0,1e-10,0,4041c80000000000,35.5625,4041c80000000000,35.5625,1.355625e-08,tiny
analytical40-1025x1031|D|http0,0,native-skv-summary,sum,320,0,0,157,0.13544702529907227,3.6828001006118285e-08,1e-08,280,D,analytical40-1025x1031,0.13544702529907227,-0.006865993142127991,analytical40-1025x1031-D-0-http0-native-skv-summary,analytical40-1025x1031-D-0-http0-natural-ee,320,natural-ee,40,http0,1e-10,39,41d0d130ef6f79f7,1128580029.7418191,41d0d130ef66cecd,1128580029.606372,0.11285801296063722,hole
analytical40-1025x1031|D|http0,0,native-skv-summary,support,320,0,0,82,0.00010515563189983368,3.6828001006118285e-08,1e-08,272,D,analytical40-1025x1031,0.00010515563189983368,-5.0702947191894054e-06,analytical40-1025x1031-D-0-http0-native-skv-summary,analytical40-1025x1031-D-0-http0-natural-ee,320,natural-ee,40,http0,1e-10,0,412a806ca4547270,868406.3209567796,412a806ca446aa00,868406.320851624,8.685063208516239e-05,hole
analytical40-1025x1031|D|http0,0,native-skv-summary,mean,320,40,0,42,3.590921437535144e-06,7.0256797404962515e-09,1e-08,278,D,analytical40-1025x1031,3.590921437535144e-06,-3.09453020008732e-06,analytical40-1025x1031-D-0-http0-native-skv-summary,analytical40-1025x1031-D-0-http0-natural-ee,280,natural-ee,0,http0,1e-10,34,408daa17169ceb95,949.2612735995668,408daa1714baf476,949.2612700086454,1.0492612700086454e-07,tiny
analytical40-1025x1031|D|http0,0,native-skv-summary,min,320,40,0,0,0.0,0.0,1e-08,0,D,analytical40-1025x1031,0.0,0.0,analytical40-1025x1031-D-0-http0-native-skv-summary,analytical40-1025x1031-D-0-http0-natural-ee,280,natural-ee,4,http0,1e-10,0,4040900000000000,33.125,4040900000000000,33.125,1.3312500000000001e-08,tiny
analytical40-1025x1031|D|http0,0,native-skv-summary,max,320,40,0,0,0.0,0.0,1e-08,0,D,analytical40-1025x1031,0.0,0.0,analytical40-1025x1031-D-0-http0-native-skv-summary,analytical40-1025x1031-D-0-http0-natural-ee,280,natural-ee,0,http0,1e-10,0,4041c80000000000,35.5625,4041c80000000000,35.5625,1.355625e-08,tiny
analytical40-1025x1031|D|http0,1,native-tiff,sum,320,0,0,141,0.11277151107788086,1.5280757375559508e-08,1e-08,280,D,analytical40-1025x1031,0.01736930012702942,-0.11277151107788086,analytical40-1025x1031-D-1-http0-native-tiff,analytical40-1025x1031-D-1-http0-natural-ee,320,natural-ee,40,http0,1e-10,39,41d0d8adf48d3b76,1130543058.2067542,41d0d8adf494731c,1130543058.3195257,0.11305431583195256,hole
analytical40-1025x1031|D|http0,1,native-tiff,support,320,0,0,120,8.738215547055006e-05,1.4901161415892264e-08,1e-08,280,D,analytical40-1025x1031,1.1445168638601899e-05,-8.738215547055006e-05,analytical40-1025x1031-D-1-http0-native-tiff,analytical40-1025x1031-D-1-http0-natural-ee,320,natural-ee,40,http0,1e-10,11,412a8d16ecdc1ff1,870027.4626169187,412a8d16ece79400,870027.4627043009,8.701274627043008e-05,hole
analytical40-1025x1031|D|http0,1,native-tiff,mean,320,40,0,49,3.304237225165707e-06,2.9879885777456156e-09,1e-08,279,D,analytical40-1025x1031,1.994253352677333e-06,-3.304237225165707e-06,analytical40-1025x1031-D-1-http0-native-tiff,analytical40-1025x1031-D-1-http0-natural-ee,280,natural-ee,0,http0,1e-10,36,4091475c22827ffc,1105.8399753943077,4091475c23603e59,1105.8399786985449,1.205839978698545e-07,edge
analytical40-1025x1031|D|http0,1,native-tiff,min,320,40,0,0,0.0,0.0,1e-08,0,D,analytical40-1025x1031,0.0,0.0,analytical40-1025x1031-D-1-http0-native-tiff,analytical40-1025x1031-D-1-http0-natural-ee,280,natural-ee,4,http0,1e-10,0,4041b80000000000,35.4375,4041b80000000000,35.4375,1.354375e-08,tiny
analytical40-1025x1031|D|http0,1,native-tiff,max,320,40,0,0,0.0,0.0,1e-08,0,D,analytical40-1025x1031,0.0,0.0,analytical40-1025x1031-D-1-http0-native-tiff,analytical40-1025x1031-D-1-http0-natural-ee,280,natural-ee,0,http0,1e-10,0,4042f80000000000,37.9375,4042f80000000000,37.9375,1.379375e-08,tiny
analytical40-1025x1031|D|http0,1,native-cog,sum,320,0,0,141,0.11277151107788086,1.5280757375559508e-08,1e-08,280,D,analytical40-1025x1031,0.01736930012702942,-0.11277151107788086,analytical40-1025x1031-D-1-http0-native-cog,analytical40-1025x1031-D-1-http0-natural-ee,320,natural-ee,40,http0,1e-10,39,41d0d8adf48d3b76,1130543058.2067542,41d0d8adf494731c,1130543058.3195257,0.11305431583195256,hole
analytical40-1025x1031|D|http0,1,native-cog,support,320,0,0,120,8.738215547055006e-05,1.4901161415892264e-08,1e-08,280,D,analytical40-1025x1031,1.1445168638601899e-05,-8.738215547055006e-05,analytical40-1025x1031-D-1-http0-native-cog,analytical40-1025x1031-D-1-http0-natural-ee,320,natural-ee,40,http0,1e-10,11,412a8d16ecdc1ff1,870027.4626169187,412a8d16ece79400,870027.4627043009,8.701274627043008e-05,hole
analytical40-1025x1031|D|http0,1,native-cog,mean,320,40,0,49,3.304237225165707e-06,2.9879885777456156e-09,1e-08,279,D,analytical40-1025x1031,1.994253352677333e-06,-3.304237225165707e-06,analytical40-1025x1031-D-1-http0-native-cog,analytical40-1025x1031-D-1-http0-natural-ee,280,natural-ee,0,http0,1e-10,36,4091475c22827ffc,1105.8399753943077,4091475c23603e59,1105.8399786985449,1.205839978698545e-07,edge
analytical40-1025x1031|D|http0,1,native-cog,min,320,40,0,0,0.0,0.0,1e-08,0,D,analytical40-1025x1031,0.0,0.0,analytical40-1025x1031-D-1-http0-native-cog,analytical40-1025x1031-D-1-http0-natural-ee,280,natural-ee,4,http0,1e-10,0,4041b80000000000,35.4375,4041b80000000000,35.4375,1.354375e-08,tiny
analytical40-1025x1031|D|http0,1,native-cog,max,320,40,0,0,0.0,0.0,1e-08,0,D,analytical40-1025x1031,0.0,0.0,analytical40-1025x1031-D-1-http0-native-cog,analytical40-1025x1031-D-1-http0-natural-ee,280,natural-ee,0,http0,1e-10,0,4042f80000000000,37.9375,4042f80000000000,37.9375,1.379375e-08,tiny
analytical40-1025x1031|D|http0,1,native-rsi64,sum,320,0,0,141,0.11277151107788086,1.5280757375559508e-08,1e-08,280,D,analytical40-1025x1031,0.01736930012702942,-0.11277151107788086,analytical40-1025x1031-D-1-http0-native-rsi64,analytical40-1025x1031-D-1-http0-natural-ee,320,natural-ee,40,http0,1e-10,39,41d0d8adf48d3b76,1130543058.2067542,41d0d8adf494731c,1130543058.3195257,0.11305431583195256,hole
analytical40-1025x1031|D|http0,1,native-rsi64,support,320,0,0,120,8.738215547055006e-05,1.4901161415892264e-08,1e-08,280,D,analytical40-1025x1031,1.1445168638601899e-05,-8.738215547055006e-05,analytical40-1025x1031-D-1-http0-native-rsi64,analytical40-1025x1031-D-1-http0-natural-ee,320,natural-ee,40,http0,1e-10,11,412a8d16ecdc1ff1,870027.4626169187,412a8d16ece79400,870027.4627043009,8.701274627043008e-05,hole
analytical40-1025x1031|D|http0,1,native-rsi64,mean,320,40,0,49,3.304237225165707e-06,2.9879885777456156e-09,1e-08,279,D,analytical40-1025x1031,1.994253352677333e-06,-3.304237225165707e-06,analytical40-1025x1031-D-1-http0-native-rsi64,analytical40-1025x1031-D-1-http0-natural-ee,280,natural-ee,0,http0,1e-10,36,4091475c22827ffc,1105.8399753943077,4091475c23603e59,1105.8399786985449,1.205839978698545e-07,edge
analytical40-1025x1031|D|http0,1,native-rsi64,min,320,40,0,0,0.0,0.0,1e-08,0,D,analytical40-1025x1031,0.0,0.0,analytical40-1025x1031-D-1-http0-native-rsi64,analytical40-1025x1031-D-1-http0-natural-ee,280,natural-ee,4,http0,1e-10,0,4041b80000000000,35.4375,4041b80000000000,35.4375,1.354375e-08,tiny
analytical40-1025x1031|D|http0,1,native-rsi64,max,320,40,0,0,0.0,0.0,1e-08,0,D,analytical40-1025x1031,0.0,0.0,analytical40-1025x1031-D-1-http0-native-rsi64,analytical40-1025x1031-D-1-http0-natural-ee,280,natural-ee,0,http0,1e-10,0,4042f80000000000,37.9375,4042f80000000000,37.9375,1.379375e-08,tiny
analytical40-1025x1031|D|http0,1,native-rsi256,sum,320,0,0,141,0.11277151107788086,1.5280757375559508e-08,1e-08,280,D,analytical40-1025x1031,0.01736930012702942,-0.11277151107788086,analytical40-1025x1031-D-1-http0-native-rsi256,analytical40-1025x1031-D-1-http0-natural-ee,320,natural-ee,40,http0,1e-10,39,41d0d8adf48d3b76,1130543058.2067542,41d0d8adf494731c,1130543058.3195257,0.11305431583195256,hole
analytical40-1025x1031|D|http0,1,native-rsi256,support,320,0,0,120,8.738215547055006e-05,1.4901161415892264e-08,1e-08,280,D,analytical40-1025x1031,1.1445168638601899e-05,-8.738215547055006e-05,analytical40-1025x1031-D-1-http0-native-rsi256,analytical40-1025x1031-D-1-http0-natural-ee,320,natural-ee,40,http0,1e-10,11,412a8d16ecdc1ff1,870027.4626169187,412a8d16ece79400,870027.4627043009,8.701274627043008e-05,hole
analytical40-1025x1031|D|http0,1,native-rsi256,mean,320,40,0,49,3.304237225165707e-06,2.9879885777456156e-09,1e-08,279,D,analytical40-1025x1031,1.994253352677333e-06,-3.304237225165707e-06,analytical40-1025x1031-D-1-http0-native-rsi256,analytical40-1025x1031-D-1-http0-natural-ee,280,natural-ee,0,http0,1e-10,36,4091475c22827ffc,1105.8399753943077,4091475c23603e59,1105.8399786985449,1.205839978698545e-07,edge
analytical40-1025x1031|D|http0,1,native-rsi256,min,320,40,0,0,0.0,0.0,1e-08,0,D,analytical40-1025x1031,0.0,0.0,analytical40-1025x1031-D-1-http0-native-rsi256,analytical40-1025x1031-D-1-http0-natural-ee,280,natural-ee,4,http0,1e-10,0,4041b80000000000,35.4375,4041b80000000000,35.4375,1.354375e-08,tiny
analytical40-1025x1031|D|http0,1,native-rsi256,max,320,40,0,0,0.0,0.0,1e-08,0,D,analytical40-1025x1031,0.0,0.0,analytical40-1025x1031-D-1-http0-native-rsi256,analytical40-1025x1031-D-1-http0-natural-ee,280,natural-ee,0,http0,1e-10,0,4042f80000000000,37.9375,4042f80000000000,37.9375,1.379375e-08,tiny
analytical40-1025x1031|D|http0,1,native-skv-raw,sum,320,0,0,141,0.11277151107788086,1.5280757375559508e-08,1e-08,280,D,analytical40-1025x1031,0.01736930012702942,-0.11277151107788086,analytical40-1025x1031-D-1-http0-native-skv-raw,analytical40-1025x1031-D-1-http0-natural-ee,320,natural-ee,40,http0,1e-10,39,41d0d8adf48d3b76,1130543058.2067542,41d0d8adf494731c,1130543058.3195257,0.11305431583195256,hole
analytical40-1025x1031|D|http0,1,native-skv-raw,support,320,0,0,120,8.738215547055006e-05,1.4901161415892264e-08,1e-08,280,D,analytical40-1025x1031,1.1445168638601899e-05,-8.738215547055006e-05,analytical40-1025x1031-D-1-http0-native-skv-raw,analytical40-1025x1031-D-1-http0-natural-ee,320,natural-ee,40,http0,1e-10,11,412a8d16ecdc1ff1,870027.4626169187,412a8d16ece79400,870027.4627043009,8.701274627043008e-05,hole
analytical40-1025x1031|D|http0,1,native-skv-raw,mean,320,40,0,49,3.304237225165707e-06,2.9879885777456156e-09,1e-08,279,D,analytical40-1025x1031,1.994253352677333e-06,-3.304237225165707e-06,analytical40-1025x1031-D-1-http0-native-skv-raw,analytical40-1025x1031-D-1-http0-natural-ee,280,natural-ee,0,http0,1e-10,36,4091475c22827ffc,1105.8399753943077,4091475c23603e59,1105.8399786985449,1.205839978698545e-07,edge
analytical40-1025x1031|D|http0,1,native-skv-raw,min,320,40,0,0,0.0,0.0,1e-08,0,D,analytical40-1025x1031,0.0,0.0,analytical40-1025x1031-D-1-http0-native-skv-raw,analytical40-1025x1031-D-1-http0-natural-ee,280,natural-ee,4,http0,1e-10,0,4041b80000000000,35.4375,4041b80000000000,35.4375,1.354375e-08,tiny
analytical40-1025x1031|D|http0,1,native-skv-raw,max,320,40,0,0,0.0,0.0,1e-08,0,D,analytical40-1025x1031,0.0,0.0,analytical40-1025x1031-D-1-http0-native-skv-raw,analytical40-1025x1031-D-1-http0-natural-ee,280,natural-ee,0,http0,1e-10,0,4042f80000000000,37.9375,4042f80000000000,37.9375,1.379375e-08,tiny
analytical40-1025x1031|D|http0,1,native-skv-summary,sum,320,0,0,141,0.11277151107788086,1.5280757375559508e-08,1e-08,280,D,analytical40-1025x1031,0.01736930012702942,-0.11277151107788086,analytical40-1025x1031-D-1-http0-native-skv-summary,analytical40-1025x1031-D-1-http0-natural-ee,320,natural-ee,40,http0,1e-10,39,41d0d8adf48d3b76,1130543058.2067542,41d0d8adf494731c,1130543058.3195257,0.11305431583195256,hole
analytical40-1025x1031|D|http0,1,native-skv-summary,support,320,0,0,120,8.738215547055006e-05,1.4901161415892264e-08,1e-08,280,D,analytical40-1025x1031,1.1445168638601899e-05,-8.738215547055006e-05,analytical40-1025x1031-D-1-http0-native-skv-summary,analytical40-1025x1031-D-1-http0-natural-ee,320,natural-ee,40,http0,1e-10,11,412a8d16ecdc1ff1,870027.4626169187,412a8d16ece79400,870027.4627043009,8.701274627043008e-05,hole
analytical40-1025x1031|D|http0,1,native-skv-summary,mean,320,40,0,49,3.304237225165707e-06,2.9879885777456156e-09,1e-08,279,D,analytical40-1025x1031,1.994253352677333e-06,-3.304237225165707e-06,analytical40-1025x1031-D-1-http0-native-skv-summary,analytical40-1025x1031-D-1-http0-natural-ee,280,natural-ee,0,http0,1e-10,36,4091475c22827ffc,1105.8399753943077,4091475c23603e59,1105.8399786985449,1.205839978698545e-07,edge
analytical40-1025x1031|D|http0,1,native-skv-summary,min,320,40,0,0,0.0,0.0,1e-08,0,D,analytical40-1025x1031,0.0,0.0,analytical40-1025x1031-D-1-http0-native-skv-summary,analytical40-1025x1031-D-1-http0-natural-ee,280,natural-ee,4,http0,1e-10,0,4041b80000000000,35.4375,4041b80000000000,35.4375,1.354375e-08,tiny
analytical40-1025x1031|D|http0,1,native-skv-summary,max,320,40,0,0,0.0,0.0,1e-08,0,D,analytical40-1025x1031,0.0,0.0,analytical40-1025x1031-D-1-http0-native-skv-summary,analytical40-1025x1031-D-1-http0-natural-ee,280,natural-ee,0,http0,1e-10,0,4042f80000000000,37.9375,4042f80000000000,37.9375,1.379375e-08,tiny
analytical40-1025x1031|D|http0,2,native-tiff,sum,320,0,0,118,0.08220028877258301,2.5842301914285257e-09,1e-08,240,D,analytical40-1025x1031,0.0026977062225341797,-0.08220028877258301,analytical40-1025x1031-D-2-http0-native-tiff,analytical40-1025x1031-D-2-http0-natural-ee,320,natural-ee,42,http0,1e-10,39,41d0a57c35b221c3,1117122774.7833107,41d0a57c35b76488,1117122774.865511,0.1117122874865511,hole
analytical40-1025x1031|D|http0,2,native-tiff,support,320,0,0,120,5.988974589854479e-05,7.615030255340363e-10,1e-08,240,D,analytical40-1025x1031,1.5352270565927029e-06,-5.988974589854479e-05,analytical40-1025x1031-D-2-http0-native-tiff,analytical40-1025x1031-D-2-http0-natural-ee,320,natural-ee,40,http0,1e-10,12,412a3c96bd6be86f,859723.3699638973,412a3c96bd73c200,859723.370023787,8.59823370023787e-05,hole
analytical40-1025x1031|D|http0,2,native-tiff,mean,320,40,0,57,2.0121974557696376e-06,2.89250149947819e-09,1e-08,240,D,analytical40-1025x1031,2.0121974557696376e-06,-1.2090230256944778e-06,analytical40-1025x1031-D-2-http0-native-tiff,analytical40-1025x1031-D-2-http0-natural-ee,280,natural-ee,2,http0,1e-10,21,40911ad9f26c64ca,1094.7128388344304,40911ad9f1e55b80,1094.712836822233,1.194712836822233e-07,compact
analytical40-1025x1031|D|http0,2,native-tiff,min,320,40,0,0,0.0,0.0,1e-08,0,D,analytical40-1025x1031,0.0,0.0,analytical40-1025x1031-D-2-http0-native-tiff,analytical40-1025x1031-D-2-http0-natural-ee,280,natural-ee,2,http0,1e-10,0,403fb00000000000,31.6875,403fb00000000000,31.6875,1.316875e-08,tiny
analytical40-1025x1031|D|http0,2,native-tiff,max,320,40,0,0,0.0,0.0,1e-08,0,D,analytical40-1025x1031,0.0,0.0,analytical40-1025x1031-D-2-http0-native-tiff,analytical40-1025x1031-D-2-http0-natural-ee,280,natural-ee,2,http0,1e-10,0,403fb00000000000,31.6875,403fb00000000000,31.6875,1.316875e-08,tiny
analytical40-1025x1031|D|http0,2,native-cog,sum,320,0,0,118,0.08220028877258301,2.5842301914285257e-09,1e-08,240,D,analytical40-1025x1031,0.0026977062225341797,-0.08220028877258301,analytical40-1025x1031-D-2-http0-native-cog,analytical40-1025x1031-D-2-http0-natural-ee,320,natural-ee,42,http0,1e-10,39,41d0a57c35b221c3,1117122774.7833107,41d0a57c35b76488,1117122774.865511,0.1117122874865511,hole
analytical40-1025x1031|D|http0,2,native-cog,support,320,0,0,120,5.988974589854479e-05,7.615030255340363e-10,1e-08,240,D,analytical40-1025x1031,1.5352270565927029e-06,-5.988974589854479e-05,analytical40-1025x1031-D-2-http0-native-cog,analytical40-1025x1031-D-2-http0-natural-ee,320,natural-ee,40,http0,1e-10,12,412a3c96bd6be86f,859723.3699638973,412a3c96bd73c200,859723.370023787,8.59823370023787e-05,hole
analytical40-1025x1031|D|http0,2,native-cog,mean,320,40,0,57,2.0121974557696376e-06,2.89250149947819e-09,1e-08,240,D,analytical40-1025x1031,2.0121974557696376e-06,-1.2090230256944778e-06,analytical40-1025x1031-D-2-http0-native-cog,analytical40-1025x1031-D-2-http0-natural-ee,280,natural-ee,2,http0,1e-10,21,40911ad9f26c64ca,1094.7128388344304,40911ad9f1e55b80,1094.712836822233,1.194712836822233e-07,compact
analytical40-1025x1031|D|http0,2,native-cog,min,320,40,0,0,0.0,0.0,1e-08,0,D,analytical40-1025x1031,0.0,0.0,analytical40-1025x1031-D-2-http0-native-cog,analytical40-1025x1031-D-2-http0-natural-ee,280,natural-ee,2,http0,1e-10,0,403fb00000000000,31.6875,403fb00000000000,31.6875,1.316875e-08,tiny
analytical40-1025x1031|D|http0,2,native-cog,max,320,40,0,0,0.0,0.0,1e-08,0,D,analytical40-1025x1031,0.0,0.0,analytical40-1025x1031-D-2-http0-native-cog,analytical40-1025x1031-D-2-http0-natural-ee,280,natural-ee,2,http0,1e-10,0,403fb00000000000,31.6875,403fb00000000000,31.6875,1.316875e-08,tiny
analytical40-1025x1031|D|http0,2,native-rsi64,sum,320,0,0,118,0.08220028877258301,2.5842301914285257e-09,1e-08,240,D,analytical40-1025x1031,0.0026977062225341797,-0.08220028877258301,analytical40-1025x1031-D-2-http0-native-rsi64,analytical40-1025x1031-D-2-http0-natural-ee,320,natural-ee,42,http0,1e-10,39,41d0a57c35b221c3,1117122774.7833107,41d0a57c35b76488,1117122774.865511,0.1117122874865511,hole
analytical40-1025x1031|D|http0,2,native-rsi64,support,320,0,0,120,5.988974589854479e-05,7.615030255340363e-10,1e-08,240,D,analytical40-1025x1031,1.5352270565927029e-06,-5.988974589854479e-05,analytical40-1025x1031-D-2-http0-native-rsi64,analytical40-1025x1031-D-2-http0-natural-ee,320,natural-ee,40,http0,1e-10,12,412a3c96bd6be86f,859723.3699638973,412a3c96bd73c200,859723.370023787,8.59823370023787e-05,hole
analytical40-1025x1031|D|http0,2,native-rsi64,mean,320,40,0,57,2.0121974557696376e-06,2.89250149947819e-09,1e-08,240,D,analytical40-1025x1031,2.0121974557696376e-06,-1.2090230256944778e-06,analytical40-1025x1031-D-2-http0-native-rsi64,analytical40-1025x1031-D-2-http0-natural-ee,280,natural-ee,2,http0,1e-10,21,40911ad9f26c64ca,1094.7128388344304,40911ad9f1e55b80,1094.712836822233,1.194712836822233e-07,compact
analytical40-1025x1031|D|http0,2,native-rsi64,min,320,40,0,0,0.0,0.0,1e-08,0,D,analytical40-1025x1031,0.0,0.0,analytical40-1025x1031-D-2-http0-native-rsi64,analytical40-1025x1031-D-2-http0-natural-ee,280,natural-ee,2,http0,1e-10,0,403fb00000000000,31.6875,403fb00000000000,31.6875,1.316875e-08,tiny
analytical40-1025x1031|D|http0,2,native-rsi64,max,320,40,0,0,0.0,0.0,1e-08,0,D,analytical40-1025x1031,0.0,0.0,analytical40-1025x1031-D-2-http0-native-rsi64,analytical40-1025x1031-D-2-http0-natural-ee,280,natural-ee,2,http0,1e-10,0,403fb00000000000,31.6875,403fb00000000000,31.6875,1.316875e-08,tiny
analytical40-1025x1031|D|http0,2,native-rsi256,sum,320,0,0,118,0.08220028877258301,2.5842301914285257e-09,1e-08,240,D,analytical40-1025x1031,0.0026977062225341797,-0.08220028877258301,analytical40-1025x1031-D-2-http0-native-rsi256,analytical40-1025x1031-D-2-http0-natural-ee,320,natural-ee,42,http0,1e-10,39,41d0a57c35b221c3,1117122774.7833107,41d0a57c35b76488,1117122774.865511,0.1117122874865511,hole
analytical40-1025x1031|D|http0,2,native-rsi256,support,320,0,0,120,5.988974589854479e-05,7.615030255340363e-10,1e-08,240,D,analytical40-1025x1031,1.5352270565927029e-06,-5.988974589854479e-05,analytical40-1025x1031-D-2-http0-native-rsi256,analytical40-1025x1031-D-2-http0-natural-ee,320,natural-ee,40,http0,1e-10,12,412a3c96bd6be86f,859723.3699638973,412a3c96bd73c200,859723.370023787,8.59823370023787e-05,hole
analytical40-1025x1031|D|http0,2,native-rsi256,mean,320,40,0,57,2.0121974557696376e-06,2.89250149947819e-09,1e-08,240,D,analytical40-1025x1031,2.0121974557696376e-06,-1.2090230256944778e-06,analytical40-1025x1031-D-2-http0-native-rsi256,analytical40-1025x1031-D-2-http0-natural-ee,280,natural-ee,2,http0,1e-10,21,40911ad9f26c64ca,1094.7128388344304,40911ad9f1e55b80,1094.712836822233,1.194712836822233e-07,compact
analytical40-1025x1031|D|http0,2,native-rsi256,min,320,40,0,0,0.0,0.0,1e-08,0,D,analytical40-1025x1031,0.0,0.0,analytical40-1025x1031-D-2-http0-native-rsi256,analytical40-1025x1031-D-2-http0-natural-ee,280,natural-ee,2,http0,1e-10,0,403fb00000000000,31.6875,403fb00000000000,31.6875,1.316875e-08,tiny
analytical40-1025x1031|D|http0,2,native-rsi256,max,320,40,0,0,0.0,0.0,1e-08,0,D,analytical40-1025x1031,0.0,0.0,analytical40-1025x1031-D-2-http0-native-rsi256,analytical40-1025x1031-D-2-http0-natural-ee,280,natural-ee,2,http0,1e-10,0,403fb00000000000,31.6875,403fb00000000000,31.6875,1.316875e-08,tiny
analytical40-1025x1031|D|http0,2,native-skv-raw,sum,320,0,0,118,0.08220028877258301,2.5842301914285257e-09,1e-08,240,D,analytical40-1025x1031,0.0026977062225341797,-0.08220028877258301,analytical40-1025x1031-D-2-http0-native-skv-raw,analytical40-1025x1031-D-2-http0-natural-ee,320,natural-ee,42,http0,1e-10,39,41d0a57c35b221c3,1117122774.7833107,41d0a57c35b76488,1117122774.865511,0.1117122874865511,hole
analytical40-1025x1031|D|http0,2,native-skv-raw,support,320,0,0,120,5.988974589854479e-05,7.615030255340363e-10,1e-08,240,D,analytical40-1025x1031,1.5352270565927029e-06,-5.988974589854479e-05,analytical40-1025x1031-D-2-http0-native-skv-raw,analytical40-1025x1031-D-2-http0-natural-ee,320,natural-ee,40,http0,1e-10,12,412a3c96bd6be86f,859723.3699638973,412a3c96bd73c200,859723.370023787,8.59823370023787e-05,hole
analytical40-1025x1031|D|http0,2,native-skv-raw,mean,320,40,0,57,2.0121974557696376e-06,2.89250149947819e-09,1e-08,240,D,analytical40-1025x1031,2.0121974557696376e-06,-1.2090230256944778e-06,analytical40-1025x1031-D-2-http0-native-skv-raw,analytical40-1025x1031-D-2-http0-natural-ee,280,natural-ee,2,http0,1e-10,21,40911ad9f26c64ca,1094.7128388344304,40911ad9f1e55b80,1094.712836822233,1.194712836822233e-07,compact
analytical40-1025x1031|D|http0,2,native-skv-raw,min,320,40,0,0,0.0,0.0,1e-08,0,D,analytical40-1025x1031,0.0,0.0,analytical40-1025x1031-D-2-http0-native-skv-raw,analytical40-1025x1031-D-2-http0-natural-ee,280,natural-ee,2,http0,1e-10,0,403fb00000000000,31.6875,403fb00000000000,31.6875,1.316875e-08,tiny
analytical40-1025x1031|D|http0,2,native-skv-raw,max,320,40,0,0,0.0,0.0,1e-08,0,D,analytical40-1025x1031,0.0,0.0,analytical40-1025x1031-D-2-http0-native-skv-raw,analytical40-1025x1031-D-2-http0-natural-ee,280,natural-ee,2,http0,1e-10,0,403fb00000000000,31.6875,403fb00000000000,31.6875,1.316875e-08,tiny
analytical40-1025x1031|D|http0,2,native-skv-summary,sum,320,0,0,118,0.08220028877258301,2.5842301914285257e-09,1e-08,240,D,analytical40-1025x1031,0.0026977062225341797,-0.08220028877258301,analytical40-1025x1031-D-2-http0-native-skv-summary,analytical40-1025x1031-D-2-http0-natural-ee,320,natural-ee,42,http0,1e-10,39,41d0a57c35b221c3,1117122774.7833107,41d0a57c35b76488,1117122774.865511,0.1117122874865511,hole
analytical40-1025x1031|D|http0,2,native-skv-summary,support,320,0,0,120,5.988974589854479e-05,7.615030255340363e-10,1e-08,240,D,analytical40-1025x1031,1.5352270565927029e-06,-5.988974589854479e-05,analytical40-1025x1031-D-2-http0-native-skv-summary,analytical40-1025x1031-D-2-http0-natural-ee,320,natural-ee,40,http0,1e-10,12,412a3c96bd6be86f,859723.3699638973,412a3c96bd73c200,859723.370023787,8.59823370023787e-05,hole
analytical40-1025x1031|D|http0,2,native-skv-summary,mean,320,40,0,57,2.0121974557696376e-06,2.89250149947819e-09,1e-08,240,D,analytical40-1025x1031,2.0121974557696376e-06,-1.2090230256944778e-06,analytical40-1025x1031-D-2-http0-native-skv-summary,analytical40-1025x1031-D-2-http0-natural-ee,280,natural-ee,2,http0,1e-10,21,40911ad9f26c64ca,1094.7128388344304,40911ad9f1e55b80,1094.712836822233,1.194712836822233e-07,compact
analytical40-1025x1031|D|http0,2,native-skv-summary,min,320,40,0,0,0.0,0.0,1e-08,0,D,analytical40-1025x1031,0.0,0.0,analytical40-1025x1031-D-2-http0-native-skv-summary,analytical40-1025x1031-D-2-http0-natural-ee,280,natural-ee,2,http0,1e-10,0,403fb00000000000,31.6875,403fb00000000000,31.6875,1.316875e-08,tiny
analytical40-1025x1031|D|http0,2,native-skv-summary,max,320,40,0,0,0.0,0.0,1e-08,0,D,analytical40-1025x1031,0.0,0.0,analytical40-1025x1031-D-2-http0-native-skv-summary,analytical40-1025x1031-D-2-http0-natural-ee,280,natural-ee,2,http0,1e-10,0,403fb00000000000,31.6875,403fb00000000000,31.6875,1.316875e-08,tiny
analytical40-1025x1031|D|local,0,native-tiff,sum,320,0,0,157,0.13544702529907227,3.6828001006118285e-08,1e-08,280,D,analytical40-1025x1031,0.13544702529907227,-0.006865993142127991,analytical40-1025x1031-D-0-local-native-tiff,analytical40-1025x1031-D-0-local-natural-ee,320,natural-ee,40,local,1e-10,39,41d0d130ef6f79f7,1128580029.7418191,41d0d130ef66cecd,1128580029.606372,0.11285801296063722,hole
analytical40-1025x1031|D|local,0,native-tiff,support,320,0,0,82,0.00010515563189983368,3.6828001006118285e-08,1e-08,272,D,analytical40-1025x1031,0.00010515563189983368,-5.0702947191894054e-06,analytical40-1025x1031-D-0-local-native-tiff,analytical40-1025x1031-D-0-local-natural-ee,320,natural-ee,40,local,1e-10,0,412a806ca4547270,868406.3209567796,412a806ca446aa00,868406.320851624,8.685063208516239e-05,hole
analytical40-1025x1031|D|local,0,native-tiff,mean,320,40,0,42,3.590921437535144e-06,7.0256797404962515e-09,1e-08,278,D,analytical40-1025x1031,3.590921437535144e-06,-3.09453020008732e-06,analytical40-1025x1031-D-0-local-native-tiff,analytical40-1025x1031-D-0-local-natural-ee,280,natural-ee,0,local,1e-10,34,408daa17169ceb95,949.2612735995668,408daa1714baf476,949.2612700086454,1.0492612700086454e-07,tiny
analytical40-1025x1031|D|local,0,native-tiff,min,320,40,0,0,0.0,0.0,1e-08,0,D,analytical40-1025x1031,0.0,0.0,analytical40-1025x1031-D-0-local-native-tiff,analytical40-1025x1031-D-0-local-natural-ee,280,natural-ee,4,local,1e-10,0,4040900000000000,33.125,4040900000000000,33.125,1.3312500000000001e-08,tiny
analytical40-1025x1031|D|local,0,native-tiff,max,320,40,0,0,0.0,0.0,1e-08,0,D,analytical40-1025x1031,0.0,0.0,analytical40-1025x1031-D-0-local-native-tiff,analytical40-1025x1031-D-0-local-natural-ee,280,natural-ee,0,local,1e-10,0,4041c80000000000,35.5625,4041c80000000000,35.5625,1.355625e-08,tiny
analytical40-1025x1031|D|local,0,native-cog,sum,320,0,0,157,0.13544702529907227,3.6828001006118285e-08,1e-08,280,D,analytical40-1025x1031,0.13544702529907227,-0.006865993142127991,analytical40-1025x1031-D-0-local-native-cog,analytical40-1025x1031-D-0-local-natural-ee,320,natural-ee,40,local,1e-10,39,41d0d130ef6f79f7,1128580029.7418191,41d0d130ef66cecd,1128580029.606372,0.11285801296063722,hole
analytical40-1025x1031|D|local,0,native-cog,support,320,0,0,82,0.00010515563189983368,3.6828001006118285e-08,1e-08,272,D,analytical40-1025x1031,0.00010515563189983368,-5.0702947191894054e-06,analytical40-1025x1031-D-0-local-native-cog,analytical40-1025x1031-D-0-local-natural-ee,320,natural-ee,40,local,1e-10,0,412a806ca4547270,868406.3209567796,412a806ca446aa00,868406.320851624,8.685063208516239e-05,hole
analytical40-1025x1031|D|local,0,native-cog,mean,320,40,0,42,3.590921437535144e-06,7.0256797404962515e-09,1e-08,278,D,analytical40-1025x1031,3.590921437535144e-06,-3.09453020008732e-06,analytical40-1025x1031-D-0-local-native-cog,analytical40-1025x1031-D-0-local-natural-ee,280,natural-ee,0,local,1e-10,34,408daa17169ceb95,949.2612735995668,408daa1714baf476,949.2612700086454,1.0492612700086454e-07,tiny
analytical40-1025x1031|D|local,0,native-cog,min,320,40,0,0,0.0,0.0,1e-08,0,D,analytical40-1025x1031,0.0,0.0,analytical40-1025x1031-D-0-local-native-cog,analytical40-1025x1031-D-0-local-natural-ee,280,natural-ee,4,local,1e-10,0,4040900000000000,33.125,4040900000000000,33.125,1.3312500000000001e-08,tiny
analytical40-1025x1031|D|local,0,native-cog,max,320,40,0,0,0.0,0.0,1e-08,0,D,analytical40-1025x1031,0.0,0.0,analytical40-1025x1031-D-0-local-native-cog,analytical40-1025x1031-D-0-local-natural-ee,280,natural-ee,0,local,1e-10,0,4041c80000000000,35.5625,4041c80000000000,35.5625,1.355625e-08,tiny
analytical40-1025x1031|D|local,0,native-rsi64,sum,320,0,0,157,0.13544702529907227,3.6828001006118285e-08,1e-08,280,D,analytical40-1025x1031,0.13544702529907227,-0.006865993142127991,analytical40-1025x1031-D-0-local-native-rsi64,analytical40-1025x1031-D-0-local-natural-ee,320,natural-ee,40,local,1e-10,39,41d0d130ef6f79f7,1128580029.7418191,41d0d130ef66cecd,1128580029.606372,0.11285801296063722,hole
analytical40-1025x1031|D|local,0,native-rsi64,support,320,0,0,82,0.00010515563189983368,3.6828001006118285e-08,1e-08,272,D,analytical40-1025x1031,0.00010515563189983368,-5.0702947191894054e-06,analytical40-1025x1031-D-0-local-native-rsi64,analytical40-1025x1031-D-0-local-natural-ee,320,natural-ee,40,local,1e-10,0,412a806ca4547270,868406.3209567796,412a806ca446aa00,868406.320851624,8.685063208516239e-05,hole
analytical40-1025x1031|D|local,0,native-rsi64,mean,320,40,0,42,3.590921437535144e-06,7.0256797404962515e-09,1e-08,278,D,analytical40-1025x1031,3.590921437535144e-06,-3.09453020008732e-06,analytical40-1025x1031-D-0-local-native-rsi64,analytical40-1025x1031-D-0-local-natural-ee,280,natural-ee,0,local,1e-10,34,408daa17169ceb95,949.2612735995668,408daa1714baf476,949.2612700086454,1.0492612700086454e-07,tiny
analytical40-1025x1031|D|local,0,native-rsi64,min,320,40,0,0,0.0,0.0,1e-08,0,D,analytical40-1025x1031,0.0,0.0,analytical40-1025x1031-D-0-local-native-rsi64,analytical40-1025x1031-D-0-local-natural-ee,280,natural-ee,4,local,1e-10,0,4040900000000000,33.125,4040900000000000,33.125,1.3312500000000001e-08,tiny
analytical40-1025x1031|D|local,0,native-rsi64,max,320,40,0,0,0.0,0.0,1e-08,0,D,analytical40-1025x1031,0.0,0.0,analytical40-1025x1031-D-0-local-native-rsi64,analytical40-1025x1031-D-0-local-natural-ee,280,natural-ee,0,local,1e-10,0,4041c80000000000,35.5625,4041c80000000000,35.5625,1.355625e-08,tiny
analytical40-1025x1031|D|local,0,native-rsi256,sum,320,0,0,157,0.13544702529907227,3.6828001006118285e-08,1e-08,280,D,analytical40-1025x1031,0.13544702529907227,-0.006865993142127991,analytical40-1025x1031-D-0-local-native-rsi256,analytical40-1025x1031-D-0-local-natural-ee,320,natural-ee,40,local,1e-10,39,41d0d130ef6f79f7,1128580029.7418191,41d0d130ef66cecd,1128580029.606372,0.11285801296063722,hole
analytical40-1025x1031|D|local,0,native-rsi256,support,320,0,0,82,0.00010515563189983368,3.6828001006118285e-08,1e-08,272,D,analytical40-1025x1031,0.00010515563189983368,-5.0702947191894054e-06,analytical40-1025x1031-D-0-local-native-rsi256,analytical40-1025x1031-D-0-local-natural-ee,320,natural-ee,40,local,1e-10,0,412a806ca4547270,868406.3209567796,412a806ca446aa00,868406.320851624,8.685063208516239e-05,hole
analytical40-1025x1031|D|local,0,native-rsi256,mean,320,40,0,42,3.590921437535144e-06,7.0256797404962515e-09,1e-08,278,D,analytical40-1025x1031,3.590921437535144e-06,-3.09453020008732e-06,analytical40-1025x1031-D-0-local-native-rsi256,analytical40-1025x1031-D-0-local-natural-ee,280,natural-ee,0,local,1e-10,34,408daa17169ceb95,949.2612735995668,408daa1714baf476,949.2612700086454,1.0492612700086454e-07,tiny
analytical40-1025x1031|D|local,0,native-rsi256,min,320,40,0,0,0.0,0.0,1e-08,0,D,analytical40-1025x1031,0.0,0.0,analytical40-1025x1031-D-0-local-native-rsi256,analytical40-1025x1031-D-0-local-natural-ee,280,natural-ee,4,local,1e-10,0,4040900000000000,33.125,4040900000000000,33.125,1.3312500000000001e-08,tiny
analytical40-1025x1031|D|local,0,native-rsi256,max,320,40,0,0,0.0,0.0,1e-08,0,D,analytical40-1025x1031,0.0,0.0,analytical40-1025x1031-D-0-local-native-rsi256,analytical40-1025x1031-D-0-local-natural-ee,280,natural-ee,0,local,1e-10,0,4041c80000000000,35.5625,4041c80000000000,35.5625,1.355625e-08,tiny
analytical40-1025x1031|D|local,0,native-skv-raw,sum,320,0,0,157,0.13544702529907227,3.6828001006118285e-08,1e-08,280,D,analytical40-1025x1031,0.13544702529907227,-0.006865993142127991,analytical40-1025x1031-D-0-local-native-skv-raw,analytical40-1025x1031-D-0-local-natural-ee,320,natural-ee,40,local,1e-10,39,41d0d130ef6f79f7,1128580029.7418191,41d0d130ef66cecd,1128580029.606372,0.11285801296063722,hole
analytical40-1025x1031|D|local,0,native-skv-raw,support,320,0,0,82,0.00010515563189983368,3.6828001006118285e-08,1e-08,272,D,analytical40-1025x1031,0.00010515563189983368,-5.0702947191894054e-06,analytical40-1025x1031-D-0-local-native-skv-raw,analytical40-1025x1031-D-0-local-natural-ee,320,natural-ee,40,local,1e-10,0,412a806ca4547270,868406.3209567796,412a806ca446aa00,868406.320851624,8.685063208516239e-05,hole
analytical40-1025x1031|D|local,0,native-skv-raw,mean,320,40,0,42,3.590921437535144e-06,7.0256797404962515e-09,1e-08,278,D,analytical40-1025x1031,3.590921437535144e-06,-3.09453020008732e-06,analytical40-1025x1031-D-0-local-native-skv-raw,analytical40-1025x1031-D-0-local-natural-ee,280,natural-ee,0,local,1e-10,34,408daa17169ceb95,949.2612735995668,408daa1714baf476,949.2612700086454,1.0492612700086454e-07,tiny
analytical40-1025x1031|D|local,0,native-skv-raw,min,320,40,0,0,0.0,0.0,1e-08,0,D,analytical40-1025x1031,0.0,0.0,analytical40-1025x1031-D-0-local-native-skv-raw,analytical40-1025x1031-D-0-local-natural-ee,280,natural-ee,4,local,1e-10,0,4040900000000000,33.125,4040900000000000,33.125,1.3312500000000001e-08,tiny
analytical40-1025x1031|D|local,0,native-skv-raw,max,320,40,0,0,0.0,0.0,1e-08,0,D,analytical40-1025x1031,0.0,0.0,analytical40-1025x1031-D-0-local-native-skv-raw,analytical40-1025x1031-D-0-local-natural-ee,280,natural-ee,0,local,1e-10,0,4041c80000000000,35.5625,4041c80000000000,35.5625,1.355625e-08,tiny
analytical40-1025x1031|D|local,0,native-skv-summary,sum,320,0,0,157,0.13544702529907227,3.6828001006118285e-08,1e-08,280,D,analytical40-1025x1031,0.13544702529907227,-0.006865993142127991,analytical40-1025x1031-D-0-local-native-skv-summary,analytical40-1025x1031-D-0-local-natural-ee,320,natural-ee,40,local,1e-10,39,41d0d130ef6f79f7,1128580029.7418191,41d0d130ef66cecd,1128580029.606372,0.11285801296063722,hole
analytical40-1025x1031|D|local,0,native-skv-summary,support,320,0,0,82,0.00010515563189983368,3.6828001006118285e-08,1e-08,272,D,analytical40-1025x1031,0.00010515563189983368,-5.0702947191894054e-06,analytical40-1025x1031-D-0-local-native-skv-summary,analytical40-1025x1031-D-0-local-natural-ee,320,natural-ee,40,local,1e-10,0,412a806ca4547270,868406.3209567796,412a806ca446aa00,868406.320851624,8.685063208516239e-05,hole
analytical40-1025x1031|D|local,0,native-skv-summary,mean,320,40,0,42,3.590921437535144e-06,7.0256797404962515e-09,1e-08,278,D,analytical40-1025x1031,3.590921437535144e-06,-3.09453020008732e-06,analytical40-1025x1031-D-0-local-native-skv-summary,analytical40-1025x1031-D-0-local-natural-ee,280,natural-ee,0,local,1e-10,34,408daa17169ceb95,949.2612735995668,408daa1714baf476,949.2612700086454,1.0492612700086454e-07,tiny
analytical40-1025x1031|D|local,0,native-skv-summary,min,320,40,0,0,0.0,0.0,1e-08,0,D,analytical40-1025x1031,0.0,0.0,analytical40-1025x1031-D-0-local-native-skv-summary,analytical40-1025x1031-D-0-local-natural-ee,280,natural-ee,4,local,1e-10,0,4040900000000000,33.125,4040900000000000,33.125,1.3312500000000001e-08,tiny
analytical40-1025x1031|D|local,0,native-skv-summary,max,320,40,0,0,0.0,0.0,1e-08,0,D,analytical40-1025x1031,0.0,0.0,analytical40-1025x1031-D-0-local-native-skv-summary,analytical40-1025x1031-D-0-local-natural-ee,280,natural-ee,0,local,1e-10,0,4041c80000000000,35.5625,4041c80000000000,35.5625,1.355625e-08,tiny
analytical40-1025x1031|D|local,1,native-tiff,sum,320,0,0,141,0.11277151107788086,1.5280757375559508e-08,1e-08,280,D,analytical40-1025x1031,0.01736930012702942,-0.11277151107788086,analytical40-1025x1031-D-1-local-native-tiff,analytical40-1025x1031-D-1-local-natural-ee,320,natural-ee,40,local,1e-10,39,41d0d8adf48d3b76,1130543058.2067542,41d0d8adf494731c,1130543058.3195257,0.11305431583195256,hole
analytical40-1025x1031|D|local,1,native-tiff,support,320,0,0,120,8.738215547055006e-05,1.4901161415892264e-08,1e-08,280,D,analytical40-1025x1031,1.1445168638601899e-05,-8.738215547055006e-05,analytical40-1025x1031-D-1-local-native-tiff,analytical40-1025x1031-D-1-local-natural-ee,320,natural-ee,40,local,1e-10,11,412a8d16ecdc1ff1,870027.4626169187,412a8d16ece79400,870027.4627043009,8.701274627043008e-05,hole
analytical40-1025x1031|D|local,1,native-tiff,mean,320,40,0,49,3.304237225165707e-06,2.9879885777456156e-09,1e-08,279,D,analytical40-1025x1031,1.994253352677333e-06,-3.304237225165707e-06,analytical40-1025x1031-D-1-local-native-tiff,analytical40-1025x1031-D-1-local-natural-ee,280,natural-ee,0,local,1e-10,36,4091475c22827ffc,1105.8399753943077,4091475c23603e59,1105.8399786985449,1.205839978698545e-07,edge
analytical40-1025x1031|D|local,1,native-tiff,min,320,40,0,0,0.0,0.0,1e-08,0,D,analytical40-1025x1031,0.0,0.0,analytical40-1025x1031-D-1-local-native-tiff,analytical40-1025x1031-D-1-local-natural-ee,280,natural-ee,4,local,1e-10,0,4041b80000000000,35.4375,4041b80000000000,35.4375,1.354375e-08,tiny
analytical40-1025x1031|D|local,1,native-tiff,max,320,40,0,0,0.0,0.0,1e-08,0,D,analytical40-1025x1031,0.0,0.0,analytical40-1025x1031-D-1-local-native-tiff,analytical40-1025x1031-D-1-local-natural-ee,280,natural-ee,0,local,1e-10,0,4042f80000000000,37.9375,4042f80000000000,37.9375,1.379375e-08,tiny
analytical40-1025x1031|D|local,1,native-cog,sum,320,0,0,141,0.11277151107788086,1.5280757375559508e-08,1e-08,280,D,analytical40-1025x1031,0.01736930012702942,-0.11277151107788086,analytical40-1025x1031-D-1-local-native-cog,analytical40-1025x1031-D-1-local-natural-ee,320,natural-ee,40,local,1e-10,39,41d0d8adf48d3b76,1130543058.2067542,41d0d8adf494731c,1130543058.3195257,0.11305431583195256,hole
analytical40-1025x1031|D|local,1,native-cog,support,320,0,0,120,8.738215547055006e-05,1.4901161415892264e-08,1e-08,280,D,analytical40-1025x1031,1.1445168638601899e-05,-8.738215547055006e-05,analytical40-1025x1031-D-1-local-native-cog,analytical40-1025x1031-D-1-local-natural-ee,320,natural-ee,40,local,1e-10,11,412a8d16ecdc1ff1,870027.4626169187,412a8d16ece79400,870027.4627043009,8.701274627043008e-05,hole
analytical40-1025x1031|D|local,1,native-cog,mean,320,40,0,49,3.304237225165707e-06,2.9879885777456156e-09,1e-08,279,D,analytical40-1025x1031,1.994253352677333e-06,-3.304237225165707e-06,analytical40-1025x1031-D-1-local-native-cog,analytical40-1025x1031-D-1-local-natural-ee,280,natural-ee,0,local,1e-10,36,4091475c22827ffc,1105.8399753943077,4091475c23603e59,1105.8399786985449,1.205839978698545e-07,edge
analytical40-1025x1031|D|local,1,native-cog,min,320,40,0,0,0.0,0.0,1e-08,0,D,analytical40-1025x1031,0.0,0.0,analytical40-1025x1031-D-1-local-native-cog,analytical40-1025x1031-D-1-local-natural-ee,280,natural-ee,4,local,1e-10,0,4041b80000000000,35.4375,4041b80000000000,35.4375,1.354375e-08,tiny
analytical40-1025x1031|D|local,1,native-cog,max,320,40,0,0,0.0,0.0,1e-08,0,D,analytical40-1025x1031,0.0,0.0,analytical40-1025x1031-D-1-local-native-cog,analytical40-1025x1031-D-1-local-natural-ee,280,natural-ee,0,local,1e-10,0,4042f80000000000,37.9375,4042f80000000000,37.9375,1.379375e-08,tiny
analytical40-1025x1031|D|local,1,native-rsi64,sum,320,0,0,141,0.11277151107788086,1.5280757375559508e-08,1e-08,280,D,analytical40-1025x1031,0.01736930012702942,-0.11277151107788086,analytical40-1025x1031-D-1-local-native-rsi64,analytical40-1025x1031-D-1-local-natural-ee,320,natural-ee,40,local,1e-10,39,41d0d8adf48d3b76,1130543058.2067542,41d0d8adf494731c,1130543058.3195257,0.11305431583195256,hole
analytical40-1025x1031|D|local,1,native-rsi64,support,320,0,0,120,8.738215547055006e-05,1.4901161415892264e-08,1e-08,280,D,analytical40-1025x1031,1.1445168638601899e-05,-8.738215547055006e-05,analytical40-1025x1031-D-1-local-native-rsi64,analytical40-1025x1031-D-1-local-natural-ee,320,natural-ee,40,local,1e-10,11,412a8d16ecdc1ff1,870027.4626169187,412a8d16ece79400,870027.4627043009,8.701274627043008e-05,hole
analytical40-1025x1031|D|local,1,native-rsi64,mean,320,40,0,49,3.304237225165707e-06,2.9879885777456156e-09,1e-08,279,D,analytical40-1025x1031,1.994253352677333e-06,-3.304237225165707e-06,analytical40-1025x1031-D-1-local-native-rsi64,analytical40-1025x1031-D-1-local-natural-ee,280,natural-ee,0,local,1e-10,36,4091475c22827ffc,1105.8399753943077,4091475c23603e59,1105.8399786985449,1.205839978698545e-07,edge
analytical40-1025x1031|D|local,1,native-rsi64,min,320,40,0,0,0.0,0.0,1e-08,0,D,analytical40-1025x1031,0.0,0.0,analytical40-1025x1031-D-1-local-native-rsi64,analytical40-1025x1031-D-1-local-natural-ee,280,natural-ee,4,local,1e-10,0,4041b80000000000,35.4375,4041b80000000000,35.4375,1.354375e-08,tiny
analytical40-1025x1031|D|local,1,native-rsi64,max,320,40,0,0,0.0,0.0,1e-08,0,D,analytical40-1025x1031,0.0,0.0,analytical40-1025x1031-D-1-local-native-rsi64,analytical40-1025x1031-D-1-local-natural-ee,280,natural-ee,0,local,1e-10,0,4042f80000000000,37.9375,4042f80000000000,37.9375,1.379375e-08,tiny
analytical40-1025x1031|D|local,1,native-rsi256,sum,320,0,0,141,0.11277151107788086,1.5280757375559508e-08,1e-08,280,D,analytical40-1025x1031,0.01736930012702942,-0.11277151107788086,analytical40-1025x1031-D-1-local-native-rsi256,analytical40-1025x1031-D-1-local-natural-ee,320,natural-ee,40,local,1e-10,39,41d0d8adf48d3b76,1130543058.2067542,41d0d8adf494731c,1130543058.3195257,0.11305431583195256,hole
analytical40-1025x1031|D|local,1,native-rsi256,support,320,0,0,120,8.738215547055006e-05,1.4901161415892264e-08,1e-08,280,D,analytical40-1025x1031,1.1445168638601899e-05,-8.738215547055006e-05,analytical40-1025x1031-D-1-local-native-rsi256,analytical40-1025x1031-D-1-local-natural-ee,320,natural-ee,40,local,1e-10,11,412a8d16ecdc1ff1,870027.4626169187,412a8d16ece79400,870027.4627043009,8.701274627043008e-05,hole
analytical40-1025x1031|D|local,1,native-rsi256,mean,320,40,0,49,3.304237225165707e-06,2.9879885777456156e-09,1e-08,279,D,analytical40-1025x1031,1.994253352677333e-06,-3.304237225165707e-06,analytical40-1025x1031-D-1-local-native-rsi256,analytical40-1025x1031-D-1-local-natural-ee,280,natural-ee,0,local,1e-10,36,4091475c22827ffc,1105.8399753943077,4091475c23603e59,1105.8399786985449,1.205839978698545e-07,edge
analytical40-1025x1031|D|local,1,native-rsi256,min,320,40,0,0,0.0,0.0,1e-08,0,D,analytical40-1025x1031,0.0,0.0,analytical40-1025x1031-D-1-local-native-rsi256,analytical40-1025x1031-D-1-local-natural-ee,280,natural-ee,4,local,1e-10,0,4041b80000000000,35.4375,4041b80000000000,35.4375,1.354375e-08,tiny
analytical40-1025x1031|D|local,1,native-rsi256,max,320,40,0,0,0.0,0.0,1e-08,0,D,analytical40-1025x1031,0.0,0.0,analytical40-1025x1031-D-1-local-native-rsi256,analytical40-1025x1031-D-1-local-natural-ee,280,natural-ee,0,local,1e-10,0,4042f80000000000,37.9375,4042f80000000000,37.9375,1.379375e-08,tiny
analytical40-1025x1031|D|local,1,native-skv-raw,sum,320,0,0,141,0.11277151107788086,1.5280757375559508e-08,1e-08,280,D,analytical40-1025x1031,0.01736930012702942,-0.11277151107788086,analytical40-1025x1031-D-1-local-native-skv-raw,analytical40-1025x1031-D-1-local-natural-ee,320,natural-ee,40,local,1e-10,39,41d0d8adf48d3b76,1130543058.2067542,41d0d8adf494731c,1130543058.3195257,0.11305431583195256,hole
analytical40-1025x1031|D|local,1,native-skv-raw,support,320,0,0,120,8.738215547055006e-05,1.4901161415892264e-08,1e-08,280,D,analytical40-1025x1031,1.1445168638601899e-05,-8.738215547055006e-05,analytical40-1025x1031-D-1-local-native-skv-raw,analytical40-1025x1031-D-1-local-natural-ee,320,natural-ee,40,local,1e-10,11,412a8d16ecdc1ff1,870027.4626169187,412a8d16ece79400,870027.4627043009,8.701274627043008e-05,hole
analytical40-1025x1031|D|local,1,native-skv-raw,mean,320,40,0,49,3.304237225165707e-06,2.9879885777456156e-09,1e-08,279,D,analytical40-1025x1031,1.994253352677333e-06,-3.304237225165707e-06,analytical40-1025x1031-D-1-local-native-skv-raw,analytical40-1025x1031-D-1-local-natural-ee,280,natural-ee,0,local,1e-10,36,4091475c22827ffc,1105.8399753943077,4091475c23603e59,1105.8399786985449,1.205839978698545e-07,edge
analytical40-1025x1031|D|local,1,native-skv-raw,min,320,40,0,0,0.0,0.0,1e-08,0,D,analytical40-1025x1031,0.0,0.0,analytical40-1025x1031-D-1-local-native-skv-raw,analytical40-1025x1031-D-1-local-natural-ee,280,natural-ee,4,local,1e-10,0,4041b80000000000,35.4375,4041b80000000000,35.4375,1.354375e-08,tiny
analytical40-1025x1031|D|local,1,native-skv-raw,max,320,40,0,0,0.0,0.0,1e-08,0,D,analytical40-1025x1031,0.0,0.0,analytical40-1025x1031-D-1-local-native-skv-raw,analytical40-1025x1031-D-1-local-natural-ee,280,natural-ee,0,local,1e-10,0,4042f80000000000,37.9375,4042f80000000000,37.9375,1.379375e-08,tiny
analytical40-1025x1031|D|local,1,native-skv-summary,sum,320,0,0,141,0.11277151107788086,1.5280757375559508e-08,1e-08,280,D,analytical40-1025x1031,0.01736930012702942,-0.11277151107788086,analytical40-1025x1031-D-1-local-native-skv-summary,analytical40-1025x1031-D-1-local-natural-ee,320,natural-ee,40,local,1e-10,39,41d0d8adf48d3b76,1130543058.2067542,41d0d8adf494731c,1130543058.3195257,0.11305431583195256,hole
analytical40-1025x1031|D|local,1,native-skv-summary,support,320,0,0,120,8.738215547055006e-05,1.4901161415892264e-08,1e-08,280,D,analytical40-1025x1031,1.1445168638601899e-05,-8.738215547055006e-05,analytical40-1025x1031-D-1-local-native-skv-summary,analytical40-1025x1031-D-1-local-natural-ee,320,natural-ee,40,local,1e-10,11,412a8d16ecdc1ff1,870027.4626169187,412a8d16ece79400,870027.4627043009,8.701274627043008e-05,hole
analytical40-1025x1031|D|local,1,native-skv-summary,mean,320,40,0,49,3.304237225165707e-06,2.9879885777456156e-09,1e-08,279,D,analytical40-1025x1031,1.994253352677333e-06,-3.304237225165707e-06,analytical40-1025x1031-D-1-local-native-skv-summary,analytical40-1025x1031-D-1-local-natural-ee,280,natural-ee,0,local,1e-10,36,4091475c22827ffc,1105.8399753943077,4091475c23603e59,1105.8399786985449,1.205839978698545e-07,edge
analytical40-1025x1031|D|local,1,native-skv-summary,min,320,40,0,0,0.0,0.0,1e-08,0,D,analytical40-1025x1031,0.0,0.0,analytical40-1025x1031-D-1-local-native-skv-summary,analytical40-1025x1031-D-1-local-natural-ee,280,natural-ee,4,local,1e-10,0,4041b80000000000,35.4375,4041b80000000000,35.4375,1.354375e-08,tiny
analytical40-1025x1031|D|local,1,native-skv-summary,max,320,40,0,0,0.0,0.0,1e-08,0,D,analytical40-1025x1031,0.0,0.0,analytical40-1025x1031-D-1-local-native-skv-summary,analytical40-1025x1031-D-1-local-natural-ee,280,natural-ee,0,local,1e-10,0,4042f80000000000,37.9375,4042f80000000000,37.9375,1.379375e-08,tiny
analytical40-1025x1031|D|local,2,native-tiff,sum,320,0,0,118,0.08220028877258301,2.5842301914285257e-09,1e-08,240,D,analytical40-1025x1031,0.0026977062225341797,-0.08220028877258301,analytical40-1025x1031-D-2-local-native-tiff,analytical40-1025x1031-D-2-local-natural-ee,320,natural-ee,42,local,1e-10,39,41d0a57c35b221c3,1117122774.7833107,41d0a57c35b76488,1117122774.865511,0.1117122874865511,hole
analytical40-1025x1031|D|local,2,native-tiff,support,320,0,0,120,5.988974589854479e-05,7.615030255340363e-10,1e-08,240,D,analytical40-1025x1031,1.5352270565927029e-06,-5.988974589854479e-05,analytical40-1025x1031-D-2-local-native-tiff,analytical40-1025x1031-D-2-local-natural-ee,320,natural-ee,40,local,1e-10,12,412a3c96bd6be86f,859723.3699638973,412a3c96bd73c200,859723.370023787,8.59823370023787e-05,hole
analytical40-1025x1031|D|local,2,native-tiff,mean,320,40,0,57,2.0121974557696376e-06,2.89250149947819e-09,1e-08,240,D,analytical40-1025x1031,2.0121974557696376e-06,-1.2090230256944778e-06,analytical40-1025x1031-D-2-local-native-tiff,analytical40-1025x1031-D-2-local-natural-ee,280,natural-ee,2,local,1e-10,21,40911ad9f26c64ca,1094.7128388344304,40911ad9f1e55b80,1094.712836822233,1.194712836822233e-07,compact
analytical40-1025x1031|D|local,2,native-tiff,min,320,40,0,0,0.0,0.0,1e-08,0,D,analytical40-1025x1031,0.0,0.0,analytical40-1025x1031-D-2-local-native-tiff,analytical40-1025x1031-D-2-local-natural-ee,280,natural-ee,2,local,1e-10,0,403fb00000000000,31.6875,403fb00000000000,31.6875,1.316875e-08,tiny
analytical40-1025x1031|D|local,2,native-tiff,max,320,40,0,0,0.0,0.0,1e-08,0,D,analytical40-1025x1031,0.0,0.0,analytical40-1025x1031-D-2-local-native-tiff,analytical40-1025x1031-D-2-local-natural-ee,280,natural-ee,2,local,1e-10,0,403fb00000000000,31.6875,403fb00000000000,31.6875,1.316875e-08,tiny
analytical40-1025x1031|D|local,2,native-cog,sum,320,0,0,118,0.08220028877258301,2.5842301914285257e-09,1e-08,240,D,analytical40-1025x1031,0.0026977062225341797,-0.08220028877258301,analytical40-1025x1031-D-2-local-native-cog,analytical40-1025x1031-D-2-local-natural-ee,320,natural-ee,42,local,1e-10,39,41d0a57c35b221c3,1117122774.7833107,41d0a57c35b76488,1117122774.865511,0.1117122874865511,hole
analytical40-1025x1031|D|local,2,native-cog,support,320,0,0,120,5.988974589854479e-05,7.615030255340363e-10,1e-08,240,D,analytical40-1025x1031,1.5352270565927029e-06,-5.988974589854479e-05,analytical40-1025x1031-D-2-local-native-cog,analytical40-1025x1031-D-2-local-natural-ee,320,natural-ee,40,local,1e-10,12,412a3c96bd6be86f,859723.3699638973,412a3c96bd73c200,859723.370023787,8.59823370023787e-05,hole
analytical40-1025x1031|D|local,2,native-cog,mean,320,40,0,57,2.0121974557696376e-06,2.89250149947819e-09,1e-08,240,D,analytical40-1025x1031,2.0121974557696376e-06,-1.2090230256944778e-06,analytical40-1025x1031-D-2-local-native-cog,analytical40-1025x1031-D-2-local-natural-ee,280,natural-ee,2,local,1e-10,21,40911ad9f26c64ca,1094.7128388344304,40911ad9f1e55b80,1094.712836822233,1.194712836822233e-07,compact
analytical40-1025x1031|D|local,2,native-cog,min,320,40,0,0,0.0,0.0,1e-08,0,D,analytical40-1025x1031,0.0,0.0,analytical40-1025x1031-D-2-local-native-cog,analytical40-1025x1031-D-2-local-natural-ee,280,natural-ee,2,local,1e-10,0,403fb00000000000,31.6875,403fb00000000000,31.6875,1.316875e-08,tiny
analytical40-1025x1031|D|local,2,native-cog,max,320,40,0,0,0.0,0.0,1e-08,0,D,analytical40-1025x1031,0.0,0.0,analytical40-1025x1031-D-2-local-native-cog,analytical40-1025x1031-D-2-local-natural-ee,280,natural-ee,2,local,1e-10,0,403fb00000000000,31.6875,403fb00000000000,31.6875,1.316875e-08,tiny
analytical40-1025x1031|D|local,2,native-rsi64,sum,320,0,0,118,0.08220028877258301,2.5842301914285257e-09,1e-08,240,D,analytical40-1025x1031,0.0026977062225341797,-0.08220028877258301,analytical40-1025x1031-D-2-local-native-rsi64,analytical40-1025x1031-D-2-local-natural-ee,320,natural-ee,42,local,1e-10,39,41d0a57c35b221c3,1117122774.7833107,41d0a57c35b76488,1117122774.865511,0.1117122874865511,hole
analytical40-1025x1031|D|local,2,native-rsi64,support,320,0,0,120,5.988974589854479e-05,7.615030255340363e-10,1e-08,240,D,analytical40-1025x1031,1.5352270565927029e-06,-5.988974589854479e-05,analytical40-1025x1031-D-2-local-native-rsi64,analytical40-1025x1031-D-2-local-natural-ee,320,natural-ee,40,local,1e-10,12,412a3c96bd6be86f,859723.3699638973,412a3c96bd73c200,859723.370023787,8.59823370023787e-05,hole
analytical40-1025x1031|D|local,2,native-rsi64,mean,320,40,0,57,2.0121974557696376e-06,2.89250149947819e-09,1e-08,240,D,analytical40-1025x1031,2.0121974557696376e-06,-1.2090230256944778e-06,analytical40-1025x1031-D-2-local-native-rsi64,analytical40-1025x1031-D-2-local-natural-ee,280,natural-ee,2,local,1e-10,21,40911ad9f26c64ca,1094.7128388344304,40911ad9f1e55b80,1094.712836822233,1.194712836822233e-07,compact
analytical40-1025x1031|D|local,2,native-rsi64,min,320,40,0,0,0.0,0.0,1e-08,0,D,analytical40-1025x1031,0.0,0.0,analytical40-1025x1031-D-2-local-native-rsi64,analytical40-1025x1031-D-2-local-natural-ee,280,natural-ee,2,local,1e-10,0,403fb00000000000,31.6875,403fb00000000000,31.6875,1.316875e-08,tiny
analytical40-1025x1031|D|local,2,native-rsi64,max,320,40,0,0,0.0,0.0,1e-08,0,D,analytical40-1025x1031,0.0,0.0,analytical40-1025x1031-D-2-local-native-rsi64,analytical40-1025x1031-D-2-local-natural-ee,280,natural-ee,2,local,1e-10,0,403fb00000000000,31.6875,403fb00000000000,31.6875,1.316875e-08,tiny
analytical40-1025x1031|D|local,2,native-rsi256,sum,320,0,0,118,0.08220028877258301,2.5842301914285257e-09,1e-08,240,D,analytical40-1025x1031,0.0026977062225341797,-0.08220028877258301,analytical40-1025x1031-D-2-local-native-rsi256,analytical40-1025x1031-D-2-local-natural-ee,320,natural-ee,42,local,1e-10,39,41d0a57c35b221c3,1117122774.7833107,41d0a57c35b76488,1117122774.865511,0.1117122874865511,hole
analytical40-1025x1031|D|local,2,native-rsi256,support,320,0,0,120,5.988974589854479e-05,7.615030255340363e-10,1e-08,240,D,analytical40-1025x1031,1.5352270565927029e-06,-5.988974589854479e-05,analytical40-1025x1031-D-2-local-native-rsi256,analytical40-1025x1031-D-2-local-natural-ee,320,natural-ee,40,local,1e-10,12,412a3c96bd6be86f,859723.3699638973,412a3c96bd73c200,859723.370023787,8.59823370023787e-05,hole
analytical40-1025x1031|D|local,2,native-rsi256,mean,320,40,0,57,2.0121974557696376e-06,2.89250149947819e-09,1e-08,240,D,analytical40-1025x1031,2.0121974557696376e-06,-1.2090230256944778e-06,analytical40-1025x1031-D-2-local-native-rsi256,analytical40-1025x1031-D-2-local-natural-ee,280,natural-ee,2,local,1e-10,21,40911ad9f26c64ca,1094.7128388344304,40911ad9f1e55b80,1094.712836822233,1.194712836822233e-07,compact
analytical40-1025x1031|D|local,2,native-rsi256,min,320,40,0,0,0.0,0.0,1e-08,0,D,analytical40-1025x1031,0.0,0.0,analytical40-1025x1031-D-2-local-native-rsi256,analytical40-1025x1031-D-2-local-natural-ee,280,natural-ee,2,local,1e-10,0,403fb00000000000,31.6875,403fb00000000000,31.6875,1.316875e-08,tiny
analytical40-1025x1031|D|local,2,native-rsi256,max,320,40,0,0,0.0,0.0,1e-08,0,D,analytical40-1025x1031,0.0,0.0,analytical40-1025x1031-D-2-local-native-rsi256,analytical40-1025x1031-D-2-local-natural-ee,280,natural-ee,2,local,1e-10,0,403fb00000000000,31.6875,403fb00000000000,31.6875,1.316875e-08,tiny
analytical40-1025x1031|D|local,2,native-skv-raw,sum,320,0,0,118,0.08220028877258301,2.5842301914285257e-09,1e-08,240,D,analytical40-1025x1031,0.0026977062225341797,-0.08220028877258301,analytical40-1025x1031-D-2-local-native-skv-raw,analytical40-1025x1031-D-2-local-natural-ee,320,natural-ee,42,local,1e-10,39,41d0a57c35b221c3,1117122774.7833107,41d0a57c35b76488,1117122774.865511,0.1117122874865511,hole
analytical40-1025x1031|D|local,2,native-skv-raw,support,320,0,0,120,5.988974589854479e-05,7.615030255340363e-10,1e-08,240,D,analytical40-1025x1031,1.5352270565927029e-06,-5.988974589854479e-05,analytical40-1025x1031-D-2-local-native-skv-raw,analytical40-1025x1031-D-2-local-natural-ee,320,natural-ee,40,local,1e-10,12,412a3c96bd6be86f,859723.3699638973,412a3c96bd73c200,859723.370023787,8.59823370023787e-05,hole
analytical40-1025x1031|D|local,2,native-skv-raw,mean,320,40,0,57,2.0121974557696376e-06,2.89250149947819e-09,1e-08,240,D,analytical40-1025x1031,2.0121974557696376e-06,-1.2090230256944778e-06,analytical40-1025x1031-D-2-local-native-skv-raw,analytical40-1025x1031-D-2-local-natural-ee,280,natural-ee,2,local,1e-10,21,40911ad9f26c64ca,1094.7128388344304,40911ad9f1e55b80,1094.712836822233,1.194712836822233e-07,compact
analytical40-1025x1031|D|local,2,native-skv-raw,min,320,40,0,0,0.0,0.0,1e-08,0,D,analytical40-1025x1031,0.0,0.0,analytical40-1025x1031-D-2-local-native-skv-raw,analytical40-1025x1031-D-2-local-natural-ee,280,natural-ee,2,local,1e-10,0,403fb00000000000,31.6875,403fb00000000000,31.6875,1.316875e-08,tiny
analytical40-1025x1031|D|local,2,native-skv-raw,max,320,40,0,0,0.0,0.0,1e-08,0,D,analytical40-1025x1031,0.0,0.0,analytical40-1025x1031-D-2-local-native-skv-raw,analytical40-1025x1031-D-2-local-natural-ee,280,natural-ee,2,local,1e-10,0,403fb00000000000,31.6875,403fb00000000000,31.6875,1.316875e-08,tiny
analytical40-1025x1031|D|local,2,native-skv-summary,sum,320,0,0,118,0.08220028877258301,2.5842301914285257e-09,1e-08,240,D,analytical40-1025x1031,0.0026977062225341797,-0.08220028877258301,analytical40-1025x1031-D-2-local-native-skv-summary,analytical40-1025x1031-D-2-local-natural-ee,320,natural-ee,42,local,1e-10,39,41d0a57c35b221c3,1117122774.7833107,41d0a57c35b76488,1117122774.865511,0.1117122874865511,hole
analytical40-1025x1031|D|local,2,native-skv-summary,support,320,0,0,120,5.988974589854479e-05,7.615030255340363e-10,1e-08,240,D,analytical40-1025x1031,1.5352270565927029e-06,-5.988974589854479e-05,analytical40-1025x1031-D-2-local-native-skv-summary,analytical40-1025x1031-D-2-local-natural-ee,320,natural-ee,40,local,1e-10,12,412a3c96bd6be86f,859723.3699638973,412a3c96bd73c200,859723.370023787,8.59823370023787e-05,hole
analytical40-1025x1031|D|local,2,native-skv-summary,mean,320,40,0,57,2.0121974557696376e-06,2.89250149947819e-09,1e-08,240,D,analytical40-1025x1031,2.0121974557696376e-06,-1.2090230256944778e-06,analytical40-1025x1031-D-2-local-native-skv-summary,analytical40-1025x1031-D-2-local-natural-ee,280,natural-ee,2,local,1e-10,21,40911ad9f26c64ca,1094.7128388344304,40911ad9f1e55b80,1094.712836822233,1.194712836822233e-07,compact
analytical40-1025x1031|D|local,2,native-skv-summary,min,320,40,0,0,0.0,0.0,1e-08,0,D,analytical40-1025x1031,0.0,0.0,analytical40-1025x1031-D-2-local-native-skv-summary,analytical40-1025x1031-D-2-local-natural-ee,280,natural-ee,2,local,1e-10,0,403fb00000000000,31.6875,403fb00000000000,31.6875,1.316875e-08,tiny
analytical40-1025x1031|D|local,2,native-skv-summary,max,320,40,0,0,0.0,0.0,1e-08,0,D,analytical40-1025x1031,0.0,0.0,analytical40-1025x1031-D-2-local-native-skv-summary,analytical40-1025x1031-D-2-local-natural-ee,280,natural-ee,2,local,1e-10,0,403fb00000000000,31.6875,403fb00000000000,31.6875,1.316875e-08,tiny
real-age36|A|http0,0,native-tiff,sum,1,0,0,0,4.885849193669856e-06,7.294411350553766e-11,1e-08,1,A,real-age36,4.885849193669856e-06,4.885849193669856e-06,real-age36-A-0-http0-native-tiff,real-age36-A-0-http0-natural-ee,1,natural-ee,0,http0,1e-10,23,40f05a4b8267e1ad,66980.71933735041,40f05a4b8262c224,66980.71933246456,6.708071933246457e-06,interior
real-age36|A|http0,0,native-tiff,support,1,0,0,1,3.0609924579039216e-05,1.7539609244758994e-10,1e-08,1,A,real-age36,3.0609924579039216e-05,3.0609924579039216e-05,real-age36-A-0-http0-native-tiff,real-age36-A-0-http0-natural-ee,1,natural-ee,0,http0,1e-10,23,41054db6cf8e2065,174518.8513453036,41054db6cf7e1400,174518.8513146937,1.746188513146937e-05,interior
real-age36|A|http0,0,native-tiff,mean,1,0,0,0,3.932132397466148e-11,1.0245205427205357e-10,1e-08,1,A,real-age36,-3.932132397466148e-11,-3.932132397466148e-11,real-age36-A-0-http0-native-tiff,real-age36-A-0-http0-natural-ee,1,natural-ee,0,http0,1e-10,23,3fd890371bd18f16,0.38380220142993104,3fd890371bdc5e14,0.38380220146925237,1.0038380220146926e-08,interior
real-age36|A|http0,0,native-tiff,min,1,0,0,0,0.0,,1e-08,0,A,real-age36,0.0,0.0,real-age36-A-0-http0-native-tiff,real-age36-A-0-http0-natural-ee,1,natural-ee,1,http0,1e-10,23,0000000000000000,0.0,0000000000000000,0.0,1e-08,interior
real-age36|A|http0,0,native-tiff,max,1,0,0,0,0.0,0.0,1e-08,0,A,real-age36,0.0,0.0,real-age36-A-0-http0-native-tiff,real-age36-A-0-http0-natural-ee,1,natural-ee,0,http0,1e-10,23,402b4a4040000000,13.645021438598633,402b4a4040000000,13.645021438598633,1.1364502143859864e-08,interior
real-age36|A|http0,0,native-cog,sum,1,0,0,0,4.885849193669856e-06,7.294411350553766e-11,1e-08,1,A,real-age36,4.885849193669856e-06,4.885849193669856e-06,real-age36-A-0-http0-native-cog,real-age36-A-0-http0-natural-ee,1,natural-ee,0,http0,1e-10,23,40f05a4b8267e1ad,66980.71933735041,40f05a4b8262c224,66980.71933246456,6.708071933246457e-06,interior
real-age36|A|http0,0,native-cog,support,1,0,0,1,3.0609924579039216e-05,1.7539609244758994e-10,1e-08,1,A,real-age36,3.0609924579039216e-05,3.0609924579039216e-05,real-age36-A-0-http0-native-cog,real-age36-A-0-http0-natural-ee,1,natural-ee,0,http0,1e-10,23,41054db6cf8e2065,174518.8513453036,41054db6cf7e1400,174518.8513146937,1.746188513146937e-05,interior
real-age36|A|http0,0,native-cog,mean,1,0,0,0,3.932132397466148e-11,1.0245205427205357e-10,1e-08,1,A,real-age36,-3.932132397466148e-11,-3.932132397466148e-11,real-age36-A-0-http0-native-cog,real-age36-A-0-http0-natural-ee,1,natural-ee,0,http0,1e-10,23,3fd890371bd18f16,0.38380220142993104,3fd890371bdc5e14,0.38380220146925237,1.0038380220146926e-08,interior
real-age36|A|http0,0,native-cog,min,1,0,0,0,0.0,,1e-08,0,A,real-age36,0.0,0.0,real-age36-A-0-http0-native-cog,real-age36-A-0-http0-natural-ee,1,natural-ee,1,http0,1e-10,23,0000000000000000,0.0,0000000000000000,0.0,1e-08,interior
real-age36|A|http0,0,native-cog,max,1,0,0,0,0.0,0.0,1e-08,0,A,real-age36,0.0,0.0,real-age36-A-0-http0-native-cog,real-age36-A-0-http0-natural-ee,1,natural-ee,0,http0,1e-10,23,402b4a4040000000,13.645021438598633,402b4a4040000000,13.645021438598633,1.1364502143859864e-08,interior
real-age36|A|http0,0,native-rsi64,sum,1,0,0,0,4.885849193669856e-06,7.294411350553766e-11,1e-08,1,A,real-age36,4.885849193669856e-06,4.885849193669856e-06,real-age36-A-0-http0-native-rsi64,real-age36-A-0-http0-natural-ee,1,natural-ee,0,http0,1e-10,23,40f05a4b8267e1ad,66980.71933735041,40f05a4b8262c224,66980.71933246456,6.708071933246457e-06,interior
real-age36|A|http0,0,native-rsi64,support,1,0,0,1,3.0609924579039216e-05,1.7539609244758994e-10,1e-08,1,A,real-age36,3.0609924579039216e-05,3.0609924579039216e-05,real-age36-A-0-http0-native-rsi64,real-age36-A-0-http0-natural-ee,1,natural-ee,0,http0,1e-10,23,41054db6cf8e2065,174518.8513453036,41054db6cf7e1400,174518.8513146937,1.746188513146937e-05,interior
real-age36|A|http0,0,native-rsi64,mean,1,0,0,0,3.932132397466148e-11,1.0245205427205357e-10,1e-08,1,A,real-age36,-3.932132397466148e-11,-3.932132397466148e-11,real-age36-A-0-http0-native-rsi64,real-age36-A-0-http0-natural-ee,1,natural-ee,0,http0,1e-10,23,3fd890371bd18f16,0.38380220142993104,3fd890371bdc5e14,0.38380220146925237,1.0038380220146926e-08,interior
real-age36|A|http0,0,native-rsi64,min,1,0,0,0,0.0,,1e-08,0,A,real-age36,0.0,0.0,real-age36-A-0-http0-native-rsi64,real-age36-A-0-http0-natural-ee,1,natural-ee,1,http0,1e-10,23,0000000000000000,0.0,0000000000000000,0.0,1e-08,interior
real-age36|A|http0,0,native-rsi64,max,1,0,0,0,0.0,0.0,1e-08,0,A,real-age36,0.0,0.0,real-age36-A-0-http0-native-rsi64,real-age36-A-0-http0-natural-ee,1,natural-ee,0,http0,1e-10,23,402b4a4040000000,13.645021438598633,402b4a4040000000,13.645021438598633,1.1364502143859864e-08,interior
real-age36|A|http0,0,native-rsi256,sum,1,0,0,0,4.885849193669856e-06,7.294411350553766e-11,1e-08,1,A,real-age36,4.885849193669856e-06,4.885849193669856e-06,real-age36-A-0-http0-native-rsi256,real-age36-A-0-http0-natural-ee,1,natural-ee,0,http0,1e-10,23,40f05a4b8267e1ad,66980.71933735041,40f05a4b8262c224,66980.71933246456,6.708071933246457e-06,interior
real-age36|A|http0,0,native-rsi256,support,1,0,0,1,3.0609924579039216e-05,1.7539609244758994e-10,1e-08,1,A,real-age36,3.0609924579039216e-05,3.0609924579039216e-05,real-age36-A-0-http0-native-rsi256,real-age36-A-0-http0-natural-ee,1,natural-ee,0,http0,1e-10,23,41054db6cf8e2065,174518.8513453036,41054db6cf7e1400,174518.8513146937,1.746188513146937e-05,interior
real-age36|A|http0,0,native-rsi256,mean,1,0,0,0,3.932132397466148e-11,1.0245205427205357e-10,1e-08,1,A,real-age36,-3.932132397466148e-11,-3.932132397466148e-11,real-age36-A-0-http0-native-rsi256,real-age36-A-0-http0-natural-ee,1,natural-ee,0,http0,1e-10,23,3fd890371bd18f16,0.38380220142993104,3fd890371bdc5e14,0.38380220146925237,1.0038380220146926e-08,interior
real-age36|A|http0,0,native-rsi256,min,1,0,0,0,0.0,,1e-08,0,A,real-age36,0.0,0.0,real-age36-A-0-http0-native-rsi256,real-age36-A-0-http0-natural-ee,1,natural-ee,1,http0,1e-10,23,0000000000000000,0.0,0000000000000000,0.0,1e-08,interior
real-age36|A|http0,0,native-rsi256,max,1,0,0,0,0.0,0.0,1e-08,0,A,real-age36,0.0,0.0,real-age36-A-0-http0-native-rsi256,real-age36-A-0-http0-natural-ee,1,natural-ee,0,http0,1e-10,23,402b4a4040000000,13.645021438598633,402b4a4040000000,13.645021438598633,1.1364502143859864e-08,interior
real-age36|A|http0,0,native-skv-raw,sum,1,0,0,0,4.885849193669856e-06,7.294411350553766e-11,1e-08,1,A,real-age36,4.885849193669856e-06,4.885849193669856e-06,real-age36-A-0-http0-native-skv-raw,real-age36-A-0-http0-natural-ee,1,natural-ee,0,http0,1e-10,23,40f05a4b8267e1ad,66980.71933735041,40f05a4b8262c224,66980.71933246456,6.708071933246457e-06,interior
real-age36|A|http0,0,native-skv-raw,support,1,0,0,1,3.0609924579039216e-05,1.7539609244758994e-10,1e-08,1,A,real-age36,3.0609924579039216e-05,3.0609924579039216e-05,real-age36-A-0-http0-native-skv-raw,real-age36-A-0-http0-natural-ee,1,natural-ee,0,http0,1e-10,23,41054db6cf8e2065,174518.8513453036,41054db6cf7e1400,174518.8513146937,1.746188513146937e-05,interior
real-age36|A|http0,0,native-skv-raw,mean,1,0,0,0,3.932132397466148e-11,1.0245205427205357e-10,1e-08,1,A,real-age36,-3.932132397466148e-11,-3.932132397466148e-11,real-age36-A-0-http0-native-skv-raw,real-age36-A-0-http0-natural-ee,1,natural-ee,0,http0,1e-10,23,3fd890371bd18f16,0.38380220142993104,3fd890371bdc5e14,0.38380220146925237,1.0038380220146926e-08,interior
real-age36|A|http0,0,native-skv-raw,min,1,0,0,0,0.0,,1e-08,0,A,real-age36,0.0,0.0,real-age36-A-0-http0-native-skv-raw,real-age36-A-0-http0-natural-ee,1,natural-ee,1,http0,1e-10,23,0000000000000000,0.0,0000000000000000,0.0,1e-08,interior
real-age36|A|http0,0,native-skv-raw,max,1,0,0,0,0.0,0.0,1e-08,0,A,real-age36,0.0,0.0,real-age36-A-0-http0-native-skv-raw,real-age36-A-0-http0-natural-ee,1,natural-ee,0,http0,1e-10,23,402b4a4040000000,13.645021438598633,402b4a4040000000,13.645021438598633,1.1364502143859864e-08,interior
real-age36|A|http0,0,native-skv-summary,sum,1,0,0,0,4.885849193669856e-06,7.294411350553766e-11,1e-08,1,A,real-age36,4.885849193669856e-06,4.885849193669856e-06,real-age36-A-0-http0-native-skv-summary,real-age36-A-0-http0-natural-ee,1,natural-ee,0,http0,1e-10,23,40f05a4b8267e1ad,66980.71933735041,40f05a4b8262c224,66980.71933246456,6.708071933246457e-06,interior
real-age36|A|http0,0,native-skv-summary,support,1,0,0,1,3.0609924579039216e-05,1.7539609244758994e-10,1e-08,1,A,real-age36,3.0609924579039216e-05,3.0609924579039216e-05,real-age36-A-0-http0-native-skv-summary,real-age36-A-0-http0-natural-ee,1,natural-ee,0,http0,1e-10,23,41054db6cf8e2065,174518.8513453036,41054db6cf7e1400,174518.8513146937,1.746188513146937e-05,interior
real-age36|A|http0,0,native-skv-summary,mean,1,0,0,0,3.932132397466148e-11,1.0245205427205357e-10,1e-08,1,A,real-age36,-3.932132397466148e-11,-3.932132397466148e-11,real-age36-A-0-http0-native-skv-summary,real-age36-A-0-http0-natural-ee,1,natural-ee,0,http0,1e-10,23,3fd890371bd18f16,0.38380220142993104,3fd890371bdc5e14,0.38380220146925237,1.0038380220146926e-08,interior
real-age36|A|http0,0,native-skv-summary,min,1,0,0,0,0.0,,1e-08,0,A,real-age36,0.0,0.0,real-age36-A-0-http0-native-skv-summary,real-age36-A-0-http0-natural-ee,1,natural-ee,1,http0,1e-10,23,0000000000000000,0.0,0000000000000000,0.0,1e-08,interior
real-age36|A|http0,0,native-skv-summary,max,1,0,0,0,0.0,0.0,1e-08,0,A,real-age36,0.0,0.0,real-age36-A-0-http0-native-skv-summary,real-age36-A-0-http0-natural-ee,1,natural-ee,0,http0,1e-10,23,402b4a4040000000,13.645021438598633,402b4a4040000000,13.645021438598633,1.1364502143859864e-08,interior
real-age36|A|http0,1,native-tiff,sum,1,0,0,0,2.7949863579124212e-06,4.15208381282674e-11,1e-08,1,A,real-age36,-2.7949863579124212e-06,-2.7949863579124212e-06,real-age36-A-1-http0-native-tiff,real-age36-A-1-http0-natural-ee,1,natural-ee,0,http0,1e-10,23,40f06f344adf812a,67315.2682795568,40f06f344ae26f70,67315.26828235178,6.741526828235179e-06,interior
real-age36|A|http0,1,native-tiff,support,1,0,0,0,1.7186568584293127e-05,9.728822086086934e-11,1e-08,1,A,real-age36,-1.7186568584293127e-05,-1.7186568584293127e-05,real-age36-A-1-http0-native-tiff,real-age36-A-1-http0-natural-ee,1,natural-ee,0,http0,1e-10,23,41059081b273c342,176656.21213486238,41059081b27cc600,176656.21215204895,1.7675621215204897e-05,interior
real-age36|A|http0,1,native-tiff,mean,1,0,0,0,2.125027931398904e-11,5.576734590191835e-11,1e-08,1,A,real-age36,2.125027931398904e-11,2.125027931398904e-11,real-age36-A-1-http0-native-tiff,real-age36-A-1-http0-natural-ee,1,natural-ee,0,http0,1e-10,23,3fd863297a9f81c5,0.38105236983213003,3fd863297a99aa6a,0.38105236981087975,1.0038105236981089e-08,interior
real-age36|A|http0,1,native-tiff,min,1,0,0,0,0.0,,1e-08,0,A,real-age36,0.0,0.0,real-age36-A-1-http0-native-tiff,real-age36-A-1-http0-natural-ee,1,natural-ee,1,http0,1e-10,23,0000000000000000,0.0,0000000000000000,0.0,1e-08,interior
real-age36|A|http0,1,native-tiff,max,1,0,0,0,0.0,0.0,1e-08,0,A,real-age36,0.0,0.0,real-age36-A-1-http0-native-tiff,real-age36-A-1-http0-natural-ee,1,natural-ee,0,http0,1e-10,23,402b4a4040000000,13.645021438598633,402b4a4040000000,13.645021438598633,1.1364502143859864e-08,interior
real-age36|A|http0,1,native-cog,sum,1,0,0,0,2.7949863579124212e-06,4.15208381282674e-11,1e-08,1,A,real-age36,-2.7949863579124212e-06,-2.7949863579124212e-06,real-age36-A-1-http0-native-cog,real-age36-A-1-http0-natural-ee,1,natural-ee,0,http0,1e-10,23,40f06f344adf812a,67315.2682795568,40f06f344ae26f70,67315.26828235178,6.741526828235179e-06,interior
real-age36|A|http0,1,native-cog,support,1,0,0,0,1.7186568584293127e-05,9.728822086086934e-11,1e-08,1,A,real-age36,-1.7186568584293127e-05,-1.7186568584293127e-05,real-age36-A-1-http0-native-cog,real-age36-A-1-http0-natural-ee,1,natural-ee,0,http0,1e-10,23,41059081b273c342,176656.21213486238,41059081b27cc600,176656.21215204895,1.7675621215204897e-05,interior
real-age36|A|http0,1,native-cog,mean,1,0,0,0,2.125027931398904e-11,5.576734590191835e-11,1e-08,1,A,real-age36,2.125027931398904e-11,2.125027931398904e-11,real-age36-A-1-http0-native-cog,real-age36-A-1-http0-natural-ee,1,natural-ee,0,http0,1e-10,23,3fd863297a9f81c5,0.38105236983213003,3fd863297a99aa6a,0.38105236981087975,1.0038105236981089e-08,interior
real-age36|A|http0,1,native-cog,min,1,0,0,0,0.0,,1e-08,0,A,real-age36,0.0,0.0,real-age36-A-1-http0-native-cog,real-age36-A-1-http0-natural-ee,1,natural-ee,1,http0,1e-10,23,0000000000000000,0.0,0000000000000000,0.0,1e-08,interior
real-age36|A|http0,1,native-cog,max,1,0,0,0,0.0,0.0,1e-08,0,A,real-age36,0.0,0.0,real-age36-A-1-http0-native-cog,real-age36-A-1-http0-natural-ee,1,natural-ee,0,http0,1e-10,23,402b4a4040000000,13.645021438598633,402b4a4040000000,13.645021438598633,1.1364502143859864e-08,interior
real-age36|A|http0,1,native-rsi64,sum,1,0,0,0,2.7949863579124212e-06,4.15208381282674e-11,1e-08,1,A,real-age36,-2.7949863579124212e-06,-2.7949863579124212e-06,real-age36-A-1-http0-native-rsi64,real-age36-A-1-http0-natural-ee,1,natural-ee,0,http0,1e-10,23,40f06f344adf812a,67315.2682795568,40f06f344ae26f70,67315.26828235178,6.741526828235179e-06,interior
real-age36|A|http0,1,native-rsi64,support,1,0,0,0,1.7186568584293127e-05,9.728822086086934e-11,1e-08,1,A,real-age36,-1.7186568584293127e-05,-1.7186568584293127e-05,real-age36-A-1-http0-native-rsi64,real-age36-A-1-http0-natural-ee,1,natural-ee,0,http0,1e-10,23,41059081b273c342,176656.21213486238,41059081b27cc600,176656.21215204895,1.7675621215204897e-05,interior
real-age36|A|http0,1,native-rsi64,mean,1,0,0,0,2.125027931398904e-11,5.576734590191835e-11,1e-08,1,A,real-age36,2.125027931398904e-11,2.125027931398904e-11,real-age36-A-1-http0-native-rsi64,real-age36-A-1-http0-natural-ee,1,natural-ee,0,http0,1e-10,23,3fd863297a9f81c5,0.38105236983213003,3fd863297a99aa6a,0.38105236981087975,1.0038105236981089e-08,interior
real-age36|A|http0,1,native-rsi64,min,1,0,0,0,0.0,,1e-08,0,A,real-age36,0.0,0.0,real-age36-A-1-http0-native-rsi64,real-age36-A-1-http0-natural-ee,1,natural-ee,1,http0,1e-10,23,0000000000000000,0.0,0000000000000000,0.0,1e-08,interior
real-age36|A|http0,1,native-rsi64,max,1,0,0,0,0.0,0.0,1e-08,0,A,real-age36,0.0,0.0,real-age36-A-1-http0-native-rsi64,real-age36-A-1-http0-natural-ee,1,natural-ee,0,http0,1e-10,23,402b4a4040000000,13.645021438598633,402b4a4040000000,13.645021438598633,1.1364502143859864e-08,interior
real-age36|A|http0,1,native-rsi256,sum,1,0,0,0,2.7949863579124212e-06,4.15208381282674e-11,1e-08,1,A,real-age36,-2.7949863579124212e-06,-2.7949863579124212e-06,real-age36-A-1-http0-native-rsi256,real-age36-A-1-http0-natural-ee,1,natural-ee,0,http0,1e-10,23,40f06f344adf812a,67315.2682795568,40f06f344ae26f70,67315.26828235178,6.741526828235179e-06,interior
real-age36|A|http0,1,native-rsi256,support,1,0,0,0,1.7186568584293127e-05,9.728822086086934e-11,1e-08,1,A,real-age36,-1.7186568584293127e-05,-1.7186568584293127e-05,real-age36-A-1-http0-native-rsi256,real-age36-A-1-http0-natural-ee,1,natural-ee,0,http0,1e-10,23,41059081b273c342,176656.21213486238,41059081b27cc600,176656.21215204895,1.7675621215204897e-05,interior
real-age36|A|http0,1,native-rsi256,mean,1,0,0,0,2.125027931398904e-11,5.576734590191835e-11,1e-08,1,A,real-age36,2.125027931398904e-11,2.125027931398904e-11,real-age36-A-1-http0-native-rsi256,real-age36-A-1-http0-natural-ee,1,natural-ee,0,http0,1e-10,23,3fd863297a9f81c5,0.38105236983213003,3fd863297a99aa6a,0.38105236981087975,1.0038105236981089e-08,interior
real-age36|A|http0,1,native-rsi256,min,1,0,0,0,0.0,,1e-08,0,A,real-age36,0.0,0.0,real-age36-A-1-http0-native-rsi256,real-age36-A-1-http0-natural-ee,1,natural-ee,1,http0,1e-10,23,0000000000000000,0.0,0000000000000000,0.0,1e-08,interior
real-age36|A|http0,1,native-rsi256,max,1,0,0,0,0.0,0.0,1e-08,0,A,real-age36,0.0,0.0,real-age36-A-1-http0-native-rsi256,real-age36-A-1-http0-natural-ee,1,natural-ee,0,http0,1e-10,23,402b4a4040000000,13.645021438598633,402b4a4040000000,13.645021438598633,1.1364502143859864e-08,interior
real-age36|A|http0,1,native-skv-raw,sum,1,0,0,0,2.7949863579124212e-06,4.15208381282674e-11,1e-08,1,A,real-age36,-2.7949863579124212e-06,-2.7949863579124212e-06,real-age36-A-1-http0-native-skv-raw,real-age36-A-1-http0-natural-ee,1,natural-ee,0,http0,1e-10,23,40f06f344adf812a,67315.2682795568,40f06f344ae26f70,67315.26828235178,6.741526828235179e-06,interior
real-age36|A|http0,1,native-skv-raw,support,1,0,0,0,1.7186568584293127e-05,9.728822086086934e-11,1e-08,1,A,real-age36,-1.7186568584293127e-05,-1.7186568584293127e-05,real-age36-A-1-http0-native-skv-raw,real-age36-A-1-http0-natural-ee,1,natural-ee,0,http0,1e-10,23,41059081b273c342,176656.21213486238,41059081b27cc600,176656.21215204895,1.7675621215204897e-05,interior
real-age36|A|http0,1,native-skv-raw,mean,1,0,0,0,2.125027931398904e-11,5.576734590191835e-11,1e-08,1,A,real-age36,2.125027931398904e-11,2.125027931398904e-11,real-age36-A-1-http0-native-skv-raw,real-age36-A-1-http0-natural-ee,1,natural-ee,0,http0,1e-10,23,3fd863297a9f81c5,0.38105236983213003,3fd863297a99aa6a,0.38105236981087975,1.0038105236981089e-08,interior
real-age36|A|http0,1,native-skv-raw,min,1,0,0,0,0.0,,1e-08,0,A,real-age36,0.0,0.0,real-age36-A-1-http0-native-skv-raw,real-age36-A-1-http0-natural-ee,1,natural-ee,1,http0,1e-10,23,0000000000000000,0.0,0000000000000000,0.0,1e-08,interior
real-age36|A|http0,1,native-skv-raw,max,1,0,0,0,0.0,0.0,1e-08,0,A,real-age36,0.0,0.0,real-age36-A-1-http0-native-skv-raw,real-age36-A-1-http0-natural-ee,1,natural-ee,0,http0,1e-10,23,402b4a4040000000,13.645021438598633,402b4a4040000000,13.645021438598633,1.1364502143859864e-08,interior
real-age36|A|http0,1,native-skv-summary,sum,1,0,0,0,2.7949863579124212e-06,4.15208381282674e-11,1e-08,1,A,real-age36,-2.7949863579124212e-06,-2.7949863579124212e-06,real-age36-A-1-http0-native-skv-summary,real-age36-A-1-http0-natural-ee,1,natural-ee,0,http0,1e-10,23,40f06f344adf812a,67315.2682795568,40f06f344ae26f70,67315.26828235178,6.741526828235179e-06,interior
real-age36|A|http0,1,native-skv-summary,support,1,0,0,0,1.7186568584293127e-05,9.728822086086934e-11,1e-08,1,A,real-age36,-1.7186568584293127e-05,-1.7186568584293127e-05,real-age36-A-1-http0-native-skv-summary,real-age36-A-1-http0-natural-ee,1,natural-ee,0,http0,1e-10,23,41059081b273c342,176656.21213486238,41059081b27cc600,176656.21215204895,1.7675621215204897e-05,interior
real-age36|A|http0,1,native-skv-summary,mean,1,0,0,0,2.125027931398904e-11,5.576734590191835e-11,1e-08,1,A,real-age36,2.125027931398904e-11,2.125027931398904e-11,real-age36-A-1-http0-native-skv-summary,real-age36-A-1-http0-natural-ee,1,natural-ee,0,http0,1e-10,23,3fd863297a9f81c5,0.38105236983213003,3fd863297a99aa6a,0.38105236981087975,1.0038105236981089e-08,interior
real-age36|A|http0,1,native-skv-summary,min,1,0,0,0,0.0,,1e-08,0,A,real-age36,0.0,0.0,real-age36-A-1-http0-native-skv-summary,real-age36-A-1-http0-natural-ee,1,natural-ee,1,http0,1e-10,23,0000000000000000,0.0,0000000000000000,0.0,1e-08,interior
real-age36|A|http0,1,native-skv-summary,max,1,0,0,0,0.0,0.0,1e-08,0,A,real-age36,0.0,0.0,real-age36-A-1-http0-native-skv-summary,real-age36-A-1-http0-natural-ee,1,natural-ee,0,http0,1e-10,23,402b4a4040000000,13.645021438598633,402b4a4040000000,13.645021438598633,1.1364502143859864e-08,interior
real-age36|A|http0,2,native-tiff,sum,1,0,0,0,3.7404970498755574e-06,5.523974979493463e-11,1e-08,1,A,real-age36,-3.7404970498755574e-06,-3.7404970498755574e-06,real-age36-A-2-http0-native-tiff,real-age36-A-2-http0-natural-ee,1,natural-ee,0,http0,1e-10,23,40f0881dddaba725,67713.8666187791,40f0881dddaf933a,67713.86662251959,6.781386662251959e-06,interior
real-age36|A|http0,2,native-tiff,support,1,0,0,1,2.0986306481063366e-05,1.1720227154236435e-10,1e-08,1,A,real-age36,-2.0986306481063366e-05,-2.0986306481063366e-05,real-age36-A-2-http0-native-tiff,real-age36-A-2-http0-natural-ee,1,natural-ee,0,http0,1e-10,23,4105dba49fa08f44,179060.57794296194,4105dba49fab9000,179060.57796394825,1.7916057796394826e-05,interior
real-age36|A|http0,2,native-tiff,mean,1,0,0,0,2.3431867557377473e-11,6.196254854250676e-11,1e-08,1,A,real-age36,2.3431867557377473e-11,2.3431867557377473e-11,real-age36-A-2-http0-native-tiff,real-age36-A-2-http0-natural-ee,1,natural-ee,0,http0,1e-10,23,3fd833cd75d768c4,0.3781617785258613,3fd833cd75d0f7e5,0.37816177850242944,1.0037816177850244e-08,interior
real-age36|A|http0,2,native-tiff,min,1,0,0,0,0.0,,1e-08,0,A,real-age36,0.0,0.0,real-age36-A-2-http0-native-tiff,real-age36-A-2-http0-natural-ee,1,natural-ee,1,http0,1e-10,23,0000000000000000,0.0,0000000000000000,0.0,1e-08,interior
real-age36|A|http0,2,native-tiff,max,1,0,0,0,0.0,0.0,1e-08,0,A,real-age36,0.0,0.0,real-age36-A-2-http0-native-tiff,real-age36-A-2-http0-natural-ee,1,natural-ee,0,http0,1e-10,23,402b4a4040000000,13.645021438598633,402b4a4040000000,13.645021438598633,1.1364502143859864e-08,interior
real-age36|A|http0,2,native-cog,sum,1,0,0,0,3.7404970498755574e-06,5.523974979493463e-11,1e-08,1,A,real-age36,-3.7404970498755574e-06,-3.7404970498755574e-06,real-age36-A-2-http0-native-cog,real-age36-A-2-http0-natural-ee,1,natural-ee,0,http0,1e-10,23,40f0881dddaba725,67713.8666187791,40f0881dddaf933a,67713.86662251959,6.781386662251959e-06,interior
real-age36|A|http0,2,native-cog,support,1,0,0,1,2.0986306481063366e-05,1.1720227154236435e-10,1e-08,1,A,real-age36,-2.0986306481063366e-05,-2.0986306481063366e-05,real-age36-A-2-http0-native-cog,real-age36-A-2-http0-natural-ee,1,natural-ee,0,http0,1e-10,23,4105dba49fa08f44,179060.57794296194,4105dba49fab9000,179060.57796394825,1.7916057796394826e-05,interior
real-age36|A|http0,2,native-cog,mean,1,0,0,0,2.3431867557377473e-11,6.196254854250676e-11,1e-08,1,A,real-age36,2.3431867557377473e-11,2.3431867557377473e-11,real-age36-A-2-http0-native-cog,real-age36-A-2-http0-natural-ee,1,natural-ee,0,http0,1e-10,23,3fd833cd75d768c4,0.3781617785258613,3fd833cd75d0f7e5,0.37816177850242944,1.0037816177850244e-08,interior
real-age36|A|http0,2,native-cog,min,1,0,0,0,0.0,,1e-08,0,A,real-age36,0.0,0.0,real-age36-A-2-http0-native-cog,real-age36-A-2-http0-natural-ee,1,natural-ee,1,http0,1e-10,23,0000000000000000,0.0,0000000000000000,0.0,1e-08,interior
real-age36|A|http0,2,native-cog,max,1,0,0,0,0.0,0.0,1e-08,0,A,real-age36,0.0,0.0,real-age36-A-2-http0-native-cog,real-age36-A-2-http0-natural-ee,1,natural-ee,0,http0,1e-10,23,402b4a4040000000,13.645021438598633,402b4a4040000000,13.645021438598633,1.1364502143859864e-08,interior
real-age36|A|http0,2,native-rsi64,sum,1,0,0,0,3.7404970498755574e-06,5.523974979493463e-11,1e-08,1,A,real-age36,-3.7404970498755574e-06,-3.7404970498755574e-06,real-age36-A-2-http0-native-rsi64,real-age36-A-2-http0-natural-ee,1,natural-ee,0,http0,1e-10,23,40f0881dddaba725,67713.8666187791,40f0881dddaf933a,67713.86662251959,6.781386662251959e-06,interior
real-age36|A|http0,2,native-rsi64,support,1,0,0,1,2.0986306481063366e-05,1.1720227154236435e-10,1e-08,1,A,real-age36,-2.0986306481063366e-05,-2.0986306481063366e-05,real-age36-A-2-http0-native-rsi64,real-age36-A-2-http0-natural-ee,1,natural-ee,0,http0,1e-10,23,4105dba49fa08f44,179060.57794296194,4105dba49fab9000,179060.57796394825,1.7916057796394826e-05,interior
real-age36|A|http0,2,native-rsi64,mean,1,0,0,0,2.3431867557377473e-11,6.196254854250676e-11,1e-08,1,A,real-age36,2.3431867557377473e-11,2.3431867557377473e-11,real-age36-A-2-http0-native-rsi64,real-age36-A-2-http0-natural-ee,1,natural-ee,0,http0,1e-10,23,3fd833cd75d768c4,0.3781617785258613,3fd833cd75d0f7e5,0.37816177850242944,1.0037816177850244e-08,interior
real-age36|A|http0,2,native-rsi64,min,1,0,0,0,0.0,,1e-08,0,A,real-age36,0.0,0.0,real-age36-A-2-http0-native-rsi64,real-age36-A-2-http0-natural-ee,1,natural-ee,1,http0,1e-10,23,0000000000000000,0.0,0000000000000000,0.0,1e-08,interior
real-age36|A|http0,2,native-rsi64,max,1,0,0,0,0.0,0.0,1e-08,0,A,real-age36,0.0,0.0,real-age36-A-2-http0-native-rsi64,real-age36-A-2-http0-natural-ee,1,natural-ee,0,http0,1e-10,23,402b4a4040000000,13.645021438598633,402b4a4040000000,13.645021438598633,1.1364502143859864e-08,interior
real-age36|A|http0,2,native-rsi256,sum,1,0,0,0,3.7404970498755574e-06,5.523974979493463e-11,1e-08,1,A,real-age36,-3.7404970498755574e-06,-3.7404970498755574e-06,real-age36-A-2-http0-native-rsi256,real-age36-A-2-http0-natural-ee,1,natural-ee,0,http0,1e-10,23,40f0881dddaba725,67713.8666187791,40f0881dddaf933a,67713.86662251959,6.781386662251959e-06,interior
real-age36|A|http0,2,native-rsi256,support,1,0,0,1,2.0986306481063366e-05,1.1720227154236435e-10,1e-08,1,A,real-age36,-2.0986306481063366e-05,-2.0986306481063366e-05,real-age36-A-2-http0-native-rsi256,real-age36-A-2-http0-natural-ee,1,natural-ee,0,http0,1e-10,23,4105dba49fa08f44,179060.57794296194,4105dba49fab9000,179060.57796394825,1.7916057796394826e-05,interior
real-age36|A|http0,2,native-rsi256,mean,1,0,0,0,2.3431867557377473e-11,6.196254854250676e-11,1e-08,1,A,real-age36,2.3431867557377473e-11,2.3431867557377473e-11,real-age36-A-2-http0-native-rsi256,real-age36-A-2-http0-natural-ee,1,natural-ee,0,http0,1e-10,23,3fd833cd75d768c4,0.3781617785258613,3fd833cd75d0f7e5,0.37816177850242944,1.0037816177850244e-08,interior
real-age36|A|http0,2,native-rsi256,min,1,0,0,0,0.0,,1e-08,0,A,real-age36,0.0,0.0,real-age36-A-2-http0-native-rsi256,real-age36-A-2-http0-natural-ee,1,natural-ee,1,http0,1e-10,23,0000000000000000,0.0,0000000000000000,0.0,1e-08,interior
real-age36|A|http0,2,native-rsi256,max,1,0,0,0,0.0,0.0,1e-08,0,A,real-age36,0.0,0.0,real-age36-A-2-http0-native-rsi256,real-age36-A-2-http0-natural-ee,1,natural-ee,0,http0,1e-10,23,402b4a4040000000,13.645021438598633,402b4a4040000000,13.645021438598633,1.1364502143859864e-08,interior
real-age36|A|http0,2,native-skv-raw,sum,1,0,0,0,3.7404970498755574e-06,5.523974979493463e-11,1e-08,1,A,real-age36,-3.7404970498755574e-06,-3.7404970498755574e-06,real-age36-A-2-http0-native-skv-raw,real-age36-A-2-http0-natural-ee,1,natural-ee,0,http0,1e-10,23,40f0881dddaba725,67713.8666187791,40f0881dddaf933a,67713.86662251959,6.781386662251959e-06,interior
real-age36|A|http0,2,native-skv-raw,support,1,0,0,1,2.0986306481063366e-05,1.1720227154236435e-10,1e-08,1,A,real-age36,-2.0986306481063366e-05,-2.0986306481063366e-05,real-age36-A-2-http0-native-skv-raw,real-age36-A-2-http0-natural-ee,1,natural-ee,0,http0,1e-10,23,4105dba49fa08f44,179060.57794296194,4105dba49fab9000,179060.57796394825,1.7916057796394826e-05,interior
real-age36|A|http0,2,native-skv-raw,mean,1,0,0,0,2.3431867557377473e-11,6.196254854250676e-11,1e-08,1,A,real-age36,2.3431867557377473e-11,2.3431867557377473e-11,real-age36-A-2-http0-native-skv-raw,real-age36-A-2-http0-natural-ee,1,natural-ee,0,http0,1e-10,23,3fd833cd75d768c4,0.3781617785258613,3fd833cd75d0f7e5,0.37816177850242944,1.0037816177850244e-08,interior
real-age36|A|http0,2,native-skv-raw,min,1,0,0,0,0.0,,1e-08,0,A,real-age36,0.0,0.0,real-age36-A-2-http0-native-skv-raw,real-age36-A-2-http0-natural-ee,1,natural-ee,1,http0,1e-10,23,0000000000000000,0.0,0000000000000000,0.0,1e-08,interior
real-age36|A|http0,2,native-skv-raw,max,1,0,0,0,0.0,0.0,1e-08,0,A,real-age36,0.0,0.0,real-age36-A-2-http0-native-skv-raw,real-age36-A-2-http0-natural-ee,1,natural-ee,0,http0,1e-10,23,402b4a4040000000,13.645021438598633,402b4a4040000000,13.645021438598633,1.1364502143859864e-08,interior
real-age36|A|http0,2,native-skv-summary,sum,1,0,0,0,3.7404970498755574e-06,5.523974979493463e-11,1e-08,1,A,real-age36,-3.7404970498755574e-06,-3.7404970498755574e-06,real-age36-A-2-http0-native-skv-summary,real-age36-A-2-http0-natural-ee,1,natural-ee,0,http0,1e-10,23,40f0881dddaba725,67713.8666187791,40f0881dddaf933a,67713.86662251959,6.781386662251959e-06,interior
real-age36|A|http0,2,native-skv-summary,support,1,0,0,1,2.0986306481063366e-05,1.1720227154236435e-10,1e-08,1,A,real-age36,-2.0986306481063366e-05,-2.0986306481063366e-05,real-age36-A-2-http0-native-skv-summary,real-age36-A-2-http0-natural-ee,1,natural-ee,0,http0,1e-10,23,4105dba49fa08f44,179060.57794296194,4105dba49fab9000,179060.57796394825,1.7916057796394826e-05,interior
real-age36|A|http0,2,native-skv-summary,mean,1,0,0,0,2.3431867557377473e-11,6.196254854250676e-11,1e-08,1,A,real-age36,2.3431867557377473e-11,2.3431867557377473e-11,real-age36-A-2-http0-native-skv-summary,real-age36-A-2-http0-natural-ee,1,natural-ee,0,http0,1e-10,23,3fd833cd75d768c4,0.3781617785258613,3fd833cd75d0f7e5,0.37816177850242944,1.0037816177850244e-08,interior
real-age36|A|http0,2,native-skv-summary,min,1,0,0,0,0.0,,1e-08,0,A,real-age36,0.0,0.0,real-age36-A-2-http0-native-skv-summary,real-age36-A-2-http0-natural-ee,1,natural-ee,1,http0,1e-10,23,0000000000000000,0.0,0000000000000000,0.0,1e-08,interior
real-age36|A|http0,2,native-skv-summary,max,1,0,0,0,0.0,0.0,1e-08,0,A,real-age36,0.0,0.0,real-age36-A-2-http0-native-skv-summary,real-age36-A-2-http0-natural-ee,1,natural-ee,0,http0,1e-10,23,402b4a4040000000,13.645021438598633,402b4a4040000000,13.645021438598633,1.1364502143859864e-08,interior
real-age36|A|local,0,native-tiff,sum,1,0,0,0,4.885849193669856e-06,7.294411350553766e-11,1e-08,1,A,real-age36,4.885849193669856e-06,4.885849193669856e-06,real-age36-A-0-local-native-tiff,real-age36-A-0-local-natural-ee,1,natural-ee,0,local,1e-10,23,40f05a4b8267e1ad,66980.71933735041,40f05a4b8262c224,66980.71933246456,6.708071933246457e-06,interior
real-age36|A|local,0,native-tiff,support,1,0,0,1,3.0609924579039216e-05,1.7539609244758994e-10,1e-08,1,A,real-age36,3.0609924579039216e-05,3.0609924579039216e-05,real-age36-A-0-local-native-tiff,real-age36-A-0-local-natural-ee,1,natural-ee,0,local,1e-10,23,41054db6cf8e2065,174518.8513453036,41054db6cf7e1400,174518.8513146937,1.746188513146937e-05,interior
real-age36|A|local,0,native-tiff,mean,1,0,0,0,3.932132397466148e-11,1.0245205427205357e-10,1e-08,1,A,real-age36,-3.932132397466148e-11,-3.932132397466148e-11,real-age36-A-0-local-native-tiff,real-age36-A-0-local-natural-ee,1,natural-ee,0,local,1e-10,23,3fd890371bd18f16,0.38380220142993104,3fd890371bdc5e14,0.38380220146925237,1.0038380220146926e-08,interior
real-age36|A|local,0,native-tiff,min,1,0,0,0,0.0,,1e-08,0,A,real-age36,0.0,0.0,real-age36-A-0-local-native-tiff,real-age36-A-0-local-natural-ee,1,natural-ee,1,local,1e-10,23,0000000000000000,0.0,0000000000000000,0.0,1e-08,interior
real-age36|A|local,0,native-tiff,max,1,0,0,0,0.0,0.0,1e-08,0,A,real-age36,0.0,0.0,real-age36-A-0-local-native-tiff,real-age36-A-0-local-natural-ee,1,natural-ee,0,local,1e-10,23,402b4a4040000000,13.645021438598633,402b4a4040000000,13.645021438598633,1.1364502143859864e-08,interior
real-age36|A|local,0,native-cog,sum,1,0,0,0,4.885849193669856e-06,7.294411350553766e-11,1e-08,1,A,real-age36,4.885849193669856e-06,4.885849193669856e-06,real-age36-A-0-local-native-cog,real-age36-A-0-local-natural-ee,1,natural-ee,0,local,1e-10,23,40f05a4b8267e1ad,66980.71933735041,40f05a4b8262c224,66980.71933246456,6.708071933246457e-06,interior
real-age36|A|local,0,native-cog,support,1,0,0,1,3.0609924579039216e-05,1.7539609244758994e-10,1e-08,1,A,real-age36,3.0609924579039216e-05,3.0609924579039216e-05,real-age36-A-0-local-native-cog,real-age36-A-0-local-natural-ee,1,natural-ee,0,local,1e-10,23,41054db6cf8e2065,174518.8513453036,41054db6cf7e1400,174518.8513146937,1.746188513146937e-05,interior
real-age36|A|local,0,native-cog,mean,1,0,0,0,3.932132397466148e-11,1.0245205427205357e-10,1e-08,1,A,real-age36,-3.932132397466148e-11,-3.932132397466148e-11,real-age36-A-0-local-native-cog,real-age36-A-0-local-natural-ee,1,natural-ee,0,local,1e-10,23,3fd890371bd18f16,0.38380220142993104,3fd890371bdc5e14,0.38380220146925237,1.0038380220146926e-08,interior
real-age36|A|local,0,native-cog,min,1,0,0,0,0.0,,1e-08,0,A,real-age36,0.0,0.0,real-age36-A-0-local-native-cog,real-age36-A-0-local-natural-ee,1,natural-ee,1,local,1e-10,23,0000000000000000,0.0,0000000000000000,0.0,1e-08,interior
real-age36|A|local,0,native-cog,max,1,0,0,0,0.0,0.0,1e-08,0,A,real-age36,0.0,0.0,real-age36-A-0-local-native-cog,real-age36-A-0-local-natural-ee,1,natural-ee,0,local,1e-10,23,402b4a4040000000,13.645021438598633,402b4a4040000000,13.645021438598633,1.1364502143859864e-08,interior
real-age36|A|local,0,native-rsi64,sum,1,0,0,0,4.885849193669856e-06,7.294411350553766e-11,1e-08,1,A,real-age36,4.885849193669856e-06,4.885849193669856e-06,real-age36-A-0-local-native-rsi64,real-age36-A-0-local-natural-ee,1,natural-ee,0,local,1e-10,23,40f05a4b8267e1ad,66980.71933735041,40f05a4b8262c224,66980.71933246456,6.708071933246457e-06,interior
real-age36|A|local,0,native-rsi64,support,1,0,0,1,3.0609924579039216e-05,1.7539609244758994e-10,1e-08,1,A,real-age36,3.0609924579039216e-05,3.0609924579039216e-05,real-age36-A-0-local-native-rsi64,real-age36-A-0-local-natural-ee,1,natural-ee,0,local,1e-10,23,41054db6cf8e2065,174518.8513453036,41054db6cf7e1400,174518.8513146937,1.746188513146937e-05,interior
real-age36|A|local,0,native-rsi64,mean,1,0,0,0,3.932132397466148e-11,1.0245205427205357e-10,1e-08,1,A,real-age36,-3.932132397466148e-11,-3.932132397466148e-11,real-age36-A-0-local-native-rsi64,real-age36-A-0-local-natural-ee,1,natural-ee,0,local,1e-10,23,3fd890371bd18f16,0.38380220142993104,3fd890371bdc5e14,0.38380220146925237,1.0038380220146926e-08,interior
real-age36|A|local,0,native-rsi64,min,1,0,0,0,0.0,,1e-08,0,A,real-age36,0.0,0.0,real-age36-A-0-local-native-rsi64,real-age36-A-0-local-natural-ee,1,natural-ee,1,local,1e-10,23,0000000000000000,0.0,0000000000000000,0.0,1e-08,interior
real-age36|A|local,0,native-rsi64,max,1,0,0,0,0.0,0.0,1e-08,0,A,real-age36,0.0,0.0,real-age36-A-0-local-native-rsi64,real-age36-A-0-local-natural-ee,1,natural-ee,0,local,1e-10,23,402b4a4040000000,13.645021438598633,402b4a4040000000,13.645021438598633,1.1364502143859864e-08,interior
real-age36|A|local,0,native-rsi256,sum,1,0,0,0,4.885849193669856e-06,7.294411350553766e-11,1e-08,1,A,real-age36,4.885849193669856e-06,4.885849193669856e-06,real-age36-A-0-local-native-rsi256,real-age36-A-0-local-natural-ee,1,natural-ee,0,local,1e-10,23,40f05a4b8267e1ad,66980.71933735041,40f05a4b8262c224,66980.71933246456,6.708071933246457e-06,interior
real-age36|A|local,0,native-rsi256,support,1,0,0,1,3.0609924579039216e-05,1.7539609244758994e-10,1e-08,1,A,real-age36,3.0609924579039216e-05,3.0609924579039216e-05,real-age36-A-0-local-native-rsi256,real-age36-A-0-local-natural-ee,1,natural-ee,0,local,1e-10,23,41054db6cf8e2065,174518.8513453036,41054db6cf7e1400,174518.8513146937,1.746188513146937e-05,interior
real-age36|A|local,0,native-rsi256,mean,1,0,0,0,3.932132397466148e-11,1.0245205427205357e-10,1e-08,1,A,real-age36,-3.932132397466148e-11,-3.932132397466148e-11,real-age36-A-0-local-native-rsi256,real-age36-A-0-local-natural-ee,1,natural-ee,0,local,1e-10,23,3fd890371bd18f16,0.38380220142993104,3fd890371bdc5e14,0.38380220146925237,1.0038380220146926e-08,interior
real-age36|A|local,0,native-rsi256,min,1,0,0,0,0.0,,1e-08,0,A,real-age36,0.0,0.0,real-age36-A-0-local-native-rsi256,real-age36-A-0-local-natural-ee,1,natural-ee,1,local,1e-10,23,0000000000000000,0.0,0000000000000000,0.0,1e-08,interior
real-age36|A|local,0,native-rsi256,max,1,0,0,0,0.0,0.0,1e-08,0,A,real-age36,0.0,0.0,real-age36-A-0-local-native-rsi256,real-age36-A-0-local-natural-ee,1,natural-ee,0,local,1e-10,23,402b4a4040000000,13.645021438598633,402b4a4040000000,13.645021438598633,1.1364502143859864e-08,interior
real-age36|A|local,0,native-skv-raw,sum,1,0,0,0,4.885849193669856e-06,7.294411350553766e-11,1e-08,1,A,real-age36,4.885849193669856e-06,4.885849193669856e-06,real-age36-A-0-local-native-skv-raw,real-age36-A-0-local-natural-ee,1,natural-ee,0,local,1e-10,23,40f05a4b8267e1ad,66980.71933735041,40f05a4b8262c224,66980.71933246456,6.708071933246457e-06,interior
real-age36|A|local,0,native-skv-raw,support,1,0,0,1,3.0609924579039216e-05,1.7539609244758994e-10,1e-08,1,A,real-age36,3.0609924579039216e-05,3.0609924579039216e-05,real-age36-A-0-local-native-skv-raw,real-age36-A-0-local-natural-ee,1,natural-ee,0,local,1e-10,23,41054db6cf8e2065,174518.8513453036,41054db6cf7e1400,174518.8513146937,1.746188513146937e-05,interior
real-age36|A|local,0,native-skv-raw,mean,1,0,0,0,3.932132397466148e-11,1.0245205427205357e-10,1e-08,1,A,real-age36,-3.932132397466148e-11,-3.932132397466148e-11,real-age36-A-0-local-native-skv-raw,real-age36-A-0-local-natural-ee,1,natural-ee,0,local,1e-10,23,3fd890371bd18f16,0.38380220142993104,3fd890371bdc5e14,0.38380220146925237,1.0038380220146926e-08,interior
real-age36|A|local,0,native-skv-raw,min,1,0,0,0,0.0,,1e-08,0,A,real-age36,0.0,0.0,real-age36-A-0-local-native-skv-raw,real-age36-A-0-local-natural-ee,1,natural-ee,1,local,1e-10,23,0000000000000000,0.0,0000000000000000,0.0,1e-08,interior
real-age36|A|local,0,native-skv-raw,max,1,0,0,0,0.0,0.0,1e-08,0,A,real-age36,0.0,0.0,real-age36-A-0-local-native-skv-raw,real-age36-A-0-local-natural-ee,1,natural-ee,0,local,1e-10,23,402b4a4040000000,13.645021438598633,402b4a4040000000,13.645021438598633,1.1364502143859864e-08,interior
real-age36|A|local,0,native-skv-summary,sum,1,0,0,0,4.885849193669856e-06,7.294411350553766e-11,1e-08,1,A,real-age36,4.885849193669856e-06,4.885849193669856e-06,real-age36-A-0-local-native-skv-summary,real-age36-A-0-local-natural-ee,1,natural-ee,0,local,1e-10,23,40f05a4b8267e1ad,66980.71933735041,40f05a4b8262c224,66980.71933246456,6.708071933246457e-06,interior
real-age36|A|local,0,native-skv-summary,support,1,0,0,1,3.0609924579039216e-05,1.7539609244758994e-10,1e-08,1,A,real-age36,3.0609924579039216e-05,3.0609924579039216e-05,real-age36-A-0-local-native-skv-summary,real-age36-A-0-local-natural-ee,1,natural-ee,0,local,1e-10,23,41054db6cf8e2065,174518.8513453036,41054db6cf7e1400,174518.8513146937,1.746188513146937e-05,interior
real-age36|A|local,0,native-skv-summary,mean,1,0,0,0,3.932132397466148e-11,1.0245205427205357e-10,1e-08,1,A,real-age36,-3.932132397466148e-11,-3.932132397466148e-11,real-age36-A-0-local-native-skv-summary,real-age36-A-0-local-natural-ee,1,natural-ee,0,local,1e-10,23,3fd890371bd18f16,0.38380220142993104,3fd890371bdc5e14,0.38380220146925237,1.0038380220146926e-08,interior
real-age36|A|local,0,native-skv-summary,min,1,0,0,0,0.0,,1e-08,0,A,real-age36,0.0,0.0,real-age36-A-0-local-native-skv-summary,real-age36-A-0-local-natural-ee,1,natural-ee,1,local,1e-10,23,0000000000000000,0.0,0000000000000000,0.0,1e-08,interior
real-age36|A|local,0,native-skv-summary,max,1,0,0,0,0.0,0.0,1e-08,0,A,real-age36,0.0,0.0,real-age36-A-0-local-native-skv-summary,real-age36-A-0-local-natural-ee,1,natural-ee,0,local,1e-10,23,402b4a4040000000,13.645021438598633,402b4a4040000000,13.645021438598633,1.1364502143859864e-08,interior
real-age36|A|local,1,native-tiff,sum,1,0,0,0,2.7949863579124212e-06,4.15208381282674e-11,1e-08,1,A,real-age36,-2.7949863579124212e-06,-2.7949863579124212e-06,real-age36-A-1-local-native-tiff,real-age36-A-1-local-natural-ee,1,natural-ee,0,local,1e-10,23,40f06f344adf812a,67315.2682795568,40f06f344ae26f70,67315.26828235178,6.741526828235179e-06,interior
real-age36|A|local,1,native-tiff,support,1,0,0,0,1.7186568584293127e-05,9.728822086086934e-11,1e-08,1,A,real-age36,-1.7186568584293127e-05,-1.7186568584293127e-05,real-age36-A-1-local-native-tiff,real-age36-A-1-local-natural-ee,1,natural-ee,0,local,1e-10,23,41059081b273c342,176656.21213486238,41059081b27cc600,176656.21215204895,1.7675621215204897e-05,interior
real-age36|A|local,1,native-tiff,mean,1,0,0,0,2.125027931398904e-11,5.576734590191835e-11,1e-08,1,A,real-age36,2.125027931398904e-11,2.125027931398904e-11,real-age36-A-1-local-native-tiff,real-age36-A-1-local-natural-ee,1,natural-ee,0,local,1e-10,23,3fd863297a9f81c5,0.38105236983213003,3fd863297a99aa6a,0.38105236981087975,1.0038105236981089e-08,interior
real-age36|A|local,1,native-tiff,min,1,0,0,0,0.0,,1e-08,0,A,real-age36,0.0,0.0,real-age36-A-1-local-native-tiff,real-age36-A-1-local-natural-ee,1,natural-ee,1,local,1e-10,23,0000000000000000,0.0,0000000000000000,0.0,1e-08,interior
real-age36|A|local,1,native-tiff,max,1,0,0,0,0.0,0.0,1e-08,0,A,real-age36,0.0,0.0,real-age36-A-1-local-native-tiff,real-age36-A-1-local-natural-ee,1,natural-ee,0,local,1e-10,23,402b4a4040000000,13.645021438598633,402b4a4040000000,13.645021438598633,1.1364502143859864e-08,interior
real-age36|A|local,1,native-cog,sum,1,0,0,0,2.7949863579124212e-06,4.15208381282674e-11,1e-08,1,A,real-age36,-2.7949863579124212e-06,-2.7949863579124212e-06,real-age36-A-1-local-native-cog,real-age36-A-1-local-natural-ee,1,natural-ee,0,local,1e-10,23,40f06f344adf812a,67315.2682795568,40f06f344ae26f70,67315.26828235178,6.741526828235179e-06,interior
real-age36|A|local,1,native-cog,support,1,0,0,0,1.7186568584293127e-05,9.728822086086934e-11,1e-08,1,A,real-age36,-1.7186568584293127e-05,-1.7186568584293127e-05,real-age36-A-1-local-native-cog,real-age36-A-1-local-natural-ee,1,natural-ee,0,local,1e-10,23,41059081b273c342,176656.21213486238,41059081b27cc600,176656.21215204895,1.7675621215204897e-05,interior
real-age36|A|local,1,native-cog,mean,1,0,0,0,2.125027931398904e-11,5.576734590191835e-11,1e-08,1,A,real-age36,2.125027931398904e-11,2.125027931398904e-11,real-age36-A-1-local-native-cog,real-age36-A-1-local-natural-ee,1,natural-ee,0,local,1e-10,23,3fd863297a9f81c5,0.38105236983213003,3fd863297a99aa6a,0.38105236981087975,1.0038105236981089e-08,interior
real-age36|A|local,1,native-cog,min,1,0,0,0,0.0,,1e-08,0,A,real-age36,0.0,0.0,real-age36-A-1-local-native-cog,real-age36-A-1-local-natural-ee,1,natural-ee,1,local,1e-10,23,0000000000000000,0.0,0000000000000000,0.0,1e-08,interior
real-age36|A|local,1,native-cog,max,1,0,0,0,0.0,0.0,1e-08,0,A,real-age36,0.0,0.0,real-age36-A-1-local-native-cog,real-age36-A-1-local-natural-ee,1,natural-ee,0,local,1e-10,23,402b4a4040000000,13.645021438598633,402b4a4040000000,13.645021438598633,1.1364502143859864e-08,interior
real-age36|A|local,1,native-rsi64,sum,1,0,0,0,2.7949863579124212e-06,4.15208381282674e-11,1e-08,1,A,real-age36,-2.7949863579124212e-06,-2.7949863579124212e-06,real-age36-A-1-local-native-rsi64,real-age36-A-1-local-natural-ee,1,natural-ee,0,local,1e-10,23,40f06f344adf812a,67315.2682795568,40f06f344ae26f70,67315.26828235178,6.741526828235179e-06,interior
real-age36|A|local,1,native-rsi64,support,1,0,0,0,1.7186568584293127e-05,9.728822086086934e-11,1e-08,1,A,real-age36,-1.7186568584293127e-05,-1.7186568584293127e-05,real-age36-A-1-local-native-rsi64,real-age36-A-1-local-natural-ee,1,natural-ee,0,local,1e-10,23,41059081b273c342,176656.21213486238,41059081b27cc600,176656.21215204895,1.7675621215204897e-05,interior
real-age36|A|local,1,native-rsi64,mean,1,0,0,0,2.125027931398904e-11,5.576734590191835e-11,1e-08,1,A,real-age36,2.125027931398904e-11,2.125027931398904e-11,real-age36-A-1-local-native-rsi64,real-age36-A-1-local-natural-ee,1,natural-ee,0,local,1e-10,23,3fd863297a9f81c5,0.38105236983213003,3fd863297a99aa6a,0.38105236981087975,1.0038105236981089e-08,interior
real-age36|A|local,1,native-rsi64,min,1,0,0,0,0.0,,1e-08,0,A,real-age36,0.0,0.0,real-age36-A-1-local-native-rsi64,real-age36-A-1-local-natural-ee,1,natural-ee,1,local,1e-10,23,0000000000000000,0.0,0000000000000000,0.0,1e-08,interior
real-age36|A|local,1,native-rsi64,max,1,0,0,0,0.0,0.0,1e-08,0,A,real-age36,0.0,0.0,real-age36-A-1-local-native-rsi64,real-age36-A-1-local-natural-ee,1,natural-ee,0,local,1e-10,23,402b4a4040000000,13.645021438598633,402b4a4040000000,13.645021438598633,1.1364502143859864e-08,interior
real-age36|A|local,1,native-rsi256,sum,1,0,0,0,2.7949863579124212e-06,4.15208381282674e-11,1e-08,1,A,real-age36,-2.7949863579124212e-06,-2.7949863579124212e-06,real-age36-A-1-local-native-rsi256,real-age36-A-1-local-natural-ee,1,natural-ee,0,local,1e-10,23,40f06f344adf812a,67315.2682795568,40f06f344ae26f70,67315.26828235178,6.741526828235179e-06,interior
real-age36|A|local,1,native-rsi256,support,1,0,0,0,1.7186568584293127e-05,9.728822086086934e-11,1e-08,1,A,real-age36,-1.7186568584293127e-05,-1.7186568584293127e-05,real-age36-A-1-local-native-rsi256,real-age36-A-1-local-natural-ee,1,natural-ee,0,local,1e-10,23,41059081b273c342,176656.21213486238,41059081b27cc600,176656.21215204895,1.7675621215204897e-05,interior
real-age36|A|local,1,native-rsi256,mean,1,0,0,0,2.125027931398904e-11,5.576734590191835e-11,1e-08,1,A,real-age36,2.125027931398904e-11,2.125027931398904e-11,real-age36-A-1-local-native-rsi256,real-age36-A-1-local-natural-ee,1,natural-ee,0,local,1e-10,23,3fd863297a9f81c5,0.38105236983213003,3fd863297a99aa6a,0.38105236981087975,1.0038105236981089e-08,interior
real-age36|A|local,1,native-rsi256,min,1,0,0,0,0.0,,1e-08,0,A,real-age36,0.0,0.0,real-age36-A-1-local-native-rsi256,real-age36-A-1-local-natural-ee,1,natural-ee,1,local,1e-10,23,0000000000000000,0.0,0000000000000000,0.0,1e-08,interior
real-age36|A|local,1,native-rsi256,max,1,0,0,0,0.0,0.0,1e-08,0,A,real-age36,0.0,0.0,real-age36-A-1-local-native-rsi256,real-age36-A-1-local-natural-ee,1,natural-ee,0,local,1e-10,23,402b4a4040000000,13.645021438598633,402b4a4040000000,13.645021438598633,1.1364502143859864e-08,interior
real-age36|A|local,1,native-skv-raw,sum,1,0,0,0,2.7949863579124212e-06,4.15208381282674e-11,1e-08,1,A,real-age36,-2.7949863579124212e-06,-2.7949863579124212e-06,real-age36-A-1-local-native-skv-raw,real-age36-A-1-local-natural-ee,1,natural-ee,0,local,1e-10,23,40f06f344adf812a,67315.2682795568,40f06f344ae26f70,67315.26828235178,6.741526828235179e-06,interior
real-age36|A|local,1,native-skv-raw,support,1,0,0,0,1.7186568584293127e-05,9.728822086086934e-11,1e-08,1,A,real-age36,-1.7186568584293127e-05,-1.7186568584293127e-05,real-age36-A-1-local-native-skv-raw,real-age36-A-1-local-natural-ee,1,natural-ee,0,local,1e-10,23,41059081b273c342,176656.21213486238,41059081b27cc600,176656.21215204895,1.7675621215204897e-05,interior
real-age36|A|local,1,native-skv-raw,mean,1,0,0,0,2.125027931398904e-11,5.576734590191835e-11,1e-08,1,A,real-age36,2.125027931398904e-11,2.125027931398904e-11,real-age36-A-1-local-native-skv-raw,real-age36-A-1-local-natural-ee,1,natural-ee,0,local,1e-10,23,3fd863297a9f81c5,0.38105236983213003,3fd863297a99aa6a,0.38105236981087975,1.0038105236981089e-08,interior
real-age36|A|local,1,native-skv-raw,min,1,0,0,0,0.0,,1e-08,0,A,real-age36,0.0,0.0,real-age36-A-1-local-native-skv-raw,real-age36-A-1-local-natural-ee,1,natural-ee,1,local,1e-10,23,0000000000000000,0.0,0000000000000000,0.0,1e-08,interior
real-age36|A|local,1,native-skv-raw,max,1,0,0,0,0.0,0.0,1e-08,0,A,real-age36,0.0,0.0,real-age36-A-1-local-native-skv-raw,real-age36-A-1-local-natural-ee,1,natural-ee,0,local,1e-10,23,402b4a4040000000,13.645021438598633,402b4a4040000000,13.645021438598633,1.1364502143859864e-08,interior
real-age36|A|local,1,native-skv-summary,sum,1,0,0,0,2.7949863579124212e-06,4.15208381282674e-11,1e-08,1,A,real-age36,-2.7949863579124212e-06,-2.7949863579124212e-06,real-age36-A-1-local-native-skv-summary,real-age36-A-1-local-natural-ee,1,natural-ee,0,local,1e-10,23,40f06f344adf812a,67315.2682795568,40f06f344ae26f70,67315.26828235178,6.741526828235179e-06,interior
real-age36|A|local,1,native-skv-summary,support,1,0,0,0,1.7186568584293127e-05,9.728822086086934e-11,1e-08,1,A,real-age36,-1.7186568584293127e-05,-1.7186568584293127e-05,real-age36-A-1-local-native-skv-summary,real-age36-A-1-local-natural-ee,1,natural-ee,0,local,1e-10,23,41059081b273c342,176656.21213486238,41059081b27cc600,176656.21215204895,1.7675621215204897e-05,interior
real-age36|A|local,1,native-skv-summary,mean,1,0,0,0,2.125027931398904e-11,5.576734590191835e-11,1e-08,1,A,real-age36,2.125027931398904e-11,2.125027931398904e-11,real-age36-A-1-local-native-skv-summary,real-age36-A-1-local-natural-ee,1,natural-ee,0,local,1e-10,23,3fd863297a9f81c5,0.38105236983213003,3fd863297a99aa6a,0.38105236981087975,1.0038105236981089e-08,interior
real-age36|A|local,1,native-skv-summary,min,1,0,0,0,0.0,,1e-08,0,A,real-age36,0.0,0.0,real-age36-A-1-local-native-skv-summary,real-age36-A-1-local-natural-ee,1,natural-ee,1,local,1e-10,23,0000000000000000,0.0,0000000000000000,0.0,1e-08,interior
real-age36|A|local,1,native-skv-summary,max,1,0,0,0,0.0,0.0,1e-08,0,A,real-age36,0.0,0.0,real-age36-A-1-local-native-skv-summary,real-age36-A-1-local-natural-ee,1,natural-ee,0,local,1e-10,23,402b4a4040000000,13.645021438598633,402b4a4040000000,13.645021438598633,1.1364502143859864e-08,interior
real-age36|A|local,2,native-tiff,sum,1,0,0,0,3.7404970498755574e-06,5.523974979493463e-11,1e-08,1,A,real-age36,-3.7404970498755574e-06,-3.7404970498755574e-06,real-age36-A-2-local-native-tiff,real-age36-A-2-local-natural-ee,1,natural-ee,0,local,1e-10,23,40f0881dddaba725,67713.8666187791,40f0881dddaf933a,67713.86662251959,6.781386662251959e-06,interior
real-age36|A|local,2,native-tiff,support,1,0,0,1,2.0986306481063366e-05,1.1720227154236435e-10,1e-08,1,A,real-age36,-2.0986306481063366e-05,-2.0986306481063366e-05,real-age36-A-2-local-native-tiff,real-age36-A-2-local-natural-ee,1,natural-ee,0,local,1e-10,23,4105dba49fa08f44,179060.57794296194,4105dba49fab9000,179060.57796394825,1.7916057796394826e-05,interior
real-age36|A|local,2,native-tiff,mean,1,0,0,0,2.3431867557377473e-11,6.196254854250676e-11,1e-08,1,A,real-age36,2.3431867557377473e-11,2.3431867557377473e-11,real-age36-A-2-local-native-tiff,real-age36-A-2-local-natural-ee,1,natural-ee,0,local,1e-10,23,3fd833cd75d768c4,0.3781617785258613,3fd833cd75d0f7e5,0.37816177850242944,1.0037816177850244e-08,interior
real-age36|A|local,2,native-tiff,min,1,0,0,0,0.0,,1e-08,0,A,real-age36,0.0,0.0,real-age36-A-2-local-native-tiff,real-age36-A-2-local-natural-ee,1,natural-ee,1,local,1e-10,23,0000000000000000,0.0,0000000000000000,0.0,1e-08,interior
real-age36|A|local,2,native-tiff,max,1,0,0,0,0.0,0.0,1e-08,0,A,real-age36,0.0,0.0,real-age36-A-2-local-native-tiff,real-age36-A-2-local-natural-ee,1,natural-ee,0,local,1e-10,23,402b4a4040000000,13.645021438598633,402b4a4040000000,13.645021438598633,1.1364502143859864e-08,interior
real-age36|A|local,2,native-cog,sum,1,0,0,0,3.7404970498755574e-06,5.523974979493463e-11,1e-08,1,A,real-age36,-3.7404970498755574e-06,-3.7404970498755574e-06,real-age36-A-2-local-native-cog,real-age36-A-2-local-natural-ee,1,natural-ee,0,local,1e-10,23,40f0881dddaba725,67713.8666187791,40f0881dddaf933a,67713.86662251959,6.781386662251959e-06,interior
real-age36|A|local,2,native-cog,support,1,0,0,1,2.0986306481063366e-05,1.1720227154236435e-10,1e-08,1,A,real-age36,-2.0986306481063366e-05,-2.0986306481063366e-05,real-age36-A-2-local-native-cog,real-age36-A-2-local-natural-ee,1,natural-ee,0,local,1e-10,23,4105dba49fa08f44,179060.57794296194,4105dba49fab9000,179060.57796394825,1.7916057796394826e-05,interior
real-age36|A|local,2,native-cog,mean,1,0,0,0,2.3431867557377473e-11,6.196254854250676e-11,1e-08,1,A,real-age36,2.3431867557377473e-11,2.3431867557377473e-11,real-age36-A-2-local-native-cog,real-age36-A-2-local-natural-ee,1,natural-ee,0,local,1e-10,23,3fd833cd75d768c4,0.3781617785258613,3fd833cd75d0f7e5,0.37816177850242944,1.0037816177850244e-08,interior
real-age36|A|local,2,native-cog,min,1,0,0,0,0.0,,1e-08,0,A,real-age36,0.0,0.0,real-age36-A-2-local-native-cog,real-age36-A-2-local-natural-ee,1,natural-ee,1,local,1e-10,23,0000000000000000,0.0,0000000000000000,0.0,1e-08,interior
real-age36|A|local,2,native-cog,max,1,0,0,0,0.0,0.0,1e-08,0,A,real-age36,0.0,0.0,real-age36-A-2-local-native-cog,real-age36-A-2-local-natural-ee,1,natural-ee,0,local,1e-10,23,402b4a4040000000,13.645021438598633,402b4a4040000000,13.645021438598633,1.1364502143859864e-08,interior
real-age36|A|local,2,native-rsi64,sum,1,0,0,0,3.7404970498755574e-06,5.523974979493463e-11,1e-08,1,A,real-age36,-3.7404970498755574e-06,-3.7404970498755574e-06,real-age36-A-2-local-native-rsi64,real-age36-A-2-local-natural-ee,1,natural-ee,0,local,1e-10,23,40f0881dddaba725,67713.8666187791,40f0881dddaf933a,67713.86662251959,6.781386662251959e-06,interior
real-age36|A|local,2,native-rsi64,support,1,0,0,1,2.0986306481063366e-05,1.1720227154236435e-10,1e-08,1,A,real-age36,-2.0986306481063366e-05,-2.0986306481063366e-05,real-age36-A-2-local-native-rsi64,real-age36-A-2-local-natural-ee,1,natural-ee,0,local,1e-10,23,4105dba49fa08f44,179060.57794296194,4105dba49fab9000,179060.57796394825,1.7916057796394826e-05,interior
real-age36|A|local,2,native-rsi64,mean,1,0,0,0,2.3431867557377473e-11,6.196254854250676e-11,1e-08,1,A,real-age36,2.3431867557377473e-11,2.3431867557377473e-11,real-age36-A-2-local-native-rsi64,real-age36-A-2-local-natural-ee,1,natural-ee,0,local,1e-10,23,3fd833cd75d768c4,0.3781617785258613,3fd833cd75d0f7e5,0.37816177850242944,1.0037816177850244e-08,interior
real-age36|A|local,2,native-rsi64,min,1,0,0,0,0.0,,1e-08,0,A,real-age36,0.0,0.0,real-age36-A-2-local-native-rsi64,real-age36-A-2-local-natural-ee,1,natural-ee,1,local,1e-10,23,0000000000000000,0.0,0000000000000000,0.0,1e-08,interior
real-age36|A|local,2,native-rsi64,max,1,0,0,0,0.0,0.0,1e-08,0,A,real-age36,0.0,0.0,real-age36-A-2-local-native-rsi64,real-age36-A-2-local-natural-ee,1,natural-ee,0,local,1e-10,23,402b4a4040000000,13.645021438598633,402b4a4040000000,13.645021438598633,1.1364502143859864e-08,interior
real-age36|A|local,2,native-rsi256,sum,1,0,0,0,3.7404970498755574e-06,5.523974979493463e-11,1e-08,1,A,real-age36,-3.7404970498755574e-06,-3.7404970498755574e-06,real-age36-A-2-local-native-rsi256,real-age36-A-2-local-natural-ee,1,natural-ee,0,local,1e-10,23,40f0881dddaba725,67713.8666187791,40f0881dddaf933a,67713.86662251959,6.781386662251959e-06,interior
real-age36|A|local,2,native-rsi256,support,1,0,0,1,2.0986306481063366e-05,1.1720227154236435e-10,1e-08,1,A,real-age36,-2.0986306481063366e-05,-2.0986306481063366e-05,real-age36-A-2-local-native-rsi256,real-age36-A-2-local-natural-ee,1,natural-ee,0,local,1e-10,23,4105dba49fa08f44,179060.57794296194,4105dba49fab9000,179060.57796394825,1.7916057796394826e-05,interior
real-age36|A|local,2,native-rsi256,mean,1,0,0,0,2.3431867557377473e-11,6.196254854250676e-11,1e-08,1,A,real-age36,2.3431867557377473e-11,2.3431867557377473e-11,real-age36-A-2-local-native-rsi256,real-age36-A-2-local-natural-ee,1,natural-ee,0,local,1e-10,23,3fd833cd75d768c4,0.3781617785258613,3fd833cd75d0f7e5,0.37816177850242944,1.0037816177850244e-08,interior
real-age36|A|local,2,native-rsi256,min,1,0,0,0,0.0,,1e-08,0,A,real-age36,0.0,0.0,real-age36-A-2-local-native-rsi256,real-age36-A-2-local-natural-ee,1,natural-ee,1,local,1e-10,23,0000000000000000,0.0,0000000000000000,0.0,1e-08,interior
real-age36|A|local,2,native-rsi256,max,1,0,0,0,0.0,0.0,1e-08,0,A,real-age36,0.0,0.0,real-age36-A-2-local-native-rsi256,real-age36-A-2-local-natural-ee,1,natural-ee,0,local,1e-10,23,402b4a4040000000,13.645021438598633,402b4a4040000000,13.645021438598633,1.1364502143859864e-08,interior
real-age36|A|local,2,native-skv-raw,sum,1,0,0,0,3.7404970498755574e-06,5.523974979493463e-11,1e-08,1,A,real-age36,-3.7404970498755574e-06,-3.7404970498755574e-06,real-age36-A-2-local-native-skv-raw,real-age36-A-2-local-natural-ee,1,natural-ee,0,local,1e-10,23,40f0881dddaba725,67713.8666187791,40f0881dddaf933a,67713.86662251959,6.781386662251959e-06,interior
real-age36|A|local,2,native-skv-raw,support,1,0,0,1,2.0986306481063366e-05,1.1720227154236435e-10,1e-08,1,A,real-age36,-2.0986306481063366e-05,-2.0986306481063366e-05,real-age36-A-2-local-native-skv-raw,real-age36-A-2-local-natural-ee,1,natural-ee,0,local,1e-10,23,4105dba49fa08f44,179060.57794296194,4105dba49fab9000,179060.57796394825,1.7916057796394826e-05,interior
real-age36|A|local,2,native-skv-raw,mean,1,0,0,0,2.3431867557377473e-11,6.196254854250676e-11,1e-08,1,A,real-age36,2.3431867557377473e-11,2.3431867557377473e-11,real-age36-A-2-local-native-skv-raw,real-age36-A-2-local-natural-ee,1,natural-ee,0,local,1e-10,23,3fd833cd75d768c4,0.3781617785258613,3fd833cd75d0f7e5,0.37816177850242944,1.0037816177850244e-08,interior
real-age36|A|local,2,native-skv-raw,min,1,0,0,0,0.0,,1e-08,0,A,real-age36,0.0,0.0,real-age36-A-2-local-native-skv-raw,real-age36-A-2-local-natural-ee,1,natural-ee,1,local,1e-10,23,0000000000000000,0.0,0000000000000000,0.0,1e-08,interior
real-age36|A|local,2,native-skv-raw,max,1,0,0,0,0.0,0.0,1e-08,0,A,real-age36,0.0,0.0,real-age36-A-2-local-native-skv-raw,real-age36-A-2-local-natural-ee,1,natural-ee,0,local,1e-10,23,402b4a4040000000,13.645021438598633,402b4a4040000000,13.645021438598633,1.1364502143859864e-08,interior
real-age36|A|local,2,native-skv-summary,sum,1,0,0,0,3.7404970498755574e-06,5.523974979493463e-11,1e-08,1,A,real-age36,-3.7404970498755574e-06,-3.7404970498755574e-06,real-age36-A-2-local-native-skv-summary,real-age36-A-2-local-natural-ee,1,natural-ee,0,local,1e-10,23,40f0881dddaba725,67713.8666187791,40f0881dddaf933a,67713.86662251959,6.781386662251959e-06,interior
real-age36|A|local,2,native-skv-summary,support,1,0,0,1,2.0986306481063366e-05,1.1720227154236435e-10,1e-08,1,A,real-age36,-2.0986306481063366e-05,-2.0986306481063366e-05,real-age36-A-2-local-native-skv-summary,real-age36-A-2-local-natural-ee,1,natural-ee,0,local,1e-10,23,4105dba49fa08f44,179060.57794296194,4105dba49fab9000,179060.57796394825,1.7916057796394826e-05,interior
real-age36|A|local,2,native-skv-summary,mean,1,0,0,0,2.3431867557377473e-11,6.196254854250676e-11,1e-08,1,A,real-age36,2.3431867557377473e-11,2.3431867557377473e-11,real-age36-A-2-local-native-skv-summary,real-age36-A-2-local-natural-ee,1,natural-ee,0,local,1e-10,23,3fd833cd75d768c4,0.3781617785258613,3fd833cd75d0f7e5,0.37816177850242944,1.0037816177850244e-08,interior
real-age36|A|local,2,native-skv-summary,min,1,0,0,0,0.0,,1e-08,0,A,real-age36,0.0,0.0,real-age36-A-2-local-native-skv-summary,real-age36-A-2-local-natural-ee,1,natural-ee,1,local,1e-10,23,0000000000000000,0.0,0000000000000000,0.0,1e-08,interior
real-age36|A|local,2,native-skv-summary,max,1,0,0,0,0.0,0.0,1e-08,0,A,real-age36,0.0,0.0,real-age36-A-2-local-native-skv-summary,real-age36-A-2-local-natural-ee,1,natural-ee,0,local,1e-10,23,402b4a4040000000,13.645021438598633,402b4a4040000000,13.645021438598633,1.1364502143859864e-08,interior
real-age36|B|http0,0,native-tiff,sum,8,0,0,4,1.2689080904237926e-05,1.9309602480264837e-09,1e-08,7,B,real-age36,1.2689080904237926e-05,-3.094739327025309e-07,real-age36-B-0-http0-native-tiff,real-age36-B-0-http0-natural-ee,8,natural-ee,1,http0,1e-10,23,40eb652c860b9051,56105.391362935894,40eb652c85f0f3eb,56105.39135024681,5.620539135024682e-06,hole
real-age36|B|http0,0,native-tiff,support,8,0,0,3,4.982086829841137e-05,6.730633384987028e-10,1e-08,7,B,real-age36,4.982086829841137e-05,-2.823952627295512e-07,real-age36-B-0-http0-native-tiff,real-age36-B-0-http0-natural-ee,8,natural-ee,1,http0,1e-10,23,410300f0ba8f82d8,155678.09109403822,410300f0ba756400,155678.09104421735,1.5577809104421737e-05,hole
real-age36|B|http0,0,native-tiff,mean,8,1,0,0,3.7807257324828925e-10,1.2999149662649968e-09,1e-08,6,B,real-age36,0.0,-3.7807257324828925e-10,real-age36-B-0-http0-native-tiff,real-age36-B-0-http0-natural-ee,7,natural-ee,0,http0,1e-10,23,3fd29d307d381dbe,0.2908440802425182,3fd29d307da00a3c,0.29084408062059075,1.002908440806206e-08,boundary
real-age36|B|http0,0,native-tiff,min,8,1,0,0,0.0,0.0,1e-08,0,B,real-age36,0.0,0.0,real-age36-B-0-http0-native-tiff,real-age36-B-0-http0-natural-ee,7,natural-ee,6,http0,1e-10,23,3fbdbea0c0000000,0.11619000136852264,3fbdbea0c0000000,0.11619000136852264,1.0011619000136852e-08,tiny
real-age36|B|http0,0,native-tiff,max,8,1,0,0,0.0,0.0,1e-08,0,B,real-age36,0.0,0.0,real-age36-B-0-http0-native-tiff,real-age36-B-0-http0-natural-ee,7,natural-ee,0,http0,1e-10,23,3fbdbea0c0000000,0.11619000136852264,3fbdbea0c0000000,0.11619000136852264,1.0011619000136852e-08,tiny
real-age36|B|http0,0,native-cog,sum,8,0,0,4,1.2689080904237926e-05,1.9309602480264837e-09,1e-08,7,B,real-age36,1.2689080904237926e-05,-3.094739327025309e-07,real-age36-B-0-http0-native-cog,real-age36-B-0-http0-natural-ee,8,natural-ee,1,http0,1e-10,23,40eb652c860b9051,56105.391362935894,40eb652c85f0f3eb,56105.39135024681,5.620539135024682e-06,hole
real-age36|B|http0,0,native-cog,support,8,0,0,3,4.982086829841137e-05,6.730633384987028e-10,1e-08,7,B,real-age36,4.982086829841137e-05,-2.823952627295512e-07,real-age36-B-0-http0-native-cog,real-age36-B-0-http0-natural-ee,8,natural-ee,1,http0,1e-10,23,410300f0ba8f82d8,155678.09109403822,410300f0ba756400,155678.09104421735,1.5577809104421737e-05,hole
real-age36|B|http0,0,native-cog,mean,8,1,0,0,3.7807257324828925e-10,1.2999149662649968e-09,1e-08,6,B,real-age36,0.0,-3.7807257324828925e-10,real-age36-B-0-http0-native-cog,real-age36-B-0-http0-natural-ee,7,natural-ee,0,http0,1e-10,23,3fd29d307d381dbe,0.2908440802425182,3fd29d307da00a3c,0.29084408062059075,1.002908440806206e-08,boundary
real-age36|B|http0,0,native-cog,min,8,1,0,0,0.0,0.0,1e-08,0,B,real-age36,0.0,0.0,real-age36-B-0-http0-native-cog,real-age36-B-0-http0-natural-ee,7,natural-ee,6,http0,1e-10,23,3fbdbea0c0000000,0.11619000136852264,3fbdbea0c0000000,0.11619000136852264,1.0011619000136852e-08,tiny
real-age36|B|http0,0,native-cog,max,8,1,0,0,0.0,0.0,1e-08,0,B,real-age36,0.0,0.0,real-age36-B-0-http0-native-cog,real-age36-B-0-http0-natural-ee,7,natural-ee,0,http0,1e-10,23,3fbdbea0c0000000,0.11619000136852264,3fbdbea0c0000000,0.11619000136852264,1.0011619000136852e-08,tiny
real-age36|B|http0,0,native-rsi64,sum,8,0,0,4,1.2689080904237926e-05,1.9309602480264837e-09,1e-08,7,B,real-age36,1.2689080904237926e-05,-3.094739327025309e-07,real-age36-B-0-http0-native-rsi64,real-age36-B-0-http0-natural-ee,8,natural-ee,1,http0,1e-10,23,40eb652c860b9051,56105.391362935894,40eb652c85f0f3eb,56105.39135024681,5.620539135024682e-06,hole
real-age36|B|http0,0,native-rsi64,support,8,0,0,3,4.982086829841137e-05,6.730633384987028e-10,1e-08,7,B,real-age36,4.982086829841137e-05,-2.823952627295512e-07,real-age36-B-0-http0-native-rsi64,real-age36-B-0-http0-natural-ee,8,natural-ee,1,http0,1e-10,23,410300f0ba8f82d8,155678.09109403822,410300f0ba756400,155678.09104421735,1.5577809104421737e-05,hole
real-age36|B|http0,0,native-rsi64,mean,8,1,0,0,3.7807257324828925e-10,1.2999149662649968e-09,1e-08,6,B,real-age36,0.0,-3.7807257324828925e-10,real-age36-B-0-http0-native-rsi64,real-age36-B-0-http0-natural-ee,7,natural-ee,0,http0,1e-10,23,3fd29d307d381dbe,0.2908440802425182,3fd29d307da00a3c,0.29084408062059075,1.002908440806206e-08,boundary
real-age36|B|http0,0,native-rsi64,min,8,1,0,0,0.0,0.0,1e-08,0,B,real-age36,0.0,0.0,real-age36-B-0-http0-native-rsi64,real-age36-B-0-http0-natural-ee,7,natural-ee,6,http0,1e-10,23,3fbdbea0c0000000,0.11619000136852264,3fbdbea0c0000000,0.11619000136852264,1.0011619000136852e-08,tiny
real-age36|B|http0,0,native-rsi64,max,8,1,0,0,0.0,0.0,1e-08,0,B,real-age36,0.0,0.0,real-age36-B-0-http0-native-rsi64,real-age36-B-0-http0-natural-ee,7,natural-ee,0,http0,1e-10,23,3fbdbea0c0000000,0.11619000136852264,3fbdbea0c0000000,0.11619000136852264,1.0011619000136852e-08,tiny
real-age36|B|http0,0,native-rsi256,sum,8,0,0,4,1.2689080904237926e-05,1.9309602480264837e-09,1e-08,7,B,real-age36,1.2689080904237926e-05,-3.094739327025309e-07,real-age36-B-0-http0-native-rsi256,real-age36-B-0-http0-natural-ee,8,natural-ee,1,http0,1e-10,23,40eb652c860b9051,56105.391362935894,40eb652c85f0f3eb,56105.39135024681,5.620539135024682e-06,hole
real-age36|B|http0,0,native-rsi256,support,8,0,0,3,4.982086829841137e-05,6.730633384987028e-10,1e-08,7,B,real-age36,4.982086829841137e-05,-2.823952627295512e-07,real-age36-B-0-http0-native-rsi256,real-age36-B-0-http0-natural-ee,8,natural-ee,1,http0,1e-10,23,410300f0ba8f82d8,155678.09109403822,410300f0ba756400,155678.09104421735,1.5577809104421737e-05,hole
real-age36|B|http0,0,native-rsi256,mean,8,1,0,0,3.7807257324828925e-10,1.2999149662649968e-09,1e-08,6,B,real-age36,0.0,-3.7807257324828925e-10,real-age36-B-0-http0-native-rsi256,real-age36-B-0-http0-natural-ee,7,natural-ee,0,http0,1e-10,23,3fd29d307d381dbe,0.2908440802425182,3fd29d307da00a3c,0.29084408062059075,1.002908440806206e-08,boundary
real-age36|B|http0,0,native-rsi256,min,8,1,0,0,0.0,0.0,1e-08,0,B,real-age36,0.0,0.0,real-age36-B-0-http0-native-rsi256,real-age36-B-0-http0-natural-ee,7,natural-ee,6,http0,1e-10,23,3fbdbea0c0000000,0.11619000136852264,3fbdbea0c0000000,0.11619000136852264,1.0011619000136852e-08,tiny
real-age36|B|http0,0,native-rsi256,max,8,1,0,0,0.0,0.0,1e-08,0,B,real-age36,0.0,0.0,real-age36-B-0-http0-native-rsi256,real-age36-B-0-http0-natural-ee,7,natural-ee,0,http0,1e-10,23,3fbdbea0c0000000,0.11619000136852264,3fbdbea0c0000000,0.11619000136852264,1.0011619000136852e-08,tiny
real-age36|B|http0,0,native-skv-raw,sum,8,0,0,4,1.2689080904237926e-05,1.9309602480264837e-09,1e-08,7,B,real-age36,1.2689080904237926e-05,-3.094739327025309e-07,real-age36-B-0-http0-native-skv-raw,real-age36-B-0-http0-natural-ee,8,natural-ee,1,http0,1e-10,23,40eb652c860b9051,56105.391362935894,40eb652c85f0f3eb,56105.39135024681,5.620539135024682e-06,hole
real-age36|B|http0,0,native-skv-raw,support,8,0,0,3,4.982086829841137e-05,6.730633384987028e-10,1e-08,7,B,real-age36,4.982086829841137e-05,-2.823952627295512e-07,real-age36-B-0-http0-native-skv-raw,real-age36-B-0-http0-natural-ee,8,natural-ee,1,http0,1e-10,23,410300f0ba8f82d8,155678.09109403822,410300f0ba756400,155678.09104421735,1.5577809104421737e-05,hole
real-age36|B|http0,0,native-skv-raw,mean,8,1,0,0,3.7807257324828925e-10,1.2999149662649968e-09,1e-08,6,B,real-age36,0.0,-3.7807257324828925e-10,real-age36-B-0-http0-native-skv-raw,real-age36-B-0-http0-natural-ee,7,natural-ee,0,http0,1e-10,23,3fd29d307d381dbe,0.2908440802425182,3fd29d307da00a3c,0.29084408062059075,1.002908440806206e-08,boundary
real-age36|B|http0,0,native-skv-raw,min,8,1,0,0,0.0,0.0,1e-08,0,B,real-age36,0.0,0.0,real-age36-B-0-http0-native-skv-raw,real-age36-B-0-http0-natural-ee,7,natural-ee,6,http0,1e-10,23,3fbdbea0c0000000,0.11619000136852264,3fbdbea0c0000000,0.11619000136852264,1.0011619000136852e-08,tiny
real-age36|B|http0,0,native-skv-raw,max,8,1,0,0,0.0,0.0,1e-08,0,B,real-age36,0.0,0.0,real-age36-B-0-http0-native-skv-raw,real-age36-B-0-http0-natural-ee,7,natural-ee,0,http0,1e-10,23,3fbdbea0c0000000,0.11619000136852264,3fbdbea0c0000000,0.11619000136852264,1.0011619000136852e-08,tiny
real-age36|B|http0,0,native-skv-summary,sum,8,0,0,4,1.2689080904237926e-05,1.9309602480264837e-09,1e-08,7,B,real-age36,1.2689080904237926e-05,-3.094739327025309e-07,real-age36-B-0-http0-native-skv-summary,real-age36-B-0-http0-natural-ee,8,natural-ee,1,http0,1e-10,23,40eb652c860b9051,56105.391362935894,40eb652c85f0f3eb,56105.39135024681,5.620539135024682e-06,hole
real-age36|B|http0,0,native-skv-summary,support,8,0,0,3,4.982086829841137e-05,6.730633384987028e-10,1e-08,7,B,real-age36,4.982086829841137e-05,-2.823952627295512e-07,real-age36-B-0-http0-native-skv-summary,real-age36-B-0-http0-natural-ee,8,natural-ee,1,http0,1e-10,23,410300f0ba8f82d8,155678.09109403822,410300f0ba756400,155678.09104421735,1.5577809104421737e-05,hole
real-age36|B|http0,0,native-skv-summary,mean,8,1,0,0,3.7807257324828925e-10,1.2999149662649968e-09,1e-08,6,B,real-age36,0.0,-3.7807257324828925e-10,real-age36-B-0-http0-native-skv-summary,real-age36-B-0-http0-natural-ee,7,natural-ee,0,http0,1e-10,23,3fd29d307d381dbe,0.2908440802425182,3fd29d307da00a3c,0.29084408062059075,1.002908440806206e-08,boundary
real-age36|B|http0,0,native-skv-summary,min,8,1,0,0,0.0,0.0,1e-08,0,B,real-age36,0.0,0.0,real-age36-B-0-http0-native-skv-summary,real-age36-B-0-http0-natural-ee,7,natural-ee,6,http0,1e-10,23,3fbdbea0c0000000,0.11619000136852264,3fbdbea0c0000000,0.11619000136852264,1.0011619000136852e-08,tiny
real-age36|B|http0,0,native-skv-summary,max,8,1,0,0,0.0,0.0,1e-08,0,B,real-age36,0.0,0.0,real-age36-B-0-http0-native-skv-summary,real-age36-B-0-http0-natural-ee,7,natural-ee,0,http0,1e-10,23,3fbdbea0c0000000,0.11619000136852264,3fbdbea0c0000000,0.11619000136852264,1.0011619000136852e-08,tiny
real-age36|B|http0,1,native-tiff,sum,8,0,0,4,1.1723575880751014e-05,1.8565963303623127e-09,1e-08,7,B,real-age36,1.0350959200877696e-06,-1.1723575880751014e-05,real-age36-B-1-http0-native-tiff,real-age36-B-1-http0-natural-ee,8,natural-ee,1,http0,1e-10,23,40eae8aed4938271,55109.46344924428,40eae8aed4ac187d,55109.463460967854,5.5209463460967855e-06,hole
real-age36|B|http0,1,native-tiff,support,8,0,0,4,3.7901365431025624e-05,1.4485739322151477e-09,1e-08,7,B,real-age36,7.049311534501612e-06,-3.7901365431025624e-05,real-age36-B-1-http0-native-tiff,real-age36-B-1-http0-natural-ee,8,natural-ee,1,http0,1e-10,23,41031d5c6d70b0f7,156587.5534375978,41031d5c6d849000,156587.55347549915,1.566875534754992e-05,hole
real-age36|B|http0,1,native-tiff,mean,8,1,0,0,3.1294472568887954e-10,1.0823575200457876e-09,1e-08,7,B,real-age36,1.9734097689294572e-10,-3.1294472568887954e-10,real-age36-B-1-http0-native-tiff,real-age36-B-1-http0-natural-ee,7,natural-ee,0,http0,1e-10,23,3fd281258fb1ffa8,0.28913249047036027,3fd281259008052f,0.289132490783305,1.002891324907833e-08,boundary
real-age36|B|http0,1,native-tiff,min,8,1,0,0,0.0,0.0,1e-08,0,B,real-age36,0.0,0.0,real-age36-B-1-http0-native-tiff,real-age36-B-1-http0-natural-ee,7,natural-ee,6,http0,1e-10,23,3faa42aee0000000,0.05129000172019005,3faa42aee0000000,0.05129000172019005,1.000512900017202e-08,tiny
real-age36|B|http0,1,native-tiff,max,8,1,0,0,0.0,0.0,1e-08,0,B,real-age36,0.0,0.0,real-age36-B-1-http0-native-tiff,real-age36-B-1-http0-natural-ee,7,natural-ee,0,http0,1e-10,23,3fbdbea0c0000000,0.11619000136852264,3fbdbea0c0000000,0.11619000136852264,1.0011619000136852e-08,tiny
real-age36|B|http0,1,native-cog,sum,8,0,0,4,1.1723575880751014e-05,1.8565963303623127e-09,1e-08,7,B,real-age36,1.0350959200877696e-06,-1.1723575880751014e-05,real-age36-B-1-http0-native-cog,real-age36-B-1-http0-natural-ee,8,natural-ee,1,http0,1e-10,23,40eae8aed4938271,55109.46344924428,40eae8aed4ac187d,55109.463460967854,5.5209463460967855e-06,hole
real-age36|B|http0,1,native-cog,support,8,0,0,4,3.7901365431025624e-05,1.4485739322151477e-09,1e-08,7,B,real-age36,7.049311534501612e-06,-3.7901365431025624e-05,real-age36-B-1-http0-native-cog,real-age36-B-1-http0-natural-ee,8,natural-ee,1,http0,1e-10,23,41031d5c6d70b0f7,156587.5534375978,41031d5c6d849000,156587.55347549915,1.566875534754992e-05,hole
real-age36|B|http0,1,native-cog,mean,8,1,0,0,3.1294472568887954e-10,1.0823575200457876e-09,1e-08,7,B,real-age36,1.9734097689294572e-10,-3.1294472568887954e-10,real-age36-B-1-http0-native-cog,real-age36-B-1-http0-natural-ee,7,natural-ee,0,http0,1e-10,23,3fd281258fb1ffa8,0.28913249047036027,3fd281259008052f,0.289132490783305,1.002891324907833e-08,boundary
real-age36|B|http0,1,native-cog,min,8,1,0,0,0.0,0.0,1e-08,0,B,real-age36,0.0,0.0,real-age36-B-1-http0-native-cog,real-age36-B-1-http0-natural-ee,7,natural-ee,6,http0,1e-10,23,3faa42aee0000000,0.05129000172019005,3faa42aee0000000,0.05129000172019005,1.000512900017202e-08,tiny
real-age36|B|http0,1,native-cog,max,8,1,0,0,0.0,0.0,1e-08,0,B,real-age36,0.0,0.0,real-age36-B-1-http0-native-cog,real-age36-B-1-http0-natural-ee,7,natural-ee,0,http0,1e-10,23,3fbdbea0c0000000,0.11619000136852264,3fbdbea0c0000000,0.11619000136852264,1.0011619000136852e-08,tiny
real-age36|B|http0,1,native-rsi64,sum,8,0,0,4,1.1723575880751014e-05,1.8565963303623127e-09,1e-08,7,B,real-age36,1.0350959200877696e-06,-1.1723575880751014e-05,real-age36-B-1-http0-native-rsi64,real-age36-B-1-http0-natural-ee,8,natural-ee,1,http0,1e-10,23,40eae8aed4938271,55109.46344924428,40eae8aed4ac187d,55109.463460967854,5.5209463460967855e-06,hole
real-age36|B|http0,1,native-rsi64,support,8,0,0,4,3.7901365431025624e-05,1.4485739322151477e-09,1e-08,7,B,real-age36,7.049311534501612e-06,-3.7901365431025624e-05,real-age36-B-1-http0-native-rsi64,real-age36-B-1-http0-natural-ee,8,natural-ee,1,http0,1e-10,23,41031d5c6d70b0f7,156587.5534375978,41031d5c6d849000,156587.55347549915,1.566875534754992e-05,hole
real-age36|B|http0,1,native-rsi64,mean,8,1,0,0,3.1294472568887954e-10,1.0823575200457876e-09,1e-08,7,B,real-age36,1.9734097689294572e-10,-3.1294472568887954e-10,real-age36-B-1-http0-native-rsi64,real-age36-B-1-http0-natural-ee,7,natural-ee,0,http0,1e-10,23,3fd281258fb1ffa8,0.28913249047036027,3fd281259008052f,0.289132490783305,1.002891324907833e-08,boundary
real-age36|B|http0,1,native-rsi64,min,8,1,0,0,0.0,0.0,1e-08,0,B,real-age36,0.0,0.0,real-age36-B-1-http0-native-rsi64,real-age36-B-1-http0-natural-ee,7,natural-ee,6,http0,1e-10,23,3faa42aee0000000,0.05129000172019005,3faa42aee0000000,0.05129000172019005,1.000512900017202e-08,tiny
real-age36|B|http0,1,native-rsi64,max,8,1,0,0,0.0,0.0,1e-08,0,B,real-age36,0.0,0.0,real-age36-B-1-http0-native-rsi64,real-age36-B-1-http0-natural-ee,7,natural-ee,0,http0,1e-10,23,3fbdbea0c0000000,0.11619000136852264,3fbdbea0c0000000,0.11619000136852264,1.0011619000136852e-08,tiny
real-age36|B|http0,1,native-rsi256,sum,8,0,0,4,1.1723575880751014e-05,1.8565963303623127e-09,1e-08,7,B,real-age36,1.0350959200877696e-06,-1.1723575880751014e-05,real-age36-B-1-http0-native-rsi256,real-age36-B-1-http0-natural-ee,8,natural-ee,1,http0,1e-10,23,40eae8aed4938271,55109.46344924428,40eae8aed4ac187d,55109.463460967854,5.5209463460967855e-06,hole
real-age36|B|http0,1,native-rsi256,support,8,0,0,4,3.7901365431025624e-05,1.4485739322151477e-09,1e-08,7,B,real-age36,7.049311534501612e-06,-3.7901365431025624e-05,real-age36-B-1-http0-native-rsi256,real-age36-B-1-http0-natural-ee,8,natural-ee,1,http0,1e-10,23,41031d5c6d70b0f7,156587.5534375978,41031d5c6d849000,156587.55347549915,1.566875534754992e-05,hole
real-age36|B|http0,1,native-rsi256,mean,8,1,0,0,3.1294472568887954e-10,1.0823575200457876e-09,1e-08,7,B,real-age36,1.9734097689294572e-10,-3.1294472568887954e-10,real-age36-B-1-http0-native-rsi256,real-age36-B-1-http0-natural-ee,7,natural-ee,0,http0,1e-10,23,3fd281258fb1ffa8,0.28913249047036027,3fd281259008052f,0.289132490783305,1.002891324907833e-08,boundary
real-age36|B|http0,1,native-rsi256,min,8,1,0,0,0.0,0.0,1e-08,0,B,real-age36,0.0,0.0,real-age36-B-1-http0-native-rsi256,real-age36-B-1-http0-natural-ee,7,natural-ee,6,http0,1e-10,23,3faa42aee0000000,0.05129000172019005,3faa42aee0000000,0.05129000172019005,1.000512900017202e-08,tiny
real-age36|B|http0,1,native-rsi256,max,8,1,0,0,0.0,0.0,1e-08,0,B,real-age36,0.0,0.0,real-age36-B-1-http0-native-rsi256,real-age36-B-1-http0-natural-ee,7,natural-ee,0,http0,1e-10,23,3fbdbea0c0000000,0.11619000136852264,3fbdbea0c0000000,0.11619000136852264,1.0011619000136852e-08,tiny
real-age36|B|http0,1,native-skv-raw,sum,8,0,0,4,1.1723575880751014e-05,1.8565963303623127e-09,1e-08,7,B,real-age36,1.0350959200877696e-06,-1.1723575880751014e-05,real-age36-B-1-http0-native-skv-raw,real-age36-B-1-http0-natural-ee,8,natural-ee,1,http0,1e-10,23,40eae8aed4938271,55109.46344924428,40eae8aed4ac187d,55109.463460967854,5.5209463460967855e-06,hole
real-age36|B|http0,1,native-skv-raw,support,8,0,0,4,3.7901365431025624e-05,1.4485739322151477e-09,1e-08,7,B,real-age36,7.049311534501612e-06,-3.7901365431025624e-05,real-age36-B-1-http0-native-skv-raw,real-age36-B-1-http0-natural-ee,8,natural-ee,1,http0,1e-10,23,41031d5c6d70b0f7,156587.5534375978,41031d5c6d849000,156587.55347549915,1.566875534754992e-05,hole
real-age36|B|http0,1,native-skv-raw,mean,8,1,0,0,3.1294472568887954e-10,1.0823575200457876e-09,1e-08,7,B,real-age36,1.9734097689294572e-10,-3.1294472568887954e-10,real-age36-B-1-http0-native-skv-raw,real-age36-B-1-http0-natural-ee,7,natural-ee,0,http0,1e-10,23,3fd281258fb1ffa8,0.28913249047036027,3fd281259008052f,0.289132490783305,1.002891324907833e-08,boundary
real-age36|B|http0,1,native-skv-raw,min,8,1,0,0,0.0,0.0,1e-08,0,B,real-age36,0.0,0.0,real-age36-B-1-http0-native-skv-raw,real-age36-B-1-http0-natural-ee,7,natural-ee,6,http0,1e-10,23,3faa42aee0000000,0.05129000172019005,3faa42aee0000000,0.05129000172019005,1.000512900017202e-08,tiny
real-age36|B|http0,1,native-skv-raw,max,8,1,0,0,0.0,0.0,1e-08,0,B,real-age36,0.0,0.0,real-age36-B-1-http0-native-skv-raw,real-age36-B-1-http0-natural-ee,7,natural-ee,0,http0,1e-10,23,3fbdbea0c0000000,0.11619000136852264,3fbdbea0c0000000,0.11619000136852264,1.0011619000136852e-08,tiny
real-age36|B|http0,1,native-skv-summary,sum,8,0,0,4,1.1723575880751014e-05,1.8565963303623127e-09,1e-08,7,B,real-age36,1.0350959200877696e-06,-1.1723575880751014e-05,real-age36-B-1-http0-native-skv-summary,real-age36-B-1-http0-natural-ee,8,natural-ee,1,http0,1e-10,23,40eae8aed4938271,55109.46344924428,40eae8aed4ac187d,55109.463460967854,5.5209463460967855e-06,hole
real-age36|B|http0,1,native-skv-summary,support,8,0,0,4,3.7901365431025624e-05,1.4485739322151477e-09,1e-08,7,B,real-age36,7.049311534501612e-06,-3.7901365431025624e-05,real-age36-B-1-http0-native-skv-summary,real-age36-B-1-http0-natural-ee,8,natural-ee,1,http0,1e-10,23,41031d5c6d70b0f7,156587.5534375978,41031d5c6d849000,156587.55347549915,1.566875534754992e-05,hole
real-age36|B|http0,1,native-skv-summary,mean,8,1,0,0,3.1294472568887954e-10,1.0823575200457876e-09,1e-08,7,B,real-age36,1.9734097689294572e-10,-3.1294472568887954e-10,real-age36-B-1-http0-native-skv-summary,real-age36-B-1-http0-natural-ee,7,natural-ee,0,http0,1e-10,23,3fd281258fb1ffa8,0.28913249047036027,3fd281259008052f,0.289132490783305,1.002891324907833e-08,boundary
real-age36|B|http0,1,native-skv-summary,min,8,1,0,0,0.0,0.0,1e-08,0,B,real-age36,0.0,0.0,real-age36-B-1-http0-native-skv-summary,real-age36-B-1-http0-natural-ee,7,natural-ee,6,http0,1e-10,23,3faa42aee0000000,0.05129000172019005,3faa42aee0000000,0.05129000172019005,1.000512900017202e-08,tiny
real-age36|B|http0,1,native-skv-summary,max,8,1,0,0,0.0,0.0,1e-08,0,B,real-age36,0.0,0.0,real-age36-B-1-http0-native-skv-summary,real-age36-B-1-http0-natural-ee,7,natural-ee,0,http0,1e-10,23,3fbdbea0c0000000,0.11619000136852264,3fbdbea0c0000000,0.11619000136852264,1.0011619000136852e-08,tiny
real-age36|B|http0,2,native-tiff,sum,8,0,0,4,3.7404970498755574e-06,4.961270205379694e-09,1e-08,7,B,real-age36,4.327193892095238e-07,-3.7404970498755574e-06,real-age36-B-2-http0-native-tiff,real-age36-B-2-http0-natural-ee,8,natural-ee,1,http0,1e-10,23,40f0881dddaba725,67713.8666187791,40f0881dddaf933a,67713.86662251959,6.781386662251959e-06,interior
real-age36|B|http0,2,native-tiff,support,8,0,0,5,2.0986306481063366e-05,7.421022185429434e-09,1e-08,7,B,real-age36,2.4841319827828556e-06,-2.0986306481063366e-05,real-age36-B-2-http0-native-tiff,real-age36-B-2-http0-natural-ee,8,natural-ee,1,http0,1e-10,23,4105dba49fa08f44,179060.57794296194,4105dba49fab9000,179060.57796394825,1.7916057796394826e-05,interior
real-age36|B|http0,2,native-tiff,mean,8,1,0,0,2.3210944277707313e-10,2.459751932029944e-09,1e-08,7,B,real-age36,3.437783391291305e-11,-2.3210944277707313e-10,real-age36-B-2-http0-native-tiff,real-age36-B-2-http0-natural-ee,7,natural-ee,0,http0,1e-10,23,3fde2ff66f756605,0.47167740711810807,3fde2ff66fb53345,0.4716774073502175,1.0047167740735022e-08,compact
real-age36|B|http0,2,native-tiff,min,8,1,0,0,0.0,0.0,1e-08,0,B,real-age36,0.0,0.0,real-age36-B-2-http0-native-tiff,real-age36-B-2-http0-natural-ee,7,natural-ee,6,http0,1e-10,23,3f755f7840000000,0.005218000151216984,3f755f7840000000,0.005218000151216984,1.0000521800015122e-08,tiny
real-age36|B|http0,2,native-tiff,max,8,1,0,0,0.0,0.0,1e-08,0,B,real-age36,0.0,0.0,real-age36-B-2-http0-native-tiff,real-age36-B-2-http0-natural-ee,7,natural-ee,0,http0,1e-10,23,3faa42aee0000000,0.05129000172019005,3faa42aee0000000,0.05129000172019005,1.000512900017202e-08,tiny
real-age36|B|http0,2,native-cog,sum,8,0,0,4,3.7404970498755574e-06,4.961270205379694e-09,1e-08,7,B,real-age36,4.327193892095238e-07,-3.7404970498755574e-06,real-age36-B-2-http0-native-cog,real-age36-B-2-http0-natural-ee,8,natural-ee,1,http0,1e-10,23,40f0881dddaba725,67713.8666187791,40f0881dddaf933a,67713.86662251959,6.781386662251959e-06,interior
real-age36|B|http0,2,native-cog,support,8,0,0,5,2.0986306481063366e-05,7.421022185429434e-09,1e-08,7,B,real-age36,2.4841319827828556e-06,-2.0986306481063366e-05,real-age36-B-2-http0-native-cog,real-age36-B-2-http0-natural-ee,8,natural-ee,1,http0,1e-10,23,4105dba49fa08f44,179060.57794296194,4105dba49fab9000,179060.57796394825,1.7916057796394826e-05,interior
real-age36|B|http0,2,native-cog,mean,8,1,0,0,2.3210944277707313e-10,2.459751932029944e-09,1e-08,7,B,real-age36,3.437783391291305e-11,-2.3210944277707313e-10,real-age36-B-2-http0-native-cog,real-age36-B-2-http0-natural-ee,7,natural-ee,0,http0,1e-10,23,3fde2ff66f756605,0.47167740711810807,3fde2ff66fb53345,0.4716774073502175,1.0047167740735022e-08,compact
real-age36|B|http0,2,native-cog,min,8,1,0,0,0.0,0.0,1e-08,0,B,real-age36,0.0,0.0,real-age36-B-2-http0-native-cog,real-age36-B-2-http0-natural-ee,7,natural-ee,6,http0,1e-10,23,3f755f7840000000,0.005218000151216984,3f755f7840000000,0.005218000151216984,1.0000521800015122e-08,tiny
real-age36|B|http0,2,native-cog,max,8,1,0,0,0.0,0.0,1e-08,0,B,real-age36,0.0,0.0,real-age36-B-2-http0-native-cog,real-age36-B-2-http0-natural-ee,7,natural-ee,0,http0,1e-10,23,3faa42aee0000000,0.05129000172019005,3faa42aee0000000,0.05129000172019005,1.000512900017202e-08,tiny
real-age36|B|http0,2,native-rsi64,sum,8,0,0,4,3.7404970498755574e-06,4.961270205379694e-09,1e-08,7,B,real-age36,4.327193892095238e-07,-3.7404970498755574e-06,real-age36-B-2-http0-native-rsi64,real-age36-B-2-http0-natural-ee,8,natural-ee,1,http0,1e-10,23,40f0881dddaba725,67713.8666187791,40f0881dddaf933a,67713.86662251959,6.781386662251959e-06,interior
real-age36|B|http0,2,native-rsi64,support,8,0,0,5,2.0986306481063366e-05,7.421022185429434e-09,1e-08,7,B,real-age36,2.4841319827828556e-06,-2.0986306481063366e-05,real-age36-B-2-http0-native-rsi64,real-age36-B-2-http0-natural-ee,8,natural-ee,1,http0,1e-10,23,4105dba49fa08f44,179060.57794296194,4105dba49fab9000,179060.57796394825,1.7916057796394826e-05,interior
real-age36|B|http0,2,native-rsi64,mean,8,1,0,0,2.3210944277707313e-10,2.459751932029944e-09,1e-08,7,B,real-age36,3.437783391291305e-11,-2.3210944277707313e-10,real-age36-B-2-http0-native-rsi64,real-age36-B-2-http0-natural-ee,7,natural-ee,0,http0,1e-10,23,3fde2ff66f756605,0.47167740711810807,3fde2ff66fb53345,0.4716774073502175,1.0047167740735022e-08,compact
real-age36|B|http0,2,native-rsi64,min,8,1,0,0,0.0,0.0,1e-08,0,B,real-age36,0.0,0.0,real-age36-B-2-http0-native-rsi64,real-age36-B-2-http0-natural-ee,7,natural-ee,6,http0,1e-10,23,3f755f7840000000,0.005218000151216984,3f755f7840000000,0.005218000151216984,1.0000521800015122e-08,tiny
real-age36|B|http0,2,native-rsi64,max,8,1,0,0,0.0,0.0,1e-08,0,B,real-age36,0.0,0.0,real-age36-B-2-http0-native-rsi64,real-age36-B-2-http0-natural-ee,7,natural-ee,0,http0,1e-10,23,3faa42aee0000000,0.05129000172019005,3faa42aee0000000,0.05129000172019005,1.000512900017202e-08,tiny
real-age36|B|http0,2,native-rsi256,sum,8,0,0,4,3.7404970498755574e-06,4.961270205379694e-09,1e-08,7,B,real-age36,4.327193892095238e-07,-3.7404970498755574e-06,real-age36-B-2-http0-native-rsi256,real-age36-B-2-http0-natural-ee,8,natural-ee,1,http0,1e-10,23,40f0881dddaba725,67713.8666187791,40f0881dddaf933a,67713.86662251959,6.781386662251959e-06,interior
real-age36|B|http0,2,native-rsi256,support,8,0,0,5,2.0986306481063366e-05,7.421022185429434e-09,1e-08,7,B,real-age36,2.4841319827828556e-06,-2.0986306481063366e-05,real-age36-B-2-http0-native-rsi256,real-age36-B-2-http0-natural-ee,8,natural-ee,1,http0,1e-10,23,4105dba49fa08f44,179060.57794296194,4105dba49fab9000,179060.57796394825,1.7916057796394826e-05,interior
real-age36|B|http0,2,native-rsi256,mean,8,1,0,0,2.3210944277707313e-10,2.459751932029944e-09,1e-08,7,B,real-age36,3.437783391291305e-11,-2.3210944277707313e-10,real-age36-B-2-http0-native-rsi256,real-age36-B-2-http0-natural-ee,7,natural-ee,0,http0,1e-10,23,3fde2ff66f756605,0.47167740711810807,3fde2ff66fb53345,0.4716774073502175,1.0047167740735022e-08,compact
real-age36|B|http0,2,native-rsi256,min,8,1,0,0,0.0,0.0,1e-08,0,B,real-age36,0.0,0.0,real-age36-B-2-http0-native-rsi256,real-age36-B-2-http0-natural-ee,7,natural-ee,6,http0,1e-10,23,3f755f7840000000,0.005218000151216984,3f755f7840000000,0.005218000151216984,1.0000521800015122e-08,tiny
real-age36|B|http0,2,native-rsi256,max,8,1,0,0,0.0,0.0,1e-08,0,B,real-age36,0.0,0.0,real-age36-B-2-http0-native-rsi256,real-age36-B-2-http0-natural-ee,7,natural-ee,0,http0,1e-10,23,3faa42aee0000000,0.05129000172019005,3faa42aee0000000,0.05129000172019005,1.000512900017202e-08,tiny
real-age36|B|http0,2,native-skv-raw,sum,8,0,0,4,3.7404970498755574e-06,4.961270205379694e-09,1e-08,7,B,real-age36,4.327193892095238e-07,-3.7404970498755574e-06,real-age36-B-2-http0-native-skv-raw,real-age36-B-2-http0-natural-ee,8,natural-ee,1,http0,1e-10,23,40f0881dddaba725,67713.8666187791,40f0881dddaf933a,67713.86662251959,6.781386662251959e-06,interior
real-age36|B|http0,2,native-skv-raw,support,8,0,0,5,2.0986306481063366e-05,7.421022185429434e-09,1e-08,7,B,real-age36,2.4841319827828556e-06,-2.0986306481063366e-05,real-age36-B-2-http0-native-skv-raw,real-age36-B-2-http0-natural-ee,8,natural-ee,1,http0,1e-10,23,4105dba49fa08f44,179060.57794296194,4105dba49fab9000,179060.57796394825,1.7916057796394826e-05,interior
real-age36|B|http0,2,native-skv-raw,mean,8,1,0,0,2.3210944277707313e-10,2.459751932029944e-09,1e-08,7,B,real-age36,3.437783391291305e-11,-2.3210944277707313e-10,real-age36-B-2-http0-native-skv-raw,real-age36-B-2-http0-natural-ee,7,natural-ee,0,http0,1e-10,23,3fde2ff66f756605,0.47167740711810807,3fde2ff66fb53345,0.4716774073502175,1.0047167740735022e-08,compact
real-age36|B|http0,2,native-skv-raw,min,8,1,0,0,0.0,0.0,1e-08,0,B,real-age36,0.0,0.0,real-age36-B-2-http0-native-skv-raw,real-age36-B-2-http0-natural-ee,7,natural-ee,6,http0,1e-10,23,3f755f7840000000,0.005218000151216984,3f755f7840000000,0.005218000151216984,1.0000521800015122e-08,tiny
real-age36|B|http0,2,native-skv-raw,max,8,1,0,0,0.0,0.0,1e-08,0,B,real-age36,0.0,0.0,real-age36-B-2-http0-native-skv-raw,real-age36-B-2-http0-natural-ee,7,natural-ee,0,http0,1e-10,23,3faa42aee0000000,0.05129000172019005,3faa42aee0000000,0.05129000172019005,1.000512900017202e-08,tiny
real-age36|B|http0,2,native-skv-summary,sum,8,0,0,4,3.7404970498755574e-06,4.961270205379694e-09,1e-08,7,B,real-age36,4.327193892095238e-07,-3.7404970498755574e-06,real-age36-B-2-http0-native-skv-summary,real-age36-B-2-http0-natural-ee,8,natural-ee,1,http0,1e-10,23,40f0881dddaba725,67713.8666187791,40f0881dddaf933a,67713.86662251959,6.781386662251959e-06,interior
real-age36|B|http0,2,native-skv-summary,support,8,0,0,5,2.0986306481063366e-05,7.421022185429434e-09,1e-08,7,B,real-age36,2.4841319827828556e-06,-2.0986306481063366e-05,real-age36-B-2-http0-native-skv-summary,real-age36-B-2-http0-natural-ee,8,natural-ee,1,http0,1e-10,23,4105dba49fa08f44,179060.57794296194,4105dba49fab9000,179060.57796394825,1.7916057796394826e-05,interior
real-age36|B|http0,2,native-skv-summary,mean,8,1,0,0,2.3210944277707313e-10,2.459751932029944e-09,1e-08,7,B,real-age36,3.437783391291305e-11,-2.3210944277707313e-10,real-age36-B-2-http0-native-skv-summary,real-age36-B-2-http0-natural-ee,7,natural-ee,0,http0,1e-10,23,3fde2ff66f756605,0.47167740711810807,3fde2ff66fb53345,0.4716774073502175,1.0047167740735022e-08,compact
real-age36|B|http0,2,native-skv-summary,min,8,1,0,0,0.0,0.0,1e-08,0,B,real-age36,0.0,0.0,real-age36-B-2-http0-native-skv-summary,real-age36-B-2-http0-natural-ee,7,natural-ee,6,http0,1e-10,23,3f755f7840000000,0.005218000151216984,3f755f7840000000,0.005218000151216984,1.0000521800015122e-08,tiny
real-age36|B|http0,2,native-skv-summary,max,8,1,0,0,0.0,0.0,1e-08,0,B,real-age36,0.0,0.0,real-age36-B-2-http0-native-skv-summary,real-age36-B-2-http0-natural-ee,7,natural-ee,0,http0,1e-10,23,3faa42aee0000000,0.05129000172019005,3faa42aee0000000,0.05129000172019005,1.000512900017202e-08,tiny
real-age36|B|local,0,native-tiff,sum,8,0,0,4,1.2689080904237926e-05,1.9309602480264837e-09,1e-08,7,B,real-age36,1.2689080904237926e-05,-3.094739327025309e-07,real-age36-B-0-local-native-tiff,real-age36-B-0-local-natural-ee,8,natural-ee,1,local,1e-10,23,40eb652c860b9051,56105.391362935894,40eb652c85f0f3eb,56105.39135024681,5.620539135024682e-06,hole
real-age36|B|local,0,native-tiff,support,8,0,0,3,4.982086829841137e-05,6.730633384987028e-10,1e-08,7,B,real-age36,4.982086829841137e-05,-2.823952627295512e-07,real-age36-B-0-local-native-tiff,real-age36-B-0-local-natural-ee,8,natural-ee,1,local,1e-10,23,410300f0ba8f82d8,155678.09109403822,410300f0ba756400,155678.09104421735,1.5577809104421737e-05,hole
real-age36|B|local,0,native-tiff,mean,8,1,0,0,3.7807257324828925e-10,1.2999149662649968e-09,1e-08,6,B,real-age36,0.0,-3.7807257324828925e-10,real-age36-B-0-local-native-tiff,real-age36-B-0-local-natural-ee,7,natural-ee,0,local,1e-10,23,3fd29d307d381dbe,0.2908440802425182,3fd29d307da00a3c,0.29084408062059075,1.002908440806206e-08,boundary
real-age36|B|local,0,native-tiff,min,8,1,0,0,0.0,0.0,1e-08,0,B,real-age36,0.0,0.0,real-age36-B-0-local-native-tiff,real-age36-B-0-local-natural-ee,7,natural-ee,6,local,1e-10,23,3fbdbea0c0000000,0.11619000136852264,3fbdbea0c0000000,0.11619000136852264,1.0011619000136852e-08,tiny
real-age36|B|local,0,native-tiff,max,8,1,0,0,0.0,0.0,1e-08,0,B,real-age36,0.0,0.0,real-age36-B-0-local-native-tiff,real-age36-B-0-local-natural-ee,7,natural-ee,0,local,1e-10,23,3fbdbea0c0000000,0.11619000136852264,3fbdbea0c0000000,0.11619000136852264,1.0011619000136852e-08,tiny
real-age36|B|local,0,native-cog,sum,8,0,0,4,1.2689080904237926e-05,1.9309602480264837e-09,1e-08,7,B,real-age36,1.2689080904237926e-05,-3.094739327025309e-07,real-age36-B-0-local-native-cog,real-age36-B-0-local-natural-ee,8,natural-ee,1,local,1e-10,23,40eb652c860b9051,56105.391362935894,40eb652c85f0f3eb,56105.39135024681,5.620539135024682e-06,hole
real-age36|B|local,0,native-cog,support,8,0,0,3,4.982086829841137e-05,6.730633384987028e-10,1e-08,7,B,real-age36,4.982086829841137e-05,-2.823952627295512e-07,real-age36-B-0-local-native-cog,real-age36-B-0-local-natural-ee,8,natural-ee,1,local,1e-10,23,410300f0ba8f82d8,155678.09109403822,410300f0ba756400,155678.09104421735,1.5577809104421737e-05,hole
real-age36|B|local,0,native-cog,mean,8,1,0,0,3.7807257324828925e-10,1.2999149662649968e-09,1e-08,6,B,real-age36,0.0,-3.7807257324828925e-10,real-age36-B-0-local-native-cog,real-age36-B-0-local-natural-ee,7,natural-ee,0,local,1e-10,23,3fd29d307d381dbe,0.2908440802425182,3fd29d307da00a3c,0.29084408062059075,1.002908440806206e-08,boundary
real-age36|B|local,0,native-cog,min,8,1,0,0,0.0,0.0,1e-08,0,B,real-age36,0.0,0.0,real-age36-B-0-local-native-cog,real-age36-B-0-local-natural-ee,7,natural-ee,6,local,1e-10,23,3fbdbea0c0000000,0.11619000136852264,3fbdbea0c0000000,0.11619000136852264,1.0011619000136852e-08,tiny
real-age36|B|local,0,native-cog,max,8,1,0,0,0.0,0.0,1e-08,0,B,real-age36,0.0,0.0,real-age36-B-0-local-native-cog,real-age36-B-0-local-natural-ee,7,natural-ee,0,local,1e-10,23,3fbdbea0c0000000,0.11619000136852264,3fbdbea0c0000000,0.11619000136852264,1.0011619000136852e-08,tiny
real-age36|B|local,0,native-rsi64,sum,8,0,0,4,1.2689080904237926e-05,1.9309602480264837e-09,1e-08,7,B,real-age36,1.2689080904237926e-05,-3.094739327025309e-07,real-age36-B-0-local-native-rsi64,real-age36-B-0-local-natural-ee,8,natural-ee,1,local,1e-10,23,40eb652c860b9051,56105.391362935894,40eb652c85f0f3eb,56105.39135024681,5.620539135024682e-06,hole
real-age36|B|local,0,native-rsi64,support,8,0,0,3,4.982086829841137e-05,6.730633384987028e-10,1e-08,7,B,real-age36,4.982086829841137e-05,-2.823952627295512e-07,real-age36-B-0-local-native-rsi64,real-age36-B-0-local-natural-ee,8,natural-ee,1,local,1e-10,23,410300f0ba8f82d8,155678.09109403822,410300f0ba756400,155678.09104421735,1.5577809104421737e-05,hole
real-age36|B|local,0,native-rsi64,mean,8,1,0,0,3.7807257324828925e-10,1.2999149662649968e-09,1e-08,6,B,real-age36,0.0,-3.7807257324828925e-10,real-age36-B-0-local-native-rsi64,real-age36-B-0-local-natural-ee,7,natural-ee,0,local,1e-10,23,3fd29d307d381dbe,0.2908440802425182,3fd29d307da00a3c,0.29084408062059075,1.002908440806206e-08,boundary
real-age36|B|local,0,native-rsi64,min,8,1,0,0,0.0,0.0,1e-08,0,B,real-age36,0.0,0.0,real-age36-B-0-local-native-rsi64,real-age36-B-0-local-natural-ee,7,natural-ee,6,local,1e-10,23,3fbdbea0c0000000,0.11619000136852264,3fbdbea0c0000000,0.11619000136852264,1.0011619000136852e-08,tiny
real-age36|B|local,0,native-rsi64,max,8,1,0,0,0.0,0.0,1e-08,0,B,real-age36,0.0,0.0,real-age36-B-0-local-native-rsi64,real-age36-B-0-local-natural-ee,7,natural-ee,0,local,1e-10,23,3fbdbea0c0000000,0.11619000136852264,3fbdbea0c0000000,0.11619000136852264,1.0011619000136852e-08,tiny
real-age36|B|local,0,native-rsi256,sum,8,0,0,4,1.2689080904237926e-05,1.9309602480264837e-09,1e-08,7,B,real-age36,1.2689080904237926e-05,-3.094739327025309e-07,real-age36-B-0-local-native-rsi256,real-age36-B-0-local-natural-ee,8,natural-ee,1,local,1e-10,23,40eb652c860b9051,56105.391362935894,40eb652c85f0f3eb,56105.39135024681,5.620539135024682e-06,hole
real-age36|B|local,0,native-rsi256,support,8,0,0,3,4.982086829841137e-05,6.730633384987028e-10,1e-08,7,B,real-age36,4.982086829841137e-05,-2.823952627295512e-07,real-age36-B-0-local-native-rsi256,real-age36-B-0-local-natural-ee,8,natural-ee,1,local,1e-10,23,410300f0ba8f82d8,155678.09109403822,410300f0ba756400,155678.09104421735,1.5577809104421737e-05,hole
real-age36|B|local,0,native-rsi256,mean,8,1,0,0,3.7807257324828925e-10,1.2999149662649968e-09,1e-08,6,B,real-age36,0.0,-3.7807257324828925e-10,real-age36-B-0-local-native-rsi256,real-age36-B-0-local-natural-ee,7,natural-ee,0,local,1e-10,23,3fd29d307d381dbe,0.2908440802425182,3fd29d307da00a3c,0.29084408062059075,1.002908440806206e-08,boundary
real-age36|B|local,0,native-rsi256,min,8,1,0,0,0.0,0.0,1e-08,0,B,real-age36,0.0,0.0,real-age36-B-0-local-native-rsi256,real-age36-B-0-local-natural-ee,7,natural-ee,6,local,1e-10,23,3fbdbea0c0000000,0.11619000136852264,3fbdbea0c0000000,0.11619000136852264,1.0011619000136852e-08,tiny
real-age36|B|local,0,native-rsi256,max,8,1,0,0,0.0,0.0,1e-08,0,B,real-age36,0.0,0.0,real-age36-B-0-local-native-rsi256,real-age36-B-0-local-natural-ee,7,natural-ee,0,local,1e-10,23,3fbdbea0c0000000,0.11619000136852264,3fbdbea0c0000000,0.11619000136852264,1.0011619000136852e-08,tiny
real-age36|B|local,0,native-skv-raw,sum,8,0,0,4,1.2689080904237926e-05,1.9309602480264837e-09,1e-08,7,B,real-age36,1.2689080904237926e-05,-3.094739327025309e-07,real-age36-B-0-local-native-skv-raw,real-age36-B-0-local-natural-ee,8,natural-ee,1,local,1e-10,23,40eb652c860b9051,56105.391362935894,40eb652c85f0f3eb,56105.39135024681,5.620539135024682e-06,hole
real-age36|B|local,0,native-skv-raw,support,8,0,0,3,4.982086829841137e-05,6.730633384987028e-10,1e-08,7,B,real-age36,4.982086829841137e-05,-2.823952627295512e-07,real-age36-B-0-local-native-skv-raw,real-age36-B-0-local-natural-ee,8,natural-ee,1,local,1e-10,23,410300f0ba8f82d8,155678.09109403822,410300f0ba756400,155678.09104421735,1.5577809104421737e-05,hole
real-age36|B|local,0,native-skv-raw,mean,8,1,0,0,3.7807257324828925e-10,1.2999149662649968e-09,1e-08,6,B,real-age36,0.0,-3.7807257324828925e-10,real-age36-B-0-local-native-skv-raw,real-age36-B-0-local-natural-ee,7,natural-ee,0,local,1e-10,23,3fd29d307d381dbe,0.2908440802425182,3fd29d307da00a3c,0.29084408062059075,1.002908440806206e-08,boundary
real-age36|B|local,0,native-skv-raw,min,8,1,0,0,0.0,0.0,1e-08,0,B,real-age36,0.0,0.0,real-age36-B-0-local-native-skv-raw,real-age36-B-0-local-natural-ee,7,natural-ee,6,local,1e-10,23,3fbdbea0c0000000,0.11619000136852264,3fbdbea0c0000000,0.11619000136852264,1.0011619000136852e-08,tiny
real-age36|B|local,0,native-skv-raw,max,8,1,0,0,0.0,0.0,1e-08,0,B,real-age36,0.0,0.0,real-age36-B-0-local-native-skv-raw,real-age36-B-0-local-natural-ee,7,natural-ee,0,local,1e-10,23,3fbdbea0c0000000,0.11619000136852264,3fbdbea0c0000000,0.11619000136852264,1.0011619000136852e-08,tiny
real-age36|B|local,0,native-skv-summary,sum,8,0,0,4,1.2689080904237926e-05,1.9309602480264837e-09,1e-08,7,B,real-age36,1.2689080904237926e-05,-3.094739327025309e-07,real-age36-B-0-local-native-skv-summary,real-age36-B-0-local-natural-ee,8,natural-ee,1,local,1e-10,23,40eb652c860b9051,56105.391362935894,40eb652c85f0f3eb,56105.39135024681,5.620539135024682e-06,hole
real-age36|B|local,0,native-skv-summary,support,8,0,0,3,4.982086829841137e-05,6.730633384987028e-10,1e-08,7,B,real-age36,4.982086829841137e-05,-2.823952627295512e-07,real-age36-B-0-local-native-skv-summary,real-age36-B-0-local-natural-ee,8,natural-ee,1,local,1e-10,23,410300f0ba8f82d8,155678.09109403822,410300f0ba756400,155678.09104421735,1.5577809104421737e-05,hole
real-age36|B|local,0,native-skv-summary,mean,8,1,0,0,3.7807257324828925e-10,1.2999149662649968e-09,1e-08,6,B,real-age36,0.0,-3.7807257324828925e-10,real-age36-B-0-local-native-skv-summary,real-age36-B-0-local-natural-ee,7,natural-ee,0,local,1e-10,23,3fd29d307d381dbe,0.2908440802425182,3fd29d307da00a3c,0.29084408062059075,1.002908440806206e-08,boundary
real-age36|B|local,0,native-skv-summary,min,8,1,0,0,0.0,0.0,1e-08,0,B,real-age36,0.0,0.0,real-age36-B-0-local-native-skv-summary,real-age36-B-0-local-natural-ee,7,natural-ee,6,local,1e-10,23,3fbdbea0c0000000,0.11619000136852264,3fbdbea0c0000000,0.11619000136852264,1.0011619000136852e-08,tiny
real-age36|B|local,0,native-skv-summary,max,8,1,0,0,0.0,0.0,1e-08,0,B,real-age36,0.0,0.0,real-age36-B-0-local-native-skv-summary,real-age36-B-0-local-natural-ee,7,natural-ee,0,local,1e-10,23,3fbdbea0c0000000,0.11619000136852264,3fbdbea0c0000000,0.11619000136852264,1.0011619000136852e-08,tiny
real-age36|B|local,1,native-tiff,sum,8,0,0,4,1.1723575880751014e-05,1.8565963303623127e-09,1e-08,7,B,real-age36,1.0350959200877696e-06,-1.1723575880751014e-05,real-age36-B-1-local-native-tiff,real-age36-B-1-local-natural-ee,8,natural-ee,1,local,1e-10,23,40eae8aed4938271,55109.46344924428,40eae8aed4ac187d,55109.463460967854,5.5209463460967855e-06,hole
real-age36|B|local,1,native-tiff,support,8,0,0,4,3.7901365431025624e-05,1.4485739322151477e-09,1e-08,7,B,real-age36,7.049311534501612e-06,-3.7901365431025624e-05,real-age36-B-1-local-native-tiff,real-age36-B-1-local-natural-ee,8,natural-ee,1,local,1e-10,23,41031d5c6d70b0f7,156587.5534375978,41031d5c6d849000,156587.55347549915,1.566875534754992e-05,hole
real-age36|B|local,1,native-tiff,mean,8,1,0,0,3.1294472568887954e-10,1.0823575200457876e-09,1e-08,7,B,real-age36,1.9734097689294572e-10,-3.1294472568887954e-10,real-age36-B-1-local-native-tiff,real-age36-B-1-local-natural-ee,7,natural-ee,0,local,1e-10,23,3fd281258fb1ffa8,0.28913249047036027,3fd281259008052f,0.289132490783305,1.002891324907833e-08,boundary
real-age36|B|local,1,native-tiff,min,8,1,0,0,0.0,0.0,1e-08,0,B,real-age36,0.0,0.0,real-age36-B-1-local-native-tiff,real-age36-B-1-local-natural-ee,7,natural-ee,6,local,1e-10,23,3faa42aee0000000,0.05129000172019005,3faa42aee0000000,0.05129000172019005,1.000512900017202e-08,tiny
real-age36|B|local,1,native-tiff,max,8,1,0,0,0.0,0.0,1e-08,0,B,real-age36,0.0,0.0,real-age36-B-1-local-native-tiff,real-age36-B-1-local-natural-ee,7,natural-ee,0,local,1e-10,23,3fbdbea0c0000000,0.11619000136852264,3fbdbea0c0000000,0.11619000136852264,1.0011619000136852e-08,tiny
real-age36|B|local,1,native-cog,sum,8,0,0,4,1.1723575880751014e-05,1.8565963303623127e-09,1e-08,7,B,real-age36,1.0350959200877696e-06,-1.1723575880751014e-05,real-age36-B-1-local-native-cog,real-age36-B-1-local-natural-ee,8,natural-ee,1,local,1e-10,23,40eae8aed4938271,55109.46344924428,40eae8aed4ac187d,55109.463460967854,5.5209463460967855e-06,hole
real-age36|B|local,1,native-cog,support,8,0,0,4,3.7901365431025624e-05,1.4485739322151477e-09,1e-08,7,B,real-age36,7.049311534501612e-06,-3.7901365431025624e-05,real-age36-B-1-local-native-cog,real-age36-B-1-local-natural-ee,8,natural-ee,1,local,1e-10,23,41031d5c6d70b0f7,156587.5534375978,41031d5c6d849000,156587.55347549915,1.566875534754992e-05,hole
real-age36|B|local,1,native-cog,mean,8,1,0,0,3.1294472568887954e-10,1.0823575200457876e-09,1e-08,7,B,real-age36,1.9734097689294572e-10,-3.1294472568887954e-10,real-age36-B-1-local-native-cog,real-age36-B-1-local-natural-ee,7,natural-ee,0,local,1e-10,23,3fd281258fb1ffa8,0.28913249047036027,3fd281259008052f,0.289132490783305,1.002891324907833e-08,boundary
real-age36|B|local,1,native-cog,min,8,1,0,0,0.0,0.0,1e-08,0,B,real-age36,0.0,0.0,real-age36-B-1-local-native-cog,real-age36-B-1-local-natural-ee,7,natural-ee,6,local,1e-10,23,3faa42aee0000000,0.05129000172019005,3faa42aee0000000,0.05129000172019005,1.000512900017202e-08,tiny
real-age36|B|local,1,native-cog,max,8,1,0,0,0.0,0.0,1e-08,0,B,real-age36,0.0,0.0,real-age36-B-1-local-native-cog,real-age36-B-1-local-natural-ee,7,natural-ee,0,local,1e-10,23,3fbdbea0c0000000,0.11619000136852264,3fbdbea0c0000000,0.11619000136852264,1.0011619000136852e-08,tiny
real-age36|B|local,1,native-rsi64,sum,8,0,0,4,1.1723575880751014e-05,1.8565963303623127e-09,1e-08,7,B,real-age36,1.0350959200877696e-06,-1.1723575880751014e-05,real-age36-B-1-local-native-rsi64,real-age36-B-1-local-natural-ee,8,natural-ee,1,local,1e-10,23,40eae8aed4938271,55109.46344924428,40eae8aed4ac187d,55109.463460967854,5.5209463460967855e-06,hole
real-age36|B|local,1,native-rsi64,support,8,0,0,4,3.7901365431025624e-05,1.4485739322151477e-09,1e-08,7,B,real-age36,7.049311534501612e-06,-3.7901365431025624e-05,real-age36-B-1-local-native-rsi64,real-age36-B-1-local-natural-ee,8,natural-ee,1,local,1e-10,23,41031d5c6d70b0f7,156587.5534375978,41031d5c6d849000,156587.55347549915,1.566875534754992e-05,hole
real-age36|B|local,1,native-rsi64,mean,8,1,0,0,3.1294472568887954e-10,1.0823575200457876e-09,1e-08,7,B,real-age36,1.9734097689294572e-10,-3.1294472568887954e-10,real-age36-B-1-local-native-rsi64,real-age36-B-1-local-natural-ee,7,natural-ee,0,local,1e-10,23,3fd281258fb1ffa8,0.28913249047036027,3fd281259008052f,0.289132490783305,1.002891324907833e-08,boundary
real-age36|B|local,1,native-rsi64,min,8,1,0,0,0.0,0.0,1e-08,0,B,real-age36,0.0,0.0,real-age36-B-1-local-native-rsi64,real-age36-B-1-local-natural-ee,7,natural-ee,6,local,1e-10,23,3faa42aee0000000,0.05129000172019005,3faa42aee0000000,0.05129000172019005,1.000512900017202e-08,tiny
real-age36|B|local,1,native-rsi64,max,8,1,0,0,0.0,0.0,1e-08,0,B,real-age36,0.0,0.0,real-age36-B-1-local-native-rsi64,real-age36-B-1-local-natural-ee,7,natural-ee,0,local,1e-10,23,3fbdbea0c0000000,0.11619000136852264,3fbdbea0c0000000,0.11619000136852264,1.0011619000136852e-08,tiny
real-age36|B|local,1,native-rsi256,sum,8,0,0,4,1.1723575880751014e-05,1.8565963303623127e-09,1e-08,7,B,real-age36,1.0350959200877696e-06,-1.1723575880751014e-05,real-age36-B-1-local-native-rsi256,real-age36-B-1-local-natural-ee,8,natural-ee,1,local,1e-10,23,40eae8aed4938271,55109.46344924428,40eae8aed4ac187d,55109.463460967854,5.5209463460967855e-06,hole
real-age36|B|local,1,native-rsi256,support,8,0,0,4,3.7901365431025624e-05,1.4485739322151477e-09,1e-08,7,B,real-age36,7.049311534501612e-06,-3.7901365431025624e-05,real-age36-B-1-local-native-rsi256,real-age36-B-1-local-natural-ee,8,natural-ee,1,local,1e-10,23,41031d5c6d70b0f7,156587.5534375978,41031d5c6d849000,156587.55347549915,1.566875534754992e-05,hole
real-age36|B|local,1,native-rsi256,mean,8,1,0,0,3.1294472568887954e-10,1.0823575200457876e-09,1e-08,7,B,real-age36,1.9734097689294572e-10,-3.1294472568887954e-10,real-age36-B-1-local-native-rsi256,real-age36-B-1-local-natural-ee,7,natural-ee,0,local,1e-10,23,3fd281258fb1ffa8,0.28913249047036027,3fd281259008052f,0.289132490783305,1.002891324907833e-08,boundary
real-age36|B|local,1,native-rsi256,min,8,1,0,0,0.0,0.0,1e-08,0,B,real-age36,0.0,0.0,real-age36-B-1-local-native-rsi256,real-age36-B-1-local-natural-ee,7,natural-ee,6,local,1e-10,23,3faa42aee0000000,0.05129000172019005,3faa42aee0000000,0.05129000172019005,1.000512900017202e-08,tiny
real-age36|B|local,1,native-rsi256,max,8,1,0,0,0.0,0.0,1e-08,0,B,real-age36,0.0,0.0,real-age36-B-1-local-native-rsi256,real-age36-B-1-local-natural-ee,7,natural-ee,0,local,1e-10,23,3fbdbea0c0000000,0.11619000136852264,3fbdbea0c0000000,0.11619000136852264,1.0011619000136852e-08,tiny
real-age36|B|local,1,native-skv-raw,sum,8,0,0,4,1.1723575880751014e-05,1.8565963303623127e-09,1e-08,7,B,real-age36,1.0350959200877696e-06,-1.1723575880751014e-05,real-age36-B-1-local-native-skv-raw,real-age36-B-1-local-natural-ee,8,natural-ee,1,local,1e-10,23,40eae8aed4938271,55109.46344924428,40eae8aed4ac187d,55109.463460967854,5.5209463460967855e-06,hole
real-age36|B|local,1,native-skv-raw,support,8,0,0,4,3.7901365431025624e-05,1.4485739322151477e-09,1e-08,7,B,real-age36,7.049311534501612e-06,-3.7901365431025624e-05,real-age36-B-1-local-native-skv-raw,real-age36-B-1-local-natural-ee,8,natural-ee,1,local,1e-10,23,41031d5c6d70b0f7,156587.5534375978,41031d5c6d849000,156587.55347549915,1.566875534754992e-05,hole
real-age36|B|local,1,native-skv-raw,mean,8,1,0,0,3.1294472568887954e-10,1.0823575200457876e-09,1e-08,7,B,real-age36,1.9734097689294572e-10,-3.1294472568887954e-10,real-age36-B-1-local-native-skv-raw,real-age36-B-1-local-natural-ee,7,natural-ee,0,local,1e-10,23,3fd281258fb1ffa8,0.28913249047036027,3fd281259008052f,0.289132490783305,1.002891324907833e-08,boundary
real-age36|B|local,1,native-skv-raw,min,8,1,0,0,0.0,0.0,1e-08,0,B,real-age36,0.0,0.0,real-age36-B-1-local-native-skv-raw,real-age36-B-1-local-natural-ee,7,natural-ee,6,local,1e-10,23,3faa42aee0000000,0.05129000172019005,3faa42aee0000000,0.05129000172019005,1.000512900017202e-08,tiny
real-age36|B|local,1,native-skv-raw,max,8,1,0,0,0.0,0.0,1e-08,0,B,real-age36,0.0,0.0,real-age36-B-1-local-native-skv-raw,real-age36-B-1-local-natural-ee,7,natural-ee,0,local,1e-10,23,3fbdbea0c0000000,0.11619000136852264,3fbdbea0c0000000,0.11619000136852264,1.0011619000136852e-08,tiny
real-age36|B|local,1,native-skv-summary,sum,8,0,0,4,1.1723575880751014e-05,1.8565963303623127e-09,1e-08,7,B,real-age36,1.0350959200877696e-06,-1.1723575880751014e-05,real-age36-B-1-local-native-skv-summary,real-age36-B-1-local-natural-ee,8,natural-ee,1,local,1e-10,23,40eae8aed4938271,55109.46344924428,40eae8aed4ac187d,55109.463460967854,5.5209463460967855e-06,hole
real-age36|B|local,1,native-skv-summary,support,8,0,0,4,3.7901365431025624e-05,1.4485739322151477e-09,1e-08,7,B,real-age36,7.049311534501612e-06,-3.7901365431025624e-05,real-age36-B-1-local-native-skv-summary,real-age36-B-1-local-natural-ee,8,natural-ee,1,local,1e-10,23,41031d5c6d70b0f7,156587.5534375978,41031d5c6d849000,156587.55347549915,1.566875534754992e-05,hole
real-age36|B|local,1,native-skv-summary,mean,8,1,0,0,3.1294472568887954e-10,1.0823575200457876e-09,1e-08,7,B,real-age36,1.9734097689294572e-10,-3.1294472568887954e-10,real-age36-B-1-local-native-skv-summary,real-age36-B-1-local-natural-ee,7,natural-ee,0,local,1e-10,23,3fd281258fb1ffa8,0.28913249047036027,3fd281259008052f,0.289132490783305,1.002891324907833e-08,boundary
real-age36|B|local,1,native-skv-summary,min,8,1,0,0,0.0,0.0,1e-08,0,B,real-age36,0.0,0.0,real-age36-B-1-local-native-skv-summary,real-age36-B-1-local-natural-ee,7,natural-ee,6,local,1e-10,23,3faa42aee0000000,0.05129000172019005,3faa42aee0000000,0.05129000172019005,1.000512900017202e-08,tiny
real-age36|B|local,1,native-skv-summary,max,8,1,0,0,0.0,0.0,1e-08,0,B,real-age36,0.0,0.0,real-age36-B-1-local-native-skv-summary,real-age36-B-1-local-natural-ee,7,natural-ee,0,local,1e-10,23,3fbdbea0c0000000,0.11619000136852264,3fbdbea0c0000000,0.11619000136852264,1.0011619000136852e-08,tiny
real-age36|B|local,2,native-tiff,sum,8,0,0,4,3.7404970498755574e-06,4.961270205379694e-09,1e-08,7,B,real-age36,4.327193892095238e-07,-3.7404970498755574e-06,real-age36-B-2-local-native-tiff,real-age36-B-2-local-natural-ee,8,natural-ee,1,local,1e-10,23,40f0881dddaba725,67713.8666187791,40f0881dddaf933a,67713.86662251959,6.781386662251959e-06,interior
real-age36|B|local,2,native-tiff,support,8,0,0,5,2.0986306481063366e-05,7.421022185429434e-09,1e-08,7,B,real-age36,2.4841319827828556e-06,-2.0986306481063366e-05,real-age36-B-2-local-native-tiff,real-age36-B-2-local-natural-ee,8,natural-ee,1,local,1e-10,23,4105dba49fa08f44,179060.57794296194,4105dba49fab9000,179060.57796394825,1.7916057796394826e-05,interior
real-age36|B|local,2,native-tiff,mean,8,1,0,0,2.3210944277707313e-10,2.459751932029944e-09,1e-08,7,B,real-age36,3.437783391291305e-11,-2.3210944277707313e-10,real-age36-B-2-local-native-tiff,real-age36-B-2-local-natural-ee,7,natural-ee,0,local,1e-10,23,3fde2ff66f756605,0.47167740711810807,3fde2ff66fb53345,0.4716774073502175,1.0047167740735022e-08,compact
real-age36|B|local,2,native-tiff,min,8,1,0,0,0.0,0.0,1e-08,0,B,real-age36,0.0,0.0,real-age36-B-2-local-native-tiff,real-age36-B-2-local-natural-ee,7,natural-ee,6,local,1e-10,23,3f755f7840000000,0.005218000151216984,3f755f7840000000,0.005218000151216984,1.0000521800015122e-08,tiny
real-age36|B|local,2,native-tiff,max,8,1,0,0,0.0,0.0,1e-08,0,B,real-age36,0.0,0.0,real-age36-B-2-local-native-tiff,real-age36-B-2-local-natural-ee,7,natural-ee,0,local,1e-10,23,3faa42aee0000000,0.05129000172019005,3faa42aee0000000,0.05129000172019005,1.000512900017202e-08,tiny
real-age36|B|local,2,native-cog,sum,8,0,0,4,3.7404970498755574e-06,4.961270205379694e-09,1e-08,7,B,real-age36,4.327193892095238e-07,-3.7404970498755574e-06,real-age36-B-2-local-native-cog,real-age36-B-2-local-natural-ee,8,natural-ee,1,local,1e-10,23,40f0881dddaba725,67713.8666187791,40f0881dddaf933a,67713.86662251959,6.781386662251959e-06,interior
real-age36|B|local,2,native-cog,support,8,0,0,5,2.0986306481063366e-05,7.421022185429434e-09,1e-08,7,B,real-age36,2.4841319827828556e-06,-2.0986306481063366e-05,real-age36-B-2-local-native-cog,real-age36-B-2-local-natural-ee,8,natural-ee,1,local,1e-10,23,4105dba49fa08f44,179060.57794296194,4105dba49fab9000,179060.57796394825,1.7916057796394826e-05,interior
real-age36|B|local,2,native-cog,mean,8,1,0,0,2.3210944277707313e-10,2.459751932029944e-09,1e-08,7,B,real-age36,3.437783391291305e-11,-2.3210944277707313e-10,real-age36-B-2-local-native-cog,real-age36-B-2-local-natural-ee,7,natural-ee,0,local,1e-10,23,3fde2ff66f756605,0.47167740711810807,3fde2ff66fb53345,0.4716774073502175,1.0047167740735022e-08,compact
real-age36|B|local,2,native-cog,min,8,1,0,0,0.0,0.0,1e-08,0,B,real-age36,0.0,0.0,real-age36-B-2-local-native-cog,real-age36-B-2-local-natural-ee,7,natural-ee,6,local,1e-10,23,3f755f7840000000,0.005218000151216984,3f755f7840000000,0.005218000151216984,1.0000521800015122e-08,tiny
real-age36|B|local,2,native-cog,max,8,1,0,0,0.0,0.0,1e-08,0,B,real-age36,0.0,0.0,real-age36-B-2-local-native-cog,real-age36-B-2-local-natural-ee,7,natural-ee,0,local,1e-10,23,3faa42aee0000000,0.05129000172019005,3faa42aee0000000,0.05129000172019005,1.000512900017202e-08,tiny
real-age36|B|local,2,native-rsi64,sum,8,0,0,4,3.7404970498755574e-06,4.961270205379694e-09,1e-08,7,B,real-age36,4.327193892095238e-07,-3.7404970498755574e-06,real-age36-B-2-local-native-rsi64,real-age36-B-2-local-natural-ee,8,natural-ee,1,local,1e-10,23,40f0881dddaba725,67713.8666187791,40f0881dddaf933a,67713.86662251959,6.781386662251959e-06,interior
real-age36|B|local,2,native-rsi64,support,8,0,0,5,2.0986306481063366e-05,7.421022185429434e-09,1e-08,7,B,real-age36,2.4841319827828556e-06,-2.0986306481063366e-05,real-age36-B-2-local-native-rsi64,real-age36-B-2-local-natural-ee,8,natural-ee,1,local,1e-10,23,4105dba49fa08f44,179060.57794296194,4105dba49fab9000,179060.57796394825,1.7916057796394826e-05,interior
real-age36|B|local,2,native-rsi64,mean,8,1,0,0,2.3210944277707313e-10,2.459751932029944e-09,1e-08,7,B,real-age36,3.437783391291305e-11,-2.3210944277707313e-10,real-age36-B-2-local-native-rsi64,real-age36-B-2-local-natural-ee,7,natural-ee,0,local,1e-10,23,3fde2ff66f756605,0.47167740711810807,3fde2ff66fb53345,0.4716774073502175,1.0047167740735022e-08,compact
real-age36|B|local,2,native-rsi64,min,8,1,0,0,0.0,0.0,1e-08,0,B,real-age36,0.0,0.0,real-age36-B-2-local-native-rsi64,real-age36-B-2-local-natural-ee,7,natural-ee,6,local,1e-10,23,3f755f7840000000,0.005218000151216984,3f755f7840000000,0.005218000151216984,1.0000521800015122e-08,tiny
real-age36|B|local,2,native-rsi64,max,8,1,0,0,0.0,0.0,1e-08,0,B,real-age36,0.0,0.0,real-age36-B-2-local-native-rsi64,real-age36-B-2-local-natural-ee,7,natural-ee,0,local,1e-10,23,3faa42aee0000000,0.05129000172019005,3faa42aee0000000,0.05129000172019005,1.000512900017202e-08,tiny
real-age36|B|local,2,native-rsi256,sum,8,0,0,4,3.7404970498755574e-06,4.961270205379694e-09,1e-08,7,B,real-age36,4.327193892095238e-07,-3.7404970498755574e-06,real-age36-B-2-local-native-rsi256,real-age36-B-2-local-natural-ee,8,natural-ee,1,local,1e-10,23,40f0881dddaba725,67713.8666187791,40f0881dddaf933a,67713.86662251959,6.781386662251959e-06,interior
real-age36|B|local,2,native-rsi256,support,8,0,0,5,2.0986306481063366e-05,7.421022185429434e-09,1e-08,7,B,real-age36,2.4841319827828556e-06,-2.0986306481063366e-05,real-age36-B-2-local-native-rsi256,real-age36-B-2-local-natural-ee,8,natural-ee,1,local,1e-10,23,4105dba49fa08f44,179060.57794296194,4105dba49fab9000,179060.57796394825,1.7916057796394826e-05,interior
real-age36|B|local,2,native-rsi256,mean,8,1,0,0,2.3210944277707313e-10,2.459751932029944e-09,1e-08,7,B,real-age36,3.437783391291305e-11,-2.3210944277707313e-10,real-age36-B-2-local-native-rsi256,real-age36-B-2-local-natural-ee,7,natural-ee,0,local,1e-10,23,3fde2ff66f756605,0.47167740711810807,3fde2ff66fb53345,0.4716774073502175,1.0047167740735022e-08,compact
real-age36|B|local,2,native-rsi256,min,8,1,0,0,0.0,0.0,1e-08,0,B,real-age36,0.0,0.0,real-age36-B-2-local-native-rsi256,real-age36-B-2-local-natural-ee,7,natural-ee,6,local,1e-10,23,3f755f7840000000,0.005218000151216984,3f755f7840000000,0.005218000151216984,1.0000521800015122e-08,tiny
real-age36|B|local,2,native-rsi256,max,8,1,0,0,0.0,0.0,1e-08,0,B,real-age36,0.0,0.0,real-age36-B-2-local-native-rsi256,real-age36-B-2-local-natural-ee,7,natural-ee,0,local,1e-10,23,3faa42aee0000000,0.05129000172019005,3faa42aee0000000,0.05129000172019005,1.000512900017202e-08,tiny
real-age36|B|local,2,native-skv-raw,sum,8,0,0,4,3.7404970498755574e-06,4.961270205379694e-09,1e-08,7,B,real-age36,4.327193892095238e-07,-3.7404970498755574e-06,real-age36-B-2-local-native-skv-raw,real-age36-B-2-local-natural-ee,8,natural-ee,1,local,1e-10,23,40f0881dddaba725,67713.8666187791,40f0881dddaf933a,67713.86662251959,6.781386662251959e-06,interior
real-age36|B|local,2,native-skv-raw,support,8,0,0,5,2.0986306481063366e-05,7.421022185429434e-09,1e-08,7,B,real-age36,2.4841319827828556e-06,-2.0986306481063366e-05,real-age36-B-2-local-native-skv-raw,real-age36-B-2-local-natural-ee,8,natural-ee,1,local,1e-10,23,4105dba49fa08f44,179060.57794296194,4105dba49fab9000,179060.57796394825,1.7916057796394826e-05,interior
real-age36|B|local,2,native-skv-raw,mean,8,1,0,0,2.3210944277707313e-10,2.459751932029944e-09,1e-08,7,B,real-age36,3.437783391291305e-11,-2.3210944277707313e-10,real-age36-B-2-local-native-skv-raw,real-age36-B-2-local-natural-ee,7,natural-ee,0,local,1e-10,23,3fde2ff66f756605,0.47167740711810807,3fde2ff66fb53345,0.4716774073502175,1.0047167740735022e-08,compact
real-age36|B|local,2,native-skv-raw,min,8,1,0,0,0.0,0.0,1e-08,0,B,real-age36,0.0,0.0,real-age36-B-2-local-native-skv-raw,real-age36-B-2-local-natural-ee,7,natural-ee,6,local,1e-10,23,3f755f7840000000,0.005218000151216984,3f755f7840000000,0.005218000151216984,1.0000521800015122e-08,tiny
real-age36|B|local,2,native-skv-raw,max,8,1,0,0,0.0,0.0,1e-08,0,B,real-age36,0.0,0.0,real-age36-B-2-local-native-skv-raw,real-age36-B-2-local-natural-ee,7,natural-ee,0,local,1e-10,23,3faa42aee0000000,0.05129000172019005,3faa42aee0000000,0.05129000172019005,1.000512900017202e-08,tiny
real-age36|B|local,2,native-skv-summary,sum,8,0,0,4,3.7404970498755574e-06,4.961270205379694e-09,1e-08,7,B,real-age36,4.327193892095238e-07,-3.7404970498755574e-06,real-age36-B-2-local-native-skv-summary,real-age36-B-2-local-natural-ee,8,natural-ee,1,local,1e-10,23,40f0881dddaba725,67713.8666187791,40f0881dddaf933a,67713.86662251959,6.781386662251959e-06,interior
real-age36|B|local,2,native-skv-summary,support,8,0,0,5,2.0986306481063366e-05,7.421022185429434e-09,1e-08,7,B,real-age36,2.4841319827828556e-06,-2.0986306481063366e-05,real-age36-B-2-local-native-skv-summary,real-age36-B-2-local-natural-ee,8,natural-ee,1,local,1e-10,23,4105dba49fa08f44,179060.57794296194,4105dba49fab9000,179060.57796394825,1.7916057796394826e-05,interior
real-age36|B|local,2,native-skv-summary,mean,8,1,0,0,2.3210944277707313e-10,2.459751932029944e-09,1e-08,7,B,real-age36,3.437783391291305e-11,-2.3210944277707313e-10,real-age36-B-2-local-native-skv-summary,real-age36-B-2-local-natural-ee,7,natural-ee,0,local,1e-10,23,3fde2ff66f756605,0.47167740711810807,3fde2ff66fb53345,0.4716774073502175,1.0047167740735022e-08,compact
real-age36|B|local,2,native-skv-summary,min,8,1,0,0,0.0,0.0,1e-08,0,B,real-age36,0.0,0.0,real-age36-B-2-local-native-skv-summary,real-age36-B-2-local-natural-ee,7,natural-ee,6,local,1e-10,23,3f755f7840000000,0.005218000151216984,3f755f7840000000,0.005218000151216984,1.0000521800015122e-08,tiny
real-age36|B|local,2,native-skv-summary,max,8,1,0,0,0.0,0.0,1e-08,0,B,real-age36,0.0,0.0,real-age36-B-2-local-native-skv-summary,real-age36-B-2-local-natural-ee,7,natural-ee,0,local,1e-10,23,3faa42aee0000000,0.05129000172019005,3faa42aee0000000,0.05129000172019005,1.000512900017202e-08,tiny
real-age36|C|http0,0,native-tiff,sum,36,0,0,0,5.018395313527435e-06,9.43123052386119e-11,1e-08,36,C,real-age36,5.018395313527435e-06,7.229409675346687e-07,real-age36-C-0-http0-native-tiff,real-age36-C-0-http0-natural-ee,36,natural-ee,0,http0,1e-10,25,40eedc8cc4a6666c,63204.399005126994,40eedc8cc49be031,63204.3990001086,6.33043990001086e-06,interior
real-age36|C|http0,0,native-tiff,support,36,0,0,36,3.0609924579039216e-05,1.7539609244758994e-10,1e-08,36,C,real-age36,3.0609924579039216e-05,3.0609924579039216e-05,real-age36-C-0-http0-native-tiff,real-age36-C-0-http0-natural-ee,36,natural-ee,0,http0,1e-10,0,41054db6cf8e2065,174518.8513453036,41054db6cf7e1400,174518.8513146937,1.746188513146937e-05,interior
real-age36|C|http0,0,native-tiff,mean,36,0,0,0,5.381667333992368e-11,1.1903582551885012e-10,1e-08,36,C,real-age36,-7.741168817076982e-12,-5.381667333992368e-11,real-age36-C-0-http0-native-tiff,real-age36-C-0-http0-natural-ee,36,natural-ee,0,http0,1e-10,13,3fdcef4927e5e995,0.45210484405802137,3fdcef4927f4b498,0.45210484411183804,1.0045210484411183e-08,interior
real-age36|C|http0,0,native-tiff,min,36,0,0,0,0.0,,1e-08,0,C,real-age36,0.0,0.0,real-age36-C-0-http0-native-tiff,real-age36-C-0-http0-natural-ee,36,natural-ee,36,http0,1e-10,0,0000000000000000,0.0,0000000000000000,0.0,1e-08,interior
real-age36|C|http0,0,native-tiff,max,36,0,0,0,0.0,0.0,1e-08,0,C,real-age36,0.0,0.0,real-age36-C-0-http0-native-tiff,real-age36-C-0-http0-natural-ee,36,natural-ee,0,http0,1e-10,0,400bc37f80000000,3.4704580307006836,400bc37f80000000,3.4704580307006836,1.0347045803070069e-08,interior
real-age36|C|http0,0,native-cog,sum,36,0,0,0,5.018395313527435e-06,9.43123052386119e-11,1e-08,36,C,real-age36,5.018395313527435e-06,7.229409675346687e-07,real-age36-C-0-http0-native-cog,real-age36-C-0-http0-natural-ee,36,natural-ee,0,http0,1e-10,25,40eedc8cc4a6666c,63204.399005126994,40eedc8cc49be031,63204.3990001086,6.33043990001086e-06,interior
real-age36|C|http0,0,native-cog,support,36,0,0,36,3.0609924579039216e-05,1.7539609244758994e-10,1e-08,36,C,real-age36,3.0609924579039216e-05,3.0609924579039216e-05,real-age36-C-0-http0-native-cog,real-age36-C-0-http0-natural-ee,36,natural-ee,0,http0,1e-10,0,41054db6cf8e2065,174518.8513453036,41054db6cf7e1400,174518.8513146937,1.746188513146937e-05,interior
real-age36|C|http0,0,native-cog,mean,36,0,0,0,5.381667333992368e-11,1.1903582551885012e-10,1e-08,36,C,real-age36,-7.741168817076982e-12,-5.381667333992368e-11,real-age36-C-0-http0-native-cog,real-age36-C-0-http0-natural-ee,36,natural-ee,0,http0,1e-10,13,3fdcef4927e5e995,0.45210484405802137,3fdcef4927f4b498,0.45210484411183804,1.0045210484411183e-08,interior
real-age36|C|http0,0,native-cog,min,36,0,0,0,0.0,,1e-08,0,C,real-age36,0.0,0.0,real-age36-C-0-http0-native-cog,real-age36-C-0-http0-natural-ee,36,natural-ee,36,http0,1e-10,0,0000000000000000,0.0,0000000000000000,0.0,1e-08,interior
real-age36|C|http0,0,native-cog,max,36,0,0,0,0.0,0.0,1e-08,0,C,real-age36,0.0,0.0,real-age36-C-0-http0-native-cog,real-age36-C-0-http0-natural-ee,36,natural-ee,0,http0,1e-10,0,400bc37f80000000,3.4704580307006836,400bc37f80000000,3.4704580307006836,1.0347045803070069e-08,interior
real-age36|C|http0,0,native-rsi64,sum,36,0,0,0,5.018395313527435e-06,9.43123052386119e-11,1e-08,36,C,real-age36,5.018395313527435e-06,7.229409675346687e-07,real-age36-C-0-http0-native-rsi64,real-age36-C-0-http0-natural-ee,36,natural-ee,0,http0,1e-10,25,40eedc8cc4a6666c,63204.399005126994,40eedc8cc49be031,63204.3990001086,6.33043990001086e-06,interior
real-age36|C|http0,0,native-rsi64,support,36,0,0,36,3.0609924579039216e-05,1.7539609244758994e-10,1e-08,36,C,real-age36,3.0609924579039216e-05,3.0609924579039216e-05,real-age36-C-0-http0-native-rsi64,real-age36-C-0-http0-natural-ee,36,natural-ee,0,http0,1e-10,0,41054db6cf8e2065,174518.8513453036,41054db6cf7e1400,174518.8513146937,1.746188513146937e-05,interior
real-age36|C|http0,0,native-rsi64,mean,36,0,0,0,5.381667333992368e-11,1.1903582551885012e-10,1e-08,36,C,real-age36,-7.741168817076982e-12,-5.381667333992368e-11,real-age36-C-0-http0-native-rsi64,real-age36-C-0-http0-natural-ee,36,natural-ee,0,http0,1e-10,13,3fdcef4927e5e995,0.45210484405802137,3fdcef4927f4b498,0.45210484411183804,1.0045210484411183e-08,interior
real-age36|C|http0,0,native-rsi64,min,36,0,0,0,0.0,,1e-08,0,C,real-age36,0.0,0.0,real-age36-C-0-http0-native-rsi64,real-age36-C-0-http0-natural-ee,36,natural-ee,36,http0,1e-10,0,0000000000000000,0.0,0000000000000000,0.0,1e-08,interior
real-age36|C|http0,0,native-rsi64,max,36,0,0,0,0.0,0.0,1e-08,0,C,real-age36,0.0,0.0,real-age36-C-0-http0-native-rsi64,real-age36-C-0-http0-natural-ee,36,natural-ee,0,http0,1e-10,0,400bc37f80000000,3.4704580307006836,400bc37f80000000,3.4704580307006836,1.0347045803070069e-08,interior
real-age36|C|http0,0,native-rsi256,sum,36,0,0,0,5.018395313527435e-06,9.43123052386119e-11,1e-08,36,C,real-age36,5.018395313527435e-06,7.229409675346687e-07,real-age36-C-0-http0-native-rsi256,real-age36-C-0-http0-natural-ee,36,natural-ee,0,http0,1e-10,25,40eedc8cc4a6666c,63204.399005126994,40eedc8cc49be031,63204.3990001086,6.33043990001086e-06,interior
real-age36|C|http0,0,native-rsi256,support,36,0,0,36,3.0609924579039216e-05,1.7539609244758994e-10,1e-08,36,C,real-age36,3.0609924579039216e-05,3.0609924579039216e-05,real-age36-C-0-http0-native-rsi256,real-age36-C-0-http0-natural-ee,36,natural-ee,0,http0,1e-10,0,41054db6cf8e2065,174518.8513453036,41054db6cf7e1400,174518.8513146937,1.746188513146937e-05,interior
real-age36|C|http0,0,native-rsi256,mean,36,0,0,0,5.381667333992368e-11,1.1903582551885012e-10,1e-08,36,C,real-age36,-7.741168817076982e-12,-5.381667333992368e-11,real-age36-C-0-http0-native-rsi256,real-age36-C-0-http0-natural-ee,36,natural-ee,0,http0,1e-10,13,3fdcef4927e5e995,0.45210484405802137,3fdcef4927f4b498,0.45210484411183804,1.0045210484411183e-08,interior
real-age36|C|http0,0,native-rsi256,min,36,0,0,0,0.0,,1e-08,0,C,real-age36,0.0,0.0,real-age36-C-0-http0-native-rsi256,real-age36-C-0-http0-natural-ee,36,natural-ee,36,http0,1e-10,0,0000000000000000,0.0,0000000000000000,0.0,1e-08,interior
real-age36|C|http0,0,native-rsi256,max,36,0,0,0,0.0,0.0,1e-08,0,C,real-age36,0.0,0.0,real-age36-C-0-http0-native-rsi256,real-age36-C-0-http0-natural-ee,36,natural-ee,0,http0,1e-10,0,400bc37f80000000,3.4704580307006836,400bc37f80000000,3.4704580307006836,1.0347045803070069e-08,interior
real-age36|C|http0,0,native-skv-raw,sum,36,0,0,0,5.018395313527435e-06,9.43123052386119e-11,1e-08,36,C,real-age36,5.018395313527435e-06,7.229409675346687e-07,real-age36-C-0-http0-native-skv-raw,real-age36-C-0-http0-natural-ee,36,natural-ee,0,http0,1e-10,25,40eedc8cc4a6666c,63204.399005126994,40eedc8cc49be031,63204.3990001086,6.33043990001086e-06,interior
real-age36|C|http0,0,native-skv-raw,support,36,0,0,36,3.0609924579039216e-05,1.7539609244758994e-10,1e-08,36,C,real-age36,3.0609924579039216e-05,3.0609924579039216e-05,real-age36-C-0-http0-native-skv-raw,real-age36-C-0-http0-natural-ee,36,natural-ee,0,http0,1e-10,0,41054db6cf8e2065,174518.8513453036,41054db6cf7e1400,174518.8513146937,1.746188513146937e-05,interior
real-age36|C|http0,0,native-skv-raw,mean,36,0,0,0,5.381667333992368e-11,1.1903582551885012e-10,1e-08,36,C,real-age36,-7.741168817076982e-12,-5.381667333992368e-11,real-age36-C-0-http0-native-skv-raw,real-age36-C-0-http0-natural-ee,36,natural-ee,0,http0,1e-10,13,3fdcef4927e5e995,0.45210484405802137,3fdcef4927f4b498,0.45210484411183804,1.0045210484411183e-08,interior
real-age36|C|http0,0,native-skv-raw,min,36,0,0,0,0.0,,1e-08,0,C,real-age36,0.0,0.0,real-age36-C-0-http0-native-skv-raw,real-age36-C-0-http0-natural-ee,36,natural-ee,36,http0,1e-10,0,0000000000000000,0.0,0000000000000000,0.0,1e-08,interior
real-age36|C|http0,0,native-skv-raw,max,36,0,0,0,0.0,0.0,1e-08,0,C,real-age36,0.0,0.0,real-age36-C-0-http0-native-skv-raw,real-age36-C-0-http0-natural-ee,36,natural-ee,0,http0,1e-10,0,400bc37f80000000,3.4704580307006836,400bc37f80000000,3.4704580307006836,1.0347045803070069e-08,interior
real-age36|C|http0,0,native-skv-summary,sum,36,0,0,0,5.018395313527435e-06,9.43123052386119e-11,1e-08,36,C,real-age36,5.018395313527435e-06,7.229409675346687e-07,real-age36-C-0-http0-native-skv-summary,real-age36-C-0-http0-natural-ee,36,natural-ee,0,http0,1e-10,25,40eedc8cc4a6666c,63204.399005126994,40eedc8cc49be031,63204.3990001086,6.33043990001086e-06,interior
real-age36|C|http0,0,native-skv-summary,support,36,0,0,36,3.0609924579039216e-05,1.7539609244758994e-10,1e-08,36,C,real-age36,3.0609924579039216e-05,3.0609924579039216e-05,real-age36-C-0-http0-native-skv-summary,real-age36-C-0-http0-natural-ee,36,natural-ee,0,http0,1e-10,0,41054db6cf8e2065,174518.8513453036,41054db6cf7e1400,174518.8513146937,1.746188513146937e-05,interior
real-age36|C|http0,0,native-skv-summary,mean,36,0,0,0,5.381667333992368e-11,1.1903582551885012e-10,1e-08,36,C,real-age36,-7.741168817076982e-12,-5.381667333992368e-11,real-age36-C-0-http0-native-skv-summary,real-age36-C-0-http0-natural-ee,36,natural-ee,0,http0,1e-10,13,3fdcef4927e5e995,0.45210484405802137,3fdcef4927f4b498,0.45210484411183804,1.0045210484411183e-08,interior
real-age36|C|http0,0,native-skv-summary,min,36,0,0,0,0.0,,1e-08,0,C,real-age36,0.0,0.0,real-age36-C-0-http0-native-skv-summary,real-age36-C-0-http0-natural-ee,36,natural-ee,36,http0,1e-10,0,0000000000000000,0.0,0000000000000000,0.0,1e-08,interior
real-age36|C|http0,0,native-skv-summary,max,36,0,0,0,0.0,0.0,1e-08,0,C,real-age36,0.0,0.0,real-age36-C-0-http0-native-skv-summary,real-age36-C-0-http0-natural-ee,36,natural-ee,0,http0,1e-10,0,400bc37f80000000,3.4704580307006836,400bc37f80000000,3.4704580307006836,1.0347045803070069e-08,interior
real-age36|C|http0,1,native-tiff,sum,36,0,0,0,2.962413418572396e-06,5.606385286135303e-11,1e-08,36,C,real-age36,-4.3941327021457255e-07,-2.962413418572396e-06,real-age36-C-1-http0-native-tiff,real-age36-C-1-http0-natural-ee,36,natural-ee,0,http0,1e-10,24,40eee67f13c9df06,63283.97116559562,40eee67f13d01575,63283.97116855803,6.338397116855803e-06,interior
real-age36|C|http0,1,native-tiff,support,36,0,0,0,1.7186568584293127e-05,9.728822086086934e-11,1e-08,36,C,real-age36,-1.7186568584293127e-05,-1.7186568584293127e-05,real-age36-C-1-http0-native-tiff,real-age36-C-1-http0-natural-ee,36,natural-ee,0,http0,1e-10,0,41059081b273c342,176656.21213486238,41059081b27cc600,176656.21215204895,1.7675621215204897e-05,interior
real-age36|C|http0,1,native-tiff,mean,36,0,0,0,3.15252823845924e-11,7.031331809913941e-11,1e-08,36,C,real-age36,3.15252823845924e-11,4.025349498171238e-12,real-age36-C-1-http0-native-tiff,real-age36-C-1-http0-natural-ee,36,natural-ee,0,http0,1e-10,13,3fdcb1d676f9a223,0.44835435503640236,3fdcb1d676f0f7be,0.4483543550048771,1.0044835435500488e-08,interior
real-age36|C|http0,1,native-tiff,min,36,0,0,0,0.0,,1e-08,0,C,real-age36,0.0,0.0,real-age36-C-1-http0-native-tiff,real-age36-C-1-http0-natural-ee,36,natural-ee,36,http0,1e-10,0,0000000000000000,0.0,0000000000000000,0.0,1e-08,interior
real-age36|C|http0,1,native-tiff,max,36,0,0,0,0.0,0.0,1e-08,0,C,real-age36,0.0,0.0,real-age36-C-1-http0-native-tiff,real-age36-C-1-http0-natural-ee,36,natural-ee,0,http0,1e-10,0,400bc37f80000000,3.4704580307006836,400bc37f80000000,3.4704580307006836,1.0347045803070069e-08,interior
real-age36|C|http0,1,native-cog,sum,36,0,0,0,2.962413418572396e-06,5.606385286135303e-11,1e-08,36,C,real-age36,-4.3941327021457255e-07,-2.962413418572396e-06,real-age36-C-1-http0-native-cog,real-age36-C-1-http0-natural-ee,36,natural-ee,0,http0,1e-10,24,40eee67f13c9df06,63283.97116559562,40eee67f13d01575,63283.97116855803,6.338397116855803e-06,interior
real-age36|C|http0,1,native-cog,support,36,0,0,0,1.7186568584293127e-05,9.728822086086934e-11,1e-08,36,C,real-age36,-1.7186568584293127e-05,-1.7186568584293127e-05,real-age36-C-1-http0-native-cog,real-age36-C-1-http0-natural-ee,36,natural-ee,0,http0,1e-10,0,41059081b273c342,176656.21213486238,41059081b27cc600,176656.21215204895,1.7675621215204897e-05,interior
real-age36|C|http0,1,native-cog,mean,36,0,0,0,3.15252823845924e-11,7.031331809913941e-11,1e-08,36,C,real-age36,3.15252823845924e-11,4.025349498171238e-12,real-age36-C-1-http0-native-cog,real-age36-C-1-http0-natural-ee,36,natural-ee,0,http0,1e-10,13,3fdcb1d676f9a223,0.44835435503640236,3fdcb1d676f0f7be,0.4483543550048771,1.0044835435500488e-08,interior
real-age36|C|http0,1,native-cog,min,36,0,0,0,0.0,,1e-08,0,C,real-age36,0.0,0.0,real-age36-C-1-http0-native-cog,real-age36-C-1-http0-natural-ee,36,natural-ee,36,http0,1e-10,0,0000000000000000,0.0,0000000000000000,0.0,1e-08,interior
real-age36|C|http0,1,native-cog,max,36,0,0,0,0.0,0.0,1e-08,0,C,real-age36,0.0,0.0,real-age36-C-1-http0-native-cog,real-age36-C-1-http0-natural-ee,36,natural-ee,0,http0,1e-10,0,400bc37f80000000,3.4704580307006836,400bc37f80000000,3.4704580307006836,1.0347045803070069e-08,interior
real-age36|C|http0,1,native-rsi64,sum,36,0,0,0,2.962413418572396e-06,5.606385286135303e-11,1e-08,36,C,real-age36,-4.3941327021457255e-07,-2.962413418572396e-06,real-age36-C-1-http0-native-rsi64,real-age36-C-1-http0-natural-ee,36,natural-ee,0,http0,1e-10,24,40eee67f13c9df06,63283.97116559562,40eee67f13d01575,63283.97116855803,6.338397116855803e-06,interior
real-age36|C|http0,1,native-rsi64,support,36,0,0,0,1.7186568584293127e-05,9.728822086086934e-11,1e-08,36,C,real-age36,-1.7186568584293127e-05,-1.7186568584293127e-05,real-age36-C-1-http0-native-rsi64,real-age36-C-1-http0-natural-ee,36,natural-ee,0,http0,1e-10,0,41059081b273c342,176656.21213486238,41059081b27cc600,176656.21215204895,1.7675621215204897e-05,interior
real-age36|C|http0,1,native-rsi64,mean,36,0,0,0,3.15252823845924e-11,7.031331809913941e-11,1e-08,36,C,real-age36,3.15252823845924e-11,4.025349498171238e-12,real-age36-C-1-http0-native-rsi64,real-age36-C-1-http0-natural-ee,36,natural-ee,0,http0,1e-10,13,3fdcb1d676f9a223,0.44835435503640236,3fdcb1d676f0f7be,0.4483543550048771,1.0044835435500488e-08,interior
real-age36|C|http0,1,native-rsi64,min,36,0,0,0,0.0,,1e-08,0,C,real-age36,0.0,0.0,real-age36-C-1-http0-native-rsi64,real-age36-C-1-http0-natural-ee,36,natural-ee,36,http0,1e-10,0,0000000000000000,0.0,0000000000000000,0.0,1e-08,interior
real-age36|C|http0,1,native-rsi64,max,36,0,0,0,0.0,0.0,1e-08,0,C,real-age36,0.0,0.0,real-age36-C-1-http0-native-rsi64,real-age36-C-1-http0-natural-ee,36,natural-ee,0,http0,1e-10,0,400bc37f80000000,3.4704580307006836,400bc37f80000000,3.4704580307006836,1.0347045803070069e-08,interior
real-age36|C|http0,1,native-rsi256,sum,36,0,0,0,2.962413418572396e-06,5.606385286135303e-11,1e-08,36,C,real-age36,-4.3941327021457255e-07,-2.962413418572396e-06,real-age36-C-1-http0-native-rsi256,real-age36-C-1-http0-natural-ee,36,natural-ee,0,http0,1e-10,24,40eee67f13c9df06,63283.97116559562,40eee67f13d01575,63283.97116855803,6.338397116855803e-06,interior
real-age36|C|http0,1,native-rsi256,support,36,0,0,0,1.7186568584293127e-05,9.728822086086934e-11,1e-08,36,C,real-age36,-1.7186568584293127e-05,-1.7186568584293127e-05,real-age36-C-1-http0-native-rsi256,real-age36-C-1-http0-natural-ee,36,natural-ee,0,http0,1e-10,0,41059081b273c342,176656.21213486238,41059081b27cc600,176656.21215204895,1.7675621215204897e-05,interior
real-age36|C|http0,1,native-rsi256,mean,36,0,0,0,3.15252823845924e-11,7.031331809913941e-11,1e-08,36,C,real-age36,3.15252823845924e-11,4.025349498171238e-12,real-age36-C-1-http0-native-rsi256,real-age36-C-1-http0-natural-ee,36,natural-ee,0,http0,1e-10,13,3fdcb1d676f9a223,0.44835435503640236,3fdcb1d676f0f7be,0.4483543550048771,1.0044835435500488e-08,interior
real-age36|C|http0,1,native-rsi256,min,36,0,0,0,0.0,,1e-08,0,C,real-age36,0.0,0.0,real-age36-C-1-http0-native-rsi256,real-age36-C-1-http0-natural-ee,36,natural-ee,36,http0,1e-10,0,0000000000000000,0.0,0000000000000000,0.0,1e-08,interior
real-age36|C|http0,1,native-rsi256,max,36,0,0,0,0.0,0.0,1e-08,0,C,real-age36,0.0,0.0,real-age36-C-1-http0-native-rsi256,real-age36-C-1-http0-natural-ee,36,natural-ee,0,http0,1e-10,0,400bc37f80000000,3.4704580307006836,400bc37f80000000,3.4704580307006836,1.0347045803070069e-08,interior
real-age36|C|http0,1,native-skv-raw,sum,36,0,0,0,2.962413418572396e-06,5.606385286135303e-11,1e-08,36,C,real-age36,-4.3941327021457255e-07,-2.962413418572396e-06,real-age36-C-1-http0-native-skv-raw,real-age36-C-1-http0-natural-ee,36,natural-ee,0,http0,1e-10,24,40eee67f13c9df06,63283.97116559562,40eee67f13d01575,63283.97116855803,6.338397116855803e-06,interior
real-age36|C|http0,1,native-skv-raw,support,36,0,0,0,1.7186568584293127e-05,9.728822086086934e-11,1e-08,36,C,real-age36,-1.7186568584293127e-05,-1.7186568584293127e-05,real-age36-C-1-http0-native-skv-raw,real-age36-C-1-http0-natural-ee,36,natural-ee,0,http0,1e-10,0,41059081b273c342,176656.21213486238,41059081b27cc600,176656.21215204895,1.7675621215204897e-05,interior
real-age36|C|http0,1,native-skv-raw,mean,36,0,0,0,3.15252823845924e-11,7.031331809913941e-11,1e-08,36,C,real-age36,3.15252823845924e-11,4.025349498171238e-12,real-age36-C-1-http0-native-skv-raw,real-age36-C-1-http0-natural-ee,36,natural-ee,0,http0,1e-10,13,3fdcb1d676f9a223,0.44835435503640236,3fdcb1d676f0f7be,0.4483543550048771,1.0044835435500488e-08,interior
real-age36|C|http0,1,native-skv-raw,min,36,0,0,0,0.0,,1e-08,0,C,real-age36,0.0,0.0,real-age36-C-1-http0-native-skv-raw,real-age36-C-1-http0-natural-ee,36,natural-ee,36,http0,1e-10,0,0000000000000000,0.0,0000000000000000,0.0,1e-08,interior
real-age36|C|http0,1,native-skv-raw,max,36,0,0,0,0.0,0.0,1e-08,0,C,real-age36,0.0,0.0,real-age36-C-1-http0-native-skv-raw,real-age36-C-1-http0-natural-ee,36,natural-ee,0,http0,1e-10,0,400bc37f80000000,3.4704580307006836,400bc37f80000000,3.4704580307006836,1.0347045803070069e-08,interior
real-age36|C|http0,1,native-skv-summary,sum,36,0,0,0,2.962413418572396e-06,5.606385286135303e-11,1e-08,36,C,real-age36,-4.3941327021457255e-07,-2.962413418572396e-06,real-age36-C-1-http0-native-skv-summary,real-age36-C-1-http0-natural-ee,36,natural-ee,0,http0,1e-10,24,40eee67f13c9df06,63283.97116559562,40eee67f13d01575,63283.97116855803,6.338397116855803e-06,interior
real-age36|C|http0,1,native-skv-summary,support,36,0,0,0,1.7186568584293127e-05,9.728822086086934e-11,1e-08,36,C,real-age36,-1.7186568584293127e-05,-1.7186568584293127e-05,real-age36-C-1-http0-native-skv-summary,real-age36-C-1-http0-natural-ee,36,natural-ee,0,http0,1e-10,0,41059081b273c342,176656.21213486238,41059081b27cc600,176656.21215204895,1.7675621215204897e-05,interior
real-age36|C|http0,1,native-skv-summary,mean,36,0,0,0,3.15252823845924e-11,7.031331809913941e-11,1e-08,36,C,real-age36,3.15252823845924e-11,4.025349498171238e-12,real-age36-C-1-http0-native-skv-summary,real-age36-C-1-http0-natural-ee,36,natural-ee,0,http0,1e-10,13,3fdcb1d676f9a223,0.44835435503640236,3fdcb1d676f0f7be,0.4483543550048771,1.0044835435500488e-08,interior
real-age36|C|http0,1,native-skv-summary,min,36,0,0,0,0.0,,1e-08,0,C,real-age36,0.0,0.0,real-age36-C-1-http0-native-skv-summary,real-age36-C-1-http0-natural-ee,36,natural-ee,36,http0,1e-10,0,0000000000000000,0.0,0000000000000000,0.0,1e-08,interior
real-age36|C|http0,1,native-skv-summary,max,36,0,0,0,0.0,0.0,1e-08,0,C,real-age36,0.0,0.0,real-age36-C-1-http0-native-skv-summary,real-age36-C-1-http0-natural-ee,36,natural-ee,0,http0,1e-10,0,400bc37f80000000,3.4704580307006836,400bc37f80000000,3.4704580307006836,1.0347045803070069e-08,interior
real-age36|C|http0,2,native-tiff,sum,36,0,0,0,3.876339178532362e-06,7.121414314607615e-11,1e-08,36,C,real-age36,-5.461588443722576e-07,-3.876339178532362e-06,real-age36-C-2-http0-native-tiff,real-age36-C-2-http0-natural-ee,36,natural-ee,0,http0,1e-10,25,40ef3c0905f4cc30,63968.28197708016,40ef3c0905fced48,63968.2819809565,6.40682819809565e-06,interior
real-age36|C|http0,2,native-tiff,support,36,0,0,36,2.0986306481063366e-05,1.1720227154236435e-10,1e-08,36,C,real-age36,-2.0986306481063366e-05,-2.0986306481063366e-05,real-age36-C-2-http0-native-tiff,real-age36-C-2-http0-natural-ee,36,natural-ee,0,http0,1e-10,0,4105dba49fa08f44,179060.57794296194,4105dba49fab9000,179060.57796394825,1.7916057796394826e-05,interior
real-age36|C|http0,2,native-tiff,mean,36,0,0,0,3.269334802880053e-11,7.357194348098861e-11,1e-08,36,C,real-age36,3.269334802880053e-11,4.7593456953265445e-12,real-age36-C-2-http0-native-tiff,real-age36-C-2-http0-natural-ee,36,natural-ee,0,http0,1e-10,13,3fdc70995481f2fd,0.44437249424645114,3fdc70995478f666,0.4443724942137578,1.0044437249421376e-08,interior
real-age36|C|http0,2,native-tiff,min,36,0,0,0,0.0,,1e-08,0,C,real-age36,0.0,0.0,real-age36-C-2-http0-native-tiff,real-age36-C-2-http0-natural-ee,36,natural-ee,36,http0,1e-10,0,0000000000000000,0.0,0000000000000000,0.0,1e-08,interior
real-age36|C|http0,2,native-tiff,max,36,0,0,0,0.0,0.0,1e-08,0,C,real-age36,0.0,0.0,real-age36-C-2-http0-native-tiff,real-age36-C-2-http0-natural-ee,36,natural-ee,0,http0,1e-10,0,400bc37f80000000,3.4704580307006836,400bc37f80000000,3.4704580307006836,1.0347045803070069e-08,interior
real-age36|C|http0,2,native-cog,sum,36,0,0,0,3.876339178532362e-06,7.121414314607615e-11,1e-08,36,C,real-age36,-5.461588443722576e-07,-3.876339178532362e-06,real-age36-C-2-http0-native-cog,real-age36-C-2-http0-natural-ee,36,natural-ee,0,http0,1e-10,25,40ef3c0905f4cc30,63968.28197708016,40ef3c0905fced48,63968.2819809565,6.40682819809565e-06,interior
real-age36|C|http0,2,native-cog,support,36,0,0,36,2.0986306481063366e-05,1.1720227154236435e-10,1e-08,36,C,real-age36,-2.0986306481063366e-05,-2.0986306481063366e-05,real-age36-C-2-http0-native-cog,real-age36-C-2-http0-natural-ee,36,natural-ee,0,http0,1e-10,0,4105dba49fa08f44,179060.57794296194,4105dba49fab9000,179060.57796394825,1.7916057796394826e-05,interior
real-age36|C|http0,2,native-cog,mean,36,0,0,0,3.269334802880053e-11,7.357194348098861e-11,1e-08,36,C,real-age36,3.269334802880053e-11,4.7593456953265445e-12,real-age36-C-2-http0-native-cog,real-age36-C-2-http0-natural-ee,36,natural-ee,0,http0,1e-10,13,3fdc70995481f2fd,0.44437249424645114,3fdc70995478f666,0.4443724942137578,1.0044437249421376e-08,interior
real-age36|C|http0,2,native-cog,min,36,0,0,0,0.0,,1e-08,0,C,real-age36,0.0,0.0,real-age36-C-2-http0-native-cog,real-age36-C-2-http0-natural-ee,36,natural-ee,36,http0,1e-10,0,0000000000000000,0.0,0000000000000000,0.0,1e-08,interior
real-age36|C|http0,2,native-cog,max,36,0,0,0,0.0,0.0,1e-08,0,C,real-age36,0.0,0.0,real-age36-C-2-http0-native-cog,real-age36-C-2-http0-natural-ee,36,natural-ee,0,http0,1e-10,0,400bc37f80000000,3.4704580307006836,400bc37f80000000,3.4704580307006836,1.0347045803070069e-08,interior
real-age36|C|http0,2,native-rsi64,sum,36,0,0,0,3.876339178532362e-06,7.121414314607615e-11,1e-08,36,C,real-age36,-5.461588443722576e-07,-3.876339178532362e-06,real-age36-C-2-http0-native-rsi64,real-age36-C-2-http0-natural-ee,36,natural-ee,0,http0,1e-10,25,40ef3c0905f4cc30,63968.28197708016,40ef3c0905fced48,63968.2819809565,6.40682819809565e-06,interior
real-age36|C|http0,2,native-rsi64,support,36,0,0,36,2.0986306481063366e-05,1.1720227154236435e-10,1e-08,36,C,real-age36,-2.0986306481063366e-05,-2.0986306481063366e-05,real-age36-C-2-http0-native-rsi64,real-age36-C-2-http0-natural-ee,36,natural-ee,0,http0,1e-10,0,4105dba49fa08f44,179060.57794296194,4105dba49fab9000,179060.57796394825,1.7916057796394826e-05,interior
real-age36|C|http0,2,native-rsi64,mean,36,0,0,0,3.269334802880053e-11,7.357194348098861e-11,1e-08,36,C,real-age36,3.269334802880053e-11,4.7593456953265445e-12,real-age36-C-2-http0-native-rsi64,real-age36-C-2-http0-natural-ee,36,natural-ee,0,http0,1e-10,13,3fdc70995481f2fd,0.44437249424645114,3fdc70995478f666,0.4443724942137578,1.0044437249421376e-08,interior
real-age36|C|http0,2,native-rsi64,min,36,0,0,0,0.0,,1e-08,0,C,real-age36,0.0,0.0,real-age36-C-2-http0-native-rsi64,real-age36-C-2-http0-natural-ee,36,natural-ee,36,http0,1e-10,0,0000000000000000,0.0,0000000000000000,0.0,1e-08,interior
real-age36|C|http0,2,native-rsi64,max,36,0,0,0,0.0,0.0,1e-08,0,C,real-age36,0.0,0.0,real-age36-C-2-http0-native-rsi64,real-age36-C-2-http0-natural-ee,36,natural-ee,0,http0,1e-10,0,400bc37f80000000,3.4704580307006836,400bc37f80000000,3.4704580307006836,1.0347045803070069e-08,interior
real-age36|C|http0,2,native-rsi256,sum,36,0,0,0,3.876339178532362e-06,7.121414314607615e-11,1e-08,36,C,real-age36,-5.461588443722576e-07,-3.876339178532362e-06,real-age36-C-2-http0-native-rsi256,real-age36-C-2-http0-natural-ee,36,natural-ee,0,http0,1e-10,25,40ef3c0905f4cc30,63968.28197708016,40ef3c0905fced48,63968.2819809565,6.40682819809565e-06,interior
real-age36|C|http0,2,native-rsi256,support,36,0,0,36,2.0986306481063366e-05,1.1720227154236435e-10,1e-08,36,C,real-age36,-2.0986306481063366e-05,-2.0986306481063366e-05,real-age36-C-2-http0-native-rsi256,real-age36-C-2-http0-natural-ee,36,natural-ee,0,http0,1e-10,0,4105dba49fa08f44,179060.57794296194,4105dba49fab9000,179060.57796394825,1.7916057796394826e-05,interior
real-age36|C|http0,2,native-rsi256,mean,36,0,0,0,3.269334802880053e-11,7.357194348098861e-11,1e-08,36,C,real-age36,3.269334802880053e-11,4.7593456953265445e-12,real-age36-C-2-http0-native-rsi256,real-age36-C-2-http0-natural-ee,36,natural-ee,0,http0,1e-10,13,3fdc70995481f2fd,0.44437249424645114,3fdc70995478f666,0.4443724942137578,1.0044437249421376e-08,interior
real-age36|C|http0,2,native-rsi256,min,36,0,0,0,0.0,,1e-08,0,C,real-age36,0.0,0.0,real-age36-C-2-http0-native-rsi256,real-age36-C-2-http0-natural-ee,36,natural-ee,36,http0,1e-10,0,0000000000000000,0.0,0000000000000000,0.0,1e-08,interior
real-age36|C|http0,2,native-rsi256,max,36,0,0,0,0.0,0.0,1e-08,0,C,real-age36,0.0,0.0,real-age36-C-2-http0-native-rsi256,real-age36-C-2-http0-natural-ee,36,natural-ee,0,http0,1e-10,0,400bc37f80000000,3.4704580307006836,400bc37f80000000,3.4704580307006836,1.0347045803070069e-08,interior
real-age36|C|http0,2,native-skv-raw,sum,36,0,0,0,3.876339178532362e-06,7.121414314607615e-11,1e-08,36,C,real-age36,-5.461588443722576e-07,-3.876339178532362e-06,real-age36-C-2-http0-native-skv-raw,real-age36-C-2-http0-natural-ee,36,natural-ee,0,http0,1e-10,25,40ef3c0905f4cc30,63968.28197708016,40ef3c0905fced48,63968.2819809565,6.40682819809565e-06,interior
real-age36|C|http0,2,native-skv-raw,support,36,0,0,36,2.0986306481063366e-05,1.1720227154236435e-10,1e-08,36,C,real-age36,-2.0986306481063366e-05,-2.0986306481063366e-05,real-age36-C-2-http0-native-skv-raw,real-age36-C-2-http0-natural-ee,36,natural-ee,0,http0,1e-10,0,4105dba49fa08f44,179060.57794296194,4105dba49fab9000,179060.57796394825,1.7916057796394826e-05,interior
real-age36|C|http0,2,native-skv-raw,mean,36,0,0,0,3.269334802880053e-11,7.357194348098861e-11,1e-08,36,C,real-age36,3.269334802880053e-11,4.7593456953265445e-12,real-age36-C-2-http0-native-skv-raw,real-age36-C-2-http0-natural-ee,36,natural-ee,0,http0,1e-10,13,3fdc70995481f2fd,0.44437249424645114,3fdc70995478f666,0.4443724942137578,1.0044437249421376e-08,interior
real-age36|C|http0,2,native-skv-raw,min,36,0,0,0,0.0,,1e-08,0,C,real-age36,0.0,0.0,real-age36-C-2-http0-native-skv-raw,real-age36-C-2-http0-natural-ee,36,natural-ee,36,http0,1e-10,0,0000000000000000,0.0,0000000000000000,0.0,1e-08,interior
real-age36|C|http0,2,native-skv-raw,max,36,0,0,0,0.0,0.0,1e-08,0,C,real-age36,0.0,0.0,real-age36-C-2-http0-native-skv-raw,real-age36-C-2-http0-natural-ee,36,natural-ee,0,http0,1e-10,0,400bc37f80000000,3.4704580307006836,400bc37f80000000,3.4704580307006836,1.0347045803070069e-08,interior
real-age36|C|http0,2,native-skv-summary,sum,36,0,0,0,3.876339178532362e-06,7.121414314607615e-11,1e-08,36,C,real-age36,-5.461588443722576e-07,-3.876339178532362e-06,real-age36-C-2-http0-native-skv-summary,real-age36-C-2-http0-natural-ee,36,natural-ee,0,http0,1e-10,25,40ef3c0905f4cc30,63968.28197708016,40ef3c0905fced48,63968.2819809565,6.40682819809565e-06,interior
real-age36|C|http0,2,native-skv-summary,support,36,0,0,36,2.0986306481063366e-05,1.1720227154236435e-10,1e-08,36,C,real-age36,-2.0986306481063366e-05,-2.0986306481063366e-05,real-age36-C-2-http0-native-skv-summary,real-age36-C-2-http0-natural-ee,36,natural-ee,0,http0,1e-10,0,4105dba49fa08f44,179060.57794296194,4105dba49fab9000,179060.57796394825,1.7916057796394826e-05,interior
real-age36|C|http0,2,native-skv-summary,mean,36,0,0,0,3.269334802880053e-11,7.357194348098861e-11,1e-08,36,C,real-age36,3.269334802880053e-11,4.7593456953265445e-12,real-age36-C-2-http0-native-skv-summary,real-age36-C-2-http0-natural-ee,36,natural-ee,0,http0,1e-10,13,3fdc70995481f2fd,0.44437249424645114,3fdc70995478f666,0.4443724942137578,1.0044437249421376e-08,interior
real-age36|C|http0,2,native-skv-summary,min,36,0,0,0,0.0,,1e-08,0,C,real-age36,0.0,0.0,real-age36-C-2-http0-native-skv-summary,real-age36-C-2-http0-natural-ee,36,natural-ee,36,http0,1e-10,0,0000000000000000,0.0,0000000000000000,0.0,1e-08,interior
real-age36|C|http0,2,native-skv-summary,max,36,0,0,0,0.0,0.0,1e-08,0,C,real-age36,0.0,0.0,real-age36-C-2-http0-native-skv-summary,real-age36-C-2-http0-natural-ee,36,natural-ee,0,http0,1e-10,0,400bc37f80000000,3.4704580307006836,400bc37f80000000,3.4704580307006836,1.0347045803070069e-08,interior
real-age36|C|local,0,native-tiff,sum,36,0,0,0,5.018395313527435e-06,9.43123052386119e-11,1e-08,36,C,real-age36,5.018395313527435e-06,7.229409675346687e-07,real-age36-C-0-local-native-tiff,real-age36-C-0-local-natural-ee,36,natural-ee,0,local,1e-10,25,40eedc8cc4a6666c,63204.399005126994,40eedc8cc49be031,63204.3990001086,6.33043990001086e-06,interior
real-age36|C|local,0,native-tiff,support,36,0,0,36,3.0609924579039216e-05,1.7539609244758994e-10,1e-08,36,C,real-age36,3.0609924579039216e-05,3.0609924579039216e-05,real-age36-C-0-local-native-tiff,real-age36-C-0-local-natural-ee,36,natural-ee,0,local,1e-10,0,41054db6cf8e2065,174518.8513453036,41054db6cf7e1400,174518.8513146937,1.746188513146937e-05,interior
real-age36|C|local,0,native-tiff,mean,36,0,0,0,5.381667333992368e-11,1.1903582551885012e-10,1e-08,36,C,real-age36,-7.741168817076982e-12,-5.381667333992368e-11,real-age36-C-0-local-native-tiff,real-age36-C-0-local-natural-ee,36,natural-ee,0,local,1e-10,13,3fdcef4927e5e995,0.45210484405802137,3fdcef4927f4b498,0.45210484411183804,1.0045210484411183e-08,interior
real-age36|C|local,0,native-tiff,min,36,0,0,0,0.0,,1e-08,0,C,real-age36,0.0,0.0,real-age36-C-0-local-native-tiff,real-age36-C-0-local-natural-ee,36,natural-ee,36,local,1e-10,0,0000000000000000,0.0,0000000000000000,0.0,1e-08,interior
real-age36|C|local,0,native-tiff,max,36,0,0,0,0.0,0.0,1e-08,0,C,real-age36,0.0,0.0,real-age36-C-0-local-native-tiff,real-age36-C-0-local-natural-ee,36,natural-ee,0,local,1e-10,0,400bc37f80000000,3.4704580307006836,400bc37f80000000,3.4704580307006836,1.0347045803070069e-08,interior
real-age36|C|local,0,native-cog,sum,36,0,0,0,5.018395313527435e-06,9.43123052386119e-11,1e-08,36,C,real-age36,5.018395313527435e-06,7.229409675346687e-07,real-age36-C-0-local-native-cog,real-age36-C-0-local-natural-ee,36,natural-ee,0,local,1e-10,25,40eedc8cc4a6666c,63204.399005126994,40eedc8cc49be031,63204.3990001086,6.33043990001086e-06,interior
real-age36|C|local,0,native-cog,support,36,0,0,36,3.0609924579039216e-05,1.7539609244758994e-10,1e-08,36,C,real-age36,3.0609924579039216e-05,3.0609924579039216e-05,real-age36-C-0-local-native-cog,real-age36-C-0-local-natural-ee,36,natural-ee,0,local,1e-10,0,41054db6cf8e2065,174518.8513453036,41054db6cf7e1400,174518.8513146937,1.746188513146937e-05,interior
real-age36|C|local,0,native-cog,mean,36,0,0,0,5.381667333992368e-11,1.1903582551885012e-10,1e-08,36,C,real-age36,-7.741168817076982e-12,-5.381667333992368e-11,real-age36-C-0-local-native-cog,real-age36-C-0-local-natural-ee,36,natural-ee,0,local,1e-10,13,3fdcef4927e5e995,0.45210484405802137,3fdcef4927f4b498,0.45210484411183804,1.0045210484411183e-08,interior
real-age36|C|local,0,native-cog,min,36,0,0,0,0.0,,1e-08,0,C,real-age36,0.0,0.0,real-age36-C-0-local-native-cog,real-age36-C-0-local-natural-ee,36,natural-ee,36,local,1e-10,0,0000000000000000,0.0,0000000000000000,0.0,1e-08,interior
real-age36|C|local,0,native-cog,max,36,0,0,0,0.0,0.0,1e-08,0,C,real-age36,0.0,0.0,real-age36-C-0-local-native-cog,real-age36-C-0-local-natural-ee,36,natural-ee,0,local,1e-10,0,400bc37f80000000,3.4704580307006836,400bc37f80000000,3.4704580307006836,1.0347045803070069e-08,interior
real-age36|C|local,0,native-rsi64,sum,36,0,0,0,5.018395313527435e-06,9.43123052386119e-11,1e-08,36,C,real-age36,5.018395313527435e-06,7.229409675346687e-07,real-age36-C-0-local-native-rsi64,real-age36-C-0-local-natural-ee,36,natural-ee,0,local,1e-10,25,40eedc8cc4a6666c,63204.399005126994,40eedc8cc49be031,63204.3990001086,6.33043990001086e-06,interior
real-age36|C|local,0,native-rsi64,support,36,0,0,36,3.0609924579039216e-05,1.7539609244758994e-10,1e-08,36,C,real-age36,3.0609924579039216e-05,3.0609924579039216e-05,real-age36-C-0-local-native-rsi64,real-age36-C-0-local-natural-ee,36,natural-ee,0,local,1e-10,0,41054db6cf8e2065,174518.8513453036,41054db6cf7e1400,174518.8513146937,1.746188513146937e-05,interior
real-age36|C|local,0,native-rsi64,mean,36,0,0,0,5.381667333992368e-11,1.1903582551885012e-10,1e-08,36,C,real-age36,-7.741168817076982e-12,-5.381667333992368e-11,real-age36-C-0-local-native-rsi64,real-age36-C-0-local-natural-ee,36,natural-ee,0,local,1e-10,13,3fdcef4927e5e995,0.45210484405802137,3fdcef4927f4b498,0.45210484411183804,1.0045210484411183e-08,interior
real-age36|C|local,0,native-rsi64,min,36,0,0,0,0.0,,1e-08,0,C,real-age36,0.0,0.0,real-age36-C-0-local-native-rsi64,real-age36-C-0-local-natural-ee,36,natural-ee,36,local,1e-10,0,0000000000000000,0.0,0000000000000000,0.0,1e-08,interior
real-age36|C|local,0,native-rsi64,max,36,0,0,0,0.0,0.0,1e-08,0,C,real-age36,0.0,0.0,real-age36-C-0-local-native-rsi64,real-age36-C-0-local-natural-ee,36,natural-ee,0,local,1e-10,0,400bc37f80000000,3.4704580307006836,400bc37f80000000,3.4704580307006836,1.0347045803070069e-08,interior
real-age36|C|local,0,native-rsi256,sum,36,0,0,0,5.018395313527435e-06,9.43123052386119e-11,1e-08,36,C,real-age36,5.018395313527435e-06,7.229409675346687e-07,real-age36-C-0-local-native-rsi256,real-age36-C-0-local-natural-ee,36,natural-ee,0,local,1e-10,25,40eedc8cc4a6666c,63204.399005126994,40eedc8cc49be031,63204.3990001086,6.33043990001086e-06,interior
real-age36|C|local,0,native-rsi256,support,36,0,0,36,3.0609924579039216e-05,1.7539609244758994e-10,1e-08,36,C,real-age36,3.0609924579039216e-05,3.0609924579039216e-05,real-age36-C-0-local-native-rsi256,real-age36-C-0-local-natural-ee,36,natural-ee,0,local,1e-10,0,41054db6cf8e2065,174518.8513453036,41054db6cf7e1400,174518.8513146937,1.746188513146937e-05,interior
real-age36|C|local,0,native-rsi256,mean,36,0,0,0,5.381667333992368e-11,1.1903582551885012e-10,1e-08,36,C,real-age36,-7.741168817076982e-12,-5.381667333992368e-11,real-age36-C-0-local-native-rsi256,real-age36-C-0-local-natural-ee,36,natural-ee,0,local,1e-10,13,3fdcef4927e5e995,0.45210484405802137,3fdcef4927f4b498,0.45210484411183804,1.0045210484411183e-08,interior
real-age36|C|local,0,native-rsi256,min,36,0,0,0,0.0,,1e-08,0,C,real-age36,0.0,0.0,real-age36-C-0-local-native-rsi256,real-age36-C-0-local-natural-ee,36,natural-ee,36,local,1e-10,0,0000000000000000,0.0,0000000000000000,0.0,1e-08,interior
real-age36|C|local,0,native-rsi256,max,36,0,0,0,0.0,0.0,1e-08,0,C,real-age36,0.0,0.0,real-age36-C-0-local-native-rsi256,real-age36-C-0-local-natural-ee,36,natural-ee,0,local,1e-10,0,400bc37f80000000,3.4704580307006836,400bc37f80000000,3.4704580307006836,1.0347045803070069e-08,interior
real-age36|C|local,0,native-skv-raw,sum,36,0,0,0,5.018395313527435e-06,9.43123052386119e-11,1e-08,36,C,real-age36,5.018395313527435e-06,7.229409675346687e-07,real-age36-C-0-local-native-skv-raw,real-age36-C-0-local-natural-ee,36,natural-ee,0,local,1e-10,25,40eedc8cc4a6666c,63204.399005126994,40eedc8cc49be031,63204.3990001086,6.33043990001086e-06,interior
real-age36|C|local,0,native-skv-raw,support,36,0,0,36,3.0609924579039216e-05,1.7539609244758994e-10,1e-08,36,C,real-age36,3.0609924579039216e-05,3.0609924579039216e-05,real-age36-C-0-local-native-skv-raw,real-age36-C-0-local-natural-ee,36,natural-ee,0,local,1e-10,0,41054db6cf8e2065,174518.8513453036,41054db6cf7e1400,174518.8513146937,1.746188513146937e-05,interior
real-age36|C|local,0,native-skv-raw,mean,36,0,0,0,5.381667333992368e-11,1.1903582551885012e-10,1e-08,36,C,real-age36,-7.741168817076982e-12,-5.381667333992368e-11,real-age36-C-0-local-native-skv-raw,real-age36-C-0-local-natural-ee,36,natural-ee,0,local,1e-10,13,3fdcef4927e5e995,0.45210484405802137,3fdcef4927f4b498,0.45210484411183804,1.0045210484411183e-08,interior
real-age36|C|local,0,native-skv-raw,min,36,0,0,0,0.0,,1e-08,0,C,real-age36,0.0,0.0,real-age36-C-0-local-native-skv-raw,real-age36-C-0-local-natural-ee,36,natural-ee,36,local,1e-10,0,0000000000000000,0.0,0000000000000000,0.0,1e-08,interior
real-age36|C|local,0,native-skv-raw,max,36,0,0,0,0.0,0.0,1e-08,0,C,real-age36,0.0,0.0,real-age36-C-0-local-native-skv-raw,real-age36-C-0-local-natural-ee,36,natural-ee,0,local,1e-10,0,400bc37f80000000,3.4704580307006836,400bc37f80000000,3.4704580307006836,1.0347045803070069e-08,interior
real-age36|C|local,0,native-skv-summary,sum,36,0,0,0,5.018395313527435e-06,9.43123052386119e-11,1e-08,36,C,real-age36,5.018395313527435e-06,7.229409675346687e-07,real-age36-C-0-local-native-skv-summary,real-age36-C-0-local-natural-ee,36,natural-ee,0,local,1e-10,25,40eedc8cc4a6666c,63204.399005126994,40eedc8cc49be031,63204.3990001086,6.33043990001086e-06,interior
real-age36|C|local,0,native-skv-summary,support,36,0,0,36,3.0609924579039216e-05,1.7539609244758994e-10,1e-08,36,C,real-age36,3.0609924579039216e-05,3.0609924579039216e-05,real-age36-C-0-local-native-skv-summary,real-age36-C-0-local-natural-ee,36,natural-ee,0,local,1e-10,0,41054db6cf8e2065,174518.8513453036,41054db6cf7e1400,174518.8513146937,1.746188513146937e-05,interior
real-age36|C|local,0,native-skv-summary,mean,36,0,0,0,5.381667333992368e-11,1.1903582551885012e-10,1e-08,36,C,real-age36,-7.741168817076982e-12,-5.381667333992368e-11,real-age36-C-0-local-native-skv-summary,real-age36-C-0-local-natural-ee,36,natural-ee,0,local,1e-10,13,3fdcef4927e5e995,0.45210484405802137,3fdcef4927f4b498,0.45210484411183804,1.0045210484411183e-08,interior
real-age36|C|local,0,native-skv-summary,min,36,0,0,0,0.0,,1e-08,0,C,real-age36,0.0,0.0,real-age36-C-0-local-native-skv-summary,real-age36-C-0-local-natural-ee,36,natural-ee,36,local,1e-10,0,0000000000000000,0.0,0000000000000000,0.0,1e-08,interior
real-age36|C|local,0,native-skv-summary,max,36,0,0,0,0.0,0.0,1e-08,0,C,real-age36,0.0,0.0,real-age36-C-0-local-native-skv-summary,real-age36-C-0-local-natural-ee,36,natural-ee,0,local,1e-10,0,400bc37f80000000,3.4704580307006836,400bc37f80000000,3.4704580307006836,1.0347045803070069e-08,interior
real-age36|C|local,1,native-tiff,sum,36,0,0,0,2.962413418572396e-06,5.606385286135303e-11,1e-08,36,C,real-age36,-4.3941327021457255e-07,-2.962413418572396e-06,real-age36-C-1-local-native-tiff,real-age36-C-1-local-natural-ee,36,natural-ee,0,local,1e-10,24,40eee67f13c9df06,63283.97116559562,40eee67f13d01575,63283.97116855803,6.338397116855803e-06,interior
real-age36|C|local,1,native-tiff,support,36,0,0,0,1.7186568584293127e-05,9.728822086086934e-11,1e-08,36,C,real-age36,-1.7186568584293127e-05,-1.7186568584293127e-05,real-age36-C-1-local-native-tiff,real-age36-C-1-local-natural-ee,36,natural-ee,0,local,1e-10,0,41059081b273c342,176656.21213486238,41059081b27cc600,176656.21215204895,1.7675621215204897e-05,interior
real-age36|C|local,1,native-tiff,mean,36,0,0,0,3.15252823845924e-11,7.031331809913941e-11,1e-08,36,C,real-age36,3.15252823845924e-11,4.025349498171238e-12,real-age36-C-1-local-native-tiff,real-age36-C-1-local-natural-ee,36,natural-ee,0,local,1e-10,13,3fdcb1d676f9a223,0.44835435503640236,3fdcb1d676f0f7be,0.4483543550048771,1.0044835435500488e-08,interior
real-age36|C|local,1,native-tiff,min,36,0,0,0,0.0,,1e-08,0,C,real-age36,0.0,0.0,real-age36-C-1-local-native-tiff,real-age36-C-1-local-natural-ee,36,natural-ee,36,local,1e-10,0,0000000000000000,0.0,0000000000000000,0.0,1e-08,interior
real-age36|C|local,1,native-tiff,max,36,0,0,0,0.0,0.0,1e-08,0,C,real-age36,0.0,0.0,real-age36-C-1-local-native-tiff,real-age36-C-1-local-natural-ee,36,natural-ee,0,local,1e-10,0,400bc37f80000000,3.4704580307006836,400bc37f80000000,3.4704580307006836,1.0347045803070069e-08,interior
real-age36|C|local,1,native-cog,sum,36,0,0,0,2.962413418572396e-06,5.606385286135303e-11,1e-08,36,C,real-age36,-4.3941327021457255e-07,-2.962413418572396e-06,real-age36-C-1-local-native-cog,real-age36-C-1-local-natural-ee,36,natural-ee,0,local,1e-10,24,40eee67f13c9df06,63283.97116559562,40eee67f13d01575,63283.97116855803,6.338397116855803e-06,interior
real-age36|C|local,1,native-cog,support,36,0,0,0,1.7186568584293127e-05,9.728822086086934e-11,1e-08,36,C,real-age36,-1.7186568584293127e-05,-1.7186568584293127e-05,real-age36-C-1-local-native-cog,real-age36-C-1-local-natural-ee,36,natural-ee,0,local,1e-10,0,41059081b273c342,176656.21213486238,41059081b27cc600,176656.21215204895,1.7675621215204897e-05,interior
real-age36|C|local,1,native-cog,mean,36,0,0,0,3.15252823845924e-11,7.031331809913941e-11,1e-08,36,C,real-age36,3.15252823845924e-11,4.025349498171238e-12,real-age36-C-1-local-native-cog,real-age36-C-1-local-natural-ee,36,natural-ee,0,local,1e-10,13,3fdcb1d676f9a223,0.44835435503640236,3fdcb1d676f0f7be,0.4483543550048771,1.0044835435500488e-08,interior
real-age36|C|local,1,native-cog,min,36,0,0,0,0.0,,1e-08,0,C,real-age36,0.0,0.0,real-age36-C-1-local-native-cog,real-age36-C-1-local-natural-ee,36,natural-ee,36,local,1e-10,0,0000000000000000,0.0,0000000000000000,0.0,1e-08,interior
real-age36|C|local,1,native-cog,max,36,0,0,0,0.0,0.0,1e-08,0,C,real-age36,0.0,0.0,real-age36-C-1-local-native-cog,real-age36-C-1-local-natural-ee,36,natural-ee,0,local,1e-10,0,400bc37f80000000,3.4704580307006836,400bc37f80000000,3.4704580307006836,1.0347045803070069e-08,interior
real-age36|C|local,1,native-rsi64,sum,36,0,0,0,2.962413418572396e-06,5.606385286135303e-11,1e-08,36,C,real-age36,-4.3941327021457255e-07,-2.962413418572396e-06,real-age36-C-1-local-native-rsi64,real-age36-C-1-local-natural-ee,36,natural-ee,0,local,1e-10,24,40eee67f13c9df06,63283.97116559562,40eee67f13d01575,63283.97116855803,6.338397116855803e-06,interior
real-age36|C|local,1,native-rsi64,support,36,0,0,0,1.7186568584293127e-05,9.728822086086934e-11,1e-08,36,C,real-age36,-1.7186568584293127e-05,-1.7186568584293127e-05,real-age36-C-1-local-native-rsi64,real-age36-C-1-local-natural-ee,36,natural-ee,0,local,1e-10,0,41059081b273c342,176656.21213486238,41059081b27cc600,176656.21215204895,1.7675621215204897e-05,interior
real-age36|C|local,1,native-rsi64,mean,36,0,0,0,3.15252823845924e-11,7.031331809913941e-11,1e-08,36,C,real-age36,3.15252823845924e-11,4.025349498171238e-12,real-age36-C-1-local-native-rsi64,real-age36-C-1-local-natural-ee,36,natural-ee,0,local,1e-10,13,3fdcb1d676f9a223,0.44835435503640236,3fdcb1d676f0f7be,0.4483543550048771,1.0044835435500488e-08,interior
real-age36|C|local,1,native-rsi64,min,36,0,0,0,0.0,,1e-08,0,C,real-age36,0.0,0.0,real-age36-C-1-local-native-rsi64,real-age36-C-1-local-natural-ee,36,natural-ee,36,local,1e-10,0,0000000000000000,0.0,0000000000000000,0.0,1e-08,interior
real-age36|C|local,1,native-rsi64,max,36,0,0,0,0.0,0.0,1e-08,0,C,real-age36,0.0,0.0,real-age36-C-1-local-native-rsi64,real-age36-C-1-local-natural-ee,36,natural-ee,0,local,1e-10,0,400bc37f80000000,3.4704580307006836,400bc37f80000000,3.4704580307006836,1.0347045803070069e-08,interior
real-age36|C|local,1,native-rsi256,sum,36,0,0,0,2.962413418572396e-06,5.606385286135303e-11,1e-08,36,C,real-age36,-4.3941327021457255e-07,-2.962413418572396e-06,real-age36-C-1-local-native-rsi256,real-age36-C-1-local-natural-ee,36,natural-ee,0,local,1e-10,24,40eee67f13c9df06,63283.97116559562,40eee67f13d01575,63283.97116855803,6.338397116855803e-06,interior
real-age36|C|local,1,native-rsi256,support,36,0,0,0,1.7186568584293127e-05,9.728822086086934e-11,1e-08,36,C,real-age36,-1.7186568584293127e-05,-1.7186568584293127e-05,real-age36-C-1-local-native-rsi256,real-age36-C-1-local-natural-ee,36,natural-ee,0,local,1e-10,0,41059081b273c342,176656.21213486238,41059081b27cc600,176656.21215204895,1.7675621215204897e-05,interior
real-age36|C|local,1,native-rsi256,mean,36,0,0,0,3.15252823845924e-11,7.031331809913941e-11,1e-08,36,C,real-age36,3.15252823845924e-11,4.025349498171238e-12,real-age36-C-1-local-native-rsi256,real-age36-C-1-local-natural-ee,36,natural-ee,0,local,1e-10,13,3fdcb1d676f9a223,0.44835435503640236,3fdcb1d676f0f7be,0.4483543550048771,1.0044835435500488e-08,interior
real-age36|C|local,1,native-rsi256,min,36,0,0,0,0.0,,1e-08,0,C,real-age36,0.0,0.0,real-age36-C-1-local-native-rsi256,real-age36-C-1-local-natural-ee,36,natural-ee,36,local,1e-10,0,0000000000000000,0.0,0000000000000000,0.0,1e-08,interior
real-age36|C|local,1,native-rsi256,max,36,0,0,0,0.0,0.0,1e-08,0,C,real-age36,0.0,0.0,real-age36-C-1-local-native-rsi256,real-age36-C-1-local-natural-ee,36,natural-ee,0,local,1e-10,0,400bc37f80000000,3.4704580307006836,400bc37f80000000,3.4704580307006836,1.0347045803070069e-08,interior
real-age36|C|local,1,native-skv-raw,sum,36,0,0,0,2.962413418572396e-06,5.606385286135303e-11,1e-08,36,C,real-age36,-4.3941327021457255e-07,-2.962413418572396e-06,real-age36-C-1-local-native-skv-raw,real-age36-C-1-local-natural-ee,36,natural-ee,0,local,1e-10,24,40eee67f13c9df06,63283.97116559562,40eee67f13d01575,63283.97116855803,6.338397116855803e-06,interior
real-age36|C|local,1,native-skv-raw,support,36,0,0,0,1.7186568584293127e-05,9.728822086086934e-11,1e-08,36,C,real-age36,-1.7186568584293127e-05,-1.7186568584293127e-05,real-age36-C-1-local-native-skv-raw,real-age36-C-1-local-natural-ee,36,natural-ee,0,local,1e-10,0,41059081b273c342,176656.21213486238,41059081b27cc600,176656.21215204895,1.7675621215204897e-05,interior
real-age36|C|local,1,native-skv-raw,mean,36,0,0,0,3.15252823845924e-11,7.031331809913941e-11,1e-08,36,C,real-age36,3.15252823845924e-11,4.025349498171238e-12,real-age36-C-1-local-native-skv-raw,real-age36-C-1-local-natural-ee,36,natural-ee,0,local,1e-10,13,3fdcb1d676f9a223,0.44835435503640236,3fdcb1d676f0f7be,0.4483543550048771,1.0044835435500488e-08,interior
real-age36|C|local,1,native-skv-raw,min,36,0,0,0,0.0,,1e-08,0,C,real-age36,0.0,0.0,real-age36-C-1-local-native-skv-raw,real-age36-C-1-local-natural-ee,36,natural-ee,36,local,1e-10,0,0000000000000000,0.0,0000000000000000,0.0,1e-08,interior
real-age36|C|local,1,native-skv-raw,max,36,0,0,0,0.0,0.0,1e-08,0,C,real-age36,0.0,0.0,real-age36-C-1-local-native-skv-raw,real-age36-C-1-local-natural-ee,36,natural-ee,0,local,1e-10,0,400bc37f80000000,3.4704580307006836,400bc37f80000000,3.4704580307006836,1.0347045803070069e-08,interior
real-age36|C|local,1,native-skv-summary,sum,36,0,0,0,2.962413418572396e-06,5.606385286135303e-11,1e-08,36,C,real-age36,-4.3941327021457255e-07,-2.962413418572396e-06,real-age36-C-1-local-native-skv-summary,real-age36-C-1-local-natural-ee,36,natural-ee,0,local,1e-10,24,40eee67f13c9df06,63283.97116559562,40eee67f13d01575,63283.97116855803,6.338397116855803e-06,interior
real-age36|C|local,1,native-skv-summary,support,36,0,0,0,1.7186568584293127e-05,9.728822086086934e-11,1e-08,36,C,real-age36,-1.7186568584293127e-05,-1.7186568584293127e-05,real-age36-C-1-local-native-skv-summary,real-age36-C-1-local-natural-ee,36,natural-ee,0,local,1e-10,0,41059081b273c342,176656.21213486238,41059081b27cc600,176656.21215204895,1.7675621215204897e-05,interior
real-age36|C|local,1,native-skv-summary,mean,36,0,0,0,3.15252823845924e-11,7.031331809913941e-11,1e-08,36,C,real-age36,3.15252823845924e-11,4.025349498171238e-12,real-age36-C-1-local-native-skv-summary,real-age36-C-1-local-natural-ee,36,natural-ee,0,local,1e-10,13,3fdcb1d676f9a223,0.44835435503640236,3fdcb1d676f0f7be,0.4483543550048771,1.0044835435500488e-08,interior
real-age36|C|local,1,native-skv-summary,min,36,0,0,0,0.0,,1e-08,0,C,real-age36,0.0,0.0,real-age36-C-1-local-native-skv-summary,real-age36-C-1-local-natural-ee,36,natural-ee,36,local,1e-10,0,0000000000000000,0.0,0000000000000000,0.0,1e-08,interior
real-age36|C|local,1,native-skv-summary,max,36,0,0,0,0.0,0.0,1e-08,0,C,real-age36,0.0,0.0,real-age36-C-1-local-native-skv-summary,real-age36-C-1-local-natural-ee,36,natural-ee,0,local,1e-10,0,400bc37f80000000,3.4704580307006836,400bc37f80000000,3.4704580307006836,1.0347045803070069e-08,interior
real-age36|C|local,2,native-tiff,sum,36,0,0,0,3.876339178532362e-06,7.121414314607615e-11,1e-08,36,C,real-age36,-5.461588443722576e-07,-3.876339178532362e-06,real-age36-C-2-local-native-tiff,real-age36-C-2-local-natural-ee,36,natural-ee,0,local,1e-10,25,40ef3c0905f4cc30,63968.28197708016,40ef3c0905fced48,63968.2819809565,6.40682819809565e-06,interior
real-age36|C|local,2,native-tiff,support,36,0,0,36,2.0986306481063366e-05,1.1720227154236435e-10,1e-08,36,C,real-age36,-2.0986306481063366e-05,-2.0986306481063366e-05,real-age36-C-2-local-native-tiff,real-age36-C-2-local-natural-ee,36,natural-ee,0,local,1e-10,0,4105dba49fa08f44,179060.57794296194,4105dba49fab9000,179060.57796394825,1.7916057796394826e-05,interior
real-age36|C|local,2,native-tiff,mean,36,0,0,0,3.269334802880053e-11,7.357194348098861e-11,1e-08,36,C,real-age36,3.269334802880053e-11,4.7593456953265445e-12,real-age36-C-2-local-native-tiff,real-age36-C-2-local-natural-ee,36,natural-ee,0,local,1e-10,13,3fdc70995481f2fd,0.44437249424645114,3fdc70995478f666,0.4443724942137578,1.0044437249421376e-08,interior
real-age36|C|local,2,native-tiff,min,36,0,0,0,0.0,,1e-08,0,C,real-age36,0.0,0.0,real-age36-C-2-local-native-tiff,real-age36-C-2-local-natural-ee,36,natural-ee,36,local,1e-10,0,0000000000000000,0.0,0000000000000000,0.0,1e-08,interior
real-age36|C|local,2,native-tiff,max,36,0,0,0,0.0,0.0,1e-08,0,C,real-age36,0.0,0.0,real-age36-C-2-local-native-tiff,real-age36-C-2-local-natural-ee,36,natural-ee,0,local,1e-10,0,400bc37f80000000,3.4704580307006836,400bc37f80000000,3.4704580307006836,1.0347045803070069e-08,interior
real-age36|C|local,2,native-cog,sum,36,0,0,0,3.876339178532362e-06,7.121414314607615e-11,1e-08,36,C,real-age36,-5.461588443722576e-07,-3.876339178532362e-06,real-age36-C-2-local-native-cog,real-age36-C-2-local-natural-ee,36,natural-ee,0,local,1e-10,25,40ef3c0905f4cc30,63968.28197708016,40ef3c0905fced48,63968.2819809565,6.40682819809565e-06,interior
real-age36|C|local,2,native-cog,support,36,0,0,36,2.0986306481063366e-05,1.1720227154236435e-10,1e-08,36,C,real-age36,-2.0986306481063366e-05,-2.0986306481063366e-05,real-age36-C-2-local-native-cog,real-age36-C-2-local-natural-ee,36,natural-ee,0,local,1e-10,0,4105dba49fa08f44,179060.57794296194,4105dba49fab9000,179060.57796394825,1.7916057796394826e-05,interior
real-age36|C|local,2,native-cog,mean,36,0,0,0,3.269334802880053e-11,7.357194348098861e-11,1e-08,36,C,real-age36,3.269334802880053e-11,4.7593456953265445e-12,real-age36-C-2-local-native-cog,real-age36-C-2-local-natural-ee,36,natural-ee,0,local,1e-10,13,3fdc70995481f2fd,0.44437249424645114,3fdc70995478f666,0.4443724942137578,1.0044437249421376e-08,interior
real-age36|C|local,2,native-cog,min,36,0,0,0,0.0,,1e-08,0,C,real-age36,0.0,0.0,real-age36-C-2-local-native-cog,real-age36-C-2-local-natural-ee,36,natural-ee,36,local,1e-10,0,0000000000000000,0.0,0000000000000000,0.0,1e-08,interior
real-age36|C|local,2,native-cog,max,36,0,0,0,0.0,0.0,1e-08,0,C,real-age36,0.0,0.0,real-age36-C-2-local-native-cog,real-age36-C-2-local-natural-ee,36,natural-ee,0,local,1e-10,0,400bc37f80000000,3.4704580307006836,400bc37f80000000,3.4704580307006836,1.0347045803070069e-08,interior
real-age36|C|local,2,native-rsi64,sum,36,0,0,0,3.876339178532362e-06,7.121414314607615e-11,1e-08,36,C,real-age36,-5.461588443722576e-07,-3.876339178532362e-06,real-age36-C-2-local-native-rsi64,real-age36-C-2-local-natural-ee,36,natural-ee,0,local,1e-10,25,40ef3c0905f4cc30,63968.28197708016,40ef3c0905fced48,63968.2819809565,6.40682819809565e-06,interior
real-age36|C|local,2,native-rsi64,support,36,0,0,36,2.0986306481063366e-05,1.1720227154236435e-10,1e-08,36,C,real-age36,-2.0986306481063366e-05,-2.0986306481063366e-05,real-age36-C-2-local-native-rsi64,real-age36-C-2-local-natural-ee,36,natural-ee,0,local,1e-10,0,4105dba49fa08f44,179060.57794296194,4105dba49fab9000,179060.57796394825,1.7916057796394826e-05,interior
real-age36|C|local,2,native-rsi64,mean,36,0,0,0,3.269334802880053e-11,7.357194348098861e-11,1e-08,36,C,real-age36,3.269334802880053e-11,4.7593456953265445e-12,real-age36-C-2-local-native-rsi64,real-age36-C-2-local-natural-ee,36,natural-ee,0,local,1e-10,13,3fdc70995481f2fd,0.44437249424645114,3fdc70995478f666,0.4443724942137578,1.0044437249421376e-08,interior
real-age36|C|local,2,native-rsi64,min,36,0,0,0,0.0,,1e-08,0,C,real-age36,0.0,0.0,real-age36-C-2-local-native-rsi64,real-age36-C-2-local-natural-ee,36,natural-ee,36,local,1e-10,0,0000000000000000,0.0,0000000000000000,0.0,1e-08,interior
real-age36|C|local,2,native-rsi64,max,36,0,0,0,0.0,0.0,1e-08,0,C,real-age36,0.0,0.0,real-age36-C-2-local-native-rsi64,real-age36-C-2-local-natural-ee,36,natural-ee,0,local,1e-10,0,400bc37f80000000,3.4704580307006836,400bc37f80000000,3.4704580307006836,1.0347045803070069e-08,interior
real-age36|C|local,2,native-rsi256,sum,36,0,0,0,3.876339178532362e-06,7.121414314607615e-11,1e-08,36,C,real-age36,-5.461588443722576e-07,-3.876339178532362e-06,real-age36-C-2-local-native-rsi256,real-age36-C-2-local-natural-ee,36,natural-ee,0,local,1e-10,25,40ef3c0905f4cc30,63968.28197708016,40ef3c0905fced48,63968.2819809565,6.40682819809565e-06,interior
real-age36|C|local,2,native-rsi256,support,36,0,0,36,2.0986306481063366e-05,1.1720227154236435e-10,1e-08,36,C,real-age36,-2.0986306481063366e-05,-2.0986306481063366e-05,real-age36-C-2-local-native-rsi256,real-age36-C-2-local-natural-ee,36,natural-ee,0,local,1e-10,0,4105dba49fa08f44,179060.57794296194,4105dba49fab9000,179060.57796394825,1.7916057796394826e-05,interior
real-age36|C|local,2,native-rsi256,mean,36,0,0,0,3.269334802880053e-11,7.357194348098861e-11,1e-08,36,C,real-age36,3.269334802880053e-11,4.7593456953265445e-12,real-age36-C-2-local-native-rsi256,real-age36-C-2-local-natural-ee,36,natural-ee,0,local,1e-10,13,3fdc70995481f2fd,0.44437249424645114,3fdc70995478f666,0.4443724942137578,1.0044437249421376e-08,interior
real-age36|C|local,2,native-rsi256,min,36,0,0,0,0.0,,1e-08,0,C,real-age36,0.0,0.0,real-age36-C-2-local-native-rsi256,real-age36-C-2-local-natural-ee,36,natural-ee,36,local,1e-10,0,0000000000000000,0.0,0000000000000000,0.0,1e-08,interior
real-age36|C|local,2,native-rsi256,max,36,0,0,0,0.0,0.0,1e-08,0,C,real-age36,0.0,0.0,real-age36-C-2-local-native-rsi256,real-age36-C-2-local-natural-ee,36,natural-ee,0,local,1e-10,0,400bc37f80000000,3.4704580307006836,400bc37f80000000,3.4704580307006836,1.0347045803070069e-08,interior
real-age36|C|local,2,native-skv-raw,sum,36,0,0,0,3.876339178532362e-06,7.121414314607615e-11,1e-08,36,C,real-age36,-5.461588443722576e-07,-3.876339178532362e-06,real-age36-C-2-local-native-skv-raw,real-age36-C-2-local-natural-ee,36,natural-ee,0,local,1e-10,25,40ef3c0905f4cc30,63968.28197708016,40ef3c0905fced48,63968.2819809565,6.40682819809565e-06,interior
real-age36|C|local,2,native-skv-raw,support,36,0,0,36,2.0986306481063366e-05,1.1720227154236435e-10,1e-08,36,C,real-age36,-2.0986306481063366e-05,-2.0986306481063366e-05,real-age36-C-2-local-native-skv-raw,real-age36-C-2-local-natural-ee,36,natural-ee,0,local,1e-10,0,4105dba49fa08f44,179060.57794296194,4105dba49fab9000,179060.57796394825,1.7916057796394826e-05,interior
real-age36|C|local,2,native-skv-raw,mean,36,0,0,0,3.269334802880053e-11,7.357194348098861e-11,1e-08,36,C,real-age36,3.269334802880053e-11,4.7593456953265445e-12,real-age36-C-2-local-native-skv-raw,real-age36-C-2-local-natural-ee,36,natural-ee,0,local,1e-10,13,3fdc70995481f2fd,0.44437249424645114,3fdc70995478f666,0.4443724942137578,1.0044437249421376e-08,interior
real-age36|C|local,2,native-skv-raw,min,36,0,0,0,0.0,,1e-08,0,C,real-age36,0.0,0.0,real-age36-C-2-local-native-skv-raw,real-age36-C-2-local-natural-ee,36,natural-ee,36,local,1e-10,0,0000000000000000,0.0,0000000000000000,0.0,1e-08,interior
real-age36|C|local,2,native-skv-raw,max,36,0,0,0,0.0,0.0,1e-08,0,C,real-age36,0.0,0.0,real-age36-C-2-local-native-skv-raw,real-age36-C-2-local-natural-ee,36,natural-ee,0,local,1e-10,0,400bc37f80000000,3.4704580307006836,400bc37f80000000,3.4704580307006836,1.0347045803070069e-08,interior
real-age36|C|local,2,native-skv-summary,sum,36,0,0,0,3.876339178532362e-06,7.121414314607615e-11,1e-08,36,C,real-age36,-5.461588443722576e-07,-3.876339178532362e-06,real-age36-C-2-local-native-skv-summary,real-age36-C-2-local-natural-ee,36,natural-ee,0,local,1e-10,25,40ef3c0905f4cc30,63968.28197708016,40ef3c0905fced48,63968.2819809565,6.40682819809565e-06,interior
real-age36|C|local,2,native-skv-summary,support,36,0,0,36,2.0986306481063366e-05,1.1720227154236435e-10,1e-08,36,C,real-age36,-2.0986306481063366e-05,-2.0986306481063366e-05,real-age36-C-2-local-native-skv-summary,real-age36-C-2-local-natural-ee,36,natural-ee,0,local,1e-10,0,4105dba49fa08f44,179060.57794296194,4105dba49fab9000,179060.57796394825,1.7916057796394826e-05,interior
real-age36|C|local,2,native-skv-summary,mean,36,0,0,0,3.269334802880053e-11,7.357194348098861e-11,1e-08,36,C,real-age36,3.269334802880053e-11,4.7593456953265445e-12,real-age36-C-2-local-native-skv-summary,real-age36-C-2-local-natural-ee,36,natural-ee,0,local,1e-10,13,3fdc70995481f2fd,0.44437249424645114,3fdc70995478f666,0.4443724942137578,1.0044437249421376e-08,interior
real-age36|C|local,2,native-skv-summary,min,36,0,0,0,0.0,,1e-08,0,C,real-age36,0.0,0.0,real-age36-C-2-local-native-skv-summary,real-age36-C-2-local-natural-ee,36,natural-ee,36,local,1e-10,0,0000000000000000,0.0,0000000000000000,0.0,1e-08,interior
real-age36|C|local,2,native-skv-summary,max,36,0,0,0,0.0,0.0,1e-08,0,C,real-age36,0.0,0.0,real-age36-C-2-local-native-skv-summary,real-age36-C-2-local-natural-ee,36,natural-ee,0,local,1e-10,0,400bc37f80000000,3.4704580307006836,400bc37f80000000,3.4704580307006836,1.0347045803070069e-08,interior
real-age36|D|http0,0,native-tiff,sum,288,0,0,138,1.3179975212551653e-05,1.9309647228465366e-09,1e-08,252,D,real-age36,1.3179975212551653e-05,-3.330882805130386e-07,real-age36-D-0-http0-native-tiff,real-age36-D-0-http0-natural-ee,288,natural-ee,36,http0,1e-10,13,40f080f2cf6f3193,67599.1756431519,40f080f2cf615f9a,67599.17562997193,6.7699175629971926e-06,hole
real-age36|D|http0,0,native-tiff,support,288,0,0,108,4.982086829841137e-05,6.730633384987028e-10,1e-08,252,D,real-age36,4.982086829841137e-05,-2.823952627295512e-07,real-age36-D-0-http0-native-tiff,real-age36-D-0-http0-natural-ee,288,natural-ee,36,http0,1e-10,0,410300f0ba8f82d8,155678.09109403822,410300f0ba756400,155678.09104421735,1.5577809104421737e-05,hole
real-age36|D|http0,0,native-tiff,mean,288,36,0,0,4.0809228218918747e-10,1.4797728612386555e-09,1e-08,216,D,real-age36,0.0,-4.0809228218918747e-10,real-age36-D-0-http0-native-tiff,real-age36-D-0-http0-natural-ee,252,natural-ee,0,http0,1e-10,4,3fd1c5d06d52041b,0.27769861865823636,3fd1c5d06dc2310c,0.27769861906632864,1.0027769861906634e-08,boundary
real-age36|D|http0,0,native-tiff,min,288,36,0,0,0.0,0.0,1e-08,0,D,real-age36,0.0,0.0,real-age36-D-0-http0-native-tiff,real-age36-D-0-http0-natural-ee,252,natural-ee,216,http0,1e-10,0,3f94528280000000,0.019845999777317047,3f94528280000000,0.019845999777317047,1.0001984599977732e-08,tiny
real-age36|D|http0,0,native-tiff,max,288,36,0,0,0.0,0.0,1e-08,0,D,real-age36,0.0,0.0,real-age36-D-0-http0-native-tiff,real-age36-D-0-http0-natural-ee,252,natural-ee,0,http0,1e-10,0,3f94528280000000,0.019845999777317047,3f94528280000000,0.019845999777317047,1.0001984599977732e-08,tiny
real-age36|D|http0,0,native-cog,sum,288,0,0,138,1.3179975212551653e-05,1.9309647228465366e-09,1e-08,252,D,real-age36,1.3179975212551653e-05,-3.330882805130386e-07,real-age36-D-0-http0-native-cog,real-age36-D-0-http0-natural-ee,288,natural-ee,36,http0,1e-10,13,40f080f2cf6f3193,67599.1756431519,40f080f2cf615f9a,67599.17562997193,6.7699175629971926e-06,hole
real-age36|D|http0,0,native-cog,support,288,0,0,108,4.982086829841137e-05,6.730633384987028e-10,1e-08,252,D,real-age36,4.982086829841137e-05,-2.823952627295512e-07,real-age36-D-0-http0-native-cog,real-age36-D-0-http0-natural-ee,288,natural-ee,36,http0,1e-10,0,410300f0ba8f82d8,155678.09109403822,410300f0ba756400,155678.09104421735,1.5577809104421737e-05,hole
real-age36|D|http0,0,native-cog,mean,288,36,0,0,4.0809228218918747e-10,1.4797728612386555e-09,1e-08,216,D,real-age36,0.0,-4.0809228218918747e-10,real-age36-D-0-http0-native-cog,real-age36-D-0-http0-natural-ee,252,natural-ee,0,http0,1e-10,4,3fd1c5d06d52041b,0.27769861865823636,3fd1c5d06dc2310c,0.27769861906632864,1.0027769861906634e-08,boundary
real-age36|D|http0,0,native-cog,min,288,36,0,0,0.0,0.0,1e-08,0,D,real-age36,0.0,0.0,real-age36-D-0-http0-native-cog,real-age36-D-0-http0-natural-ee,252,natural-ee,216,http0,1e-10,0,3f94528280000000,0.019845999777317047,3f94528280000000,0.019845999777317047,1.0001984599977732e-08,tiny
real-age36|D|http0,0,native-cog,max,288,36,0,0,0.0,0.0,1e-08,0,D,real-age36,0.0,0.0,real-age36-D-0-http0-native-cog,real-age36-D-0-http0-natural-ee,252,natural-ee,0,http0,1e-10,0,3f94528280000000,0.019845999777317047,3f94528280000000,0.019845999777317047,1.0001984599977732e-08,tiny
real-age36|D|http0,0,native-rsi64,sum,288,0,0,138,1.3179975212551653e-05,1.9309647228465366e-09,1e-08,252,D,real-age36,1.3179975212551653e-05,-3.330882805130386e-07,real-age36-D-0-http0-native-rsi64,real-age36-D-0-http0-natural-ee,288,natural-ee,36,http0,1e-10,13,40f080f2cf6f3193,67599.1756431519,40f080f2cf615f9a,67599.17562997193,6.7699175629971926e-06,hole
real-age36|D|http0,0,native-rsi64,support,288,0,0,108,4.982086829841137e-05,6.730633384987028e-10,1e-08,252,D,real-age36,4.982086829841137e-05,-2.823952627295512e-07,real-age36-D-0-http0-native-rsi64,real-age36-D-0-http0-natural-ee,288,natural-ee,36,http0,1e-10,0,410300f0ba8f82d8,155678.09109403822,410300f0ba756400,155678.09104421735,1.5577809104421737e-05,hole
real-age36|D|http0,0,native-rsi64,mean,288,36,0,0,4.0809228218918747e-10,1.4797728612386555e-09,1e-08,216,D,real-age36,0.0,-4.0809228218918747e-10,real-age36-D-0-http0-native-rsi64,real-age36-D-0-http0-natural-ee,252,natural-ee,0,http0,1e-10,4,3fd1c5d06d52041b,0.27769861865823636,3fd1c5d06dc2310c,0.27769861906632864,1.0027769861906634e-08,boundary
real-age36|D|http0,0,native-rsi64,min,288,36,0,0,0.0,0.0,1e-08,0,D,real-age36,0.0,0.0,real-age36-D-0-http0-native-rsi64,real-age36-D-0-http0-natural-ee,252,natural-ee,216,http0,1e-10,0,3f94528280000000,0.019845999777317047,3f94528280000000,0.019845999777317047,1.0001984599977732e-08,tiny
real-age36|D|http0,0,native-rsi64,max,288,36,0,0,0.0,0.0,1e-08,0,D,real-age36,0.0,0.0,real-age36-D-0-http0-native-rsi64,real-age36-D-0-http0-natural-ee,252,natural-ee,0,http0,1e-10,0,3f94528280000000,0.019845999777317047,3f94528280000000,0.019845999777317047,1.0001984599977732e-08,tiny
real-age36|D|http0,0,native-rsi256,sum,288,0,0,138,1.3179975212551653e-05,1.9309647228465366e-09,1e-08,252,D,real-age36,1.3179975212551653e-05,-3.330882805130386e-07,real-age36-D-0-http0-native-rsi256,real-age36-D-0-http0-natural-ee,288,natural-ee,36,http0,1e-10,13,40f080f2cf6f3193,67599.1756431519,40f080f2cf615f9a,67599.17562997193,6.7699175629971926e-06,hole
real-age36|D|http0,0,native-rsi256,support,288,0,0,108,4.982086829841137e-05,6.730633384987028e-10,1e-08,252,D,real-age36,4.982086829841137e-05,-2.823952627295512e-07,real-age36-D-0-http0-native-rsi256,real-age36-D-0-http0-natural-ee,288,natural-ee,36,http0,1e-10,0,410300f0ba8f82d8,155678.09109403822,410300f0ba756400,155678.09104421735,1.5577809104421737e-05,hole
real-age36|D|http0,0,native-rsi256,mean,288,36,0,0,4.0809228218918747e-10,1.4797728612386555e-09,1e-08,216,D,real-age36,0.0,-4.0809228218918747e-10,real-age36-D-0-http0-native-rsi256,real-age36-D-0-http0-natural-ee,252,natural-ee,0,http0,1e-10,4,3fd1c5d06d52041b,0.27769861865823636,3fd1c5d06dc2310c,0.27769861906632864,1.0027769861906634e-08,boundary
real-age36|D|http0,0,native-rsi256,min,288,36,0,0,0.0,0.0,1e-08,0,D,real-age36,0.0,0.0,real-age36-D-0-http0-native-rsi256,real-age36-D-0-http0-natural-ee,252,natural-ee,216,http0,1e-10,0,3f94528280000000,0.019845999777317047,3f94528280000000,0.019845999777317047,1.0001984599977732e-08,tiny
real-age36|D|http0,0,native-rsi256,max,288,36,0,0,0.0,0.0,1e-08,0,D,real-age36,0.0,0.0,real-age36-D-0-http0-native-rsi256,real-age36-D-0-http0-natural-ee,252,natural-ee,0,http0,1e-10,0,3f94528280000000,0.019845999777317047,3f94528280000000,0.019845999777317047,1.0001984599977732e-08,tiny
real-age36|D|http0,0,native-skv-raw,sum,288,0,0,138,1.3179975212551653e-05,1.9309647228465366e-09,1e-08,252,D,real-age36,1.3179975212551653e-05,-3.330882805130386e-07,real-age36-D-0-http0-native-skv-raw,real-age36-D-0-http0-natural-ee,288,natural-ee,36,http0,1e-10,13,40f080f2cf6f3193,67599.1756431519,40f080f2cf615f9a,67599.17562997193,6.7699175629971926e-06,hole
real-age36|D|http0,0,native-skv-raw,support,288,0,0,108,4.982086829841137e-05,6.730633384987028e-10,1e-08,252,D,real-age36,4.982086829841137e-05,-2.823952627295512e-07,real-age36-D-0-http0-native-skv-raw,real-age36-D-0-http0-natural-ee,288,natural-ee,36,http0,1e-10,0,410300f0ba8f82d8,155678.09109403822,410300f0ba756400,155678.09104421735,1.5577809104421737e-05,hole
real-age36|D|http0,0,native-skv-raw,mean,288,36,0,0,4.0809228218918747e-10,1.4797728612386555e-09,1e-08,216,D,real-age36,0.0,-4.0809228218918747e-10,real-age36-D-0-http0-native-skv-raw,real-age36-D-0-http0-natural-ee,252,natural-ee,0,http0,1e-10,4,3fd1c5d06d52041b,0.27769861865823636,3fd1c5d06dc2310c,0.27769861906632864,1.0027769861906634e-08,boundary
real-age36|D|http0,0,native-skv-raw,min,288,36,0,0,0.0,0.0,1e-08,0,D,real-age36,0.0,0.0,real-age36-D-0-http0-native-skv-raw,real-age36-D-0-http0-natural-ee,252,natural-ee,216,http0,1e-10,0,3f94528280000000,0.019845999777317047,3f94528280000000,0.019845999777317047,1.0001984599977732e-08,tiny
real-age36|D|http0,0,native-skv-raw,max,288,36,0,0,0.0,0.0,1e-08,0,D,real-age36,0.0,0.0,real-age36-D-0-http0-native-skv-raw,real-age36-D-0-http0-natural-ee,252,natural-ee,0,http0,1e-10,0,3f94528280000000,0.019845999777317047,3f94528280000000,0.019845999777317047,1.0001984599977732e-08,tiny
real-age36|D|http0,0,native-skv-summary,sum,288,0,0,138,1.3179975212551653e-05,1.9309647228465366e-09,1e-08,252,D,real-age36,1.3179975212551653e-05,-3.330882805130386e-07,real-age36-D-0-http0-native-skv-summary,real-age36-D-0-http0-natural-ee,288,natural-ee,36,http0,1e-10,13,40f080f2cf6f3193,67599.1756431519,40f080f2cf615f9a,67599.17562997193,6.7699175629971926e-06,hole
real-age36|D|http0,0,native-skv-summary,support,288,0,0,108,4.982086829841137e-05,6.730633384987028e-10,1e-08,252,D,real-age36,4.982086829841137e-05,-2.823952627295512e-07,real-age36-D-0-http0-native-skv-summary,real-age36-D-0-http0-natural-ee,288,natural-ee,36,http0,1e-10,0,410300f0ba8f82d8,155678.09109403822,410300f0ba756400,155678.09104421735,1.5577809104421737e-05,hole
real-age36|D|http0,0,native-skv-summary,mean,288,36,0,0,4.0809228218918747e-10,1.4797728612386555e-09,1e-08,216,D,real-age36,0.0,-4.0809228218918747e-10,real-age36-D-0-http0-native-skv-summary,real-age36-D-0-http0-natural-ee,252,natural-ee,0,http0,1e-10,4,3fd1c5d06d52041b,0.27769861865823636,3fd1c5d06dc2310c,0.27769861906632864,1.0027769861906634e-08,boundary
real-age36|D|http0,0,native-skv-summary,min,288,36,0,0,0.0,0.0,1e-08,0,D,real-age36,0.0,0.0,real-age36-D-0-http0-native-skv-summary,real-age36-D-0-http0-natural-ee,252,natural-ee,216,http0,1e-10,0,3f94528280000000,0.019845999777317047,3f94528280000000,0.019845999777317047,1.0001984599977732e-08,tiny
real-age36|D|http0,0,native-skv-summary,max,288,36,0,0,0.0,0.0,1e-08,0,D,real-age36,0.0,0.0,real-age36-D-0-http0-native-skv-summary,real-age36-D-0-http0-natural-ee,252,natural-ee,0,http0,1e-10,0,3f94528280000000,0.019845999777317047,3f94528280000000,0.019845999777317047,1.0001984599977732e-08,tiny
real-age36|D|http0,1,native-tiff,sum,288,0,0,144,1.3677170500159264e-05,1.8565977189995438e-09,1e-08,252,D,real-age36,1.0979078979289625e-06,-1.3677170500159264e-05,real-age36-D-1-http0-native-tiff,real-age36-D-1-http0-natural-ee,288,natural-ee,36,http0,1e-10,13,40f01dfc86324424,66015.78276278131,40f01dfc86409b94,66015.78277645848,6.6115782776458485e-06,hole
real-age36|D|http0,1,native-tiff,support,288,0,0,144,3.7901365431025624e-05,1.4485739322151477e-09,1e-08,252,D,real-age36,7.049311534501612e-06,-3.7901365431025624e-05,real-age36-D-1-http0-native-tiff,real-age36-D-1-http0-natural-ee,288,natural-ee,36,http0,1e-10,0,41031d5c6d70b0f7,156587.5534375978,41031d5c6d849000,156587.55347549915,1.566875534754992e-05,hole
real-age36|D|http0,1,native-tiff,mean,288,36,0,0,3.484332267156276e-10,1.2958989330928248e-09,1e-08,252,D,real-age36,2.224225248426137e-10,-3.484332267156276e-10,real-age36-D-1-http0-native-tiff,real-age36-D-1-http0-natural-ee,252,natural-ee,0,http0,1e-10,6,3fd1b20d34ff5a02,0.2764924066117659,3fd1b20d355f20d1,0.2764924069601991,1.002764924069602e-08,boundary
real-age36|D|http0,1,native-tiff,min,288,36,0,0,0.0,0.0,1e-08,0,D,real-age36,0.0,0.0,real-age36-D-1-http0-native-tiff,real-age36-D-1-http0-natural-ee,252,natural-ee,216,http0,1e-10,0,3f81f14980000000,0.008760999888181686,3f81f14980000000,0.008760999888181686,1.0000876099988818e-08,tiny
real-age36|D|http0,1,native-tiff,max,288,36,0,0,0.0,0.0,1e-08,0,D,real-age36,0.0,0.0,real-age36-D-1-http0-native-tiff,real-age36-D-1-http0-natural-ee,252,natural-ee,0,http0,1e-10,0,3f94528280000000,0.019845999777317047,3f94528280000000,0.019845999777317047,1.0001984599977732e-08,tiny
real-age36|D|http0,1,native-cog,sum,288,0,0,144,1.3677170500159264e-05,1.8565977189995438e-09,1e-08,252,D,real-age36,1.0979078979289625e-06,-1.3677170500159264e-05,real-age36-D-1-http0-native-cog,real-age36-D-1-http0-natural-ee,288,natural-ee,36,http0,1e-10,13,40f01dfc86324424,66015.78276278131,40f01dfc86409b94,66015.78277645848,6.6115782776458485e-06,hole
real-age36|D|http0,1,native-cog,support,288,0,0,144,3.7901365431025624e-05,1.4485739322151477e-09,1e-08,252,D,real-age36,7.049311534501612e-06,-3.7901365431025624e-05,real-age36-D-1-http0-native-cog,real-age36-D-1-http0-natural-ee,288,natural-ee,36,http0,1e-10,0,41031d5c6d70b0f7,156587.5534375978,41031d5c6d849000,156587.55347549915,1.566875534754992e-05,hole
real-age36|D|http0,1,native-cog,mean,288,36,0,0,3.484332267156276e-10,1.2958989330928248e-09,1e-08,252,D,real-age36,2.224225248426137e-10,-3.484332267156276e-10,real-age36-D-1-http0-native-cog,real-age36-D-1-http0-natural-ee,252,natural-ee,0,http0,1e-10,6,3fd1b20d34ff5a02,0.2764924066117659,3fd1b20d355f20d1,0.2764924069601991,1.002764924069602e-08,boundary
real-age36|D|http0,1,native-cog,min,288,36,0,0,0.0,0.0,1e-08,0,D,real-age36,0.0,0.0,real-age36-D-1-http0-native-cog,real-age36-D-1-http0-natural-ee,252,natural-ee,216,http0,1e-10,0,3f81f14980000000,0.008760999888181686,3f81f14980000000,0.008760999888181686,1.0000876099988818e-08,tiny
real-age36|D|http0,1,native-cog,max,288,36,0,0,0.0,0.0,1e-08,0,D,real-age36,0.0,0.0,real-age36-D-1-http0-native-cog,real-age36-D-1-http0-natural-ee,252,natural-ee,0,http0,1e-10,0,3f94528280000000,0.019845999777317047,3f94528280000000,0.019845999777317047,1.0001984599977732e-08,tiny
real-age36|D|http0,1,native-rsi64,sum,288,0,0,144,1.3677170500159264e-05,1.8565977189995438e-09,1e-08,252,D,real-age36,1.0979078979289625e-06,-1.3677170500159264e-05,real-age36-D-1-http0-native-rsi64,real-age36-D-1-http0-natural-ee,288,natural-ee,36,http0,1e-10,13,40f01dfc86324424,66015.78276278131,40f01dfc86409b94,66015.78277645848,6.6115782776458485e-06,hole
real-age36|D|http0,1,native-rsi64,support,288,0,0,144,3.7901365431025624e-05,1.4485739322151477e-09,1e-08,252,D,real-age36,7.049311534501612e-06,-3.7901365431025624e-05,real-age36-D-1-http0-native-rsi64,real-age36-D-1-http0-natural-ee,288,natural-ee,36,http0,1e-10,0,41031d5c6d70b0f7,156587.5534375978,41031d5c6d849000,156587.55347549915,1.566875534754992e-05,hole
real-age36|D|http0,1,native-rsi64,mean,288,36,0,0,3.484332267156276e-10,1.2958989330928248e-09,1e-08,252,D,real-age36,2.224225248426137e-10,-3.484332267156276e-10,real-age36-D-1-http0-native-rsi64,real-age36-D-1-http0-natural-ee,252,natural-ee,0,http0,1e-10,6,3fd1b20d34ff5a02,0.2764924066117659,3fd1b20d355f20d1,0.2764924069601991,1.002764924069602e-08,boundary
real-age36|D|http0,1,native-rsi64,min,288,36,0,0,0.0,0.0,1e-08,0,D,real-age36,0.0,0.0,real-age36-D-1-http0-native-rsi64,real-age36-D-1-http0-natural-ee,252,natural-ee,216,http0,1e-10,0,3f81f14980000000,0.008760999888181686,3f81f14980000000,0.008760999888181686,1.0000876099988818e-08,tiny
real-age36|D|http0,1,native-rsi64,max,288,36,0,0,0.0,0.0,1e-08,0,D,real-age36,0.0,0.0,real-age36-D-1-http0-native-rsi64,real-age36-D-1-http0-natural-ee,252,natural-ee,0,http0,1e-10,0,3f94528280000000,0.019845999777317047,3f94528280000000,0.019845999777317047,1.0001984599977732e-08,tiny
real-age36|D|http0,1,native-rsi256,sum,288,0,0,144,1.3677170500159264e-05,1.8565977189995438e-09,1e-08,252,D,real-age36,1.0979078979289625e-06,-1.3677170500159264e-05,real-age36-D-1-http0-native-rsi256,real-age36-D-1-http0-natural-ee,288,natural-ee,36,http0,1e-10,13,40f01dfc86324424,66015.78276278131,40f01dfc86409b94,66015.78277645848,6.6115782776458485e-06,hole
real-age36|D|http0,1,native-rsi256,support,288,0,0,144,3.7901365431025624e-05,1.4485739322151477e-09,1e-08,252,D,real-age36,7.049311534501612e-06,-3.7901365431025624e-05,real-age36-D-1-http0-native-rsi256,real-age36-D-1-http0-natural-ee,288,natural-ee,36,http0,1e-10,0,41031d5c6d70b0f7,156587.5534375978,41031d5c6d849000,156587.55347549915,1.566875534754992e-05,hole
real-age36|D|http0,1,native-rsi256,mean,288,36,0,0,3.484332267156276e-10,1.2958989330928248e-09,1e-08,252,D,real-age36,2.224225248426137e-10,-3.484332267156276e-10,real-age36-D-1-http0-native-rsi256,real-age36-D-1-http0-natural-ee,252,natural-ee,0,http0,1e-10,6,3fd1b20d34ff5a02,0.2764924066117659,3fd1b20d355f20d1,0.2764924069601991,1.002764924069602e-08,boundary
real-age36|D|http0,1,native-rsi256,min,288,36,0,0,0.0,0.0,1e-08,0,D,real-age36,0.0,0.0,real-age36-D-1-http0-native-rsi256,real-age36-D-1-http0-natural-ee,252,natural-ee,216,http0,1e-10,0,3f81f14980000000,0.008760999888181686,3f81f14980000000,0.008760999888181686,1.0000876099988818e-08,tiny
real-age36|D|http0,1,native-rsi256,max,288,36,0,0,0.0,0.0,1e-08,0,D,real-age36,0.0,0.0,real-age36-D-1-http0-native-rsi256,real-age36-D-1-http0-natural-ee,252,natural-ee,0,http0,1e-10,0,3f94528280000000,0.019845999777317047,3f94528280000000,0.019845999777317047,1.0001984599977732e-08,tiny
real-age36|D|http0,1,native-skv-raw,sum,288,0,0,144,1.3677170500159264e-05,1.8565977189995438e-09,1e-08,252,D,real-age36,1.0979078979289625e-06,-1.3677170500159264e-05,real-age36-D-1-http0-native-skv-raw,real-age36-D-1-http0-natural-ee,288,natural-ee,36,http0,1e-10,13,40f01dfc86324424,66015.78276278131,40f01dfc86409b94,66015.78277645848,6.6115782776458485e-06,hole
real-age36|D|http0,1,native-skv-raw,support,288,0,0,144,3.7901365431025624e-05,1.4485739322151477e-09,1e-08,252,D,real-age36,7.049311534501612e-06,-3.7901365431025624e-05,real-age36-D-1-http0-native-skv-raw,real-age36-D-1-http0-natural-ee,288,natural-ee,36,http0,1e-10,0,41031d5c6d70b0f7,156587.5534375978,41031d5c6d849000,156587.55347549915,1.566875534754992e-05,hole
real-age36|D|http0,1,native-skv-raw,mean,288,36,0,0,3.484332267156276e-10,1.2958989330928248e-09,1e-08,252,D,real-age36,2.224225248426137e-10,-3.484332267156276e-10,real-age36-D-1-http0-native-skv-raw,real-age36-D-1-http0-natural-ee,252,natural-ee,0,http0,1e-10,6,3fd1b20d34ff5a02,0.2764924066117659,3fd1b20d355f20d1,0.2764924069601991,1.002764924069602e-08,boundary
real-age36|D|http0,1,native-skv-raw,min,288,36,0,0,0.0,0.0,1e-08,0,D,real-age36,0.0,0.0,real-age36-D-1-http0-native-skv-raw,real-age36-D-1-http0-natural-ee,252,natural-ee,216,http0,1e-10,0,3f81f14980000000,0.008760999888181686,3f81f14980000000,0.008760999888181686,1.0000876099988818e-08,tiny
real-age36|D|http0,1,native-skv-raw,max,288,36,0,0,0.0,0.0,1e-08,0,D,real-age36,0.0,0.0,real-age36-D-1-http0-native-skv-raw,real-age36-D-1-http0-natural-ee,252,natural-ee,0,http0,1e-10,0,3f94528280000000,0.019845999777317047,3f94528280000000,0.019845999777317047,1.0001984599977732e-08,tiny
real-age36|D|http0,1,native-skv-summary,sum,288,0,0,144,1.3677170500159264e-05,1.8565977189995438e-09,1e-08,252,D,real-age36,1.0979078979289625e-06,-1.3677170500159264e-05,real-age36-D-1-http0-native-skv-summary,real-age36-D-1-http0-natural-ee,288,natural-ee,36,http0,1e-10,13,40f01dfc86324424,66015.78276278131,40f01dfc86409b94,66015.78277645848,6.6115782776458485e-06,hole
real-age36|D|http0,1,native-skv-summary,support,288,0,0,144,3.7901365431025624e-05,1.4485739322151477e-09,1e-08,252,D,real-age36,7.049311534501612e-06,-3.7901365431025624e-05,real-age36-D-1-http0-native-skv-summary,real-age36-D-1-http0-natural-ee,288,natural-ee,36,http0,1e-10,0,41031d5c6d70b0f7,156587.5534375978,41031d5c6d849000,156587.55347549915,1.566875534754992e-05,hole
real-age36|D|http0,1,native-skv-summary,mean,288,36,0,0,3.484332267156276e-10,1.2958989330928248e-09,1e-08,252,D,real-age36,2.224225248426137e-10,-3.484332267156276e-10,real-age36-D-1-http0-native-skv-summary,real-age36-D-1-http0-natural-ee,252,natural-ee,0,http0,1e-10,6,3fd1b20d34ff5a02,0.2764924066117659,3fd1b20d355f20d1,0.2764924069601991,1.002764924069602e-08,boundary
real-age36|D|http0,1,native-skv-summary,min,288,36,0,0,0.0,0.0,1e-08,0,D,real-age36,0.0,0.0,real-age36-D-1-http0-native-skv-summary,real-age36-D-1-http0-natural-ee,252,natural-ee,216,http0,1e-10,0,3f81f14980000000,0.008760999888181686,3f81f14980000000,0.008760999888181686,1.0000876099988818e-08,tiny
real-age36|D|http0,1,native-skv-summary,max,288,36,0,0,0.0,0.0,1e-08,0,D,real-age36,0.0,0.0,real-age36-D-1-http0-native-skv-summary,real-age36-D-1-http0-natural-ee,252,natural-ee,0,http0,1e-10,0,3f94528280000000,0.019845999777317047,3f94528280000000,0.019845999777317047,1.0001984599977732e-08,tiny
real-age36|D|http0,2,native-tiff,sum,288,0,0,139,3.876339178532362e-06,4.961357946102029e-09,1e-08,252,D,real-age36,4.711732799478341e-07,-3.876339178532362e-06,real-age36-D-2-http0-native-tiff,real-age36-D-2-http0-natural-ee,288,natural-ee,36,http0,1e-10,25,40ef3c0905f4cc30,63968.28197708016,40ef3c0905fced48,63968.2819809565,6.40682819809565e-06,interior
real-age36|D|http0,2,native-tiff,support,288,0,0,180,2.0986306481063366e-05,7.421022185429434e-09,1e-08,252,D,real-age36,2.4841319827828556e-06,-2.0986306481063366e-05,real-age36-D-2-http0-native-tiff,real-age36-D-2-http0-natural-ee,288,natural-ee,36,http0,1e-10,0,4105dba49fa08f44,179060.57794296194,4105dba49fab9000,179060.57796394825,1.7916057796394826e-05,interior
real-age36|D|http0,2,native-tiff,mean,288,36,0,0,2.616105110320177e-10,2.4598547717815037e-09,1e-08,252,D,real-age36,5.021227877932688e-11,-2.616105110320177e-10,real-age36-D-2-http0-native-tiff,real-age36-D-2-http0-natural-ee,252,natural-ee,0,http0,1e-10,21,3fe10316c0ebf92c,0.531627060699781,3fe10316c10fedc6,0.5316270609613916,1.0053162706096139e-08,compact
real-age36|D|http0,2,native-tiff,min,288,36,0,0,0.0,0.0,1e-08,0,D,real-age36,0.0,0.0,real-age36-D-2-http0-native-tiff,real-age36-D-2-http0-natural-ee,252,natural-ee,216,http0,1e-10,0,3f4d323fe0000000,0.0008909999742172658,3f4d323fe0000000,0.0008909999742172658,1.0000089099997421e-08,tiny
real-age36|D|http0,2,native-tiff,max,288,36,0,0,0.0,0.0,1e-08,0,D,real-age36,0.0,0.0,real-age36-D-2-http0-native-tiff,real-age36-D-2-http0-natural-ee,252,natural-ee,0,http0,1e-10,0,3f81f14980000000,0.008760999888181686,3f81f14980000000,0.008760999888181686,1.0000876099988818e-08,tiny
real-age36|D|http0,2,native-cog,sum,288,0,0,139,3.876339178532362e-06,4.961357946102029e-09,1e-08,252,D,real-age36,4.711732799478341e-07,-3.876339178532362e-06,real-age36-D-2-http0-native-cog,real-age36-D-2-http0-natural-ee,288,natural-ee,36,http0,1e-10,25,40ef3c0905f4cc30,63968.28197708016,40ef3c0905fced48,63968.2819809565,6.40682819809565e-06,interior
real-age36|D|http0,2,native-cog,support,288,0,0,180,2.0986306481063366e-05,7.421022185429434e-09,1e-08,252,D,real-age36,2.4841319827828556e-06,-2.0986306481063366e-05,real-age36-D-2-http0-native-cog,real-age36-D-2-http0-natural-ee,288,natural-ee,36,http0,1e-10,0,4105dba49fa08f44,179060.57794296194,4105dba49fab9000,179060.57796394825,1.7916057796394826e-05,interior
real-age36|D|http0,2,native-cog,mean,288,36,0,0,2.616105110320177e-10,2.4598547717815037e-09,1e-08,252,D,real-age36,5.021227877932688e-11,-2.616105110320177e-10,real-age36-D-2-http0-native-cog,real-age36-D-2-http0-natural-ee,252,natural-ee,0,http0,1e-10,21,3fe10316c0ebf92c,0.531627060699781,3fe10316c10fedc6,0.5316270609613916,1.0053162706096139e-08,compact
real-age36|D|http0,2,native-cog,min,288,36,0,0,0.0,0.0,1e-08,0,D,real-age36,0.0,0.0,real-age36-D-2-http0-native-cog,real-age36-D-2-http0-natural-ee,252,natural-ee,216,http0,1e-10,0,3f4d323fe0000000,0.0008909999742172658,3f4d323fe0000000,0.0008909999742172658,1.0000089099997421e-08,tiny
real-age36|D|http0,2,native-cog,max,288,36,0,0,0.0,0.0,1e-08,0,D,real-age36,0.0,0.0,real-age36-D-2-http0-native-cog,real-age36-D-2-http0-natural-ee,252,natural-ee,0,http0,1e-10,0,3f81f14980000000,0.008760999888181686,3f81f14980000000,0.008760999888181686,1.0000876099988818e-08,tiny
real-age36|D|http0,2,native-rsi64,sum,288,0,0,139,3.876339178532362e-06,4.961357946102029e-09,1e-08,252,D,real-age36,4.711732799478341e-07,-3.876339178532362e-06,real-age36-D-2-http0-native-rsi64,real-age36-D-2-http0-natural-ee,288,natural-ee,36,http0,1e-10,25,40ef3c0905f4cc30,63968.28197708016,40ef3c0905fced48,63968.2819809565,6.40682819809565e-06,interior
real-age36|D|http0,2,native-rsi64,support,288,0,0,180,2.0986306481063366e-05,7.421022185429434e-09,1e-08,252,D,real-age36,2.4841319827828556e-06,-2.0986306481063366e-05,real-age36-D-2-http0-native-rsi64,real-age36-D-2-http0-natural-ee,288,natural-ee,36,http0,1e-10,0,4105dba49fa08f44,179060.57794296194,4105dba49fab9000,179060.57796394825,1.7916057796394826e-05,interior
real-age36|D|http0,2,native-rsi64,mean,288,36,0,0,2.616105110320177e-10,2.4598547717815037e-09,1e-08,252,D,real-age36,5.021227877932688e-11,-2.616105110320177e-10,real-age36-D-2-http0-native-rsi64,real-age36-D-2-http0-natural-ee,252,natural-ee,0,http0,1e-10,21,3fe10316c0ebf92c,0.531627060699781,3fe10316c10fedc6,0.5316270609613916,1.0053162706096139e-08,compact
real-age36|D|http0,2,native-rsi64,min,288,36,0,0,0.0,0.0,1e-08,0,D,real-age36,0.0,0.0,real-age36-D-2-http0-native-rsi64,real-age36-D-2-http0-natural-ee,252,natural-ee,216,http0,1e-10,0,3f4d323fe0000000,0.0008909999742172658,3f4d323fe0000000,0.0008909999742172658,1.0000089099997421e-08,tiny
real-age36|D|http0,2,native-rsi64,max,288,36,0,0,0.0,0.0,1e-08,0,D,real-age36,0.0,0.0,real-age36-D-2-http0-native-rsi64,real-age36-D-2-http0-natural-ee,252,natural-ee,0,http0,1e-10,0,3f81f14980000000,0.008760999888181686,3f81f14980000000,0.008760999888181686,1.0000876099988818e-08,tiny
real-age36|D|http0,2,native-rsi256,sum,288,0,0,139,3.876339178532362e-06,4.961357946102029e-09,1e-08,252,D,real-age36,4.711732799478341e-07,-3.876339178532362e-06,real-age36-D-2-http0-native-rsi256,real-age36-D-2-http0-natural-ee,288,natural-ee,36,http0,1e-10,25,40ef3c0905f4cc30,63968.28197708016,40ef3c0905fced48,63968.2819809565,6.40682819809565e-06,interior
real-age36|D|http0,2,native-rsi256,support,288,0,0,180,2.0986306481063366e-05,7.421022185429434e-09,1e-08,252,D,real-age36,2.4841319827828556e-06,-2.0986306481063366e-05,real-age36-D-2-http0-native-rsi256,real-age36-D-2-http0-natural-ee,288,natural-ee,36,http0,1e-10,0,4105dba49fa08f44,179060.57794296194,4105dba49fab9000,179060.57796394825,1.7916057796394826e-05,interior
real-age36|D|http0,2,native-rsi256,mean,288,36,0,0,2.616105110320177e-10,2.4598547717815037e-09,1e-08,252,D,real-age36,5.021227877932688e-11,-2.616105110320177e-10,real-age36-D-2-http0-native-rsi256,real-age36-D-2-http0-natural-ee,252,natural-ee,0,http0,1e-10,21,3fe10316c0ebf92c,0.531627060699781,3fe10316c10fedc6,0.5316270609613916,1.0053162706096139e-08,compact
real-age36|D|http0,2,native-rsi256,min,288,36,0,0,0.0,0.0,1e-08,0,D,real-age36,0.0,0.0,real-age36-D-2-http0-native-rsi256,real-age36-D-2-http0-natural-ee,252,natural-ee,216,http0,1e-10,0,3f4d323fe0000000,0.0008909999742172658,3f4d323fe0000000,0.0008909999742172658,1.0000089099997421e-08,tiny
real-age36|D|http0,2,native-rsi256,max,288,36,0,0,0.0,0.0,1e-08,0,D,real-age36,0.0,0.0,real-age36-D-2-http0-native-rsi256,real-age36-D-2-http0-natural-ee,252,natural-ee,0,http0,1e-10,0,3f81f14980000000,0.008760999888181686,3f81f14980000000,0.008760999888181686,1.0000876099988818e-08,tiny
real-age36|D|http0,2,native-skv-raw,sum,288,0,0,139,3.876339178532362e-06,4.961357946102029e-09,1e-08,252,D,real-age36,4.711732799478341e-07,-3.876339178532362e-06,real-age36-D-2-http0-native-skv-raw,real-age36-D-2-http0-natural-ee,288,natural-ee,36,http0,1e-10,25,40ef3c0905f4cc30,63968.28197708016,40ef3c0905fced48,63968.2819809565,6.40682819809565e-06,interior
real-age36|D|http0,2,native-skv-raw,support,288,0,0,180,2.0986306481063366e-05,7.421022185429434e-09,1e-08,252,D,real-age36,2.4841319827828556e-06,-2.0986306481063366e-05,real-age36-D-2-http0-native-skv-raw,real-age36-D-2-http0-natural-ee,288,natural-ee,36,http0,1e-10,0,4105dba49fa08f44,179060.57794296194,4105dba49fab9000,179060.57796394825,1.7916057796394826e-05,interior
real-age36|D|http0,2,native-skv-raw,mean,288,36,0,0,2.616105110320177e-10,2.4598547717815037e-09,1e-08,252,D,real-age36,5.021227877932688e-11,-2.616105110320177e-10,real-age36-D-2-http0-native-skv-raw,real-age36-D-2-http0-natural-ee,252,natural-ee,0,http0,1e-10,21,3fe10316c0ebf92c,0.531627060699781,3fe10316c10fedc6,0.5316270609613916,1.0053162706096139e-08,compact
real-age36|D|http0,2,native-skv-raw,min,288,36,0,0,0.0,0.0,1e-08,0,D,real-age36,0.0,0.0,real-age36-D-2-http0-native-skv-raw,real-age36-D-2-http0-natural-ee,252,natural-ee,216,http0,1e-10,0,3f4d323fe0000000,0.0008909999742172658,3f4d323fe0000000,0.0008909999742172658,1.0000089099997421e-08,tiny
real-age36|D|http0,2,native-skv-raw,max,288,36,0,0,0.0,0.0,1e-08,0,D,real-age36,0.0,0.0,real-age36-D-2-http0-native-skv-raw,real-age36-D-2-http0-natural-ee,252,natural-ee,0,http0,1e-10,0,3f81f14980000000,0.008760999888181686,3f81f14980000000,0.008760999888181686,1.0000876099988818e-08,tiny
real-age36|D|http0,2,native-skv-summary,sum,288,0,0,139,3.876339178532362e-06,4.961357946102029e-09,1e-08,252,D,real-age36,4.711732799478341e-07,-3.876339178532362e-06,real-age36-D-2-http0-native-skv-summary,real-age36-D-2-http0-natural-ee,288,natural-ee,36,http0,1e-10,25,40ef3c0905f4cc30,63968.28197708016,40ef3c0905fced48,63968.2819809565,6.40682819809565e-06,interior
real-age36|D|http0,2,native-skv-summary,support,288,0,0,180,2.0986306481063366e-05,7.421022185429434e-09,1e-08,252,D,real-age36,2.4841319827828556e-06,-2.0986306481063366e-05,real-age36-D-2-http0-native-skv-summary,real-age36-D-2-http0-natural-ee,288,natural-ee,36,http0,1e-10,0,4105dba49fa08f44,179060.57794296194,4105dba49fab9000,179060.57796394825,1.7916057796394826e-05,interior
real-age36|D|http0,2,native-skv-summary,mean,288,36,0,0,2.616105110320177e-10,2.4598547717815037e-09,1e-08,252,D,real-age36,5.021227877932688e-11,-2.616105110320177e-10,real-age36-D-2-http0-native-skv-summary,real-age36-D-2-http0-natural-ee,252,natural-ee,0,http0,1e-10,21,3fe10316c0ebf92c,0.531627060699781,3fe10316c10fedc6,0.5316270609613916,1.0053162706096139e-08,compact
real-age36|D|http0,2,native-skv-summary,min,288,36,0,0,0.0,0.0,1e-08,0,D,real-age36,0.0,0.0,real-age36-D-2-http0-native-skv-summary,real-age36-D-2-http0-natural-ee,252,natural-ee,216,http0,1e-10,0,3f4d323fe0000000,0.0008909999742172658,3f4d323fe0000000,0.0008909999742172658,1.0000089099997421e-08,tiny
real-age36|D|http0,2,native-skv-summary,max,288,36,0,0,0.0,0.0,1e-08,0,D,real-age36,0.0,0.0,real-age36-D-2-http0-native-skv-summary,real-age36-D-2-http0-natural-ee,252,natural-ee,0,http0,1e-10,0,3f81f14980000000,0.008760999888181686,3f81f14980000000,0.008760999888181686,1.0000876099988818e-08,tiny
real-age36|D|local,0,native-tiff,sum,288,0,0,138,1.3179975212551653e-05,1.9309647228465366e-09,1e-08,252,D,real-age36,1.3179975212551653e-05,-3.330882805130386e-07,real-age36-D-0-local-native-tiff,real-age36-D-0-local-natural-ee,288,natural-ee,36,local,1e-10,13,40f080f2cf6f3193,67599.1756431519,40f080f2cf615f9a,67599.17562997193,6.7699175629971926e-06,hole
real-age36|D|local,0,native-tiff,support,288,0,0,108,4.982086829841137e-05,6.730633384987028e-10,1e-08,252,D,real-age36,4.982086829841137e-05,-2.823952627295512e-07,real-age36-D-0-local-native-tiff,real-age36-D-0-local-natural-ee,288,natural-ee,36,local,1e-10,0,410300f0ba8f82d8,155678.09109403822,410300f0ba756400,155678.09104421735,1.5577809104421737e-05,hole
real-age36|D|local,0,native-tiff,mean,288,36,0,0,4.0809228218918747e-10,1.4797728612386555e-09,1e-08,216,D,real-age36,0.0,-4.0809228218918747e-10,real-age36-D-0-local-native-tiff,real-age36-D-0-local-natural-ee,252,natural-ee,0,local,1e-10,4,3fd1c5d06d52041b,0.27769861865823636,3fd1c5d06dc2310c,0.27769861906632864,1.0027769861906634e-08,boundary
real-age36|D|local,0,native-tiff,min,288,36,0,0,0.0,0.0,1e-08,0,D,real-age36,0.0,0.0,real-age36-D-0-local-native-tiff,real-age36-D-0-local-natural-ee,252,natural-ee,216,local,1e-10,0,3f94528280000000,0.019845999777317047,3f94528280000000,0.019845999777317047,1.0001984599977732e-08,tiny
real-age36|D|local,0,native-tiff,max,288,36,0,0,0.0,0.0,1e-08,0,D,real-age36,0.0,0.0,real-age36-D-0-local-native-tiff,real-age36-D-0-local-natural-ee,252,natural-ee,0,local,1e-10,0,3f94528280000000,0.019845999777317047,3f94528280000000,0.019845999777317047,1.0001984599977732e-08,tiny
real-age36|D|local,0,native-cog,sum,288,0,0,138,1.3179975212551653e-05,1.9309647228465366e-09,1e-08,252,D,real-age36,1.3179975212551653e-05,-3.330882805130386e-07,real-age36-D-0-local-native-cog,real-age36-D-0-local-natural-ee,288,natural-ee,36,local,1e-10,13,40f080f2cf6f3193,67599.1756431519,40f080f2cf615f9a,67599.17562997193,6.7699175629971926e-06,hole
real-age36|D|local,0,native-cog,support,288,0,0,108,4.982086829841137e-05,6.730633384987028e-10,1e-08,252,D,real-age36,4.982086829841137e-05,-2.823952627295512e-07,real-age36-D-0-local-native-cog,real-age36-D-0-local-natural-ee,288,natural-ee,36,local,1e-10,0,410300f0ba8f82d8,155678.09109403822,410300f0ba756400,155678.09104421735,1.5577809104421737e-05,hole
real-age36|D|local,0,native-cog,mean,288,36,0,0,4.0809228218918747e-10,1.4797728612386555e-09,1e-08,216,D,real-age36,0.0,-4.0809228218918747e-10,real-age36-D-0-local-native-cog,real-age36-D-0-local-natural-ee,252,natural-ee,0,local,1e-10,4,3fd1c5d06d52041b,0.27769861865823636,3fd1c5d06dc2310c,0.27769861906632864,1.0027769861906634e-08,boundary
real-age36|D|local,0,native-cog,min,288,36,0,0,0.0,0.0,1e-08,0,D,real-age36,0.0,0.0,real-age36-D-0-local-native-cog,real-age36-D-0-local-natural-ee,252,natural-ee,216,local,1e-10,0,3f94528280000000,0.019845999777317047,3f94528280000000,0.019845999777317047,1.0001984599977732e-08,tiny
real-age36|D|local,0,native-cog,max,288,36,0,0,0.0,0.0,1e-08,0,D,real-age36,0.0,0.0,real-age36-D-0-local-native-cog,real-age36-D-0-local-natural-ee,252,natural-ee,0,local,1e-10,0,3f94528280000000,0.019845999777317047,3f94528280000000,0.019845999777317047,1.0001984599977732e-08,tiny
real-age36|D|local,0,native-rsi64,sum,288,0,0,138,1.3179975212551653e-05,1.9309647228465366e-09,1e-08,252,D,real-age36,1.3179975212551653e-05,-3.330882805130386e-07,real-age36-D-0-local-native-rsi64,real-age36-D-0-local-natural-ee,288,natural-ee,36,local,1e-10,13,40f080f2cf6f3193,67599.1756431519,40f080f2cf615f9a,67599.17562997193,6.7699175629971926e-06,hole
real-age36|D|local,0,native-rsi64,support,288,0,0,108,4.982086829841137e-05,6.730633384987028e-10,1e-08,252,D,real-age36,4.982086829841137e-05,-2.823952627295512e-07,real-age36-D-0-local-native-rsi64,real-age36-D-0-local-natural-ee,288,natural-ee,36,local,1e-10,0,410300f0ba8f82d8,155678.09109403822,410300f0ba756400,155678.09104421735,1.5577809104421737e-05,hole
real-age36|D|local,0,native-rsi64,mean,288,36,0,0,4.0809228218918747e-10,1.4797728612386555e-09,1e-08,216,D,real-age36,0.0,-4.0809228218918747e-10,real-age36-D-0-local-native-rsi64,real-age36-D-0-local-natural-ee,252,natural-ee,0,local,1e-10,4,3fd1c5d06d52041b,0.27769861865823636,3fd1c5d06dc2310c,0.27769861906632864,1.0027769861906634e-08,boundary
real-age36|D|local,0,native-rsi64,min,288,36,0,0,0.0,0.0,1e-08,0,D,real-age36,0.0,0.0,real-age36-D-0-local-native-rsi64,real-age36-D-0-local-natural-ee,252,natural-ee,216,local,1e-10,0,3f94528280000000,0.019845999777317047,3f94528280000000,0.019845999777317047,1.0001984599977732e-08,tiny
real-age36|D|local,0,native-rsi64,max,288,36,0,0,0.0,0.0,1e-08,0,D,real-age36,0.0,0.0,real-age36-D-0-local-native-rsi64,real-age36-D-0-local-natural-ee,252,natural-ee,0,local,1e-10,0,3f94528280000000,0.019845999777317047,3f94528280000000,0.019845999777317047,1.0001984599977732e-08,tiny
real-age36|D|local,0,native-rsi256,sum,288,0,0,138,1.3179975212551653e-05,1.9309647228465366e-09,1e-08,252,D,real-age36,1.3179975212551653e-05,-3.330882805130386e-07,real-age36-D-0-local-native-rsi256,real-age36-D-0-local-natural-ee,288,natural-ee,36,local,1e-10,13,40f080f2cf6f3193,67599.1756431519,40f080f2cf615f9a,67599.17562997193,6.7699175629971926e-06,hole
real-age36|D|local,0,native-rsi256,support,288,0,0,108,4.982086829841137e-05,6.730633384987028e-10,1e-08,252,D,real-age36,4.982086829841137e-05,-2.823952627295512e-07,real-age36-D-0-local-native-rsi256,real-age36-D-0-local-natural-ee,288,natural-ee,36,local,1e-10,0,410300f0ba8f82d8,155678.09109403822,410300f0ba756400,155678.09104421735,1.5577809104421737e-05,hole
real-age36|D|local,0,native-rsi256,mean,288,36,0,0,4.0809228218918747e-10,1.4797728612386555e-09,1e-08,216,D,real-age36,0.0,-4.0809228218918747e-10,real-age36-D-0-local-native-rsi256,real-age36-D-0-local-natural-ee,252,natural-ee,0,local,1e-10,4,3fd1c5d06d52041b,0.27769861865823636,3fd1c5d06dc2310c,0.27769861906632864,1.0027769861906634e-08,boundary
real-age36|D|local,0,native-rsi256,min,288,36,0,0,0.0,0.0,1e-08,0,D,real-age36,0.0,0.0,real-age36-D-0-local-native-rsi256,real-age36-D-0-local-natural-ee,252,natural-ee,216,local,1e-10,0,3f94528280000000,0.019845999777317047,3f94528280000000,0.019845999777317047,1.0001984599977732e-08,tiny
real-age36|D|local,0,native-rsi256,max,288,36,0,0,0.0,0.0,1e-08,0,D,real-age36,0.0,0.0,real-age36-D-0-local-native-rsi256,real-age36-D-0-local-natural-ee,252,natural-ee,0,local,1e-10,0,3f94528280000000,0.019845999777317047,3f94528280000000,0.019845999777317047,1.0001984599977732e-08,tiny
real-age36|D|local,0,native-skv-raw,sum,288,0,0,138,1.3179975212551653e-05,1.9309647228465366e-09,1e-08,252,D,real-age36,1.3179975212551653e-05,-3.330882805130386e-07,real-age36-D-0-local-native-skv-raw,real-age36-D-0-local-natural-ee,288,natural-ee,36,local,1e-10,13,40f080f2cf6f3193,67599.1756431519,40f080f2cf615f9a,67599.17562997193,6.7699175629971926e-06,hole
real-age36|D|local,0,native-skv-raw,support,288,0,0,108,4.982086829841137e-05,6.730633384987028e-10,1e-08,252,D,real-age36,4.982086829841137e-05,-2.823952627295512e-07,real-age36-D-0-local-native-skv-raw,real-age36-D-0-local-natural-ee,288,natural-ee,36,local,1e-10,0,410300f0ba8f82d8,155678.09109403822,410300f0ba756400,155678.09104421735,1.5577809104421737e-05,hole
real-age36|D|local,0,native-skv-raw,mean,288,36,0,0,4.0809228218918747e-10,1.4797728612386555e-09,1e-08,216,D,real-age36,0.0,-4.0809228218918747e-10,real-age36-D-0-local-native-skv-raw,real-age36-D-0-local-natural-ee,252,natural-ee,0,local,1e-10,4,3fd1c5d06d52041b,0.27769861865823636,3fd1c5d06dc2310c,0.27769861906632864,1.0027769861906634e-08,boundary
real-age36|D|local,0,native-skv-raw,min,288,36,0,0,0.0,0.0,1e-08,0,D,real-age36,0.0,0.0,real-age36-D-0-local-native-skv-raw,real-age36-D-0-local-natural-ee,252,natural-ee,216,local,1e-10,0,3f94528280000000,0.019845999777317047,3f94528280000000,0.019845999777317047,1.0001984599977732e-08,tiny
real-age36|D|local,0,native-skv-raw,max,288,36,0,0,0.0,0.0,1e-08,0,D,real-age36,0.0,0.0,real-age36-D-0-local-native-skv-raw,real-age36-D-0-local-natural-ee,252,natural-ee,0,local,1e-10,0,3f94528280000000,0.019845999777317047,3f94528280000000,0.019845999777317047,1.0001984599977732e-08,tiny
real-age36|D|local,0,native-skv-summary,sum,288,0,0,138,1.3179975212551653e-05,1.9309647228465366e-09,1e-08,252,D,real-age36,1.3179975212551653e-05,-3.330882805130386e-07,real-age36-D-0-local-native-skv-summary,real-age36-D-0-local-natural-ee,288,natural-ee,36,local,1e-10,13,40f080f2cf6f3193,67599.1756431519,40f080f2cf615f9a,67599.17562997193,6.7699175629971926e-06,hole
real-age36|D|local,0,native-skv-summary,support,288,0,0,108,4.982086829841137e-05,6.730633384987028e-10,1e-08,252,D,real-age36,4.982086829841137e-05,-2.823952627295512e-07,real-age36-D-0-local-native-skv-summary,real-age36-D-0-local-natural-ee,288,natural-ee,36,local,1e-10,0,410300f0ba8f82d8,155678.09109403822,410300f0ba756400,155678.09104421735,1.5577809104421737e-05,hole
real-age36|D|local,0,native-skv-summary,mean,288,36,0,0,4.0809228218918747e-10,1.4797728612386555e-09,1e-08,216,D,real-age36,0.0,-4.0809228218918747e-10,real-age36-D-0-local-native-skv-summary,real-age36-D-0-local-natural-ee,252,natural-ee,0,local,1e-10,4,3fd1c5d06d52041b,0.27769861865823636,3fd1c5d06dc2310c,0.27769861906632864,1.0027769861906634e-08,boundary
real-age36|D|local,0,native-skv-summary,min,288,36,0,0,0.0,0.0,1e-08,0,D,real-age36,0.0,0.0,real-age36-D-0-local-native-skv-summary,real-age36-D-0-local-natural-ee,252,natural-ee,216,local,1e-10,0,3f94528280000000,0.019845999777317047,3f94528280000000,0.019845999777317047,1.0001984599977732e-08,tiny
real-age36|D|local,0,native-skv-summary,max,288,36,0,0,0.0,0.0,1e-08,0,D,real-age36,0.0,0.0,real-age36-D-0-local-native-skv-summary,real-age36-D-0-local-natural-ee,252,natural-ee,0,local,1e-10,0,3f94528280000000,0.019845999777317047,3f94528280000000,0.019845999777317047,1.0001984599977732e-08,tiny
real-age36|D|local,1,native-tiff,sum,288,0,0,144,1.3677170500159264e-05,1.8565977189995438e-09,1e-08,252,D,real-age36,1.0979078979289625e-06,-1.3677170500159264e-05,real-age36-D-1-local-native-tiff,real-age36-D-1-local-natural-ee,288,natural-ee,36,local,1e-10,13,40f01dfc86324424,66015.78276278131,40f01dfc86409b94,66015.78277645848,6.6115782776458485e-06,hole
real-age36|D|local,1,native-tiff,support,288,0,0,144,3.7901365431025624e-05,1.4485739322151477e-09,1e-08,252,D,real-age36,7.049311534501612e-06,-3.7901365431025624e-05,real-age36-D-1-local-native-tiff,real-age36-D-1-local-natural-ee,288,natural-ee,36,local,1e-10,0,41031d5c6d70b0f7,156587.5534375978,41031d5c6d849000,156587.55347549915,1.566875534754992e-05,hole
real-age36|D|local,1,native-tiff,mean,288,36,0,0,3.484332267156276e-10,1.2958989330928248e-09,1e-08,252,D,real-age36,2.224225248426137e-10,-3.484332267156276e-10,real-age36-D-1-local-native-tiff,real-age36-D-1-local-natural-ee,252,natural-ee,0,local,1e-10,6,3fd1b20d34ff5a02,0.2764924066117659,3fd1b20d355f20d1,0.2764924069601991,1.002764924069602e-08,boundary
real-age36|D|local,1,native-tiff,min,288,36,0,0,0.0,0.0,1e-08,0,D,real-age36,0.0,0.0,real-age36-D-1-local-native-tiff,real-age36-D-1-local-natural-ee,252,natural-ee,216,local,1e-10,0,3f81f14980000000,0.008760999888181686,3f81f14980000000,0.008760999888181686,1.0000876099988818e-08,tiny
real-age36|D|local,1,native-tiff,max,288,36,0,0,0.0,0.0,1e-08,0,D,real-age36,0.0,0.0,real-age36-D-1-local-native-tiff,real-age36-D-1-local-natural-ee,252,natural-ee,0,local,1e-10,0,3f94528280000000,0.019845999777317047,3f94528280000000,0.019845999777317047,1.0001984599977732e-08,tiny
real-age36|D|local,1,native-cog,sum,288,0,0,144,1.3677170500159264e-05,1.8565977189995438e-09,1e-08,252,D,real-age36,1.0979078979289625e-06,-1.3677170500159264e-05,real-age36-D-1-local-native-cog,real-age36-D-1-local-natural-ee,288,natural-ee,36,local,1e-10,13,40f01dfc86324424,66015.78276278131,40f01dfc86409b94,66015.78277645848,6.6115782776458485e-06,hole
real-age36|D|local,1,native-cog,support,288,0,0,144,3.7901365431025624e-05,1.4485739322151477e-09,1e-08,252,D,real-age36,7.049311534501612e-06,-3.7901365431025624e-05,real-age36-D-1-local-native-cog,real-age36-D-1-local-natural-ee,288,natural-ee,36,local,1e-10,0,41031d5c6d70b0f7,156587.5534375978,41031d5c6d849000,156587.55347549915,1.566875534754992e-05,hole
real-age36|D|local,1,native-cog,mean,288,36,0,0,3.484332267156276e-10,1.2958989330928248e-09,1e-08,252,D,real-age36,2.224225248426137e-10,-3.484332267156276e-10,real-age36-D-1-local-native-cog,real-age36-D-1-local-natural-ee,252,natural-ee,0,local,1e-10,6,3fd1b20d34ff5a02,0.2764924066117659,3fd1b20d355f20d1,0.2764924069601991,1.002764924069602e-08,boundary
real-age36|D|local,1,native-cog,min,288,36,0,0,0.0,0.0,1e-08,0,D,real-age36,0.0,0.0,real-age36-D-1-local-native-cog,real-age36-D-1-local-natural-ee,252,natural-ee,216,local,1e-10,0,3f81f14980000000,0.008760999888181686,3f81f14980000000,0.008760999888181686,1.0000876099988818e-08,tiny
real-age36|D|local,1,native-cog,max,288,36,0,0,0.0,0.0,1e-08,0,D,real-age36,0.0,0.0,real-age36-D-1-local-native-cog,real-age36-D-1-local-natural-ee,252,natural-ee,0,local,1e-10,0,3f94528280000000,0.019845999777317047,3f94528280000000,0.019845999777317047,1.0001984599977732e-08,tiny
real-age36|D|local,1,native-rsi64,sum,288,0,0,144,1.3677170500159264e-05,1.8565977189995438e-09,1e-08,252,D,real-age36,1.0979078979289625e-06,-1.3677170500159264e-05,real-age36-D-1-local-native-rsi64,real-age36-D-1-local-natural-ee,288,natural-ee,36,local,1e-10,13,40f01dfc86324424,66015.78276278131,40f01dfc86409b94,66015.78277645848,6.6115782776458485e-06,hole
real-age36|D|local,1,native-rsi64,support,288,0,0,144,3.7901365431025624e-05,1.4485739322151477e-09,1e-08,252,D,real-age36,7.049311534501612e-06,-3.7901365431025624e-05,real-age36-D-1-local-native-rsi64,real-age36-D-1-local-natural-ee,288,natural-ee,36,local,1e-10,0,41031d5c6d70b0f7,156587.5534375978,41031d5c6d849000,156587.55347549915,1.566875534754992e-05,hole
real-age36|D|local,1,native-rsi64,mean,288,36,0,0,3.484332267156276e-10,1.2958989330928248e-09,1e-08,252,D,real-age36,2.224225248426137e-10,-3.484332267156276e-10,real-age36-D-1-local-native-rsi64,real-age36-D-1-local-natural-ee,252,natural-ee,0,local,1e-10,6,3fd1b20d34ff5a02,0.2764924066117659,3fd1b20d355f20d1,0.2764924069601991,1.002764924069602e-08,boundary
real-age36|D|local,1,native-rsi64,min,288,36,0,0,0.0,0.0,1e-08,0,D,real-age36,0.0,0.0,real-age36-D-1-local-native-rsi64,real-age36-D-1-local-natural-ee,252,natural-ee,216,local,1e-10,0,3f81f14980000000,0.008760999888181686,3f81f14980000000,0.008760999888181686,1.0000876099988818e-08,tiny
real-age36|D|local,1,native-rsi64,max,288,36,0,0,0.0,0.0,1e-08,0,D,real-age36,0.0,0.0,real-age36-D-1-local-native-rsi64,real-age36-D-1-local-natural-ee,252,natural-ee,0,local,1e-10,0,3f94528280000000,0.019845999777317047,3f94528280000000,0.019845999777317047,1.0001984599977732e-08,tiny
real-age36|D|local,1,native-rsi256,sum,288,0,0,144,1.3677170500159264e-05,1.8565977189995438e-09,1e-08,252,D,real-age36,1.0979078979289625e-06,-1.3677170500159264e-05,real-age36-D-1-local-native-rsi256,real-age36-D-1-local-natural-ee,288,natural-ee,36,local,1e-10,13,40f01dfc86324424,66015.78276278131,40f01dfc86409b94,66015.78277645848,6.6115782776458485e-06,hole
real-age36|D|local,1,native-rsi256,support,288,0,0,144,3.7901365431025624e-05,1.4485739322151477e-09,1e-08,252,D,real-age36,7.049311534501612e-06,-3.7901365431025624e-05,real-age36-D-1-local-native-rsi256,real-age36-D-1-local-natural-ee,288,natural-ee,36,local,1e-10,0,41031d5c6d70b0f7,156587.5534375978,41031d5c6d849000,156587.55347549915,1.566875534754992e-05,hole
real-age36|D|local,1,native-rsi256,mean,288,36,0,0,3.484332267156276e-10,1.2958989330928248e-09,1e-08,252,D,real-age36,2.224225248426137e-10,-3.484332267156276e-10,real-age36-D-1-local-native-rsi256,real-age36-D-1-local-natural-ee,252,natural-ee,0,local,1e-10,6,3fd1b20d34ff5a02,0.2764924066117659,3fd1b20d355f20d1,0.2764924069601991,1.002764924069602e-08,boundary
real-age36|D|local,1,native-rsi256,min,288,36,0,0,0.0,0.0,1e-08,0,D,real-age36,0.0,0.0,real-age36-D-1-local-native-rsi256,real-age36-D-1-local-natural-ee,252,natural-ee,216,local,1e-10,0,3f81f14980000000,0.008760999888181686,3f81f14980000000,0.008760999888181686,1.0000876099988818e-08,tiny
real-age36|D|local,1,native-rsi256,max,288,36,0,0,0.0,0.0,1e-08,0,D,real-age36,0.0,0.0,real-age36-D-1-local-native-rsi256,real-age36-D-1-local-natural-ee,252,natural-ee,0,local,1e-10,0,3f94528280000000,0.019845999777317047,3f94528280000000,0.019845999777317047,1.0001984599977732e-08,tiny
real-age36|D|local,1,native-skv-raw,sum,288,0,0,144,1.3677170500159264e-05,1.8565977189995438e-09,1e-08,252,D,real-age36,1.0979078979289625e-06,-1.3677170500159264e-05,real-age36-D-1-local-native-skv-raw,real-age36-D-1-local-natural-ee,288,natural-ee,36,local,1e-10,13,40f01dfc86324424,66015.78276278131,40f01dfc86409b94,66015.78277645848,6.6115782776458485e-06,hole
real-age36|D|local,1,native-skv-raw,support,288,0,0,144,3.7901365431025624e-05,1.4485739322151477e-09,1e-08,252,D,real-age36,7.049311534501612e-06,-3.7901365431025624e-05,real-age36-D-1-local-native-skv-raw,real-age36-D-1-local-natural-ee,288,natural-ee,36,local,1e-10,0,41031d5c6d70b0f7,156587.5534375978,41031d5c6d849000,156587.55347549915,1.566875534754992e-05,hole
real-age36|D|local,1,native-skv-raw,mean,288,36,0,0,3.484332267156276e-10,1.2958989330928248e-09,1e-08,252,D,real-age36,2.224225248426137e-10,-3.484332267156276e-10,real-age36-D-1-local-native-skv-raw,real-age36-D-1-local-natural-ee,252,natural-ee,0,local,1e-10,6,3fd1b20d34ff5a02,0.2764924066117659,3fd1b20d355f20d1,0.2764924069601991,1.002764924069602e-08,boundary
real-age36|D|local,1,native-skv-raw,min,288,36,0,0,0.0,0.0,1e-08,0,D,real-age36,0.0,0.0,real-age36-D-1-local-native-skv-raw,real-age36-D-1-local-natural-ee,252,natural-ee,216,local,1e-10,0,3f81f14980000000,0.008760999888181686,3f81f14980000000,0.008760999888181686,1.0000876099988818e-08,tiny
real-age36|D|local,1,native-skv-raw,max,288,36,0,0,0.0,0.0,1e-08,0,D,real-age36,0.0,0.0,real-age36-D-1-local-native-skv-raw,real-age36-D-1-local-natural-ee,252,natural-ee,0,local,1e-10,0,3f94528280000000,0.019845999777317047,3f94528280000000,0.019845999777317047,1.0001984599977732e-08,tiny
real-age36|D|local,1,native-skv-summary,sum,288,0,0,144,1.3677170500159264e-05,1.8565977189995438e-09,1e-08,252,D,real-age36,1.0979078979289625e-06,-1.3677170500159264e-05,real-age36-D-1-local-native-skv-summary,real-age36-D-1-local-natural-ee,288,natural-ee,36,local,1e-10,13,40f01dfc86324424,66015.78276278131,40f01dfc86409b94,66015.78277645848,6.6115782776458485e-06,hole
real-age36|D|local,1,native-skv-summary,support,288,0,0,144,3.7901365431025624e-05,1.4485739322151477e-09,1e-08,252,D,real-age36,7.049311534501612e-06,-3.7901365431025624e-05,real-age36-D-1-local-native-skv-summary,real-age36-D-1-local-natural-ee,288,natural-ee,36,local,1e-10,0,41031d5c6d70b0f7,156587.5534375978,41031d5c6d849000,156587.55347549915,1.566875534754992e-05,hole
real-age36|D|local,1,native-skv-summary,mean,288,36,0,0,3.484332267156276e-10,1.2958989330928248e-09,1e-08,252,D,real-age36,2.224225248426137e-10,-3.484332267156276e-10,real-age36-D-1-local-native-skv-summary,real-age36-D-1-local-natural-ee,252,natural-ee,0,local,1e-10,6,3fd1b20d34ff5a02,0.2764924066117659,3fd1b20d355f20d1,0.2764924069601991,1.002764924069602e-08,boundary
real-age36|D|local,1,native-skv-summary,min,288,36,0,0,0.0,0.0,1e-08,0,D,real-age36,0.0,0.0,real-age36-D-1-local-native-skv-summary,real-age36-D-1-local-natural-ee,252,natural-ee,216,local,1e-10,0,3f81f14980000000,0.008760999888181686,3f81f14980000000,0.008760999888181686,1.0000876099988818e-08,tiny
real-age36|D|local,1,native-skv-summary,max,288,36,0,0,0.0,0.0,1e-08,0,D,real-age36,0.0,0.0,real-age36-D-1-local-native-skv-summary,real-age36-D-1-local-natural-ee,252,natural-ee,0,local,1e-10,0,3f94528280000000,0.019845999777317047,3f94528280000000,0.019845999777317047,1.0001984599977732e-08,tiny
real-age36|D|local,2,native-tiff,sum,288,0,0,139,3.876339178532362e-06,4.961357946102029e-09,1e-08,252,D,real-age36,4.711732799478341e-07,-3.876339178532362e-06,real-age36-D-2-local-native-tiff,real-age36-D-2-local-natural-ee,288,natural-ee,36,local,1e-10,25,40ef3c0905f4cc30,63968.28197708016,40ef3c0905fced48,63968.2819809565,6.40682819809565e-06,interior
real-age36|D|local,2,native-tiff,support,288,0,0,180,2.0986306481063366e-05,7.421022185429434e-09,1e-08,252,D,real-age36,2.4841319827828556e-06,-2.0986306481063366e-05,real-age36-D-2-local-native-tiff,real-age36-D-2-local-natural-ee,288,natural-ee,36,local,1e-10,0,4105dba49fa08f44,179060.57794296194,4105dba49fab9000,179060.57796394825,1.7916057796394826e-05,interior
real-age36|D|local,2,native-tiff,mean,288,36,0,0,2.616105110320177e-10,2.4598547717815037e-09,1e-08,252,D,real-age36,5.021227877932688e-11,-2.616105110320177e-10,real-age36-D-2-local-native-tiff,real-age36-D-2-local-natural-ee,252,natural-ee,0,local,1e-10,21,3fe10316c0ebf92c,0.531627060699781,3fe10316c10fedc6,0.5316270609613916,1.0053162706096139e-08,compact
real-age36|D|local,2,native-tiff,min,288,36,0,0,0.0,0.0,1e-08,0,D,real-age36,0.0,0.0,real-age36-D-2-local-native-tiff,real-age36-D-2-local-natural-ee,252,natural-ee,216,local,1e-10,0,3f4d323fe0000000,0.0008909999742172658,3f4d323fe0000000,0.0008909999742172658,1.0000089099997421e-08,tiny
real-age36|D|local,2,native-tiff,max,288,36,0,0,0.0,0.0,1e-08,0,D,real-age36,0.0,0.0,real-age36-D-2-local-native-tiff,real-age36-D-2-local-natural-ee,252,natural-ee,0,local,1e-10,0,3f81f14980000000,0.008760999888181686,3f81f14980000000,0.008760999888181686,1.0000876099988818e-08,tiny
real-age36|D|local,2,native-cog,sum,288,0,0,139,3.876339178532362e-06,4.961357946102029e-09,1e-08,252,D,real-age36,4.711732799478341e-07,-3.876339178532362e-06,real-age36-D-2-local-native-cog,real-age36-D-2-local-natural-ee,288,natural-ee,36,local,1e-10,25,40ef3c0905f4cc30,63968.28197708016,40ef3c0905fced48,63968.2819809565,6.40682819809565e-06,interior
real-age36|D|local,2,native-cog,support,288,0,0,180,2.0986306481063366e-05,7.421022185429434e-09,1e-08,252,D,real-age36,2.4841319827828556e-06,-2.0986306481063366e-05,real-age36-D-2-local-native-cog,real-age36-D-2-local-natural-ee,288,natural-ee,36,local,1e-10,0,4105dba49fa08f44,179060.57794296194,4105dba49fab9000,179060.57796394825,1.7916057796394826e-05,interior
real-age36|D|local,2,native-cog,mean,288,36,0,0,2.616105110320177e-10,2.4598547717815037e-09,1e-08,252,D,real-age36,5.021227877932688e-11,-2.616105110320177e-10,real-age36-D-2-local-native-cog,real-age36-D-2-local-natural-ee,252,natural-ee,0,local,1e-10,21,3fe10316c0ebf92c,0.531627060699781,3fe10316c10fedc6,0.5316270609613916,1.0053162706096139e-08,compact
real-age36|D|local,2,native-cog,min,288,36,0,0,0.0,0.0,1e-08,0,D,real-age36,0.0,0.0,real-age36-D-2-local-native-cog,real-age36-D-2-local-natural-ee,252,natural-ee,216,local,1e-10,0,3f4d323fe0000000,0.0008909999742172658,3f4d323fe0000000,0.0008909999742172658,1.0000089099997421e-08,tiny
real-age36|D|local,2,native-cog,max,288,36,0,0,0.0,0.0,1e-08,0,D,real-age36,0.0,0.0,real-age36-D-2-local-native-cog,real-age36-D-2-local-natural-ee,252,natural-ee,0,local,1e-10,0,3f81f14980000000,0.008760999888181686,3f81f14980000000,0.008760999888181686,1.0000876099988818e-08,tiny
real-age36|D|local,2,native-rsi64,sum,288,0,0,139,3.876339178532362e-06,4.961357946102029e-09,1e-08,252,D,real-age36,4.711732799478341e-07,-3.876339178532362e-06,real-age36-D-2-local-native-rsi64,real-age36-D-2-local-natural-ee,288,natural-ee,36,local,1e-10,25,40ef3c0905f4cc30,63968.28197708016,40ef3c0905fced48,63968.2819809565,6.40682819809565e-06,interior
real-age36|D|local,2,native-rsi64,support,288,0,0,180,2.0986306481063366e-05,7.421022185429434e-09,1e-08,252,D,real-age36,2.4841319827828556e-06,-2.0986306481063366e-05,real-age36-D-2-local-native-rsi64,real-age36-D-2-local-natural-ee,288,natural-ee,36,local,1e-10,0,4105dba49fa08f44,179060.57794296194,4105dba49fab9000,179060.57796394825,1.7916057796394826e-05,interior
real-age36|D|local,2,native-rsi64,mean,288,36,0,0,2.616105110320177e-10,2.4598547717815037e-09,1e-08,252,D,real-age36,5.021227877932688e-11,-2.616105110320177e-10,real-age36-D-2-local-native-rsi64,real-age36-D-2-local-natural-ee,252,natural-ee,0,local,1e-10,21,3fe10316c0ebf92c,0.531627060699781,3fe10316c10fedc6,0.5316270609613916,1.0053162706096139e-08,compact
real-age36|D|local,2,native-rsi64,min,288,36,0,0,0.0,0.0,1e-08,0,D,real-age36,0.0,0.0,real-age36-D-2-local-native-rsi64,real-age36-D-2-local-natural-ee,252,natural-ee,216,local,1e-10,0,3f4d323fe0000000,0.0008909999742172658,3f4d323fe0000000,0.0008909999742172658,1.0000089099997421e-08,tiny
real-age36|D|local,2,native-rsi64,max,288,36,0,0,0.0,0.0,1e-08,0,D,real-age36,0.0,0.0,real-age36-D-2-local-native-rsi64,real-age36-D-2-local-natural-ee,252,natural-ee,0,local,1e-10,0,3f81f14980000000,0.008760999888181686,3f81f14980000000,0.008760999888181686,1.0000876099988818e-08,tiny
real-age36|D|local,2,native-rsi256,sum,288,0,0,139,3.876339178532362e-06,4.961357946102029e-09,1e-08,252,D,real-age36,4.711732799478341e-07,-3.876339178532362e-06,real-age36-D-2-local-native-rsi256,real-age36-D-2-local-natural-ee,288,natural-ee,36,local,1e-10,25,40ef3c0905f4cc30,63968.28197708016,40ef3c0905fced48,63968.2819809565,6.40682819809565e-06,interior
real-age36|D|local,2,native-rsi256,support,288,0,0,180,2.0986306481063366e-05,7.421022185429434e-09,1e-08,252,D,real-age36,2.4841319827828556e-06,-2.0986306481063366e-05,real-age36-D-2-local-native-rsi256,real-age36-D-2-local-natural-ee,288,natural-ee,36,local,1e-10,0,4105dba49fa08f44,179060.57794296194,4105dba49fab9000,179060.57796394825,1.7916057796394826e-05,interior
real-age36|D|local,2,native-rsi256,mean,288,36,0,0,2.616105110320177e-10,2.4598547717815037e-09,1e-08,252,D,real-age36,5.021227877932688e-11,-2.616105110320177e-10,real-age36-D-2-local-native-rsi256,real-age36-D-2-local-natural-ee,252,natural-ee,0,local,1e-10,21,3fe10316c0ebf92c,0.531627060699781,3fe10316c10fedc6,0.5316270609613916,1.0053162706096139e-08,compact
real-age36|D|local,2,native-rsi256,min,288,36,0,0,0.0,0.0,1e-08,0,D,real-age36,0.0,0.0,real-age36-D-2-local-native-rsi256,real-age36-D-2-local-natural-ee,252,natural-ee,216,local,1e-10,0,3f4d323fe0000000,0.0008909999742172658,3f4d323fe0000000,0.0008909999742172658,1.0000089099997421e-08,tiny
real-age36|D|local,2,native-rsi256,max,288,36,0,0,0.0,0.0,1e-08,0,D,real-age36,0.0,0.0,real-age36-D-2-local-native-rsi256,real-age36-D-2-local-natural-ee,252,natural-ee,0,local,1e-10,0,3f81f14980000000,0.008760999888181686,3f81f14980000000,0.008760999888181686,1.0000876099988818e-08,tiny
real-age36|D|local,2,native-skv-raw,sum,288,0,0,139,3.876339178532362e-06,4.961357946102029e-09,1e-08,252,D,real-age36,4.711732799478341e-07,-3.876339178532362e-06,real-age36-D-2-local-native-skv-raw,real-age36-D-2-local-natural-ee,288,natural-ee,36,local,1e-10,25,40ef3c0905f4cc30,63968.28197708016,40ef3c0905fced48,63968.2819809565,6.40682819809565e-06,interior
real-age36|D|local,2,native-skv-raw,support,288,0,0,180,2.0986306481063366e-05,7.421022185429434e-09,1e-08,252,D,real-age36,2.4841319827828556e-06,-2.0986306481063366e-05,real-age36-D-2-local-native-skv-raw,real-age36-D-2-local-natural-ee,288,natural-ee,36,local,1e-10,0,4105dba49fa08f44,179060.57794296194,4105dba49fab9000,179060.57796394825,1.7916057796394826e-05,interior
real-age36|D|local,2,native-skv-raw,mean,288,36,0,0,2.616105110320177e-10,2.4598547717815037e-09,1e-08,252,D,real-age36,5.021227877932688e-11,-2.616105110320177e-10,real-age36-D-2-local-native-skv-raw,real-age36-D-2-local-natural-ee,252,natural-ee,0,local,1e-10,21,3fe10316c0ebf92c,0.531627060699781,3fe10316c10fedc6,0.5316270609613916,1.0053162706096139e-08,compact
real-age36|D|local,2,native-skv-raw,min,288,36,0,0,0.0,0.0,1e-08,0,D,real-age36,0.0,0.0,real-age36-D-2-local-native-skv-raw,real-age36-D-2-local-natural-ee,252,natural-ee,216,local,1e-10,0,3f4d323fe0000000,0.0008909999742172658,3f4d323fe0000000,0.0008909999742172658,1.0000089099997421e-08,tiny
real-age36|D|local,2,native-skv-raw,max,288,36,0,0,0.0,0.0,1e-08,0,D,real-age36,0.0,0.0,real-age36-D-2-local-native-skv-raw,real-age36-D-2-local-natural-ee,252,natural-ee,0,local,1e-10,0,3f81f14980000000,0.008760999888181686,3f81f14980000000,0.008760999888181686,1.0000876099988818e-08,tiny
real-age36|D|local,2,native-skv-summary,sum,288,0,0,139,3.876339178532362e-06,4.961357946102029e-09,1e-08,252,D,real-age36,4.711732799478341e-07,-3.876339178532362e-06,real-age36-D-2-local-native-skv-summary,real-age36-D-2-local-natural-ee,288,natural-ee,36,local,1e-10,25,40ef3c0905f4cc30,63968.28197708016,40ef3c0905fced48,63968.2819809565,6.40682819809565e-06,interior
real-age36|D|local,2,native-skv-summary,support,288,0,0,180,2.0986306481063366e-05,7.421022185429434e-09,1e-08,252,D,real-age36,2.4841319827828556e-06,-2.0986306481063366e-05,real-age36-D-2-local-native-skv-summary,real-age36-D-2-local-natural-ee,288,natural-ee,36,local,1e-10,0,4105dba49fa08f44,179060.57794296194,4105dba49fab9000,179060.57796394825,1.7916057796394826e-05,interior
real-age36|D|local,2,native-skv-summary,mean,288,36,0,0,2.616105110320177e-10,2.4598547717815037e-09,1e-08,252,D,real-age36,5.021227877932688e-11,-2.616105110320177e-10,real-age36-D-2-local-native-skv-summary,real-age36-D-2-local-natural-ee,252,natural-ee,0,local,1e-10,21,3fe10316c0ebf92c,0.531627060699781,3fe10316c10fedc6,0.5316270609613916,1.0053162706096139e-08,compact
real-age36|D|local,2,native-skv-summary,min,288,36,0,0,0.0,0.0,1e-08,0,D,real-age36,0.0,0.0,real-age36-D-2-local-native-skv-summary,real-age36-D-2-local-natural-ee,252,natural-ee,216,local,1e-10,0,3f4d323fe0000000,0.0008909999742172658,3f4d323fe0000000,0.0008909999742172658,1.0000089099997421e-08,tiny
real-age36|D|local,2,native-skv-summary,max,288,36,0,0,0.0,0.0,1e-08,0,D,real-age36,0.0,0.0,real-age36-D-2-local-native-skv-summary,real-age36-D-2-local-natural-ee,252,natural-ee,0,local,1e-10,0,3f81f14980000000,0.008760999888181686,3f81f14980000000,0.008760999888181686,1.0000876099988818e-08,tiny
worldpop1|A|http0,0,native-tiff,sum,1,0,0,0,7.269810885190964e-05,2.0019831213524886e-11,1e-08,1,A,worldpop1,7.269810885190964e-05,7.269810885190964e-05,worldpop1-A-0-http0-native-tiff,worldpop1-A-0-http0-natural-ee,1,natural-ee,0,http0,1e-10,0,414bb464644e5bfa,3631304.7836413356,414bb464644bfa24,3631304.7835686374,0.00036314047835686375,interior
worldpop1|A|http0,0,native-tiff,support,1,0,0,0,9.761861292645335e-06,5.2465047305776165e-11,1e-08,1,A,worldpop1,9.761861292645335e-06,9.761861292645335e-06,worldpop1-A-0-http0-native-tiff,worldpop1-A-0-http0-natural-ee,1,natural-ee,0,http0,1e-10,0,4106b680b8afde37,186064.09017919164,4106b680b8aac000,186064.09016942978,1.861640901694298e-05,interior
worldpop1|A|http0,0,native-tiff,mean,1,0,0,0,6.332143698273285e-10,3.244521256856482e-11,1e-08,1,A,worldpop1,-6.332143698273285e-10,-6.332143698273285e-10,worldpop1-A-0-http0-native-tiff,worldpop1-A-0-http0-natural-ee,1,natural-ee,0,http0,1e-10,0,403384340c9cd40b,19.51641920880142,403384340c9f8c45,19.516419209434634,1.1951641920943464e-08,interior
worldpop1|A|http0,0,native-tiff,min,1,0,0,0,0.0,0.0,1e-08,0,A,worldpop1,0.0,0.0,worldpop1-A-0-http0-native-tiff,worldpop1-A-0-http0-natural-ee,1,natural-ee,0,http0,1e-10,0,4004931840000000,2.5718235969543457,4004931840000000,2.5718235969543457,1.0257182359695435e-08,interior
worldpop1|A|http0,0,native-tiff,max,1,0,0,0,0.0,0.0,1e-08,0,A,worldpop1,0.0,0.0,worldpop1-A-0-http0-native-tiff,worldpop1-A-0-http0-natural-ee,1,natural-ee,0,http0,1e-10,0,40543516c0000000,80.82951354980469,40543516c0000000,80.82951354980469,1.808295135498047e-08,interior
worldpop1|A|http0,0,native-cog,sum,1,0,0,0,7.269810885190964e-05,2.0019831213524886e-11,1e-08,1,A,worldpop1,7.269810885190964e-05,7.269810885190964e-05,worldpop1-A-0-http0-native-cog,worldpop1-A-0-http0-natural-ee,1,natural-ee,0,http0,1e-10,0,414bb464644e5bfa,3631304.7836413356,414bb464644bfa24,3631304.7835686374,0.00036314047835686375,interior
worldpop1|A|http0,0,native-cog,support,1,0,0,0,9.761861292645335e-06,5.2465047305776165e-11,1e-08,1,A,worldpop1,9.761861292645335e-06,9.761861292645335e-06,worldpop1-A-0-http0-native-cog,worldpop1-A-0-http0-natural-ee,1,natural-ee,0,http0,1e-10,0,4106b680b8afde37,186064.09017919164,4106b680b8aac000,186064.09016942978,1.861640901694298e-05,interior
worldpop1|A|http0,0,native-cog,mean,1,0,0,0,6.332143698273285e-10,3.244521256856482e-11,1e-08,1,A,worldpop1,-6.332143698273285e-10,-6.332143698273285e-10,worldpop1-A-0-http0-native-cog,worldpop1-A-0-http0-natural-ee,1,natural-ee,0,http0,1e-10,0,403384340c9cd40b,19.51641920880142,403384340c9f8c45,19.516419209434634,1.1951641920943464e-08,interior
worldpop1|A|http0,0,native-cog,min,1,0,0,0,0.0,0.0,1e-08,0,A,worldpop1,0.0,0.0,worldpop1-A-0-http0-native-cog,worldpop1-A-0-http0-natural-ee,1,natural-ee,0,http0,1e-10,0,4004931840000000,2.5718235969543457,4004931840000000,2.5718235969543457,1.0257182359695435e-08,interior
worldpop1|A|http0,0,native-cog,max,1,0,0,0,0.0,0.0,1e-08,0,A,worldpop1,0.0,0.0,worldpop1-A-0-http0-native-cog,worldpop1-A-0-http0-natural-ee,1,natural-ee,0,http0,1e-10,0,40543516c0000000,80.82951354980469,40543516c0000000,80.82951354980469,1.808295135498047e-08,interior
worldpop1|A|http0,0,native-rsi64,sum,1,0,0,0,7.269810885190964e-05,2.0019831213524886e-11,1e-08,1,A,worldpop1,7.269810885190964e-05,7.269810885190964e-05,worldpop1-A-0-http0-native-rsi64,worldpop1-A-0-http0-natural-ee,1,natural-ee,0,http0,1e-10,0,414bb464644e5bfa,3631304.7836413356,414bb464644bfa24,3631304.7835686374,0.00036314047835686375,interior
worldpop1|A|http0,0,native-rsi64,support,1,0,0,0,9.761861292645335e-06,5.2465047305776165e-11,1e-08,1,A,worldpop1,9.761861292645335e-06,9.761861292645335e-06,worldpop1-A-0-http0-native-rsi64,worldpop1-A-0-http0-natural-ee,1,natural-ee,0,http0,1e-10,0,4106b680b8afde37,186064.09017919164,4106b680b8aac000,186064.09016942978,1.861640901694298e-05,interior
worldpop1|A|http0,0,native-rsi64,mean,1,0,0,0,6.332143698273285e-10,3.244521256856482e-11,1e-08,1,A,worldpop1,-6.332143698273285e-10,-6.332143698273285e-10,worldpop1-A-0-http0-native-rsi64,worldpop1-A-0-http0-natural-ee,1,natural-ee,0,http0,1e-10,0,403384340c9cd40b,19.51641920880142,403384340c9f8c45,19.516419209434634,1.1951641920943464e-08,interior
worldpop1|A|http0,0,native-rsi64,min,1,0,0,0,0.0,0.0,1e-08,0,A,worldpop1,0.0,0.0,worldpop1-A-0-http0-native-rsi64,worldpop1-A-0-http0-natural-ee,1,natural-ee,0,http0,1e-10,0,4004931840000000,2.5718235969543457,4004931840000000,2.5718235969543457,1.0257182359695435e-08,interior
worldpop1|A|http0,0,native-rsi64,max,1,0,0,0,0.0,0.0,1e-08,0,A,worldpop1,0.0,0.0,worldpop1-A-0-http0-native-rsi64,worldpop1-A-0-http0-natural-ee,1,natural-ee,0,http0,1e-10,0,40543516c0000000,80.82951354980469,40543516c0000000,80.82951354980469,1.808295135498047e-08,interior
worldpop1|A|http0,0,native-rsi256,sum,1,0,0,0,7.269810885190964e-05,2.0019831213524886e-11,1e-08,1,A,worldpop1,7.269810885190964e-05,7.269810885190964e-05,worldpop1-A-0-http0-native-rsi256,worldpop1-A-0-http0-natural-ee,1,natural-ee,0,http0,1e-10,0,414bb464644e5bfa,3631304.7836413356,414bb464644bfa24,3631304.7835686374,0.00036314047835686375,interior
worldpop1|A|http0,0,native-rsi256,support,1,0,0,0,9.761861292645335e-06,5.2465047305776165e-11,1e-08,1,A,worldpop1,9.761861292645335e-06,9.761861292645335e-06,worldpop1-A-0-http0-native-rsi256,worldpop1-A-0-http0-natural-ee,1,natural-ee,0,http0,1e-10,0,4106b680b8afde37,186064.09017919164,4106b680b8aac000,186064.09016942978,1.861640901694298e-05,interior
worldpop1|A|http0,0,native-rsi256,mean,1,0,0,0,6.332143698273285e-10,3.244521256856482e-11,1e-08,1,A,worldpop1,-6.332143698273285e-10,-6.332143698273285e-10,worldpop1-A-0-http0-native-rsi256,worldpop1-A-0-http0-natural-ee,1,natural-ee,0,http0,1e-10,0,403384340c9cd40b,19.51641920880142,403384340c9f8c45,19.516419209434634,1.1951641920943464e-08,interior
worldpop1|A|http0,0,native-rsi256,min,1,0,0,0,0.0,0.0,1e-08,0,A,worldpop1,0.0,0.0,worldpop1-A-0-http0-native-rsi256,worldpop1-A-0-http0-natural-ee,1,natural-ee,0,http0,1e-10,0,4004931840000000,2.5718235969543457,4004931840000000,2.5718235969543457,1.0257182359695435e-08,interior
worldpop1|A|http0,0,native-rsi256,max,1,0,0,0,0.0,0.0,1e-08,0,A,worldpop1,0.0,0.0,worldpop1-A-0-http0-native-rsi256,worldpop1-A-0-http0-natural-ee,1,natural-ee,0,http0,1e-10,0,40543516c0000000,80.82951354980469,40543516c0000000,80.82951354980469,1.808295135498047e-08,interior
worldpop1|A|http0,0,native-skv-raw,sum,1,0,0,0,7.269810885190964e-05,2.0019831213524886e-11,1e-08,1,A,worldpop1,7.269810885190964e-05,7.269810885190964e-05,worldpop1-A-0-http0-native-skv-raw,worldpop1-A-0-http0-natural-ee,1,natural-ee,0,http0,1e-10,0,414bb464644e5bfa,3631304.7836413356,414bb464644bfa24,3631304.7835686374,0.00036314047835686375,interior
worldpop1|A|http0,0,native-skv-raw,support,1,0,0,0,9.761861292645335e-06,5.2465047305776165e-11,1e-08,1,A,worldpop1,9.761861292645335e-06,9.761861292645335e-06,worldpop1-A-0-http0-native-skv-raw,worldpop1-A-0-http0-natural-ee,1,natural-ee,0,http0,1e-10,0,4106b680b8afde37,186064.09017919164,4106b680b8aac000,186064.09016942978,1.861640901694298e-05,interior
worldpop1|A|http0,0,native-skv-raw,mean,1,0,0,0,6.332143698273285e-10,3.244521256856482e-11,1e-08,1,A,worldpop1,-6.332143698273285e-10,-6.332143698273285e-10,worldpop1-A-0-http0-native-skv-raw,worldpop1-A-0-http0-natural-ee,1,natural-ee,0,http0,1e-10,0,403384340c9cd40b,19.51641920880142,403384340c9f8c45,19.516419209434634,1.1951641920943464e-08,interior
worldpop1|A|http0,0,native-skv-raw,min,1,0,0,0,0.0,0.0,1e-08,0,A,worldpop1,0.0,0.0,worldpop1-A-0-http0-native-skv-raw,worldpop1-A-0-http0-natural-ee,1,natural-ee,0,http0,1e-10,0,4004931840000000,2.5718235969543457,4004931840000000,2.5718235969543457,1.0257182359695435e-08,interior
worldpop1|A|http0,0,native-skv-raw,max,1,0,0,0,0.0,0.0,1e-08,0,A,worldpop1,0.0,0.0,worldpop1-A-0-http0-native-skv-raw,worldpop1-A-0-http0-natural-ee,1,natural-ee,0,http0,1e-10,0,40543516c0000000,80.82951354980469,40543516c0000000,80.82951354980469,1.808295135498047e-08,interior
worldpop1|A|http0,0,native-skv-summary,sum,1,0,0,0,7.269810885190964e-05,2.0019831213524886e-11,1e-08,1,A,worldpop1,7.269810885190964e-05,7.269810885190964e-05,worldpop1-A-0-http0-native-skv-summary,worldpop1-A-0-http0-natural-ee,1,natural-ee,0,http0,1e-10,0,414bb464644e5bfa,3631304.7836413356,414bb464644bfa24,3631304.7835686374,0.00036314047835686375,interior
worldpop1|A|http0,0,native-skv-summary,support,1,0,0,0,9.761861292645335e-06,5.2465047305776165e-11,1e-08,1,A,worldpop1,9.761861292645335e-06,9.761861292645335e-06,worldpop1-A-0-http0-native-skv-summary,worldpop1-A-0-http0-natural-ee,1,natural-ee,0,http0,1e-10,0,4106b680b8afde37,186064.09017919164,4106b680b8aac000,186064.09016942978,1.861640901694298e-05,interior
worldpop1|A|http0,0,native-skv-summary,mean,1,0,0,0,6.332143698273285e-10,3.244521256856482e-11,1e-08,1,A,worldpop1,-6.332143698273285e-10,-6.332143698273285e-10,worldpop1-A-0-http0-native-skv-summary,worldpop1-A-0-http0-natural-ee,1,natural-ee,0,http0,1e-10,0,403384340c9cd40b,19.51641920880142,403384340c9f8c45,19.516419209434634,1.1951641920943464e-08,interior
worldpop1|A|http0,0,native-skv-summary,min,1,0,0,0,0.0,0.0,1e-08,0,A,worldpop1,0.0,0.0,worldpop1-A-0-http0-native-skv-summary,worldpop1-A-0-http0-natural-ee,1,natural-ee,0,http0,1e-10,0,4004931840000000,2.5718235969543457,4004931840000000,2.5718235969543457,1.0257182359695435e-08,interior
worldpop1|A|http0,0,native-skv-summary,max,1,0,0,0,0.0,0.0,1e-08,0,A,worldpop1,0.0,0.0,worldpop1-A-0-http0-native-skv-summary,worldpop1-A-0-http0-natural-ee,1,natural-ee,0,http0,1e-10,0,40543516c0000000,80.82951354980469,40543516c0000000,80.82951354980469,1.808295135498047e-08,interior
worldpop1|A|http0,1,native-tiff,sum,1,0,0,0,4.119332879781723e-05,1.1328350188514869e-11,1e-08,1,A,worldpop1,-4.119332879781723e-05,-4.119332879781723e-05,worldpop1-A-1-http0-native-tiff,worldpop1-A-1-http0-natural-ee,1,natural-ee,0,http0,1e-10,0,414bbe2829bb8e96,3636304.3260362847,414bbe2829bce824,3636304.326077478,0.0003636404326077478,interior
worldpop1|A|http0,1,native-tiff,support,1,0,0,0,4.715460818260908e-06,2.5252466276837446e-11,1e-08,1,A,worldpop1,-4.715460818260908e-06,-4.715460818260908e-06,worldpop1-A-1-http0-native-tiff,worldpop1-A-1-http0-natural-ee,1,natural-ee,0,http0,1e-10,0,4106cb6579db991a,186732.6845008813,4106cb6579de1200,186732.68450559676,1.8683268450559678e-05,interior
worldpop1|A|http0,1,native-tiff,mean,1,0,0,0,2.7114666067973303e-10,1.3924011662156981e-11,1e-08,1,A,worldpop1,2.7114666067973303e-10,2.7114666067973303e-10,worldpop1-A-1-http0-native-tiff,worldpop1-A-1-http0-natural-ee,1,natural-ee,0,http0,1e-10,0,4033792b2698a25b,19.47331467844411,4033792b2697783a,19.47331467817296,1.1947331467817297e-08,interior
worldpop1|A|http0,1,native-tiff,min,1,0,0,0,0.0,0.0,1e-08,0,A,worldpop1,0.0,0.0,worldpop1-A-1-http0-native-tiff,worldpop1-A-1-http0-natural-ee,1,natural-ee,0,http0,1e-10,0,4004931840000000,2.5718235969543457,4004931840000000,2.5718235969543457,1.0257182359695435e-08,interior
worldpop1|A|http0,1,native-tiff,max,1,0,0,0,0.0,0.0,1e-08,0,A,worldpop1,0.0,0.0,worldpop1-A-1-http0-native-tiff,worldpop1-A-1-http0-natural-ee,1,natural-ee,0,http0,1e-10,0,40543516c0000000,80.82951354980469,40543516c0000000,80.82951354980469,1.808295135498047e-08,interior
worldpop1|A|http0,1,native-cog,sum,1,0,0,0,4.119332879781723e-05,1.1328350188514869e-11,1e-08,1,A,worldpop1,-4.119332879781723e-05,-4.119332879781723e-05,worldpop1-A-1-http0-native-cog,worldpop1-A-1-http0-natural-ee,1,natural-ee,0,http0,1e-10,0,414bbe2829bb8e96,3636304.3260362847,414bbe2829bce824,3636304.326077478,0.0003636404326077478,interior
worldpop1|A|http0,1,native-cog,support,1,0,0,0,4.715460818260908e-06,2.5252466276837446e-11,1e-08,1,A,worldpop1,-4.715460818260908e-06,-4.715460818260908e-06,worldpop1-A-1-http0-native-cog,worldpop1-A-1-http0-natural-ee,1,natural-ee,0,http0,1e-10,0,4106cb6579db991a,186732.6845008813,4106cb6579de1200,186732.68450559676,1.8683268450559678e-05,interior
worldpop1|A|http0,1,native-cog,mean,1,0,0,0,2.7114666067973303e-10,1.3924011662156981e-11,1e-08,1,A,worldpop1,2.7114666067973303e-10,2.7114666067973303e-10,worldpop1-A-1-http0-native-cog,worldpop1-A-1-http0-natural-ee,1,natural-ee,0,http0,1e-10,0,4033792b2698a25b,19.47331467844411,4033792b2697783a,19.47331467817296,1.1947331467817297e-08,interior
worldpop1|A|http0,1,native-cog,min,1,0,0,0,0.0,0.0,1e-08,0,A,worldpop1,0.0,0.0,worldpop1-A-1-http0-native-cog,worldpop1-A-1-http0-natural-ee,1,natural-ee,0,http0,1e-10,0,4004931840000000,2.5718235969543457,4004931840000000,2.5718235969543457,1.0257182359695435e-08,interior
worldpop1|A|http0,1,native-cog,max,1,0,0,0,0.0,0.0,1e-08,0,A,worldpop1,0.0,0.0,worldpop1-A-1-http0-native-cog,worldpop1-A-1-http0-natural-ee,1,natural-ee,0,http0,1e-10,0,40543516c0000000,80.82951354980469,40543516c0000000,80.82951354980469,1.808295135498047e-08,interior
worldpop1|A|http0,1,native-rsi64,sum,1,0,0,0,4.119332879781723e-05,1.1328350188514869e-11,1e-08,1,A,worldpop1,-4.119332879781723e-05,-4.119332879781723e-05,worldpop1-A-1-http0-native-rsi64,worldpop1-A-1-http0-natural-ee,1,natural-ee,0,http0,1e-10,0,414bbe2829bb8e96,3636304.3260362847,414bbe2829bce824,3636304.326077478,0.0003636404326077478,interior
worldpop1|A|http0,1,native-rsi64,support,1,0,0,0,4.715460818260908e-06,2.5252466276837446e-11,1e-08,1,A,worldpop1,-4.715460818260908e-06,-4.715460818260908e-06,worldpop1-A-1-http0-native-rsi64,worldpop1-A-1-http0-natural-ee,1,natural-ee,0,http0,1e-10,0,4106cb6579db991a,186732.6845008813,4106cb6579de1200,186732.68450559676,1.8683268450559678e-05,interior
worldpop1|A|http0,1,native-rsi64,mean,1,0,0,0,2.7114666067973303e-10,1.3924011662156981e-11,1e-08,1,A,worldpop1,2.7114666067973303e-10,2.7114666067973303e-10,worldpop1-A-1-http0-native-rsi64,worldpop1-A-1-http0-natural-ee,1,natural-ee,0,http0,1e-10,0,4033792b2698a25b,19.47331467844411,4033792b2697783a,19.47331467817296,1.1947331467817297e-08,interior
worldpop1|A|http0,1,native-rsi64,min,1,0,0,0,0.0,0.0,1e-08,0,A,worldpop1,0.0,0.0,worldpop1-A-1-http0-native-rsi64,worldpop1-A-1-http0-natural-ee,1,natural-ee,0,http0,1e-10,0,4004931840000000,2.5718235969543457,4004931840000000,2.5718235969543457,1.0257182359695435e-08,interior
worldpop1|A|http0,1,native-rsi64,max,1,0,0,0,0.0,0.0,1e-08,0,A,worldpop1,0.0,0.0,worldpop1-A-1-http0-native-rsi64,worldpop1-A-1-http0-natural-ee,1,natural-ee,0,http0,1e-10,0,40543516c0000000,80.82951354980469,40543516c0000000,80.82951354980469,1.808295135498047e-08,interior
worldpop1|A|http0,1,native-rsi256,sum,1,0,0,0,4.119332879781723e-05,1.1328350188514869e-11,1e-08,1,A,worldpop1,-4.119332879781723e-05,-4.119332879781723e-05,worldpop1-A-1-http0-native-rsi256,worldpop1-A-1-http0-natural-ee,1,natural-ee,0,http0,1e-10,0,414bbe2829bb8e96,3636304.3260362847,414bbe2829bce824,3636304.326077478,0.0003636404326077478,interior
worldpop1|A|http0,1,native-rsi256,support,1,0,0,0,4.715460818260908e-06,2.5252466276837446e-11,1e-08,1,A,worldpop1,-4.715460818260908e-06,-4.715460818260908e-06,worldpop1-A-1-http0-native-rsi256,worldpop1-A-1-http0-natural-ee,1,natural-ee,0,http0,1e-10,0,4106cb6579db991a,186732.6845008813,4106cb6579de1200,186732.68450559676,1.8683268450559678e-05,interior
worldpop1|A|http0,1,native-rsi256,mean,1,0,0,0,2.7114666067973303e-10,1.3924011662156981e-11,1e-08,1,A,worldpop1,2.7114666067973303e-10,2.7114666067973303e-10,worldpop1-A-1-http0-native-rsi256,worldpop1-A-1-http0-natural-ee,1,natural-ee,0,http0,1e-10,0,4033792b2698a25b,19.47331467844411,4033792b2697783a,19.47331467817296,1.1947331467817297e-08,interior
worldpop1|A|http0,1,native-rsi256,min,1,0,0,0,0.0,0.0,1e-08,0,A,worldpop1,0.0,0.0,worldpop1-A-1-http0-native-rsi256,worldpop1-A-1-http0-natural-ee,1,natural-ee,0,http0,1e-10,0,4004931840000000,2.5718235969543457,4004931840000000,2.5718235969543457,1.0257182359695435e-08,interior
worldpop1|A|http0,1,native-rsi256,max,1,0,0,0,0.0,0.0,1e-08,0,A,worldpop1,0.0,0.0,worldpop1-A-1-http0-native-rsi256,worldpop1-A-1-http0-natural-ee,1,natural-ee,0,http0,1e-10,0,40543516c0000000,80.82951354980469,40543516c0000000,80.82951354980469,1.808295135498047e-08,interior
worldpop1|A|http0,1,native-skv-raw,sum,1,0,0,0,4.119332879781723e-05,1.1328350188514869e-11,1e-08,1,A,worldpop1,-4.119332879781723e-05,-4.119332879781723e-05,worldpop1-A-1-http0-native-skv-raw,worldpop1-A-1-http0-natural-ee,1,natural-ee,0,http0,1e-10,0,414bbe2829bb8e96,3636304.3260362847,414bbe2829bce824,3636304.326077478,0.0003636404326077478,interior
worldpop1|A|http0,1,native-skv-raw,support,1,0,0,0,4.715460818260908e-06,2.5252466276837446e-11,1e-08,1,A,worldpop1,-4.715460818260908e-06,-4.715460818260908e-06,worldpop1-A-1-http0-native-skv-raw,worldpop1-A-1-http0-natural-ee,1,natural-ee,0,http0,1e-10,0,4106cb6579db991a,186732.6845008813,4106cb6579de1200,186732.68450559676,1.8683268450559678e-05,interior
worldpop1|A|http0,1,native-skv-raw,mean,1,0,0,0,2.7114666067973303e-10,1.3924011662156981e-11,1e-08,1,A,worldpop1,2.7114666067973303e-10,2.7114666067973303e-10,worldpop1-A-1-http0-native-skv-raw,worldpop1-A-1-http0-natural-ee,1,natural-ee,0,http0,1e-10,0,4033792b2698a25b,19.47331467844411,4033792b2697783a,19.47331467817296,1.1947331467817297e-08,interior
worldpop1|A|http0,1,native-skv-raw,min,1,0,0,0,0.0,0.0,1e-08,0,A,worldpop1,0.0,0.0,worldpop1-A-1-http0-native-skv-raw,worldpop1-A-1-http0-natural-ee,1,natural-ee,0,http0,1e-10,0,4004931840000000,2.5718235969543457,4004931840000000,2.5718235969543457,1.0257182359695435e-08,interior
worldpop1|A|http0,1,native-skv-raw,max,1,0,0,0,0.0,0.0,1e-08,0,A,worldpop1,0.0,0.0,worldpop1-A-1-http0-native-skv-raw,worldpop1-A-1-http0-natural-ee,1,natural-ee,0,http0,1e-10,0,40543516c0000000,80.82951354980469,40543516c0000000,80.82951354980469,1.808295135498047e-08,interior
worldpop1|A|http0,1,native-skv-summary,sum,1,0,0,0,4.119332879781723e-05,1.1328350188514869e-11,1e-08,1,A,worldpop1,-4.119332879781723e-05,-4.119332879781723e-05,worldpop1-A-1-http0-native-skv-summary,worldpop1-A-1-http0-natural-ee,1,natural-ee,0,http0,1e-10,0,414bbe2829bb8e96,3636304.3260362847,414bbe2829bce824,3636304.326077478,0.0003636404326077478,interior
worldpop1|A|http0,1,native-skv-summary,support,1,0,0,0,4.715460818260908e-06,2.5252466276837446e-11,1e-08,1,A,worldpop1,-4.715460818260908e-06,-4.715460818260908e-06,worldpop1-A-1-http0-native-skv-summary,worldpop1-A-1-http0-natural-ee,1,natural-ee,0,http0,1e-10,0,4106cb6579db991a,186732.6845008813,4106cb6579de1200,186732.68450559676,1.8683268450559678e-05,interior
worldpop1|A|http0,1,native-skv-summary,mean,1,0,0,0,2.7114666067973303e-10,1.3924011662156981e-11,1e-08,1,A,worldpop1,2.7114666067973303e-10,2.7114666067973303e-10,worldpop1-A-1-http0-native-skv-summary,worldpop1-A-1-http0-natural-ee,1,natural-ee,0,http0,1e-10,0,4033792b2698a25b,19.47331467844411,4033792b2697783a,19.47331467817296,1.1947331467817297e-08,interior
worldpop1|A|http0,1,native-skv-summary,min,1,0,0,0,0.0,0.0,1e-08,0,A,worldpop1,0.0,0.0,worldpop1-A-1-http0-native-skv-summary,worldpop1-A-1-http0-natural-ee,1,natural-ee,0,http0,1e-10,0,4004931840000000,2.5718235969543457,4004931840000000,2.5718235969543457,1.0257182359695435e-08,interior
worldpop1|A|http0,1,native-skv-summary,max,1,0,0,0,0.0,0.0,1e-08,0,A,worldpop1,0.0,0.0,worldpop1-A-1-http0-native-skv-summary,worldpop1-A-1-http0-natural-ee,1,natural-ee,0,http0,1e-10,0,40543516c0000000,80.82951354980469,40543516c0000000,80.82951354980469,1.808295135498047e-08,interior
worldpop1|A|http0,2,native-tiff,sum,1,0,0,0,5.401112139225006e-05,1.4829563839808535e-11,1e-08,1,A,worldpop1,-5.401112139225006e-05,-5.401112139225006e-05,worldpop1-A-2-http0-native-tiff,worldpop1-A-2-http0-natural-ee,1,natural-ee,0,http0,1e-10,0,414bc9865f2055a0,3642124.74317427,414bc9865f221ab4,3642124.743228281,0.0003642224743228281,interior
worldpop1|A|http0,2,native-tiff,support,1,0,0,0,7.357331924140453e-06,3.92307261168581e-11,1e-08,1,A,worldpop1,-7.357331924140453e-06,-7.357331924140453e-06,worldpop1-A-2-http0-native-tiff,worldpop1-A-2-http0-natural-ee,1,natural-ee,0,http0,1e-10,0,4106e4a050ce6c84,187540.03945622232,4106e4a050d24800,187540.03946357965,1.876400394635797e-05,interior
worldpop1|A|http0,2,native-tiff,mean,1,0,0,0,4.738858194741624e-10,2.4401296372578652e-11,1e-08,1,A,worldpop1,4.738858194741624e-10,4.738858194741624e-10,worldpop1-A-2-http0-native-tiff,worldpop1-A-2-http0-natural-ee,1,natural-ee,0,http0,1e-10,0,40336ba7141bc592,19.42051816633245,40336ba71419bc87,19.420518165858564,1.1942051816585857e-08,interior
worldpop1|A|http0,2,native-tiff,min,1,0,0,0,0.0,0.0,1e-08,0,A,worldpop1,0.0,0.0,worldpop1-A-2-http0-native-tiff,worldpop1-A-2-http0-natural-ee,1,natural-ee,0,http0,1e-10,0,4004931840000000,2.5718235969543457,4004931840000000,2.5718235969543457,1.0257182359695435e-08,interior
worldpop1|A|http0,2,native-tiff,max,1,0,0,0,0.0,0.0,1e-08,0,A,worldpop1,0.0,0.0,worldpop1-A-2-http0-native-tiff,worldpop1-A-2-http0-natural-ee,1,natural-ee,0,http0,1e-10,0,40543516c0000000,80.82951354980469,40543516c0000000,80.82951354980469,1.808295135498047e-08,interior
worldpop1|A|http0,2,native-cog,sum,1,0,0,0,5.401112139225006e-05,1.4829563839808535e-11,1e-08,1,A,worldpop1,-5.401112139225006e-05,-5.401112139225006e-05,worldpop1-A-2-http0-native-cog,worldpop1-A-2-http0-natural-ee,1,natural-ee,0,http0,1e-10,0,414bc9865f2055a0,3642124.74317427,414bc9865f221ab4,3642124.743228281,0.0003642224743228281,interior
worldpop1|A|http0,2,native-cog,support,1,0,0,0,7.357331924140453e-06,3.92307261168581e-11,1e-08,1,A,worldpop1,-7.357331924140453e-06,-7.357331924140453e-06,worldpop1-A-2-http0-native-cog,worldpop1-A-2-http0-natural-ee,1,natural-ee,0,http0,1e-10,0,4106e4a050ce6c84,187540.03945622232,4106e4a050d24800,187540.03946357965,1.876400394635797e-05,interior
worldpop1|A|http0,2,native-cog,mean,1,0,0,0,4.738858194741624e-10,2.4401296372578652e-11,1e-08,1,A,worldpop1,4.738858194741624e-10,4.738858194741624e-10,worldpop1-A-2-http0-native-cog,worldpop1-A-2-http0-natural-ee,1,natural-ee,0,http0,1e-10,0,40336ba7141bc592,19.42051816633245,40336ba71419bc87,19.420518165858564,1.1942051816585857e-08,interior
worldpop1|A|http0,2,native-cog,min,1,0,0,0,0.0,0.0,1e-08,0,A,worldpop1,0.0,0.0,worldpop1-A-2-http0-native-cog,worldpop1-A-2-http0-natural-ee,1,natural-ee,0,http0,1e-10,0,4004931840000000,2.5718235969543457,4004931840000000,2.5718235969543457,1.0257182359695435e-08,interior
worldpop1|A|http0,2,native-cog,max,1,0,0,0,0.0,0.0,1e-08,0,A,worldpop1,0.0,0.0,worldpop1-A-2-http0-native-cog,worldpop1-A-2-http0-natural-ee,1,natural-ee,0,http0,1e-10,0,40543516c0000000,80.82951354980469,40543516c0000000,80.82951354980469,1.808295135498047e-08,interior
worldpop1|A|http0,2,native-rsi64,sum,1,0,0,0,5.401112139225006e-05,1.4829563839808535e-11,1e-08,1,A,worldpop1,-5.401112139225006e-05,-5.401112139225006e-05,worldpop1-A-2-http0-native-rsi64,worldpop1-A-2-http0-natural-ee,1,natural-ee,0,http0,1e-10,0,414bc9865f2055a0,3642124.74317427,414bc9865f221ab4,3642124.743228281,0.0003642224743228281,interior
worldpop1|A|http0,2,native-rsi64,support,1,0,0,0,7.357331924140453e-06,3.92307261168581e-11,1e-08,1,A,worldpop1,-7.357331924140453e-06,-7.357331924140453e-06,worldpop1-A-2-http0-native-rsi64,worldpop1-A-2-http0-natural-ee,1,natural-ee,0,http0,1e-10,0,4106e4a050ce6c84,187540.03945622232,4106e4a050d24800,187540.03946357965,1.876400394635797e-05,interior
worldpop1|A|http0,2,native-rsi64,mean,1,0,0,0,4.738858194741624e-10,2.4401296372578652e-11,1e-08,1,A,worldpop1,4.738858194741624e-10,4.738858194741624e-10,worldpop1-A-2-http0-native-rsi64,worldpop1-A-2-http0-natural-ee,1,natural-ee,0,http0,1e-10,0,40336ba7141bc592,19.42051816633245,40336ba71419bc87,19.420518165858564,1.1942051816585857e-08,interior
worldpop1|A|http0,2,native-rsi64,min,1,0,0,0,0.0,0.0,1e-08,0,A,worldpop1,0.0,0.0,worldpop1-A-2-http0-native-rsi64,worldpop1-A-2-http0-natural-ee,1,natural-ee,0,http0,1e-10,0,4004931840000000,2.5718235969543457,4004931840000000,2.5718235969543457,1.0257182359695435e-08,interior
worldpop1|A|http0,2,native-rsi64,max,1,0,0,0,0.0,0.0,1e-08,0,A,worldpop1,0.0,0.0,worldpop1-A-2-http0-native-rsi64,worldpop1-A-2-http0-natural-ee,1,natural-ee,0,http0,1e-10,0,40543516c0000000,80.82951354980469,40543516c0000000,80.82951354980469,1.808295135498047e-08,interior
worldpop1|A|http0,2,native-rsi256,sum,1,0,0,0,5.401112139225006e-05,1.4829563839808535e-11,1e-08,1,A,worldpop1,-5.401112139225006e-05,-5.401112139225006e-05,worldpop1-A-2-http0-native-rsi256,worldpop1-A-2-http0-natural-ee,1,natural-ee,0,http0,1e-10,0,414bc9865f2055a0,3642124.74317427,414bc9865f221ab4,3642124.743228281,0.0003642224743228281,interior
worldpop1|A|http0,2,native-rsi256,support,1,0,0,0,7.357331924140453e-06,3.92307261168581e-11,1e-08,1,A,worldpop1,-7.357331924140453e-06,-7.357331924140453e-06,worldpop1-A-2-http0-native-rsi256,worldpop1-A-2-http0-natural-ee,1,natural-ee,0,http0,1e-10,0,4106e4a050ce6c84,187540.03945622232,4106e4a050d24800,187540.03946357965,1.876400394635797e-05,interior
worldpop1|A|http0,2,native-rsi256,mean,1,0,0,0,4.738858194741624e-10,2.4401296372578652e-11,1e-08,1,A,worldpop1,4.738858194741624e-10,4.738858194741624e-10,worldpop1-A-2-http0-native-rsi256,worldpop1-A-2-http0-natural-ee,1,natural-ee,0,http0,1e-10,0,40336ba7141bc592,19.42051816633245,40336ba71419bc87,19.420518165858564,1.1942051816585857e-08,interior
worldpop1|A|http0,2,native-rsi256,min,1,0,0,0,0.0,0.0,1e-08,0,A,worldpop1,0.0,0.0,worldpop1-A-2-http0-native-rsi256,worldpop1-A-2-http0-natural-ee,1,natural-ee,0,http0,1e-10,0,4004931840000000,2.5718235969543457,4004931840000000,2.5718235969543457,1.0257182359695435e-08,interior
worldpop1|A|http0,2,native-rsi256,max,1,0,0,0,0.0,0.0,1e-08,0,A,worldpop1,0.0,0.0,worldpop1-A-2-http0-native-rsi256,worldpop1-A-2-http0-natural-ee,1,natural-ee,0,http0,1e-10,0,40543516c0000000,80.82951354980469,40543516c0000000,80.82951354980469,1.808295135498047e-08,interior
worldpop1|A|http0,2,native-skv-raw,sum,1,0,0,0,5.401112139225006e-05,1.4829563839808535e-11,1e-08,1,A,worldpop1,-5.401112139225006e-05,-5.401112139225006e-05,worldpop1-A-2-http0-native-skv-raw,worldpop1-A-2-http0-natural-ee,1,natural-ee,0,http0,1e-10,0,414bc9865f2055a0,3642124.74317427,414bc9865f221ab4,3642124.743228281,0.0003642224743228281,interior
worldpop1|A|http0,2,native-skv-raw,support,1,0,0,0,7.357331924140453e-06,3.92307261168581e-11,1e-08,1,A,worldpop1,-7.357331924140453e-06,-7.357331924140453e-06,worldpop1-A-2-http0-native-skv-raw,worldpop1-A-2-http0-natural-ee,1,natural-ee,0,http0,1e-10,0,4106e4a050ce6c84,187540.03945622232,4106e4a050d24800,187540.03946357965,1.876400394635797e-05,interior
worldpop1|A|http0,2,native-skv-raw,mean,1,0,0,0,4.738858194741624e-10,2.4401296372578652e-11,1e-08,1,A,worldpop1,4.738858194741624e-10,4.738858194741624e-10,worldpop1-A-2-http0-native-skv-raw,worldpop1-A-2-http0-natural-ee,1,natural-ee,0,http0,1e-10,0,40336ba7141bc592,19.42051816633245,40336ba71419bc87,19.420518165858564,1.1942051816585857e-08,interior
worldpop1|A|http0,2,native-skv-raw,min,1,0,0,0,0.0,0.0,1e-08,0,A,worldpop1,0.0,0.0,worldpop1-A-2-http0-native-skv-raw,worldpop1-A-2-http0-natural-ee,1,natural-ee,0,http0,1e-10,0,4004931840000000,2.5718235969543457,4004931840000000,2.5718235969543457,1.0257182359695435e-08,interior
worldpop1|A|http0,2,native-skv-raw,max,1,0,0,0,0.0,0.0,1e-08,0,A,worldpop1,0.0,0.0,worldpop1-A-2-http0-native-skv-raw,worldpop1-A-2-http0-natural-ee,1,natural-ee,0,http0,1e-10,0,40543516c0000000,80.82951354980469,40543516c0000000,80.82951354980469,1.808295135498047e-08,interior
worldpop1|A|http0,2,native-skv-summary,sum,1,0,0,0,5.401112139225006e-05,1.4829563839808535e-11,1e-08,1,A,worldpop1,-5.401112139225006e-05,-5.401112139225006e-05,worldpop1-A-2-http0-native-skv-summary,worldpop1-A-2-http0-natural-ee,1,natural-ee,0,http0,1e-10,0,414bc9865f2055a0,3642124.74317427,414bc9865f221ab4,3642124.743228281,0.0003642224743228281,interior
worldpop1|A|http0,2,native-skv-summary,support,1,0,0,0,7.357331924140453e-06,3.92307261168581e-11,1e-08,1,A,worldpop1,-7.357331924140453e-06,-7.357331924140453e-06,worldpop1-A-2-http0-native-skv-summary,worldpop1-A-2-http0-natural-ee,1,natural-ee,0,http0,1e-10,0,4106e4a050ce6c84,187540.03945622232,4106e4a050d24800,187540.03946357965,1.876400394635797e-05,interior
worldpop1|A|http0,2,native-skv-summary,mean,1,0,0,0,4.738858194741624e-10,2.4401296372578652e-11,1e-08,1,A,worldpop1,4.738858194741624e-10,4.738858194741624e-10,worldpop1-A-2-http0-native-skv-summary,worldpop1-A-2-http0-natural-ee,1,natural-ee,0,http0,1e-10,0,40336ba7141bc592,19.42051816633245,40336ba71419bc87,19.420518165858564,1.1942051816585857e-08,interior
worldpop1|A|http0,2,native-skv-summary,min,1,0,0,0,0.0,0.0,1e-08,0,A,worldpop1,0.0,0.0,worldpop1-A-2-http0-native-skv-summary,worldpop1-A-2-http0-natural-ee,1,natural-ee,0,http0,1e-10,0,4004931840000000,2.5718235969543457,4004931840000000,2.5718235969543457,1.0257182359695435e-08,interior
worldpop1|A|http0,2,native-skv-summary,max,1,0,0,0,0.0,0.0,1e-08,0,A,worldpop1,0.0,0.0,worldpop1-A-2-http0-native-skv-summary,worldpop1-A-2-http0-natural-ee,1,natural-ee,0,http0,1e-10,0,40543516c0000000,80.82951354980469,40543516c0000000,80.82951354980469,1.808295135498047e-08,interior
worldpop1|A|local,0,native-tiff,sum,1,0,0,0,7.269810885190964e-05,2.0019831213524886e-11,1e-08,1,A,worldpop1,7.269810885190964e-05,7.269810885190964e-05,worldpop1-A-0-local-native-tiff,worldpop1-A-0-local-natural-ee,1,natural-ee,0,local,1e-10,0,414bb464644e5bfa,3631304.7836413356,414bb464644bfa24,3631304.7835686374,0.00036314047835686375,interior
worldpop1|A|local,0,native-tiff,support,1,0,0,0,9.761861292645335e-06,5.2465047305776165e-11,1e-08,1,A,worldpop1,9.761861292645335e-06,9.761861292645335e-06,worldpop1-A-0-local-native-tiff,worldpop1-A-0-local-natural-ee,1,natural-ee,0,local,1e-10,0,4106b680b8afde37,186064.09017919164,4106b680b8aac000,186064.09016942978,1.861640901694298e-05,interior
worldpop1|A|local,0,native-tiff,mean,1,0,0,0,6.332143698273285e-10,3.244521256856482e-11,1e-08,1,A,worldpop1,-6.332143698273285e-10,-6.332143698273285e-10,worldpop1-A-0-local-native-tiff,worldpop1-A-0-local-natural-ee,1,natural-ee,0,local,1e-10,0,403384340c9cd40b,19.51641920880142,403384340c9f8c45,19.516419209434634,1.1951641920943464e-08,interior
worldpop1|A|local,0,native-tiff,min,1,0,0,0,0.0,0.0,1e-08,0,A,worldpop1,0.0,0.0,worldpop1-A-0-local-native-tiff,worldpop1-A-0-local-natural-ee,1,natural-ee,0,local,1e-10,0,4004931840000000,2.5718235969543457,4004931840000000,2.5718235969543457,1.0257182359695435e-08,interior
worldpop1|A|local,0,native-tiff,max,1,0,0,0,0.0,0.0,1e-08,0,A,worldpop1,0.0,0.0,worldpop1-A-0-local-native-tiff,worldpop1-A-0-local-natural-ee,1,natural-ee,0,local,1e-10,0,40543516c0000000,80.82951354980469,40543516c0000000,80.82951354980469,1.808295135498047e-08,interior
worldpop1|A|local,0,native-cog,sum,1,0,0,0,7.269810885190964e-05,2.0019831213524886e-11,1e-08,1,A,worldpop1,7.269810885190964e-05,7.269810885190964e-05,worldpop1-A-0-local-native-cog,worldpop1-A-0-local-natural-ee,1,natural-ee,0,local,1e-10,0,414bb464644e5bfa,3631304.7836413356,414bb464644bfa24,3631304.7835686374,0.00036314047835686375,interior
worldpop1|A|local,0,native-cog,support,1,0,0,0,9.761861292645335e-06,5.2465047305776165e-11,1e-08,1,A,worldpop1,9.761861292645335e-06,9.761861292645335e-06,worldpop1-A-0-local-native-cog,worldpop1-A-0-local-natural-ee,1,natural-ee,0,local,1e-10,0,4106b680b8afde37,186064.09017919164,4106b680b8aac000,186064.09016942978,1.861640901694298e-05,interior
worldpop1|A|local,0,native-cog,mean,1,0,0,0,6.332143698273285e-10,3.244521256856482e-11,1e-08,1,A,worldpop1,-6.332143698273285e-10,-6.332143698273285e-10,worldpop1-A-0-local-native-cog,worldpop1-A-0-local-natural-ee,1,natural-ee,0,local,1e-10,0,403384340c9cd40b,19.51641920880142,403384340c9f8c45,19.516419209434634,1.1951641920943464e-08,interior
worldpop1|A|local,0,native-cog,min,1,0,0,0,0.0,0.0,1e-08,0,A,worldpop1,0.0,0.0,worldpop1-A-0-local-native-cog,worldpop1-A-0-local-natural-ee,1,natural-ee,0,local,1e-10,0,4004931840000000,2.5718235969543457,4004931840000000,2.5718235969543457,1.0257182359695435e-08,interior
worldpop1|A|local,0,native-cog,max,1,0,0,0,0.0,0.0,1e-08,0,A,worldpop1,0.0,0.0,worldpop1-A-0-local-native-cog,worldpop1-A-0-local-natural-ee,1,natural-ee,0,local,1e-10,0,40543516c0000000,80.82951354980469,40543516c0000000,80.82951354980469,1.808295135498047e-08,interior
worldpop1|A|local,0,native-rsi64,sum,1,0,0,0,7.269810885190964e-05,2.0019831213524886e-11,1e-08,1,A,worldpop1,7.269810885190964e-05,7.269810885190964e-05,worldpop1-A-0-local-native-rsi64,worldpop1-A-0-local-natural-ee,1,natural-ee,0,local,1e-10,0,414bb464644e5bfa,3631304.7836413356,414bb464644bfa24,3631304.7835686374,0.00036314047835686375,interior
worldpop1|A|local,0,native-rsi64,support,1,0,0,0,9.761861292645335e-06,5.2465047305776165e-11,1e-08,1,A,worldpop1,9.761861292645335e-06,9.761861292645335e-06,worldpop1-A-0-local-native-rsi64,worldpop1-A-0-local-natural-ee,1,natural-ee,0,local,1e-10,0,4106b680b8afde37,186064.09017919164,4106b680b8aac000,186064.09016942978,1.861640901694298e-05,interior
worldpop1|A|local,0,native-rsi64,mean,1,0,0,0,6.332143698273285e-10,3.244521256856482e-11,1e-08,1,A,worldpop1,-6.332143698273285e-10,-6.332143698273285e-10,worldpop1-A-0-local-native-rsi64,worldpop1-A-0-local-natural-ee,1,natural-ee,0,local,1e-10,0,403384340c9cd40b,19.51641920880142,403384340c9f8c45,19.516419209434634,1.1951641920943464e-08,interior
worldpop1|A|local,0,native-rsi64,min,1,0,0,0,0.0,0.0,1e-08,0,A,worldpop1,0.0,0.0,worldpop1-A-0-local-native-rsi64,worldpop1-A-0-local-natural-ee,1,natural-ee,0,local,1e-10,0,4004931840000000,2.5718235969543457,4004931840000000,2.5718235969543457,1.0257182359695435e-08,interior
worldpop1|A|local,0,native-rsi64,max,1,0,0,0,0.0,0.0,1e-08,0,A,worldpop1,0.0,0.0,worldpop1-A-0-local-native-rsi64,worldpop1-A-0-local-natural-ee,1,natural-ee,0,local,1e-10,0,40543516c0000000,80.82951354980469,40543516c0000000,80.82951354980469,1.808295135498047e-08,interior
worldpop1|A|local,0,native-rsi256,sum,1,0,0,0,7.269810885190964e-05,2.0019831213524886e-11,1e-08,1,A,worldpop1,7.269810885190964e-05,7.269810885190964e-05,worldpop1-A-0-local-native-rsi256,worldpop1-A-0-local-natural-ee,1,natural-ee,0,local,1e-10,0,414bb464644e5bfa,3631304.7836413356,414bb464644bfa24,3631304.7835686374,0.00036314047835686375,interior
worldpop1|A|local,0,native-rsi256,support,1,0,0,0,9.761861292645335e-06,5.2465047305776165e-11,1e-08,1,A,worldpop1,9.761861292645335e-06,9.761861292645335e-06,worldpop1-A-0-local-native-rsi256,worldpop1-A-0-local-natural-ee,1,natural-ee,0,local,1e-10,0,4106b680b8afde37,186064.09017919164,4106b680b8aac000,186064.09016942978,1.861640901694298e-05,interior
worldpop1|A|local,0,native-rsi256,mean,1,0,0,0,6.332143698273285e-10,3.244521256856482e-11,1e-08,1,A,worldpop1,-6.332143698273285e-10,-6.332143698273285e-10,worldpop1-A-0-local-native-rsi256,worldpop1-A-0-local-natural-ee,1,natural-ee,0,local,1e-10,0,403384340c9cd40b,19.51641920880142,403384340c9f8c45,19.516419209434634,1.1951641920943464e-08,interior
worldpop1|A|local,0,native-rsi256,min,1,0,0,0,0.0,0.0,1e-08,0,A,worldpop1,0.0,0.0,worldpop1-A-0-local-native-rsi256,worldpop1-A-0-local-natural-ee,1,natural-ee,0,local,1e-10,0,4004931840000000,2.5718235969543457,4004931840000000,2.5718235969543457,1.0257182359695435e-08,interior
worldpop1|A|local,0,native-rsi256,max,1,0,0,0,0.0,0.0,1e-08,0,A,worldpop1,0.0,0.0,worldpop1-A-0-local-native-rsi256,worldpop1-A-0-local-natural-ee,1,natural-ee,0,local,1e-10,0,40543516c0000000,80.82951354980469,40543516c0000000,80.82951354980469,1.808295135498047e-08,interior
worldpop1|A|local,0,native-skv-raw,sum,1,0,0,0,7.269810885190964e-05,2.0019831213524886e-11,1e-08,1,A,worldpop1,7.269810885190964e-05,7.269810885190964e-05,worldpop1-A-0-local-native-skv-raw,worldpop1-A-0-local-natural-ee,1,natural-ee,0,local,1e-10,0,414bb464644e5bfa,3631304.7836413356,414bb464644bfa24,3631304.7835686374,0.00036314047835686375,interior
worldpop1|A|local,0,native-skv-raw,support,1,0,0,0,9.761861292645335e-06,5.2465047305776165e-11,1e-08,1,A,worldpop1,9.761861292645335e-06,9.761861292645335e-06,worldpop1-A-0-local-native-skv-raw,worldpop1-A-0-local-natural-ee,1,natural-ee,0,local,1e-10,0,4106b680b8afde37,186064.09017919164,4106b680b8aac000,186064.09016942978,1.861640901694298e-05,interior
worldpop1|A|local,0,native-skv-raw,mean,1,0,0,0,6.332143698273285e-10,3.244521256856482e-11,1e-08,1,A,worldpop1,-6.332143698273285e-10,-6.332143698273285e-10,worldpop1-A-0-local-native-skv-raw,worldpop1-A-0-local-natural-ee,1,natural-ee,0,local,1e-10,0,403384340c9cd40b,19.51641920880142,403384340c9f8c45,19.516419209434634,1.1951641920943464e-08,interior
worldpop1|A|local,0,native-skv-raw,min,1,0,0,0,0.0,0.0,1e-08,0,A,worldpop1,0.0,0.0,worldpop1-A-0-local-native-skv-raw,worldpop1-A-0-local-natural-ee,1,natural-ee,0,local,1e-10,0,4004931840000000,2.5718235969543457,4004931840000000,2.5718235969543457,1.0257182359695435e-08,interior
worldpop1|A|local,0,native-skv-raw,max,1,0,0,0,0.0,0.0,1e-08,0,A,worldpop1,0.0,0.0,worldpop1-A-0-local-native-skv-raw,worldpop1-A-0-local-natural-ee,1,natural-ee,0,local,1e-10,0,40543516c0000000,80.82951354980469,40543516c0000000,80.82951354980469,1.808295135498047e-08,interior
worldpop1|A|local,0,native-skv-summary,sum,1,0,0,0,7.269810885190964e-05,2.0019831213524886e-11,1e-08,1,A,worldpop1,7.269810885190964e-05,7.269810885190964e-05,worldpop1-A-0-local-native-skv-summary,worldpop1-A-0-local-natural-ee,1,natural-ee,0,local,1e-10,0,414bb464644e5bfa,3631304.7836413356,414bb464644bfa24,3631304.7835686374,0.00036314047835686375,interior
worldpop1|A|local,0,native-skv-summary,support,1,0,0,0,9.761861292645335e-06,5.2465047305776165e-11,1e-08,1,A,worldpop1,9.761861292645335e-06,9.761861292645335e-06,worldpop1-A-0-local-native-skv-summary,worldpop1-A-0-local-natural-ee,1,natural-ee,0,local,1e-10,0,4106b680b8afde37,186064.09017919164,4106b680b8aac000,186064.09016942978,1.861640901694298e-05,interior
worldpop1|A|local,0,native-skv-summary,mean,1,0,0,0,6.332143698273285e-10,3.244521256856482e-11,1e-08,1,A,worldpop1,-6.332143698273285e-10,-6.332143698273285e-10,worldpop1-A-0-local-native-skv-summary,worldpop1-A-0-local-natural-ee,1,natural-ee,0,local,1e-10,0,403384340c9cd40b,19.51641920880142,403384340c9f8c45,19.516419209434634,1.1951641920943464e-08,interior
worldpop1|A|local,0,native-skv-summary,min,1,0,0,0,0.0,0.0,1e-08,0,A,worldpop1,0.0,0.0,worldpop1-A-0-local-native-skv-summary,worldpop1-A-0-local-natural-ee,1,natural-ee,0,local,1e-10,0,4004931840000000,2.5718235969543457,4004931840000000,2.5718235969543457,1.0257182359695435e-08,interior
worldpop1|A|local,0,native-skv-summary,max,1,0,0,0,0.0,0.0,1e-08,0,A,worldpop1,0.0,0.0,worldpop1-A-0-local-native-skv-summary,worldpop1-A-0-local-natural-ee,1,natural-ee,0,local,1e-10,0,40543516c0000000,80.82951354980469,40543516c0000000,80.82951354980469,1.808295135498047e-08,interior
worldpop1|A|local,1,native-tiff,sum,1,0,0,0,4.119332879781723e-05,1.1328350188514869e-11,1e-08,1,A,worldpop1,-4.119332879781723e-05,-4.119332879781723e-05,worldpop1-A-1-local-native-tiff,worldpop1-A-1-local-natural-ee,1,natural-ee,0,local,1e-10,0,414bbe2829bb8e96,3636304.3260362847,414bbe2829bce824,3636304.326077478,0.0003636404326077478,interior
worldpop1|A|local,1,native-tiff,support,1,0,0,0,4.715460818260908e-06,2.5252466276837446e-11,1e-08,1,A,worldpop1,-4.715460818260908e-06,-4.715460818260908e-06,worldpop1-A-1-local-native-tiff,worldpop1-A-1-local-natural-ee,1,natural-ee,0,local,1e-10,0,4106cb6579db991a,186732.6845008813,4106cb6579de1200,186732.68450559676,1.8683268450559678e-05,interior
worldpop1|A|local,1,native-tiff,mean,1,0,0,0,2.7114666067973303e-10,1.3924011662156981e-11,1e-08,1,A,worldpop1,2.7114666067973303e-10,2.7114666067973303e-10,worldpop1-A-1-local-native-tiff,worldpop1-A-1-local-natural-ee,1,natural-ee,0,local,1e-10,0,4033792b2698a25b,19.47331467844411,4033792b2697783a,19.47331467817296,1.1947331467817297e-08,interior
worldpop1|A|local,1,native-tiff,min,1,0,0,0,0.0,0.0,1e-08,0,A,worldpop1,0.0,0.0,worldpop1-A-1-local-native-tiff,worldpop1-A-1-local-natural-ee,1,natural-ee,0,local,1e-10,0,4004931840000000,2.5718235969543457,4004931840000000,2.5718235969543457,1.0257182359695435e-08,interior
worldpop1|A|local,1,native-tiff,max,1,0,0,0,0.0,0.0,1e-08,0,A,worldpop1,0.0,0.0,worldpop1-A-1-local-native-tiff,worldpop1-A-1-local-natural-ee,1,natural-ee,0,local,1e-10,0,40543516c0000000,80.82951354980469,40543516c0000000,80.82951354980469,1.808295135498047e-08,interior
worldpop1|A|local,1,native-cog,sum,1,0,0,0,4.119332879781723e-05,1.1328350188514869e-11,1e-08,1,A,worldpop1,-4.119332879781723e-05,-4.119332879781723e-05,worldpop1-A-1-local-native-cog,worldpop1-A-1-local-natural-ee,1,natural-ee,0,local,1e-10,0,414bbe2829bb8e96,3636304.3260362847,414bbe2829bce824,3636304.326077478,0.0003636404326077478,interior
worldpop1|A|local,1,native-cog,support,1,0,0,0,4.715460818260908e-06,2.5252466276837446e-11,1e-08,1,A,worldpop1,-4.715460818260908e-06,-4.715460818260908e-06,worldpop1-A-1-local-native-cog,worldpop1-A-1-local-natural-ee,1,natural-ee,0,local,1e-10,0,4106cb6579db991a,186732.6845008813,4106cb6579de1200,186732.68450559676,1.8683268450559678e-05,interior
worldpop1|A|local,1,native-cog,mean,1,0,0,0,2.7114666067973303e-10,1.3924011662156981e-11,1e-08,1,A,worldpop1,2.7114666067973303e-10,2.7114666067973303e-10,worldpop1-A-1-local-native-cog,worldpop1-A-1-local-natural-ee,1,natural-ee,0,local,1e-10,0,4033792b2698a25b,19.47331467844411,4033792b2697783a,19.47331467817296,1.1947331467817297e-08,interior
worldpop1|A|local,1,native-cog,min,1,0,0,0,0.0,0.0,1e-08,0,A,worldpop1,0.0,0.0,worldpop1-A-1-local-native-cog,worldpop1-A-1-local-natural-ee,1,natural-ee,0,local,1e-10,0,4004931840000000,2.5718235969543457,4004931840000000,2.5718235969543457,1.0257182359695435e-08,interior
worldpop1|A|local,1,native-cog,max,1,0,0,0,0.0,0.0,1e-08,0,A,worldpop1,0.0,0.0,worldpop1-A-1-local-native-cog,worldpop1-A-1-local-natural-ee,1,natural-ee,0,local,1e-10,0,40543516c0000000,80.82951354980469,40543516c0000000,80.82951354980469,1.808295135498047e-08,interior
worldpop1|A|local,1,native-rsi64,sum,1,0,0,0,4.119332879781723e-05,1.1328350188514869e-11,1e-08,1,A,worldpop1,-4.119332879781723e-05,-4.119332879781723e-05,worldpop1-A-1-local-native-rsi64,worldpop1-A-1-local-natural-ee,1,natural-ee,0,local,1e-10,0,414bbe2829bb8e96,3636304.3260362847,414bbe2829bce824,3636304.326077478,0.0003636404326077478,interior
worldpop1|A|local,1,native-rsi64,support,1,0,0,0,4.715460818260908e-06,2.5252466276837446e-11,1e-08,1,A,worldpop1,-4.715460818260908e-06,-4.715460818260908e-06,worldpop1-A-1-local-native-rsi64,worldpop1-A-1-local-natural-ee,1,natural-ee,0,local,1e-10,0,4106cb6579db991a,186732.6845008813,4106cb6579de1200,186732.68450559676,1.8683268450559678e-05,interior
worldpop1|A|local,1,native-rsi64,mean,1,0,0,0,2.7114666067973303e-10,1.3924011662156981e-11,1e-08,1,A,worldpop1,2.7114666067973303e-10,2.7114666067973303e-10,worldpop1-A-1-local-native-rsi64,worldpop1-A-1-local-natural-ee,1,natural-ee,0,local,1e-10,0,4033792b2698a25b,19.47331467844411,4033792b2697783a,19.47331467817296,1.1947331467817297e-08,interior
worldpop1|A|local,1,native-rsi64,min,1,0,0,0,0.0,0.0,1e-08,0,A,worldpop1,0.0,0.0,worldpop1-A-1-local-native-rsi64,worldpop1-A-1-local-natural-ee,1,natural-ee,0,local,1e-10,0,4004931840000000,2.5718235969543457,4004931840000000,2.5718235969543457,1.0257182359695435e-08,interior
worldpop1|A|local,1,native-rsi64,max,1,0,0,0,0.0,0.0,1e-08,0,A,worldpop1,0.0,0.0,worldpop1-A-1-local-native-rsi64,worldpop1-A-1-local-natural-ee,1,natural-ee,0,local,1e-10,0,40543516c0000000,80.82951354980469,40543516c0000000,80.82951354980469,1.808295135498047e-08,interior
worldpop1|A|local,1,native-rsi256,sum,1,0,0,0,4.119332879781723e-05,1.1328350188514869e-11,1e-08,1,A,worldpop1,-4.119332879781723e-05,-4.119332879781723e-05,worldpop1-A-1-local-native-rsi256,worldpop1-A-1-local-natural-ee,1,natural-ee,0,local,1e-10,0,414bbe2829bb8e96,3636304.3260362847,414bbe2829bce824,3636304.326077478,0.0003636404326077478,interior
worldpop1|A|local,1,native-rsi256,support,1,0,0,0,4.715460818260908e-06,2.5252466276837446e-11,1e-08,1,A,worldpop1,-4.715460818260908e-06,-4.715460818260908e-06,worldpop1-A-1-local-native-rsi256,worldpop1-A-1-local-natural-ee,1,natural-ee,0,local,1e-10,0,4106cb6579db991a,186732.6845008813,4106cb6579de1200,186732.68450559676,1.8683268450559678e-05,interior
worldpop1|A|local,1,native-rsi256,mean,1,0,0,0,2.7114666067973303e-10,1.3924011662156981e-11,1e-08,1,A,worldpop1,2.7114666067973303e-10,2.7114666067973303e-10,worldpop1-A-1-local-native-rsi256,worldpop1-A-1-local-natural-ee,1,natural-ee,0,local,1e-10,0,4033792b2698a25b,19.47331467844411,4033792b2697783a,19.47331467817296,1.1947331467817297e-08,interior
worldpop1|A|local,1,native-rsi256,min,1,0,0,0,0.0,0.0,1e-08,0,A,worldpop1,0.0,0.0,worldpop1-A-1-local-native-rsi256,worldpop1-A-1-local-natural-ee,1,natural-ee,0,local,1e-10,0,4004931840000000,2.5718235969543457,4004931840000000,2.5718235969543457,1.0257182359695435e-08,interior
worldpop1|A|local,1,native-rsi256,max,1,0,0,0,0.0,0.0,1e-08,0,A,worldpop1,0.0,0.0,worldpop1-A-1-local-native-rsi256,worldpop1-A-1-local-natural-ee,1,natural-ee,0,local,1e-10,0,40543516c0000000,80.82951354980469,40543516c0000000,80.82951354980469,1.808295135498047e-08,interior
worldpop1|A|local,1,native-skv-raw,sum,1,0,0,0,4.119332879781723e-05,1.1328350188514869e-11,1e-08,1,A,worldpop1,-4.119332879781723e-05,-4.119332879781723e-05,worldpop1-A-1-local-native-skv-raw,worldpop1-A-1-local-natural-ee,1,natural-ee,0,local,1e-10,0,414bbe2829bb8e96,3636304.3260362847,414bbe2829bce824,3636304.326077478,0.0003636404326077478,interior
worldpop1|A|local,1,native-skv-raw,support,1,0,0,0,4.715460818260908e-06,2.5252466276837446e-11,1e-08,1,A,worldpop1,-4.715460818260908e-06,-4.715460818260908e-06,worldpop1-A-1-local-native-skv-raw,worldpop1-A-1-local-natural-ee,1,natural-ee,0,local,1e-10,0,4106cb6579db991a,186732.6845008813,4106cb6579de1200,186732.68450559676,1.8683268450559678e-05,interior
worldpop1|A|local,1,native-skv-raw,mean,1,0,0,0,2.7114666067973303e-10,1.3924011662156981e-11,1e-08,1,A,worldpop1,2.7114666067973303e-10,2.7114666067973303e-10,worldpop1-A-1-local-native-skv-raw,worldpop1-A-1-local-natural-ee,1,natural-ee,0,local,1e-10,0,4033792b2698a25b,19.47331467844411,4033792b2697783a,19.47331467817296,1.1947331467817297e-08,interior
worldpop1|A|local,1,native-skv-raw,min,1,0,0,0,0.0,0.0,1e-08,0,A,worldpop1,0.0,0.0,worldpop1-A-1-local-native-skv-raw,worldpop1-A-1-local-natural-ee,1,natural-ee,0,local,1e-10,0,4004931840000000,2.5718235969543457,4004931840000000,2.5718235969543457,1.0257182359695435e-08,interior
worldpop1|A|local,1,native-skv-raw,max,1,0,0,0,0.0,0.0,1e-08,0,A,worldpop1,0.0,0.0,worldpop1-A-1-local-native-skv-raw,worldpop1-A-1-local-natural-ee,1,natural-ee,0,local,1e-10,0,40543516c0000000,80.82951354980469,40543516c0000000,80.82951354980469,1.808295135498047e-08,interior
worldpop1|A|local,1,native-skv-summary,sum,1,0,0,0,4.119332879781723e-05,1.1328350188514869e-11,1e-08,1,A,worldpop1,-4.119332879781723e-05,-4.119332879781723e-05,worldpop1-A-1-local-native-skv-summary,worldpop1-A-1-local-natural-ee,1,natural-ee,0,local,1e-10,0,414bbe2829bb8e96,3636304.3260362847,414bbe2829bce824,3636304.326077478,0.0003636404326077478,interior
worldpop1|A|local,1,native-skv-summary,support,1,0,0,0,4.715460818260908e-06,2.5252466276837446e-11,1e-08,1,A,worldpop1,-4.715460818260908e-06,-4.715460818260908e-06,worldpop1-A-1-local-native-skv-summary,worldpop1-A-1-local-natural-ee,1,natural-ee,0,local,1e-10,0,4106cb6579db991a,186732.6845008813,4106cb6579de1200,186732.68450559676,1.8683268450559678e-05,interior
worldpop1|A|local,1,native-skv-summary,mean,1,0,0,0,2.7114666067973303e-10,1.3924011662156981e-11,1e-08,1,A,worldpop1,2.7114666067973303e-10,2.7114666067973303e-10,worldpop1-A-1-local-native-skv-summary,worldpop1-A-1-local-natural-ee,1,natural-ee,0,local,1e-10,0,4033792b2698a25b,19.47331467844411,4033792b2697783a,19.47331467817296,1.1947331467817297e-08,interior
worldpop1|A|local,1,native-skv-summary,min,1,0,0,0,0.0,0.0,1e-08,0,A,worldpop1,0.0,0.0,worldpop1-A-1-local-native-skv-summary,worldpop1-A-1-local-natural-ee,1,natural-ee,0,local,1e-10,0,4004931840000000,2.5718235969543457,4004931840000000,2.5718235969543457,1.0257182359695435e-08,interior
worldpop1|A|local,1,native-skv-summary,max,1,0,0,0,0.0,0.0,1e-08,0,A,worldpop1,0.0,0.0,worldpop1-A-1-local-native-skv-summary,worldpop1-A-1-local-natural-ee,1,natural-ee,0,local,1e-10,0,40543516c0000000,80.82951354980469,40543516c0000000,80.82951354980469,1.808295135498047e-08,interior
worldpop1|A|local,2,native-tiff,sum,1,0,0,0,5.401112139225006e-05,1.4829563839808535e-11,1e-08,1,A,worldpop1,-5.401112139225006e-05,-5.401112139225006e-05,worldpop1-A-2-local-native-tiff,worldpop1-A-2-local-natural-ee,1,natural-ee,0,local,1e-10,0,414bc9865f2055a0,3642124.74317427,414bc9865f221ab4,3642124.743228281,0.0003642224743228281,interior
worldpop1|A|local,2,native-tiff,support,1,0,0,0,7.357331924140453e-06,3.92307261168581e-11,1e-08,1,A,worldpop1,-7.357331924140453e-06,-7.357331924140453e-06,worldpop1-A-2-local-native-tiff,worldpop1-A-2-local-natural-ee,1,natural-ee,0,local,1e-10,0,4106e4a050ce6c84,187540.03945622232,4106e4a050d24800,187540.03946357965,1.876400394635797e-05,interior
worldpop1|A|local,2,native-tiff,mean,1,0,0,0,4.738858194741624e-10,2.4401296372578652e-11,1e-08,1,A,worldpop1,4.738858194741624e-10,4.738858194741624e-10,worldpop1-A-2-local-native-tiff,worldpop1-A-2-local-natural-ee,1,natural-ee,0,local,1e-10,0,40336ba7141bc592,19.42051816633245,40336ba71419bc87,19.420518165858564,1.1942051816585857e-08,interior
worldpop1|A|local,2,native-tiff,min,1,0,0,0,0.0,0.0,1e-08,0,A,worldpop1,0.0,0.0,worldpop1-A-2-local-native-tiff,worldpop1-A-2-local-natural-ee,1,natural-ee,0,local,1e-10,0,4004931840000000,2.5718235969543457,4004931840000000,2.5718235969543457,1.0257182359695435e-08,interior
worldpop1|A|local,2,native-tiff,max,1,0,0,0,0.0,0.0,1e-08,0,A,worldpop1,0.0,0.0,worldpop1-A-2-local-native-tiff,worldpop1-A-2-local-natural-ee,1,natural-ee,0,local,1e-10,0,40543516c0000000,80.82951354980469,40543516c0000000,80.82951354980469,1.808295135498047e-08,interior
worldpop1|A|local,2,native-cog,sum,1,0,0,0,5.401112139225006e-05,1.4829563839808535e-11,1e-08,1,A,worldpop1,-5.401112139225006e-05,-5.401112139225006e-05,worldpop1-A-2-local-native-cog,worldpop1-A-2-local-natural-ee,1,natural-ee,0,local,1e-10,0,414bc9865f2055a0,3642124.74317427,414bc9865f221ab4,3642124.743228281,0.0003642224743228281,interior
worldpop1|A|local,2,native-cog,support,1,0,0,0,7.357331924140453e-06,3.92307261168581e-11,1e-08,1,A,worldpop1,-7.357331924140453e-06,-7.357331924140453e-06,worldpop1-A-2-local-native-cog,worldpop1-A-2-local-natural-ee,1,natural-ee,0,local,1e-10,0,4106e4a050ce6c84,187540.03945622232,4106e4a050d24800,187540.03946357965,1.876400394635797e-05,interior
worldpop1|A|local,2,native-cog,mean,1,0,0,0,4.738858194741624e-10,2.4401296372578652e-11,1e-08,1,A,worldpop1,4.738858194741624e-10,4.738858194741624e-10,worldpop1-A-2-local-native-cog,worldpop1-A-2-local-natural-ee,1,natural-ee,0,local,1e-10,0,40336ba7141bc592,19.42051816633245,40336ba71419bc87,19.420518165858564,1.1942051816585857e-08,interior
worldpop1|A|local,2,native-cog,min,1,0,0,0,0.0,0.0,1e-08,0,A,worldpop1,0.0,0.0,worldpop1-A-2-local-native-cog,worldpop1-A-2-local-natural-ee,1,natural-ee,0,local,1e-10,0,4004931840000000,2.5718235969543457,4004931840000000,2.5718235969543457,1.0257182359695435e-08,interior
worldpop1|A|local,2,native-cog,max,1,0,0,0,0.0,0.0,1e-08,0,A,worldpop1,0.0,0.0,worldpop1-A-2-local-native-cog,worldpop1-A-2-local-natural-ee,1,natural-ee,0,local,1e-10,0,40543516c0000000,80.82951354980469,40543516c0000000,80.82951354980469,1.808295135498047e-08,interior
worldpop1|A|local,2,native-rsi64,sum,1,0,0,0,5.401112139225006e-05,1.4829563839808535e-11,1e-08,1,A,worldpop1,-5.401112139225006e-05,-5.401112139225006e-05,worldpop1-A-2-local-native-rsi64,worldpop1-A-2-local-natural-ee,1,natural-ee,0,local,1e-10,0,414bc9865f2055a0,3642124.74317427,414bc9865f221ab4,3642124.743228281,0.0003642224743228281,interior
worldpop1|A|local,2,native-rsi64,support,1,0,0,0,7.357331924140453e-06,3.92307261168581e-11,1e-08,1,A,worldpop1,-7.357331924140453e-06,-7.357331924140453e-06,worldpop1-A-2-local-native-rsi64,worldpop1-A-2-local-natural-ee,1,natural-ee,0,local,1e-10,0,4106e4a050ce6c84,187540.03945622232,4106e4a050d24800,187540.03946357965,1.876400394635797e-05,interior
worldpop1|A|local,2,native-rsi64,mean,1,0,0,0,4.738858194741624e-10,2.4401296372578652e-11,1e-08,1,A,worldpop1,4.738858194741624e-10,4.738858194741624e-10,worldpop1-A-2-local-native-rsi64,worldpop1-A-2-local-natural-ee,1,natural-ee,0,local,1e-10,0,40336ba7141bc592,19.42051816633245,40336ba71419bc87,19.420518165858564,1.1942051816585857e-08,interior
worldpop1|A|local,2,native-rsi64,min,1,0,0,0,0.0,0.0,1e-08,0,A,worldpop1,0.0,0.0,worldpop1-A-2-local-native-rsi64,worldpop1-A-2-local-natural-ee,1,natural-ee,0,local,1e-10,0,4004931840000000,2.5718235969543457,4004931840000000,2.5718235969543457,1.0257182359695435e-08,interior
worldpop1|A|local,2,native-rsi64,max,1,0,0,0,0.0,0.0,1e-08,0,A,worldpop1,0.0,0.0,worldpop1-A-2-local-native-rsi64,worldpop1-A-2-local-natural-ee,1,natural-ee,0,local,1e-10,0,40543516c0000000,80.82951354980469,40543516c0000000,80.82951354980469,1.808295135498047e-08,interior
worldpop1|A|local,2,native-rsi256,sum,1,0,0,0,5.401112139225006e-05,1.4829563839808535e-11,1e-08,1,A,worldpop1,-5.401112139225006e-05,-5.401112139225006e-05,worldpop1-A-2-local-native-rsi256,worldpop1-A-2-local-natural-ee,1,natural-ee,0,local,1e-10,0,414bc9865f2055a0,3642124.74317427,414bc9865f221ab4,3642124.743228281,0.0003642224743228281,interior
worldpop1|A|local,2,native-rsi256,support,1,0,0,0,7.357331924140453e-06,3.92307261168581e-11,1e-08,1,A,worldpop1,-7.357331924140453e-06,-7.357331924140453e-06,worldpop1-A-2-local-native-rsi256,worldpop1-A-2-local-natural-ee,1,natural-ee,0,local,1e-10,0,4106e4a050ce6c84,187540.03945622232,4106e4a050d24800,187540.03946357965,1.876400394635797e-05,interior
worldpop1|A|local,2,native-rsi256,mean,1,0,0,0,4.738858194741624e-10,2.4401296372578652e-11,1e-08,1,A,worldpop1,4.738858194741624e-10,4.738858194741624e-10,worldpop1-A-2-local-native-rsi256,worldpop1-A-2-local-natural-ee,1,natural-ee,0,local,1e-10,0,40336ba7141bc592,19.42051816633245,40336ba71419bc87,19.420518165858564,1.1942051816585857e-08,interior
worldpop1|A|local,2,native-rsi256,min,1,0,0,0,0.0,0.0,1e-08,0,A,worldpop1,0.0,0.0,worldpop1-A-2-local-native-rsi256,worldpop1-A-2-local-natural-ee,1,natural-ee,0,local,1e-10,0,4004931840000000,2.5718235969543457,4004931840000000,2.5718235969543457,1.0257182359695435e-08,interior
worldpop1|A|local,2,native-rsi256,max,1,0,0,0,0.0,0.0,1e-08,0,A,worldpop1,0.0,0.0,worldpop1-A-2-local-native-rsi256,worldpop1-A-2-local-natural-ee,1,natural-ee,0,local,1e-10,0,40543516c0000000,80.82951354980469,40543516c0000000,80.82951354980469,1.808295135498047e-08,interior
worldpop1|A|local,2,native-skv-raw,sum,1,0,0,0,5.401112139225006e-05,1.4829563839808535e-11,1e-08,1,A,worldpop1,-5.401112139225006e-05,-5.401112139225006e-05,worldpop1-A-2-local-native-skv-raw,worldpop1-A-2-local-natural-ee,1,natural-ee,0,local,1e-10,0,414bc9865f2055a0,3642124.74317427,414bc9865f221ab4,3642124.743228281,0.0003642224743228281,interior
worldpop1|A|local,2,native-skv-raw,support,1,0,0,0,7.357331924140453e-06,3.92307261168581e-11,1e-08,1,A,worldpop1,-7.357331924140453e-06,-7.357331924140453e-06,worldpop1-A-2-local-native-skv-raw,worldpop1-A-2-local-natural-ee,1,natural-ee,0,local,1e-10,0,4106e4a050ce6c84,187540.03945622232,4106e4a050d24800,187540.03946357965,1.876400394635797e-05,interior
worldpop1|A|local,2,native-skv-raw,mean,1,0,0,0,4.738858194741624e-10,2.4401296372578652e-11,1e-08,1,A,worldpop1,4.738858194741624e-10,4.738858194741624e-10,worldpop1-A-2-local-native-skv-raw,worldpop1-A-2-local-natural-ee,1,natural-ee,0,local,1e-10,0,40336ba7141bc592,19.42051816633245,40336ba71419bc87,19.420518165858564,1.1942051816585857e-08,interior
worldpop1|A|local,2,native-skv-raw,min,1,0,0,0,0.0,0.0,1e-08,0,A,worldpop1,0.0,0.0,worldpop1-A-2-local-native-skv-raw,worldpop1-A-2-local-natural-ee,1,natural-ee,0,local,1e-10,0,4004931840000000,2.5718235969543457,4004931840000000,2.5718235969543457,1.0257182359695435e-08,interior
worldpop1|A|local,2,native-skv-raw,max,1,0,0,0,0.0,0.0,1e-08,0,A,worldpop1,0.0,0.0,worldpop1-A-2-local-native-skv-raw,worldpop1-A-2-local-natural-ee,1,natural-ee,0,local,1e-10,0,40543516c0000000,80.82951354980469,40543516c0000000,80.82951354980469,1.808295135498047e-08,interior
worldpop1|A|local,2,native-skv-summary,sum,1,0,0,0,5.401112139225006e-05,1.4829563839808535e-11,1e-08,1,A,worldpop1,-5.401112139225006e-05,-5.401112139225006e-05,worldpop1-A-2-local-native-skv-summary,worldpop1-A-2-local-natural-ee,1,natural-ee,0,local,1e-10,0,414bc9865f2055a0,3642124.74317427,414bc9865f221ab4,3642124.743228281,0.0003642224743228281,interior
worldpop1|A|local,2,native-skv-summary,support,1,0,0,0,7.357331924140453e-06,3.92307261168581e-11,1e-08,1,A,worldpop1,-7.357331924140453e-06,-7.357331924140453e-06,worldpop1-A-2-local-native-skv-summary,worldpop1-A-2-local-natural-ee,1,natural-ee,0,local,1e-10,0,4106e4a050ce6c84,187540.03945622232,4106e4a050d24800,187540.03946357965,1.876400394635797e-05,interior
worldpop1|A|local,2,native-skv-summary,mean,1,0,0,0,4.738858194741624e-10,2.4401296372578652e-11,1e-08,1,A,worldpop1,4.738858194741624e-10,4.738858194741624e-10,worldpop1-A-2-local-native-skv-summary,worldpop1-A-2-local-natural-ee,1,natural-ee,0,local,1e-10,0,40336ba7141bc592,19.42051816633245,40336ba71419bc87,19.420518165858564,1.1942051816585857e-08,interior
worldpop1|A|local,2,native-skv-summary,min,1,0,0,0,0.0,0.0,1e-08,0,A,worldpop1,0.0,0.0,worldpop1-A-2-local-native-skv-summary,worldpop1-A-2-local-natural-ee,1,natural-ee,0,local,1e-10,0,4004931840000000,2.5718235969543457,4004931840000000,2.5718235969543457,1.0257182359695435e-08,interior
worldpop1|A|local,2,native-skv-summary,max,1,0,0,0,0.0,0.0,1e-08,0,A,worldpop1,0.0,0.0,worldpop1-A-2-local-native-skv-summary,worldpop1-A-2-local-natural-ee,1,natural-ee,0,local,1e-10,0,40543516c0000000,80.82951354980469,40543516c0000000,80.82951354980469,1.808295135498047e-08,interior
worldpop1|B|http0,0,native-tiff,sum,8,0,0,6,0.00017009582370519638,2.999524484271767e-08,1e-08,8,B,worldpop1,0.00017009582370519638,-2.73770529020112e-05,worldpop1-B-0-http0-native-tiff,worldpop1-B-0-http0-natural-ee,8,natural-ee,0,http0,1e-10,0,412c1ff8274382c2,921596.0766869413,412c1ff8272d374a,921596.0765168455,9.216960765168455e-05,hole
worldpop1|B|http0,0,native-tiff,support,8,0,0,5,1.6627716831862926e-05,2.9804140488866255e-08,1e-08,8,B,worldpop1,1.6627716831862926e-05,-3.7071959013701417e-07,worldpop1-B-0-http0-native-tiff,worldpop1-B-0-http0-natural-ee,8,natural-ee,0,http0,1e-10,0,40fe5881f83aaf78,124296.12310284178,40fe5881f8294000,124296.12308621407,1.2439612308621408e-05,hole
worldpop1|B|http0,0,native-tiff,mean,8,0,0,0,1.458349174754403e-08,3.115968317533694e-10,1e-08,8,B,worldpop1,9.665654943091795e-10,-1.458349174754403e-08,worldpop1-B-0-http0-native-tiff,worldpop1-B-0-http0-natural-ee,8,natural-ee,0,http0,1e-10,0,405313f2f710c096,76.31170441280332,405313f2f7206944,76.31170442738681,1.7631170442738684e-08,tiny
worldpop1|B|http0,0,native-tiff,min,8,0,0,0,0.0,0.0,1e-08,0,B,worldpop1,0.0,0.0,worldpop1-B-0-http0-native-tiff,worldpop1-B-0-http0-natural-ee,8,natural-ee,0,http0,1e-10,0,4052df6700000000,75.49066162109375,4052df6700000000,75.49066162109375,1.7549066162109376e-08,tiny
worldpop1|B|http0,0,native-tiff,max,8,0,0,0,0.0,0.0,1e-08,0,B,worldpop1,0.0,0.0,worldpop1-B-0-http0-native-tiff,worldpop1-B-0-http0-natural-ee,8,natural-ee,0,http0,1e-10,0,40538cca80000000,78.19985961914062,40538cca80000000,78.19985961914062,1.7819985961914062e-08,tiny
worldpop1|B|http0,0,native-cog,sum,8,0,0,6,0.00017009582370519638,2.999524484271767e-08,1e-08,8,B,worldpop1,0.00017009582370519638,-2.73770529020112e-05,worldpop1-B-0-http0-native-cog,worldpop1-B-0-http0-natural-ee,8,natural-ee,0,http0,1e-10,0,412c1ff8274382c2,921596.0766869413,412c1ff8272d374a,921596.0765168455,9.216960765168455e-05,hole
worldpop1|B|http0,0,native-cog,support,8,0,0,5,1.6627716831862926e-05,2.9804140488866255e-08,1e-08,8,B,worldpop1,1.6627716831862926e-05,-3.7071959013701417e-07,worldpop1-B-0-http0-native-cog,worldpop1-B-0-http0-natural-ee,8,natural-ee,0,http0,1e-10,0,40fe5881f83aaf78,124296.12310284178,40fe5881f8294000,124296.12308621407,1.2439612308621408e-05,hole
worldpop1|B|http0,0,native-cog,mean,8,0,0,0,1.458349174754403e-08,3.115968317533694e-10,1e-08,8,B,worldpop1,9.665654943091795e-10,-1.458349174754403e-08,worldpop1-B-0-http0-native-cog,worldpop1-B-0-http0-natural-ee,8,natural-ee,0,http0,1e-10,0,405313f2f710c096,76.31170441280332,405313f2f7206944,76.31170442738681,1.7631170442738684e-08,tiny
worldpop1|B|http0,0,native-cog,min,8,0,0,0,0.0,0.0,1e-08,0,B,worldpop1,0.0,0.0,worldpop1-B-0-http0-native-cog,worldpop1-B-0-http0-natural-ee,8,natural-ee,0,http0,1e-10,0,4052df6700000000,75.49066162109375,4052df6700000000,75.49066162109375,1.7549066162109376e-08,tiny
worldpop1|B|http0,0,native-cog,max,8,0,0,0,0.0,0.0,1e-08,0,B,worldpop1,0.0,0.0,worldpop1-B-0-http0-native-cog,worldpop1-B-0-http0-natural-ee,8,natural-ee,0,http0,1e-10,0,40538cca80000000,78.19985961914062,40538cca80000000,78.19985961914062,1.7819985961914062e-08,tiny
worldpop1|B|http0,0,native-rsi64,sum,8,0,0,6,0.00017009582370519638,2.999524484271767e-08,1e-08,8,B,worldpop1,0.00017009582370519638,-2.73770529020112e-05,worldpop1-B-0-http0-native-rsi64,worldpop1-B-0-http0-natural-ee,8,natural-ee,0,http0,1e-10,0,412c1ff8274382c2,921596.0766869413,412c1ff8272d374a,921596.0765168455,9.216960765168455e-05,hole
worldpop1|B|http0,0,native-rsi64,support,8,0,0,5,1.6627716831862926e-05,2.9804140488866255e-08,1e-08,8,B,worldpop1,1.6627716831862926e-05,-3.7071959013701417e-07,worldpop1-B-0-http0-native-rsi64,worldpop1-B-0-http0-natural-ee,8,natural-ee,0,http0,1e-10,0,40fe5881f83aaf78,124296.12310284178,40fe5881f8294000,124296.12308621407,1.2439612308621408e-05,hole
worldpop1|B|http0,0,native-rsi64,mean,8,0,0,0,1.458349174754403e-08,3.115968317533694e-10,1e-08,8,B,worldpop1,9.665654943091795e-10,-1.458349174754403e-08,worldpop1-B-0-http0-native-rsi64,worldpop1-B-0-http0-natural-ee,8,natural-ee,0,http0,1e-10,0,405313f2f710c096,76.31170441280332,405313f2f7206944,76.31170442738681,1.7631170442738684e-08,tiny
worldpop1|B|http0,0,native-rsi64,min,8,0,0,0,0.0,0.0,1e-08,0,B,worldpop1,0.0,0.0,worldpop1-B-0-http0-native-rsi64,worldpop1-B-0-http0-natural-ee,8,natural-ee,0,http0,1e-10,0,4052df6700000000,75.49066162109375,4052df6700000000,75.49066162109375,1.7549066162109376e-08,tiny
worldpop1|B|http0,0,native-rsi64,max,8,0,0,0,0.0,0.0,1e-08,0,B,worldpop1,0.0,0.0,worldpop1-B-0-http0-native-rsi64,worldpop1-B-0-http0-natural-ee,8,natural-ee,0,http0,1e-10,0,40538cca80000000,78.19985961914062,40538cca80000000,78.19985961914062,1.7819985961914062e-08,tiny
worldpop1|B|http0,0,native-rsi256,sum,8,0,0,6,0.00017009582370519638,2.999524484271767e-08,1e-08,8,B,worldpop1,0.00017009582370519638,-2.73770529020112e-05,worldpop1-B-0-http0-native-rsi256,worldpop1-B-0-http0-natural-ee,8,natural-ee,0,http0,1e-10,0,412c1ff8274382c2,921596.0766869413,412c1ff8272d374a,921596.0765168455,9.216960765168455e-05,hole
worldpop1|B|http0,0,native-rsi256,support,8,0,0,5,1.6627716831862926e-05,2.9804140488866255e-08,1e-08,8,B,worldpop1,1.6627716831862926e-05,-3.7071959013701417e-07,worldpop1-B-0-http0-native-rsi256,worldpop1-B-0-http0-natural-ee,8,natural-ee,0,http0,1e-10,0,40fe5881f83aaf78,124296.12310284178,40fe5881f8294000,124296.12308621407,1.2439612308621408e-05,hole
worldpop1|B|http0,0,native-rsi256,mean,8,0,0,0,1.458349174754403e-08,3.115968317533694e-10,1e-08,8,B,worldpop1,9.665654943091795e-10,-1.458349174754403e-08,worldpop1-B-0-http0-native-rsi256,worldpop1-B-0-http0-natural-ee,8,natural-ee,0,http0,1e-10,0,405313f2f710c096,76.31170441280332,405313f2f7206944,76.31170442738681,1.7631170442738684e-08,tiny
worldpop1|B|http0,0,native-rsi256,min,8,0,0,0,0.0,0.0,1e-08,0,B,worldpop1,0.0,0.0,worldpop1-B-0-http0-native-rsi256,worldpop1-B-0-http0-natural-ee,8,natural-ee,0,http0,1e-10,0,4052df6700000000,75.49066162109375,4052df6700000000,75.49066162109375,1.7549066162109376e-08,tiny
worldpop1|B|http0,0,native-rsi256,max,8,0,0,0,0.0,0.0,1e-08,0,B,worldpop1,0.0,0.0,worldpop1-B-0-http0-native-rsi256,worldpop1-B-0-http0-natural-ee,8,natural-ee,0,http0,1e-10,0,40538cca80000000,78.19985961914062,40538cca80000000,78.19985961914062,1.7819985961914062e-08,tiny
worldpop1|B|http0,0,native-skv-raw,sum,8,0,0,6,0.00017009582370519638,2.999524484271767e-08,1e-08,8,B,worldpop1,0.00017009582370519638,-2.73770529020112e-05,worldpop1-B-0-http0-native-skv-raw,worldpop1-B-0-http0-natural-ee,8,natural-ee,0,http0,1e-10,0,412c1ff8274382c2,921596.0766869413,412c1ff8272d374a,921596.0765168455,9.216960765168455e-05,hole
worldpop1|B|http0,0,native-skv-raw,support,8,0,0,5,1.6627716831862926e-05,2.9804140488866255e-08,1e-08,8,B,worldpop1,1.6627716831862926e-05,-3.7071959013701417e-07,worldpop1-B-0-http0-native-skv-raw,worldpop1-B-0-http0-natural-ee,8,natural-ee,0,http0,1e-10,0,40fe5881f83aaf78,124296.12310284178,40fe5881f8294000,124296.12308621407,1.2439612308621408e-05,hole
worldpop1|B|http0,0,native-skv-raw,mean,8,0,0,0,1.458349174754403e-08,3.115968317533694e-10,1e-08,8,B,worldpop1,9.665654943091795e-10,-1.458349174754403e-08,worldpop1-B-0-http0-native-skv-raw,worldpop1-B-0-http0-natural-ee,8,natural-ee,0,http0,1e-10,0,405313f2f710c096,76.31170441280332,405313f2f7206944,76.31170442738681,1.7631170442738684e-08,tiny
worldpop1|B|http0,0,native-skv-raw,min,8,0,0,0,0.0,0.0,1e-08,0,B,worldpop1,0.0,0.0,worldpop1-B-0-http0-native-skv-raw,worldpop1-B-0-http0-natural-ee,8,natural-ee,0,http0,1e-10,0,4052df6700000000,75.49066162109375,4052df6700000000,75.49066162109375,1.7549066162109376e-08,tiny
worldpop1|B|http0,0,native-skv-raw,max,8,0,0,0,0.0,0.0,1e-08,0,B,worldpop1,0.0,0.0,worldpop1-B-0-http0-native-skv-raw,worldpop1-B-0-http0-natural-ee,8,natural-ee,0,http0,1e-10,0,40538cca80000000,78.19985961914062,40538cca80000000,78.19985961914062,1.7819985961914062e-08,tiny
worldpop1|B|http0,0,native-skv-summary,sum,8,0,0,6,0.00017009582370519638,2.999524484271767e-08,1e-08,8,B,worldpop1,0.00017009582370519638,-2.73770529020112e-05,worldpop1-B-0-http0-native-skv-summary,worldpop1-B-0-http0-natural-ee,8,natural-ee,0,http0,1e-10,0,412c1ff8274382c2,921596.0766869413,412c1ff8272d374a,921596.0765168455,9.216960765168455e-05,hole
worldpop1|B|http0,0,native-skv-summary,support,8,0,0,5,1.6627716831862926e-05,2.9804140488866255e-08,1e-08,8,B,worldpop1,1.6627716831862926e-05,-3.7071959013701417e-07,worldpop1-B-0-http0-native-skv-summary,worldpop1-B-0-http0-natural-ee,8,natural-ee,0,http0,1e-10,0,40fe5881f83aaf78,124296.12310284178,40fe5881f8294000,124296.12308621407,1.2439612308621408e-05,hole
worldpop1|B|http0,0,native-skv-summary,mean,8,0,0,0,1.458349174754403e-08,3.115968317533694e-10,1e-08,8,B,worldpop1,9.665654943091795e-10,-1.458349174754403e-08,worldpop1-B-0-http0-native-skv-summary,worldpop1-B-0-http0-natural-ee,8,natural-ee,0,http0,1e-10,0,405313f2f710c096,76.31170441280332,405313f2f7206944,76.31170442738681,1.7631170442738684e-08,tiny
worldpop1|B|http0,0,native-skv-summary,min,8,0,0,0,0.0,0.0,1e-08,0,B,worldpop1,0.0,0.0,worldpop1-B-0-http0-native-skv-summary,worldpop1-B-0-http0-natural-ee,8,natural-ee,0,http0,1e-10,0,4052df6700000000,75.49066162109375,4052df6700000000,75.49066162109375,1.7549066162109376e-08,tiny
worldpop1|B|http0,0,native-skv-summary,max,8,0,0,0,0.0,0.0,1e-08,0,B,worldpop1,0.0,0.0,worldpop1-B-0-http0-native-skv-summary,worldpop1-B-0-http0-natural-ee,8,natural-ee,0,http0,1e-10,0,40538cca80000000,78.19985961914062,40538cca80000000,78.19985961914062,1.7819985961914062e-08,tiny
worldpop1|B|http0,1,native-tiff,sum,8,0,0,5,4.119332879781723e-05,2.1911080298087113e-08,1e-08,8,B,worldpop1,3.216983168385923e-05,-4.119332879781723e-05,worldpop1-B-1-http0-native-tiff,worldpop1-B-1-http0-natural-ee,8,natural-ee,0,http0,1e-10,0,414bbe2829bb8e96,3636304.3260362847,414bbe2829bce824,3636304.326077478,0.0003636404326077478,interior
worldpop1|B|http0,1,native-tiff,support,8,0,0,5,4.715460818260908e-06,2.1911080258048692e-08,1e-08,8,B,worldpop1,3.8776925066486e-06,-4.715460818260908e-06,worldpop1-B-1-http0-native-tiff,worldpop1-B-1-http0-natural-ee,8,natural-ee,0,http0,1e-10,0,4106cb6579db991a,186732.6845008813,4106cb6579de1200,186732.68450559676,1.8683268450559678e-05,interior
worldpop1|B|http0,1,native-tiff,mean,8,0,0,0,8.64925908672376e-09,9.069865796563251e-10,1e-08,6,B,worldpop1,4.2793146803887794e-10,-8.64925908672376e-09,worldpop1-B-1-http0-native-tiff,worldpop1-B-1-http0-natural-ee,8,natural-ee,0,http0,1e-10,0,402312908f8ac4a9,9.536259160699347,402312908fd51095,9.536259169348606,1.095362591693486e-08,edge
worldpop1|B|http0,1,native-tiff,min,8,0,0,0,0.0,0.0,1e-08,0,B,worldpop1,0.0,0.0,worldpop1-B-1-http0-native-tiff,worldpop1-B-1-http0-natural-ee,8,natural-ee,0,http0,1e-10,0,40538cca80000000,78.19985961914062,40538cca80000000,78.19985961914062,1.7819985961914062e-08,tiny
worldpop1|B|http0,1,native-tiff,max,8,0,0,0,0.0,0.0,1e-08,0,B,worldpop1,0.0,0.0,worldpop1-B-1-http0-native-tiff,worldpop1-B-1-http0-natural-ee,8,natural-ee,0,http0,1e-10,0,40538cca80000000,78.19985961914062,40538cca80000000,78.19985961914062,1.7819985961914062e-08,tiny
worldpop1|B|http0,1,native-cog,sum,8,0,0,5,4.119332879781723e-05,2.1911080298087113e-08,1e-08,8,B,worldpop1,3.216983168385923e-05,-4.119332879781723e-05,worldpop1-B-1-http0-native-cog,worldpop1-B-1-http0-natural-ee,8,natural-ee,0,http0,1e-10,0,414bbe2829bb8e96,3636304.3260362847,414bbe2829bce824,3636304.326077478,0.0003636404326077478,interior
worldpop1|B|http0,1,native-cog,support,8,0,0,5,4.715460818260908e-06,2.1911080258048692e-08,1e-08,8,B,worldpop1,3.8776925066486e-06,-4.715460818260908e-06,worldpop1-B-1-http0-native-cog,worldpop1-B-1-http0-natural-ee,8,natural-ee,0,http0,1e-10,0,4106cb6579db991a,186732.6845008813,4106cb6579de1200,186732.68450559676,1.8683268450559678e-05,interior
worldpop1|B|http0,1,native-cog,mean,8,0,0,0,8.64925908672376e-09,9.069865796563251e-10,1e-08,6,B,worldpop1,4.2793146803887794e-10,-8.64925908672376e-09,worldpop1-B-1-http0-native-cog,worldpop1-B-1-http0-natural-ee,8,natural-ee,0,http0,1e-10,0,402312908f8ac4a9,9.536259160699347,402312908fd51095,9.536259169348606,1.095362591693486e-08,edge
worldpop1|B|http0,1,native-cog,min,8,0,0,0,0.0,0.0,1e-08,0,B,worldpop1,0.0,0.0,worldpop1-B-1-http0-native-cog,worldpop1-B-1-http0-natural-ee,8,natural-ee,0,http0,1e-10,0,40538cca80000000,78.19985961914062,40538cca80000000,78.19985961914062,1.7819985961914062e-08,tiny
worldpop1|B|http0,1,native-cog,max,8,0,0,0,0.0,0.0,1e-08,0,B,worldpop1,0.0,0.0,worldpop1-B-1-http0-native-cog,worldpop1-B-1-http0-natural-ee,8,natural-ee,0,http0,1e-10,0,40538cca80000000,78.19985961914062,40538cca80000000,78.19985961914062,1.7819985961914062e-08,tiny
worldpop1|B|http0,1,native-rsi64,sum,8,0,0,5,4.119332879781723e-05,2.1911080298087113e-08,1e-08,8,B,worldpop1,3.216983168385923e-05,-4.119332879781723e-05,worldpop1-B-1-http0-native-rsi64,worldpop1-B-1-http0-natural-ee,8,natural-ee,0,http0,1e-10,0,414bbe2829bb8e96,3636304.3260362847,414bbe2829bce824,3636304.326077478,0.0003636404326077478,interior
worldpop1|B|http0,1,native-rsi64,support,8,0,0,5,4.715460818260908e-06,2.1911080258048692e-08,1e-08,8,B,worldpop1,3.8776925066486e-06,-4.715460818260908e-06,worldpop1-B-1-http0-native-rsi64,worldpop1-B-1-http0-natural-ee,8,natural-ee,0,http0,1e-10,0,4106cb6579db991a,186732.6845008813,4106cb6579de1200,186732.68450559676,1.8683268450559678e-05,interior
worldpop1|B|http0,1,native-rsi64,mean,8,0,0,0,8.64925908672376e-09,9.069865796563251e-10,1e-08,6,B,worldpop1,4.2793146803887794e-10,-8.64925908672376e-09,worldpop1-B-1-http0-native-rsi64,worldpop1-B-1-http0-natural-ee,8,natural-ee,0,http0,1e-10,0,402312908f8ac4a9,9.536259160699347,402312908fd51095,9.536259169348606,1.095362591693486e-08,edge
worldpop1|B|http0,1,native-rsi64,min,8,0,0,0,0.0,0.0,1e-08,0,B,worldpop1,0.0,0.0,worldpop1-B-1-http0-native-rsi64,worldpop1-B-1-http0-natural-ee,8,natural-ee,0,http0,1e-10,0,40538cca80000000,78.19985961914062,40538cca80000000,78.19985961914062,1.7819985961914062e-08,tiny
worldpop1|B|http0,1,native-rsi64,max,8,0,0,0,0.0,0.0,1e-08,0,B,worldpop1,0.0,0.0,worldpop1-B-1-http0-native-rsi64,worldpop1-B-1-http0-natural-ee,8,natural-ee,0,http0,1e-10,0,40538cca80000000,78.19985961914062,40538cca80000000,78.19985961914062,1.7819985961914062e-08,tiny
worldpop1|B|http0,1,native-rsi256,sum,8,0,0,5,4.119332879781723e-05,2.1911080298087113e-08,1e-08,8,B,worldpop1,3.216983168385923e-05,-4.119332879781723e-05,worldpop1-B-1-http0-native-rsi256,worldpop1-B-1-http0-natural-ee,8,natural-ee,0,http0,1e-10,0,414bbe2829bb8e96,3636304.3260362847,414bbe2829bce824,3636304.326077478,0.0003636404326077478,interior
worldpop1|B|http0,1,native-rsi256,support,8,0,0,5,4.715460818260908e-06,2.1911080258048692e-08,1e-08,8,B,worldpop1,3.8776925066486e-06,-4.715460818260908e-06,worldpop1-B-1-http0-native-rsi256,worldpop1-B-1-http0-natural-ee,8,natural-ee,0,http0,1e-10,0,4106cb6579db991a,186732.6845008813,4106cb6579de1200,186732.68450559676,1.8683268450559678e-05,interior
worldpop1|B|http0,1,native-rsi256,mean,8,0,0,0,8.64925908672376e-09,9.069865796563251e-10,1e-08,6,B,worldpop1,4.2793146803887794e-10,-8.64925908672376e-09,worldpop1-B-1-http0-native-rsi256,worldpop1-B-1-http0-natural-ee,8,natural-ee,0,http0,1e-10,0,402312908f8ac4a9,9.536259160699347,402312908fd51095,9.536259169348606,1.095362591693486e-08,edge
worldpop1|B|http0,1,native-rsi256,min,8,0,0,0,0.0,0.0,1e-08,0,B,worldpop1,0.0,0.0,worldpop1-B-1-http0-native-rsi256,worldpop1-B-1-http0-natural-ee,8,natural-ee,0,http0,1e-10,0,40538cca80000000,78.19985961914062,40538cca80000000,78.19985961914062,1.7819985961914062e-08,tiny
worldpop1|B|http0,1,native-rsi256,max,8,0,0,0,0.0,0.0,1e-08,0,B,worldpop1,0.0,0.0,worldpop1-B-1-http0-native-rsi256,worldpop1-B-1-http0-natural-ee,8,natural-ee,0,http0,1e-10,0,40538cca80000000,78.19985961914062,40538cca80000000,78.19985961914062,1.7819985961914062e-08,tiny
worldpop1|B|http0,1,native-skv-raw,sum,8,0,0,5,4.119332879781723e-05,2.1911080298087113e-08,1e-08,8,B,worldpop1,3.216983168385923e-05,-4.119332879781723e-05,worldpop1-B-1-http0-native-skv-raw,worldpop1-B-1-http0-natural-ee,8,natural-ee,0,http0,1e-10,0,414bbe2829bb8e96,3636304.3260362847,414bbe2829bce824,3636304.326077478,0.0003636404326077478,interior
worldpop1|B|http0,1,native-skv-raw,support,8,0,0,5,4.715460818260908e-06,2.1911080258048692e-08,1e-08,8,B,worldpop1,3.8776925066486e-06,-4.715460818260908e-06,worldpop1-B-1-http0-native-skv-raw,worldpop1-B-1-http0-natural-ee,8,natural-ee,0,http0,1e-10,0,4106cb6579db991a,186732.6845008813,4106cb6579de1200,186732.68450559676,1.8683268450559678e-05,interior
worldpop1|B|http0,1,native-skv-raw,mean,8,0,0,0,8.64925908672376e-09,9.069865796563251e-10,1e-08,6,B,worldpop1,4.2793146803887794e-10,-8.64925908672376e-09,worldpop1-B-1-http0-native-skv-raw,worldpop1-B-1-http0-natural-ee,8,natural-ee,0,http0,1e-10,0,402312908f8ac4a9,9.536259160699347,402312908fd51095,9.536259169348606,1.095362591693486e-08,edge
worldpop1|B|http0,1,native-skv-raw,min,8,0,0,0,0.0,0.0,1e-08,0,B,worldpop1,0.0,0.0,worldpop1-B-1-http0-native-skv-raw,worldpop1-B-1-http0-natural-ee,8,natural-ee,0,http0,1e-10,0,40538cca80000000,78.19985961914062,40538cca80000000,78.19985961914062,1.7819985961914062e-08,tiny
worldpop1|B|http0,1,native-skv-raw,max,8,0,0,0,0.0,0.0,1e-08,0,B,worldpop1,0.0,0.0,worldpop1-B-1-http0-native-skv-raw,worldpop1-B-1-http0-natural-ee,8,natural-ee,0,http0,1e-10,0,40538cca80000000,78.19985961914062,40538cca80000000,78.19985961914062,1.7819985961914062e-08,tiny
worldpop1|B|http0,1,native-skv-summary,sum,8,0,0,5,4.119332879781723e-05,2.1911080298087113e-08,1e-08,8,B,worldpop1,3.216983168385923e-05,-4.119332879781723e-05,worldpop1-B-1-http0-native-skv-summary,worldpop1-B-1-http0-natural-ee,8,natural-ee,0,http0,1e-10,0,414bbe2829bb8e96,3636304.3260362847,414bbe2829bce824,3636304.326077478,0.0003636404326077478,interior
worldpop1|B|http0,1,native-skv-summary,support,8,0,0,5,4.715460818260908e-06,2.1911080258048692e-08,1e-08,8,B,worldpop1,3.8776925066486e-06,-4.715460818260908e-06,worldpop1-B-1-http0-native-skv-summary,worldpop1-B-1-http0-natural-ee,8,natural-ee,0,http0,1e-10,0,4106cb6579db991a,186732.6845008813,4106cb6579de1200,186732.68450559676,1.8683268450559678e-05,interior
worldpop1|B|http0,1,native-skv-summary,mean,8,0,0,0,8.64925908672376e-09,9.069865796563251e-10,1e-08,6,B,worldpop1,4.2793146803887794e-10,-8.64925908672376e-09,worldpop1-B-1-http0-native-skv-summary,worldpop1-B-1-http0-natural-ee,8,natural-ee,0,http0,1e-10,0,402312908f8ac4a9,9.536259160699347,402312908fd51095,9.536259169348606,1.095362591693486e-08,edge
worldpop1|B|http0,1,native-skv-summary,min,8,0,0,0,0.0,0.0,1e-08,0,B,worldpop1,0.0,0.0,worldpop1-B-1-http0-native-skv-summary,worldpop1-B-1-http0-natural-ee,8,natural-ee,0,http0,1e-10,0,40538cca80000000,78.19985961914062,40538cca80000000,78.19985961914062,1.7819985961914062e-08,tiny
worldpop1|B|http0,1,native-skv-summary,max,8,0,0,0,0.0,0.0,1e-08,0,B,worldpop1,0.0,0.0,worldpop1-B-1-http0-native-skv-summary,worldpop1-B-1-http0-natural-ee,8,natural-ee,0,http0,1e-10,0,40538cca80000000,78.19985961914062,40538cca80000000,78.19985961914062,1.7819985961914062e-08,tiny
worldpop1|B|http0,2,native-tiff,sum,8,0,0,5,7.633224595338106e-05,5.553494668936381e-09,1e-08,7,B,worldpop1,1.9291386706754565e-05,-7.633224595338106e-05,worldpop1-B-2-http0-native-tiff,worldpop1-B-2-http0-natural-ee,8,natural-ee,0,http0,1e-10,0,412a930c6f32d917,870790.2171848145,412a930c6f3cda60,870790.2172611468,8.708902172611467e-05,hole
worldpop1|B|http0,2,native-tiff,support,8,0,0,3,1.0351315722800791e-05,5.553494653368278e-09,1e-08,7,B,worldpop1,2.2690219338983297e-06,-1.0351315722800791e-05,worldpop1-B-2-http0-native-tiff,worldpop1-B-2-http0-natural-ee,8,natural-ee,0,http0,1e-10,0,40fd56acd8478557,120170.8028025826,40fd56acd8526000,120170.80281293392,1.2027080281293393e-05,hole
worldpop1|B|http0,2,native-tiff,mean,8,0,0,0,1.2983235819774563e-08,3.5511426302880384e-10,1e-08,6,B,worldpop1,1.2983235819774563e-08,-1.2857420017553522e-08,worldpop1-B-2-http0-native-tiff,worldpop1-B-2-http0-natural-ee,8,natural-ee,0,http0,1e-10,0,40510ba01434702d,68.18164544220845,40510ba014267f5f,68.18164542922521,1.681816454292252e-08,compact
worldpop1|B|http0,2,native-tiff,min,8,0,0,0,0.0,0.0,1e-08,0,B,worldpop1,0.0,0.0,worldpop1-B-2-http0-native-tiff,worldpop1-B-2-http0-natural-ee,8,natural-ee,0,http0,1e-10,0,40463b1c20000000,44.461795806884766,40463b1c20000000,44.461795806884766,1.4446179580688476e-08,tiny
worldpop1|B|http0,2,native-tiff,max,8,0,0,0,0.0,0.0,1e-08,0,B,worldpop1,0.0,0.0,worldpop1-B-2-http0-native-tiff,worldpop1-B-2-http0-natural-ee,8,natural-ee,0,http0,1e-10,0,40463b1c20000000,44.461795806884766,40463b1c20000000,44.461795806884766,1.4446179580688476e-08,tiny
worldpop1|B|http0,2,native-cog,sum,8,0,0,5,7.633224595338106e-05,5.553494668936381e-09,1e-08,7,B,worldpop1,1.9291386706754565e-05,-7.633224595338106e-05,worldpop1-B-2-http0-native-cog,worldpop1-B-2-http0-natural-ee,8,natural-ee,0,http0,1e-10,0,412a930c6f32d917,870790.2171848145,412a930c6f3cda60,870790.2172611468,8.708902172611467e-05,hole
worldpop1|B|http0,2,native-cog,support,8,0,0,3,1.0351315722800791e-05,5.553494653368278e-09,1e-08,7,B,worldpop1,2.2690219338983297e-06,-1.0351315722800791e-05,worldpop1-B-2-http0-native-cog,worldpop1-B-2-http0-natural-ee,8,natural-ee,0,http0,1e-10,0,40fd56acd8478557,120170.8028025826,40fd56acd8526000,120170.80281293392,1.2027080281293393e-05,hole
worldpop1|B|http0,2,native-cog,mean,8,0,0,0,1.2983235819774563e-08,3.5511426302880384e-10,1e-08,6,B,worldpop1,1.2983235819774563e-08,-1.2857420017553522e-08,worldpop1-B-2-http0-native-cog,worldpop1-B-2-http0-natural-ee,8,natural-ee,0,http0,1e-10,0,40510ba01434702d,68.18164544220845,40510ba014267f5f,68.18164542922521,1.681816454292252e-08,compact
worldpop1|B|http0,2,native-cog,min,8,0,0,0,0.0,0.0,1e-08,0,B,worldpop1,0.0,0.0,worldpop1-B-2-http0-native-cog,worldpop1-B-2-http0-natural-ee,8,natural-ee,0,http0,1e-10,0,40463b1c20000000,44.461795806884766,40463b1c20000000,44.461795806884766,1.4446179580688476e-08,tiny
worldpop1|B|http0,2,native-cog,max,8,0,0,0,0.0,0.0,1e-08,0,B,worldpop1,0.0,0.0,worldpop1-B-2-http0-native-cog,worldpop1-B-2-http0-natural-ee,8,natural-ee,0,http0,1e-10,0,40463b1c20000000,44.461795806884766,40463b1c20000000,44.461795806884766,1.4446179580688476e-08,tiny
worldpop1|B|http0,2,native-rsi64,sum,8,0,0,5,7.633224595338106e-05,5.553494668936381e-09,1e-08,7,B,worldpop1,1.9291386706754565e-05,-7.633224595338106e-05,worldpop1-B-2-http0-native-rsi64,worldpop1-B-2-http0-natural-ee,8,natural-ee,0,http0,1e-10,0,412a930c6f32d917,870790.2171848145,412a930c6f3cda60,870790.2172611468,8.708902172611467e-05,hole
worldpop1|B|http0,2,native-rsi64,support,8,0,0,3,1.0351315722800791e-05,5.553494653368278e-09,1e-08,7,B,worldpop1,2.2690219338983297e-06,-1.0351315722800791e-05,worldpop1-B-2-http0-native-rsi64,worldpop1-B-2-http0-natural-ee,8,natural-ee,0,http0,1e-10,0,40fd56acd8478557,120170.8028025826,40fd56acd8526000,120170.80281293392,1.2027080281293393e-05,hole
worldpop1|B|http0,2,native-rsi64,mean,8,0,0,0,1.2983235819774563e-08,3.5511426302880384e-10,1e-08,6,B,worldpop1,1.2983235819774563e-08,-1.2857420017553522e-08,worldpop1-B-2-http0-native-rsi64,worldpop1-B-2-http0-natural-ee,8,natural-ee,0,http0,1e-10,0,40510ba01434702d,68.18164544220845,40510ba014267f5f,68.18164542922521,1.681816454292252e-08,compact
worldpop1|B|http0,2,native-rsi64,min,8,0,0,0,0.0,0.0,1e-08,0,B,worldpop1,0.0,0.0,worldpop1-B-2-http0-native-rsi64,worldpop1-B-2-http0-natural-ee,8,natural-ee,0,http0,1e-10,0,40463b1c20000000,44.461795806884766,40463b1c20000000,44.461795806884766,1.4446179580688476e-08,tiny
worldpop1|B|http0,2,native-rsi64,max,8,0,0,0,0.0,0.0,1e-08,0,B,worldpop1,0.0,0.0,worldpop1-B-2-http0-native-rsi64,worldpop1-B-2-http0-natural-ee,8,natural-ee,0,http0,1e-10,0,40463b1c20000000,44.461795806884766,40463b1c20000000,44.461795806884766,1.4446179580688476e-08,tiny
worldpop1|B|http0,2,native-rsi256,sum,8,0,0,5,7.633224595338106e-05,5.553494668936381e-09,1e-08,7,B,worldpop1,1.9291386706754565e-05,-7.633224595338106e-05,worldpop1-B-2-http0-native-rsi256,worldpop1-B-2-http0-natural-ee,8,natural-ee,0,http0,1e-10,0,412a930c6f32d917,870790.2171848145,412a930c6f3cda60,870790.2172611468,8.708902172611467e-05,hole
worldpop1|B|http0,2,native-rsi256,support,8,0,0,3,1.0351315722800791e-05,5.553494653368278e-09,1e-08,7,B,worldpop1,2.2690219338983297e-06,-1.0351315722800791e-05,worldpop1-B-2-http0-native-rsi256,worldpop1-B-2-http0-natural-ee,8,natural-ee,0,http0,1e-10,0,40fd56acd8478557,120170.8028025826,40fd56acd8526000,120170.80281293392,1.2027080281293393e-05,hole
worldpop1|B|http0,2,native-rsi256,mean,8,0,0,0,1.2983235819774563e-08,3.5511426302880384e-10,1e-08,6,B,worldpop1,1.2983235819774563e-08,-1.2857420017553522e-08,worldpop1-B-2-http0-native-rsi256,worldpop1-B-2-http0-natural-ee,8,natural-ee,0,http0,1e-10,0,40510ba01434702d,68.18164544220845,40510ba014267f5f,68.18164542922521,1.681816454292252e-08,compact
worldpop1|B|http0,2,native-rsi256,min,8,0,0,0,0.0,0.0,1e-08,0,B,worldpop1,0.0,0.0,worldpop1-B-2-http0-native-rsi256,worldpop1-B-2-http0-natural-ee,8,natural-ee,0,http0,1e-10,0,40463b1c20000000,44.461795806884766,40463b1c20000000,44.461795806884766,1.4446179580688476e-08,tiny
worldpop1|B|http0,2,native-rsi256,max,8,0,0,0,0.0,0.0,1e-08,0,B,worldpop1,0.0,0.0,worldpop1-B-2-http0-native-rsi256,worldpop1-B-2-http0-natural-ee,8,natural-ee,0,http0,1e-10,0,40463b1c20000000,44.461795806884766,40463b1c20000000,44.461795806884766,1.4446179580688476e-08,tiny
worldpop1|B|http0,2,native-skv-raw,sum,8,0,0,5,7.633224595338106e-05,5.553494668936381e-09,1e-08,7,B,worldpop1,1.9291386706754565e-05,-7.633224595338106e-05,worldpop1-B-2-http0-native-skv-raw,worldpop1-B-2-http0-natural-ee,8,natural-ee,0,http0,1e-10,0,412a930c6f32d917,870790.2171848145,412a930c6f3cda60,870790.2172611468,8.708902172611467e-05,hole
worldpop1|B|http0,2,native-skv-raw,support,8,0,0,3,1.0351315722800791e-05,5.553494653368278e-09,1e-08,7,B,worldpop1,2.2690219338983297e-06,-1.0351315722800791e-05,worldpop1-B-2-http0-native-skv-raw,worldpop1-B-2-http0-natural-ee,8,natural-ee,0,http0,1e-10,0,40fd56acd8478557,120170.8028025826,40fd56acd8526000,120170.80281293392,1.2027080281293393e-05,hole
worldpop1|B|http0,2,native-skv-raw,mean,8,0,0,0,1.2983235819774563e-08,3.5511426302880384e-10,1e-08,6,B,worldpop1,1.2983235819774563e-08,-1.2857420017553522e-08,worldpop1-B-2-http0-native-skv-raw,worldpop1-B-2-http0-natural-ee,8,natural-ee,0,http0,1e-10,0,40510ba01434702d,68.18164544220845,40510ba014267f5f,68.18164542922521,1.681816454292252e-08,compact
worldpop1|B|http0,2,native-skv-raw,min,8,0,0,0,0.0,0.0,1e-08,0,B,worldpop1,0.0,0.0,worldpop1-B-2-http0-native-skv-raw,worldpop1-B-2-http0-natural-ee,8,natural-ee,0,http0,1e-10,0,40463b1c20000000,44.461795806884766,40463b1c20000000,44.461795806884766,1.4446179580688476e-08,tiny
worldpop1|B|http0,2,native-skv-raw,max,8,0,0,0,0.0,0.0,1e-08,0,B,worldpop1,0.0,0.0,worldpop1-B-2-http0-native-skv-raw,worldpop1-B-2-http0-natural-ee,8,natural-ee,0,http0,1e-10,0,40463b1c20000000,44.461795806884766,40463b1c20000000,44.461795806884766,1.4446179580688476e-08,tiny
worldpop1|B|http0,2,native-skv-summary,sum,8,0,0,5,7.633224595338106e-05,5.553494668936381e-09,1e-08,7,B,worldpop1,1.9291386706754565e-05,-7.633224595338106e-05,worldpop1-B-2-http0-native-skv-summary,worldpop1-B-2-http0-natural-ee,8,natural-ee,0,http0,1e-10,0,412a930c6f32d917,870790.2171848145,412a930c6f3cda60,870790.2172611468,8.708902172611467e-05,hole
worldpop1|B|http0,2,native-skv-summary,support,8,0,0,3,1.0351315722800791e-05,5.553494653368278e-09,1e-08,7,B,worldpop1,2.2690219338983297e-06,-1.0351315722800791e-05,worldpop1-B-2-http0-native-skv-summary,worldpop1-B-2-http0-natural-ee,8,natural-ee,0,http0,1e-10,0,40fd56acd8478557,120170.8028025826,40fd56acd8526000,120170.80281293392,1.2027080281293393e-05,hole
worldpop1|B|http0,2,native-skv-summary,mean,8,0,0,0,1.2983235819774563e-08,3.5511426302880384e-10,1e-08,6,B,worldpop1,1.2983235819774563e-08,-1.2857420017553522e-08,worldpop1-B-2-http0-native-skv-summary,worldpop1-B-2-http0-natural-ee,8,natural-ee,0,http0,1e-10,0,40510ba01434702d,68.18164544220845,40510ba014267f5f,68.18164542922521,1.681816454292252e-08,compact
worldpop1|B|http0,2,native-skv-summary,min,8,0,0,0,0.0,0.0,1e-08,0,B,worldpop1,0.0,0.0,worldpop1-B-2-http0-native-skv-summary,worldpop1-B-2-http0-natural-ee,8,natural-ee,0,http0,1e-10,0,40463b1c20000000,44.461795806884766,40463b1c20000000,44.461795806884766,1.4446179580688476e-08,tiny
worldpop1|B|http0,2,native-skv-summary,max,8,0,0,0,0.0,0.0,1e-08,0,B,worldpop1,0.0,0.0,worldpop1-B-2-http0-native-skv-summary,worldpop1-B-2-http0-natural-ee,8,natural-ee,0,http0,1e-10,0,40463b1c20000000,44.461795806884766,40463b1c20000000,44.461795806884766,1.4446179580688476e-08,tiny
worldpop1|B|local,0,native-tiff,sum,8,0,0,6,0.00017009582370519638,2.999524484271767e-08,1e-08,8,B,worldpop1,0.00017009582370519638,-2.73770529020112e-05,worldpop1-B-0-local-native-tiff,worldpop1-B-0-local-natural-ee,8,natural-ee,0,local,1e-10,0,412c1ff8274382c2,921596.0766869413,412c1ff8272d374a,921596.0765168455,9.216960765168455e-05,hole
worldpop1|B|local,0,native-tiff,support,8,0,0,5,1.6627716831862926e-05,2.9804140488866255e-08,1e-08,8,B,worldpop1,1.6627716831862926e-05,-3.7071959013701417e-07,worldpop1-B-0-local-native-tiff,worldpop1-B-0-local-natural-ee,8,natural-ee,0,local,1e-10,0,40fe5881f83aaf78,124296.12310284178,40fe5881f8294000,124296.12308621407,1.2439612308621408e-05,hole
worldpop1|B|local,0,native-tiff,mean,8,0,0,0,1.458349174754403e-08,3.115968317533694e-10,1e-08,8,B,worldpop1,9.665654943091795e-10,-1.458349174754403e-08,worldpop1-B-0-local-native-tiff,worldpop1-B-0-local-natural-ee,8,natural-ee,0,local,1e-10,0,405313f2f710c096,76.31170441280332,405313f2f7206944,76.31170442738681,1.7631170442738684e-08,tiny
worldpop1|B|local,0,native-tiff,min,8,0,0,0,0.0,0.0,1e-08,0,B,worldpop1,0.0,0.0,worldpop1-B-0-local-native-tiff,worldpop1-B-0-local-natural-ee,8,natural-ee,0,local,1e-10,0,4052df6700000000,75.49066162109375,4052df6700000000,75.49066162109375,1.7549066162109376e-08,tiny
worldpop1|B|local,0,native-tiff,max,8,0,0,0,0.0,0.0,1e-08,0,B,worldpop1,0.0,0.0,worldpop1-B-0-local-native-tiff,worldpop1-B-0-local-natural-ee,8,natural-ee,0,local,1e-10,0,40538cca80000000,78.19985961914062,40538cca80000000,78.19985961914062,1.7819985961914062e-08,tiny
worldpop1|B|local,0,native-cog,sum,8,0,0,6,0.00017009582370519638,2.999524484271767e-08,1e-08,8,B,worldpop1,0.00017009582370519638,-2.73770529020112e-05,worldpop1-B-0-local-native-cog,worldpop1-B-0-local-natural-ee,8,natural-ee,0,local,1e-10,0,412c1ff8274382c2,921596.0766869413,412c1ff8272d374a,921596.0765168455,9.216960765168455e-05,hole
worldpop1|B|local,0,native-cog,support,8,0,0,5,1.6627716831862926e-05,2.9804140488866255e-08,1e-08,8,B,worldpop1,1.6627716831862926e-05,-3.7071959013701417e-07,worldpop1-B-0-local-native-cog,worldpop1-B-0-local-natural-ee,8,natural-ee,0,local,1e-10,0,40fe5881f83aaf78,124296.12310284178,40fe5881f8294000,124296.12308621407,1.2439612308621408e-05,hole
worldpop1|B|local,0,native-cog,mean,8,0,0,0,1.458349174754403e-08,3.115968317533694e-10,1e-08,8,B,worldpop1,9.665654943091795e-10,-1.458349174754403e-08,worldpop1-B-0-local-native-cog,worldpop1-B-0-local-natural-ee,8,natural-ee,0,local,1e-10,0,405313f2f710c096,76.31170441280332,405313f2f7206944,76.31170442738681,1.7631170442738684e-08,tiny
worldpop1|B|local,0,native-cog,min,8,0,0,0,0.0,0.0,1e-08,0,B,worldpop1,0.0,0.0,worldpop1-B-0-local-native-cog,worldpop1-B-0-local-natural-ee,8,natural-ee,0,local,1e-10,0,4052df6700000000,75.49066162109375,4052df6700000000,75.49066162109375,1.7549066162109376e-08,tiny
worldpop1|B|local,0,native-cog,max,8,0,0,0,0.0,0.0,1e-08,0,B,worldpop1,0.0,0.0,worldpop1-B-0-local-native-cog,worldpop1-B-0-local-natural-ee,8,natural-ee,0,local,1e-10,0,40538cca80000000,78.19985961914062,40538cca80000000,78.19985961914062,1.7819985961914062e-08,tiny
worldpop1|B|local,0,native-rsi64,sum,8,0,0,6,0.00017009582370519638,2.999524484271767e-08,1e-08,8,B,worldpop1,0.00017009582370519638,-2.73770529020112e-05,worldpop1-B-0-local-native-rsi64,worldpop1-B-0-local-natural-ee,8,natural-ee,0,local,1e-10,0,412c1ff8274382c2,921596.0766869413,412c1ff8272d374a,921596.0765168455,9.216960765168455e-05,hole
worldpop1|B|local,0,native-rsi64,support,8,0,0,5,1.6627716831862926e-05,2.9804140488866255e-08,1e-08,8,B,worldpop1,1.6627716831862926e-05,-3.7071959013701417e-07,worldpop1-B-0-local-native-rsi64,worldpop1-B-0-local-natural-ee,8,natural-ee,0,local,1e-10,0,40fe5881f83aaf78,124296.12310284178,40fe5881f8294000,124296.12308621407,1.2439612308621408e-05,hole
worldpop1|B|local,0,native-rsi64,mean,8,0,0,0,1.458349174754403e-08,3.115968317533694e-10,1e-08,8,B,worldpop1,9.665654943091795e-10,-1.458349174754403e-08,worldpop1-B-0-local-native-rsi64,worldpop1-B-0-local-natural-ee,8,natural-ee,0,local,1e-10,0,405313f2f710c096,76.31170441280332,405313f2f7206944,76.31170442738681,1.7631170442738684e-08,tiny
worldpop1|B|local,0,native-rsi64,min,8,0,0,0,0.0,0.0,1e-08,0,B,worldpop1,0.0,0.0,worldpop1-B-0-local-native-rsi64,worldpop1-B-0-local-natural-ee,8,natural-ee,0,local,1e-10,0,4052df6700000000,75.49066162109375,4052df6700000000,75.49066162109375,1.7549066162109376e-08,tiny
worldpop1|B|local,0,native-rsi64,max,8,0,0,0,0.0,0.0,1e-08,0,B,worldpop1,0.0,0.0,worldpop1-B-0-local-native-rsi64,worldpop1-B-0-local-natural-ee,8,natural-ee,0,local,1e-10,0,40538cca80000000,78.19985961914062,40538cca80000000,78.19985961914062,1.7819985961914062e-08,tiny
worldpop1|B|local,0,native-rsi256,sum,8,0,0,6,0.00017009582370519638,2.999524484271767e-08,1e-08,8,B,worldpop1,0.00017009582370519638,-2.73770529020112e-05,worldpop1-B-0-local-native-rsi256,worldpop1-B-0-local-natural-ee,8,natural-ee,0,local,1e-10,0,412c1ff8274382c2,921596.0766869413,412c1ff8272d374a,921596.0765168455,9.216960765168455e-05,hole
worldpop1|B|local,0,native-rsi256,support,8,0,0,5,1.6627716831862926e-05,2.9804140488866255e-08,1e-08,8,B,worldpop1,1.6627716831862926e-05,-3.7071959013701417e-07,worldpop1-B-0-local-native-rsi256,worldpop1-B-0-local-natural-ee,8,natural-ee,0,local,1e-10,0,40fe5881f83aaf78,124296.12310284178,40fe5881f8294000,124296.12308621407,1.2439612308621408e-05,hole
worldpop1|B|local,0,native-rsi256,mean,8,0,0,0,1.458349174754403e-08,3.115968317533694e-10,1e-08,8,B,worldpop1,9.665654943091795e-10,-1.458349174754403e-08,worldpop1-B-0-local-native-rsi256,worldpop1-B-0-local-natural-ee,8,natural-ee,0,local,1e-10,0,405313f2f710c096,76.31170441280332,405313f2f7206944,76.31170442738681,1.7631170442738684e-08,tiny
worldpop1|B|local,0,native-rsi256,min,8,0,0,0,0.0,0.0,1e-08,0,B,worldpop1,0.0,0.0,worldpop1-B-0-local-native-rsi256,worldpop1-B-0-local-natural-ee,8,natural-ee,0,local,1e-10,0,4052df6700000000,75.49066162109375,4052df6700000000,75.49066162109375,1.7549066162109376e-08,tiny
worldpop1|B|local,0,native-rsi256,max,8,0,0,0,0.0,0.0,1e-08,0,B,worldpop1,0.0,0.0,worldpop1-B-0-local-native-rsi256,worldpop1-B-0-local-natural-ee,8,natural-ee,0,local,1e-10,0,40538cca80000000,78.19985961914062,40538cca80000000,78.19985961914062,1.7819985961914062e-08,tiny
worldpop1|B|local,0,native-skv-raw,sum,8,0,0,6,0.00017009582370519638,2.999524484271767e-08,1e-08,8,B,worldpop1,0.00017009582370519638,-2.73770529020112e-05,worldpop1-B-0-local-native-skv-raw,worldpop1-B-0-local-natural-ee,8,natural-ee,0,local,1e-10,0,412c1ff8274382c2,921596.0766869413,412c1ff8272d374a,921596.0765168455,9.216960765168455e-05,hole
worldpop1|B|local,0,native-skv-raw,support,8,0,0,5,1.6627716831862926e-05,2.9804140488866255e-08,1e-08,8,B,worldpop1,1.6627716831862926e-05,-3.7071959013701417e-07,worldpop1-B-0-local-native-skv-raw,worldpop1-B-0-local-natural-ee,8,natural-ee,0,local,1e-10,0,40fe5881f83aaf78,124296.12310284178,40fe5881f8294000,124296.12308621407,1.2439612308621408e-05,hole
worldpop1|B|local,0,native-skv-raw,mean,8,0,0,0,1.458349174754403e-08,3.115968317533694e-10,1e-08,8,B,worldpop1,9.665654943091795e-10,-1.458349174754403e-08,worldpop1-B-0-local-native-skv-raw,worldpop1-B-0-local-natural-ee,8,natural-ee,0,local,1e-10,0,405313f2f710c096,76.31170441280332,405313f2f7206944,76.31170442738681,1.7631170442738684e-08,tiny
worldpop1|B|local,0,native-skv-raw,min,8,0,0,0,0.0,0.0,1e-08,0,B,worldpop1,0.0,0.0,worldpop1-B-0-local-native-skv-raw,worldpop1-B-0-local-natural-ee,8,natural-ee,0,local,1e-10,0,4052df6700000000,75.49066162109375,4052df6700000000,75.49066162109375,1.7549066162109376e-08,tiny
worldpop1|B|local,0,native-skv-raw,max,8,0,0,0,0.0,0.0,1e-08,0,B,worldpop1,0.0,0.0,worldpop1-B-0-local-native-skv-raw,worldpop1-B-0-local-natural-ee,8,natural-ee,0,local,1e-10,0,40538cca80000000,78.19985961914062,40538cca80000000,78.19985961914062,1.7819985961914062e-08,tiny
worldpop1|B|local,0,native-skv-summary,sum,8,0,0,6,0.00017009582370519638,2.999524484271767e-08,1e-08,8,B,worldpop1,0.00017009582370519638,-2.73770529020112e-05,worldpop1-B-0-local-native-skv-summary,worldpop1-B-0-local-natural-ee,8,natural-ee,0,local,1e-10,0,412c1ff8274382c2,921596.0766869413,412c1ff8272d374a,921596.0765168455,9.216960765168455e-05,hole
worldpop1|B|local,0,native-skv-summary,support,8,0,0,5,1.6627716831862926e-05,2.9804140488866255e-08,1e-08,8,B,worldpop1,1.6627716831862926e-05,-3.7071959013701417e-07,worldpop1-B-0-local-native-skv-summary,worldpop1-B-0-local-natural-ee,8,natural-ee,0,local,1e-10,0,40fe5881f83aaf78,124296.12310284178,40fe5881f8294000,124296.12308621407,1.2439612308621408e-05,hole
worldpop1|B|local,0,native-skv-summary,mean,8,0,0,0,1.458349174754403e-08,3.115968317533694e-10,1e-08,8,B,worldpop1,9.665654943091795e-10,-1.458349174754403e-08,worldpop1-B-0-local-native-skv-summary,worldpop1-B-0-local-natural-ee,8,natural-ee,0,local,1e-10,0,405313f2f710c096,76.31170441280332,405313f2f7206944,76.31170442738681,1.7631170442738684e-08,tiny
worldpop1|B|local,0,native-skv-summary,min,8,0,0,0,0.0,0.0,1e-08,0,B,worldpop1,0.0,0.0,worldpop1-B-0-local-native-skv-summary,worldpop1-B-0-local-natural-ee,8,natural-ee,0,local,1e-10,0,4052df6700000000,75.49066162109375,4052df6700000000,75.49066162109375,1.7549066162109376e-08,tiny
worldpop1|B|local,0,native-skv-summary,max,8,0,0,0,0.0,0.0,1e-08,0,B,worldpop1,0.0,0.0,worldpop1-B-0-local-native-skv-summary,worldpop1-B-0-local-natural-ee,8,natural-ee,0,local,1e-10,0,40538cca80000000,78.19985961914062,40538cca80000000,78.19985961914062,1.7819985961914062e-08,tiny
worldpop1|B|local,1,native-tiff,sum,8,0,0,5,4.119332879781723e-05,2.1911080298087113e-08,1e-08,8,B,worldpop1,3.216983168385923e-05,-4.119332879781723e-05,worldpop1-B-1-local-native-tiff,worldpop1-B-1-local-natural-ee,8,natural-ee,0,local,1e-10,0,414bbe2829bb8e96,3636304.3260362847,414bbe2829bce824,3636304.326077478,0.0003636404326077478,interior
worldpop1|B|local,1,native-tiff,support,8,0,0,5,4.715460818260908e-06,2.1911080258048692e-08,1e-08,8,B,worldpop1,3.8776925066486e-06,-4.715460818260908e-06,worldpop1-B-1-local-native-tiff,worldpop1-B-1-local-natural-ee,8,natural-ee,0,local,1e-10,0,4106cb6579db991a,186732.6845008813,4106cb6579de1200,186732.68450559676,1.8683268450559678e-05,interior
worldpop1|B|local,1,native-tiff,mean,8,0,0,0,8.64925908672376e-09,9.069865796563251e-10,1e-08,6,B,worldpop1,4.2793146803887794e-10,-8.64925908672376e-09,worldpop1-B-1-local-native-tiff,worldpop1-B-1-local-natural-ee,8,natural-ee,0,local,1e-10,0,402312908f8ac4a9,9.536259160699347,402312908fd51095,9.536259169348606,1.095362591693486e-08,edge
worldpop1|B|local,1,native-tiff,min,8,0,0,0,0.0,0.0,1e-08,0,B,worldpop1,0.0,0.0,worldpop1-B-1-local-native-tiff,worldpop1-B-1-local-natural-ee,8,natural-ee,0,local,1e-10,0,40538cca80000000,78.19985961914062,40538cca80000000,78.19985961914062,1.7819985961914062e-08,tiny
worldpop1|B|local,1,native-tiff,max,8,0,0,0,0.0,0.0,1e-08,0,B,worldpop1,0.0,0.0,worldpop1-B-1-local-native-tiff,worldpop1-B-1-local-natural-ee,8,natural-ee,0,local,1e-10,0,40538cca80000000,78.19985961914062,40538cca80000000,78.19985961914062,1.7819985961914062e-08,tiny
worldpop1|B|local,1,native-cog,sum,8,0,0,5,4.119332879781723e-05,2.1911080298087113e-08,1e-08,8,B,worldpop1,3.216983168385923e-05,-4.119332879781723e-05,worldpop1-B-1-local-native-cog,worldpop1-B-1-local-natural-ee,8,natural-ee,0,local,1e-10,0,414bbe2829bb8e96,3636304.3260362847,414bbe2829bce824,3636304.326077478,0.0003636404326077478,interior
worldpop1|B|local,1,native-cog,support,8,0,0,5,4.715460818260908e-06,2.1911080258048692e-08,1e-08,8,B,worldpop1,3.8776925066486e-06,-4.715460818260908e-06,worldpop1-B-1-local-native-cog,worldpop1-B-1-local-natural-ee,8,natural-ee,0,local,1e-10,0,4106cb6579db991a,186732.6845008813,4106cb6579de1200,186732.68450559676,1.8683268450559678e-05,interior
worldpop1|B|local,1,native-cog,mean,8,0,0,0,8.64925908672376e-09,9.069865796563251e-10,1e-08,6,B,worldpop1,4.2793146803887794e-10,-8.64925908672376e-09,worldpop1-B-1-local-native-cog,worldpop1-B-1-local-natural-ee,8,natural-ee,0,local,1e-10,0,402312908f8ac4a9,9.536259160699347,402312908fd51095,9.536259169348606,1.095362591693486e-08,edge
worldpop1|B|local,1,native-cog,min,8,0,0,0,0.0,0.0,1e-08,0,B,worldpop1,0.0,0.0,worldpop1-B-1-local-native-cog,worldpop1-B-1-local-natural-ee,8,natural-ee,0,local,1e-10,0,40538cca80000000,78.19985961914062,40538cca80000000,78.19985961914062,1.7819985961914062e-08,tiny
worldpop1|B|local,1,native-cog,max,8,0,0,0,0.0,0.0,1e-08,0,B,worldpop1,0.0,0.0,worldpop1-B-1-local-native-cog,worldpop1-B-1-local-natural-ee,8,natural-ee,0,local,1e-10,0,40538cca80000000,78.19985961914062,40538cca80000000,78.19985961914062,1.7819985961914062e-08,tiny
worldpop1|B|local,1,native-rsi64,sum,8,0,0,5,4.119332879781723e-05,2.1911080298087113e-08,1e-08,8,B,worldpop1,3.216983168385923e-05,-4.119332879781723e-05,worldpop1-B-1-local-native-rsi64,worldpop1-B-1-local-natural-ee,8,natural-ee,0,local,1e-10,0,414bbe2829bb8e96,3636304.3260362847,414bbe2829bce824,3636304.326077478,0.0003636404326077478,interior
worldpop1|B|local,1,native-rsi64,support,8,0,0,5,4.715460818260908e-06,2.1911080258048692e-08,1e-08,8,B,worldpop1,3.8776925066486e-06,-4.715460818260908e-06,worldpop1-B-1-local-native-rsi64,worldpop1-B-1-local-natural-ee,8,natural-ee,0,local,1e-10,0,4106cb6579db991a,186732.6845008813,4106cb6579de1200,186732.68450559676,1.8683268450559678e-05,interior
worldpop1|B|local,1,native-rsi64,mean,8,0,0,0,8.64925908672376e-09,9.069865796563251e-10,1e-08,6,B,worldpop1,4.2793146803887794e-10,-8.64925908672376e-09,worldpop1-B-1-local-native-rsi64,worldpop1-B-1-local-natural-ee,8,natural-ee,0,local,1e-10,0,402312908f8ac4a9,9.536259160699347,402312908fd51095,9.536259169348606,1.095362591693486e-08,edge
worldpop1|B|local,1,native-rsi64,min,8,0,0,0,0.0,0.0,1e-08,0,B,worldpop1,0.0,0.0,worldpop1-B-1-local-native-rsi64,worldpop1-B-1-local-natural-ee,8,natural-ee,0,local,1e-10,0,40538cca80000000,78.19985961914062,40538cca80000000,78.19985961914062,1.7819985961914062e-08,tiny
worldpop1|B|local,1,native-rsi64,max,8,0,0,0,0.0,0.0,1e-08,0,B,worldpop1,0.0,0.0,worldpop1-B-1-local-native-rsi64,worldpop1-B-1-local-natural-ee,8,natural-ee,0,local,1e-10,0,40538cca80000000,78.19985961914062,40538cca80000000,78.19985961914062,1.7819985961914062e-08,tiny
worldpop1|B|local,1,native-rsi256,sum,8,0,0,5,4.119332879781723e-05,2.1911080298087113e-08,1e-08,8,B,worldpop1,3.216983168385923e-05,-4.119332879781723e-05,worldpop1-B-1-local-native-rsi256,worldpop1-B-1-local-natural-ee,8,natural-ee,0,local,1e-10,0,414bbe2829bb8e96,3636304.3260362847,414bbe2829bce824,3636304.326077478,0.0003636404326077478,interior
worldpop1|B|local,1,native-rsi256,support,8,0,0,5,4.715460818260908e-06,2.1911080258048692e-08,1e-08,8,B,worldpop1,3.8776925066486e-06,-4.715460818260908e-06,worldpop1-B-1-local-native-rsi256,worldpop1-B-1-local-natural-ee,8,natural-ee,0,local,1e-10,0,4106cb6579db991a,186732.6845008813,4106cb6579de1200,186732.68450559676,1.8683268450559678e-05,interior
worldpop1|B|local,1,native-rsi256,mean,8,0,0,0,8.64925908672376e-09,9.069865796563251e-10,1e-08,6,B,worldpop1,4.2793146803887794e-10,-8.64925908672376e-09,worldpop1-B-1-local-native-rsi256,worldpop1-B-1-local-natural-ee,8,natural-ee,0,local,1e-10,0,402312908f8ac4a9,9.536259160699347,402312908fd51095,9.536259169348606,1.095362591693486e-08,edge
worldpop1|B|local,1,native-rsi256,min,8,0,0,0,0.0,0.0,1e-08,0,B,worldpop1,0.0,0.0,worldpop1-B-1-local-native-rsi256,worldpop1-B-1-local-natural-ee,8,natural-ee,0,local,1e-10,0,40538cca80000000,78.19985961914062,40538cca80000000,78.19985961914062,1.7819985961914062e-08,tiny
worldpop1|B|local,1,native-rsi256,max,8,0,0,0,0.0,0.0,1e-08,0,B,worldpop1,0.0,0.0,worldpop1-B-1-local-native-rsi256,worldpop1-B-1-local-natural-ee,8,natural-ee,0,local,1e-10,0,40538cca80000000,78.19985961914062,40538cca80000000,78.19985961914062,1.7819985961914062e-08,tiny
worldpop1|B|local,1,native-skv-raw,sum,8,0,0,5,4.119332879781723e-05,2.1911080298087113e-08,1e-08,8,B,worldpop1,3.216983168385923e-05,-4.119332879781723e-05,worldpop1-B-1-local-native-skv-raw,worldpop1-B-1-local-natural-ee,8,natural-ee,0,local,1e-10,0,414bbe2829bb8e96,3636304.3260362847,414bbe2829bce824,3636304.326077478,0.0003636404326077478,interior
worldpop1|B|local,1,native-skv-raw,support,8,0,0,5,4.715460818260908e-06,2.1911080258048692e-08,1e-08,8,B,worldpop1,3.8776925066486e-06,-4.715460818260908e-06,worldpop1-B-1-local-native-skv-raw,worldpop1-B-1-local-natural-ee,8,natural-ee,0,local,1e-10,0,4106cb6579db991a,186732.6845008813,4106cb6579de1200,186732.68450559676,1.8683268450559678e-05,interior
worldpop1|B|local,1,native-skv-raw,mean,8,0,0,0,8.64925908672376e-09,9.069865796563251e-10,1e-08,6,B,worldpop1,4.2793146803887794e-10,-8.64925908672376e-09,worldpop1-B-1-local-native-skv-raw,worldpop1-B-1-local-natural-ee,8,natural-ee,0,local,1e-10,0,402312908f8ac4a9,9.536259160699347,402312908fd51095,9.536259169348606,1.095362591693486e-08,edge
worldpop1|B|local,1,native-skv-raw,min,8,0,0,0,0.0,0.0,1e-08,0,B,worldpop1,0.0,0.0,worldpop1-B-1-local-native-skv-raw,worldpop1-B-1-local-natural-ee,8,natural-ee,0,local,1e-10,0,40538cca80000000,78.19985961914062,40538cca80000000,78.19985961914062,1.7819985961914062e-08,tiny
worldpop1|B|local,1,native-skv-raw,max,8,0,0,0,0.0,0.0,1e-08,0,B,worldpop1,0.0,0.0,worldpop1-B-1-local-native-skv-raw,worldpop1-B-1-local-natural-ee,8,natural-ee,0,local,1e-10,0,40538cca80000000,78.19985961914062,40538cca80000000,78.19985961914062,1.7819985961914062e-08,tiny
worldpop1|B|local,1,native-skv-summary,sum,8,0,0,5,4.119332879781723e-05,2.1911080298087113e-08,1e-08,8,B,worldpop1,3.216983168385923e-05,-4.119332879781723e-05,worldpop1-B-1-local-native-skv-summary,worldpop1-B-1-local-natural-ee,8,natural-ee,0,local,1e-10,0,414bbe2829bb8e96,3636304.3260362847,414bbe2829bce824,3636304.326077478,0.0003636404326077478,interior
worldpop1|B|local,1,native-skv-summary,support,8,0,0,5,4.715460818260908e-06,2.1911080258048692e-08,1e-08,8,B,worldpop1,3.8776925066486e-06,-4.715460818260908e-06,worldpop1-B-1-local-native-skv-summary,worldpop1-B-1-local-natural-ee,8,natural-ee,0,local,1e-10,0,4106cb6579db991a,186732.6845008813,4106cb6579de1200,186732.68450559676,1.8683268450559678e-05,interior
worldpop1|B|local,1,native-skv-summary,mean,8,0,0,0,8.64925908672376e-09,9.069865796563251e-10,1e-08,6,B,worldpop1,4.2793146803887794e-10,-8.64925908672376e-09,worldpop1-B-1-local-native-skv-summary,worldpop1-B-1-local-natural-ee,8,natural-ee,0,local,1e-10,0,402312908f8ac4a9,9.536259160699347,402312908fd51095,9.536259169348606,1.095362591693486e-08,edge
worldpop1|B|local,1,native-skv-summary,min,8,0,0,0,0.0,0.0,1e-08,0,B,worldpop1,0.0,0.0,worldpop1-B-1-local-native-skv-summary,worldpop1-B-1-local-natural-ee,8,natural-ee,0,local,1e-10,0,40538cca80000000,78.19985961914062,40538cca80000000,78.19985961914062,1.7819985961914062e-08,tiny
worldpop1|B|local,1,native-skv-summary,max,8,0,0,0,0.0,0.0,1e-08,0,B,worldpop1,0.0,0.0,worldpop1-B-1-local-native-skv-summary,worldpop1-B-1-local-natural-ee,8,natural-ee,0,local,1e-10,0,40538cca80000000,78.19985961914062,40538cca80000000,78.19985961914062,1.7819985961914062e-08,tiny
worldpop1|B|local,2,native-tiff,sum,8,0,0,5,7.633224595338106e-05,5.553494668936381e-09,1e-08,7,B,worldpop1,1.9291386706754565e-05,-7.633224595338106e-05,worldpop1-B-2-local-native-tiff,worldpop1-B-2-local-natural-ee,8,natural-ee,0,local,1e-10,0,412a930c6f32d917,870790.2171848145,412a930c6f3cda60,870790.2172611468,8.708902172611467e-05,hole
worldpop1|B|local,2,native-tiff,support,8,0,0,3,1.0351315722800791e-05,5.553494653368278e-09,1e-08,7,B,worldpop1,2.2690219338983297e-06,-1.0351315722800791e-05,worldpop1-B-2-local-native-tiff,worldpop1-B-2-local-natural-ee,8,natural-ee,0,local,1e-10,0,40fd56acd8478557,120170.8028025826,40fd56acd8526000,120170.80281293392,1.2027080281293393e-05,hole
worldpop1|B|local,2,native-tiff,mean,8,0,0,0,1.2983235819774563e-08,3.5511426302880384e-10,1e-08,6,B,worldpop1,1.2983235819774563e-08,-1.2857420017553522e-08,worldpop1-B-2-local-native-tiff,worldpop1-B-2-local-natural-ee,8,natural-ee,0,local,1e-10,0,40510ba01434702d,68.18164544220845,40510ba014267f5f,68.18164542922521,1.681816454292252e-08,compact
worldpop1|B|local,2,native-tiff,min,8,0,0,0,0.0,0.0,1e-08,0,B,worldpop1,0.0,0.0,worldpop1-B-2-local-native-tiff,worldpop1-B-2-local-natural-ee,8,natural-ee,0,local,1e-10,0,40463b1c20000000,44.461795806884766,40463b1c20000000,44.461795806884766,1.4446179580688476e-08,tiny
worldpop1|B|local,2,native-tiff,max,8,0,0,0,0.0,0.0,1e-08,0,B,worldpop1,0.0,0.0,worldpop1-B-2-local-native-tiff,worldpop1-B-2-local-natural-ee,8,natural-ee,0,local,1e-10,0,40463b1c20000000,44.461795806884766,40463b1c20000000,44.461795806884766,1.4446179580688476e-08,tiny
worldpop1|B|local,2,native-cog,sum,8,0,0,5,7.633224595338106e-05,5.553494668936381e-09,1e-08,7,B,worldpop1,1.9291386706754565e-05,-7.633224595338106e-05,worldpop1-B-2-local-native-cog,worldpop1-B-2-local-natural-ee,8,natural-ee,0,local,1e-10,0,412a930c6f32d917,870790.2171848145,412a930c6f3cda60,870790.2172611468,8.708902172611467e-05,hole
worldpop1|B|local,2,native-cog,support,8,0,0,3,1.0351315722800791e-05,5.553494653368278e-09,1e-08,7,B,worldpop1,2.2690219338983297e-06,-1.0351315722800791e-05,worldpop1-B-2-local-native-cog,worldpop1-B-2-local-natural-ee,8,natural-ee,0,local,1e-10,0,40fd56acd8478557,120170.8028025826,40fd56acd8526000,120170.80281293392,1.2027080281293393e-05,hole
worldpop1|B|local,2,native-cog,mean,8,0,0,0,1.2983235819774563e-08,3.5511426302880384e-10,1e-08,6,B,worldpop1,1.2983235819774563e-08,-1.2857420017553522e-08,worldpop1-B-2-local-native-cog,worldpop1-B-2-local-natural-ee,8,natural-ee,0,local,1e-10,0,40510ba01434702d,68.18164544220845,40510ba014267f5f,68.18164542922521,1.681816454292252e-08,compact
worldpop1|B|local,2,native-cog,min,8,0,0,0,0.0,0.0,1e-08,0,B,worldpop1,0.0,0.0,worldpop1-B-2-local-native-cog,worldpop1-B-2-local-natural-ee,8,natural-ee,0,local,1e-10,0,40463b1c20000000,44.461795806884766,40463b1c20000000,44.461795806884766,1.4446179580688476e-08,tiny
worldpop1|B|local,2,native-cog,max,8,0,0,0,0.0,0.0,1e-08,0,B,worldpop1,0.0,0.0,worldpop1-B-2-local-native-cog,worldpop1-B-2-local-natural-ee,8,natural-ee,0,local,1e-10,0,40463b1c20000000,44.461795806884766,40463b1c20000000,44.461795806884766,1.4446179580688476e-08,tiny
worldpop1|B|local,2,native-rsi64,sum,8,0,0,5,7.633224595338106e-05,5.553494668936381e-09,1e-08,7,B,worldpop1,1.9291386706754565e-05,-7.633224595338106e-05,worldpop1-B-2-local-native-rsi64,worldpop1-B-2-local-natural-ee,8,natural-ee,0,local,1e-10,0,412a930c6f32d917,870790.2171848145,412a930c6f3cda60,870790.2172611468,8.708902172611467e-05,hole
worldpop1|B|local,2,native-rsi64,support,8,0,0,3,1.0351315722800791e-05,5.553494653368278e-09,1e-08,7,B,worldpop1,2.2690219338983297e-06,-1.0351315722800791e-05,worldpop1-B-2-local-native-rsi64,worldpop1-B-2-local-natural-ee,8,natural-ee,0,local,1e-10,0,40fd56acd8478557,120170.8028025826,40fd56acd8526000,120170.80281293392,1.2027080281293393e-05,hole
worldpop1|B|local,2,native-rsi64,mean,8,0,0,0,1.2983235819774563e-08,3.5511426302880384e-10,1e-08,6,B,worldpop1,1.2983235819774563e-08,-1.2857420017553522e-08,worldpop1-B-2-local-native-rsi64,worldpop1-B-2-local-natural-ee,8,natural-ee,0,local,1e-10,0,40510ba01434702d,68.18164544220845,40510ba014267f5f,68.18164542922521,1.681816454292252e-08,compact
worldpop1|B|local,2,native-rsi64,min,8,0,0,0,0.0,0.0,1e-08,0,B,worldpop1,0.0,0.0,worldpop1-B-2-local-native-rsi64,worldpop1-B-2-local-natural-ee,8,natural-ee,0,local,1e-10,0,40463b1c20000000,44.461795806884766,40463b1c20000000,44.461795806884766,1.4446179580688476e-08,tiny
worldpop1|B|local,2,native-rsi64,max,8,0,0,0,0.0,0.0,1e-08,0,B,worldpop1,0.0,0.0,worldpop1-B-2-local-native-rsi64,worldpop1-B-2-local-natural-ee,8,natural-ee,0,local,1e-10,0,40463b1c20000000,44.461795806884766,40463b1c20000000,44.461795806884766,1.4446179580688476e-08,tiny
worldpop1|B|local,2,native-rsi256,sum,8,0,0,5,7.633224595338106e-05,5.553494668936381e-09,1e-08,7,B,worldpop1,1.9291386706754565e-05,-7.633224595338106e-05,worldpop1-B-2-local-native-rsi256,worldpop1-B-2-local-natural-ee,8,natural-ee,0,local,1e-10,0,412a930c6f32d917,870790.2171848145,412a930c6f3cda60,870790.2172611468,8.708902172611467e-05,hole
worldpop1|B|local,2,native-rsi256,support,8,0,0,3,1.0351315722800791e-05,5.553494653368278e-09,1e-08,7,B,worldpop1,2.2690219338983297e-06,-1.0351315722800791e-05,worldpop1-B-2-local-native-rsi256,worldpop1-B-2-local-natural-ee,8,natural-ee,0,local,1e-10,0,40fd56acd8478557,120170.8028025826,40fd56acd8526000,120170.80281293392,1.2027080281293393e-05,hole
worldpop1|B|local,2,native-rsi256,mean,8,0,0,0,1.2983235819774563e-08,3.5511426302880384e-10,1e-08,6,B,worldpop1,1.2983235819774563e-08,-1.2857420017553522e-08,worldpop1-B-2-local-native-rsi256,worldpop1-B-2-local-natural-ee,8,natural-ee,0,local,1e-10,0,40510ba01434702d,68.18164544220845,40510ba014267f5f,68.18164542922521,1.681816454292252e-08,compact
worldpop1|B|local,2,native-rsi256,min,8,0,0,0,0.0,0.0,1e-08,0,B,worldpop1,0.0,0.0,worldpop1-B-2-local-native-rsi256,worldpop1-B-2-local-natural-ee,8,natural-ee,0,local,1e-10,0,40463b1c20000000,44.461795806884766,40463b1c20000000,44.461795806884766,1.4446179580688476e-08,tiny
worldpop1|B|local,2,native-rsi256,max,8,0,0,0,0.0,0.0,1e-08,0,B,worldpop1,0.0,0.0,worldpop1-B-2-local-native-rsi256,worldpop1-B-2-local-natural-ee,8,natural-ee,0,local,1e-10,0,40463b1c20000000,44.461795806884766,40463b1c20000000,44.461795806884766,1.4446179580688476e-08,tiny
worldpop1|B|local,2,native-skv-raw,sum,8,0,0,5,7.633224595338106e-05,5.553494668936381e-09,1e-08,7,B,worldpop1,1.9291386706754565e-05,-7.633224595338106e-05,worldpop1-B-2-local-native-skv-raw,worldpop1-B-2-local-natural-ee,8,natural-ee,0,local,1e-10,0,412a930c6f32d917,870790.2171848145,412a930c6f3cda60,870790.2172611468,8.708902172611467e-05,hole
worldpop1|B|local,2,native-skv-raw,support,8,0,0,3,1.0351315722800791e-05,5.553494653368278e-09,1e-08,7,B,worldpop1,2.2690219338983297e-06,-1.0351315722800791e-05,worldpop1-B-2-local-native-skv-raw,worldpop1-B-2-local-natural-ee,8,natural-ee,0,local,1e-10,0,40fd56acd8478557,120170.8028025826,40fd56acd8526000,120170.80281293392,1.2027080281293393e-05,hole
worldpop1|B|local,2,native-skv-raw,mean,8,0,0,0,1.2983235819774563e-08,3.5511426302880384e-10,1e-08,6,B,worldpop1,1.2983235819774563e-08,-1.2857420017553522e-08,worldpop1-B-2-local-native-skv-raw,worldpop1-B-2-local-natural-ee,8,natural-ee,0,local,1e-10,0,40510ba01434702d,68.18164544220845,40510ba014267f5f,68.18164542922521,1.681816454292252e-08,compact
worldpop1|B|local,2,native-skv-raw,min,8,0,0,0,0.0,0.0,1e-08,0,B,worldpop1,0.0,0.0,worldpop1-B-2-local-native-skv-raw,worldpop1-B-2-local-natural-ee,8,natural-ee,0,local,1e-10,0,40463b1c20000000,44.461795806884766,40463b1c20000000,44.461795806884766,1.4446179580688476e-08,tiny
worldpop1|B|local,2,native-skv-raw,max,8,0,0,0,0.0,0.0,1e-08,0,B,worldpop1,0.0,0.0,worldpop1-B-2-local-native-skv-raw,worldpop1-B-2-local-natural-ee,8,natural-ee,0,local,1e-10,0,40463b1c20000000,44.461795806884766,40463b1c20000000,44.461795806884766,1.4446179580688476e-08,tiny
worldpop1|B|local,2,native-skv-summary,sum,8,0,0,5,7.633224595338106e-05,5.553494668936381e-09,1e-08,7,B,worldpop1,1.9291386706754565e-05,-7.633224595338106e-05,worldpop1-B-2-local-native-skv-summary,worldpop1-B-2-local-natural-ee,8,natural-ee,0,local,1e-10,0,412a930c6f32d917,870790.2171848145,412a930c6f3cda60,870790.2172611468,8.708902172611467e-05,hole
worldpop1|B|local,2,native-skv-summary,support,8,0,0,3,1.0351315722800791e-05,5.553494653368278e-09,1e-08,7,B,worldpop1,2.2690219338983297e-06,-1.0351315722800791e-05,worldpop1-B-2-local-native-skv-summary,worldpop1-B-2-local-natural-ee,8,natural-ee,0,local,1e-10,0,40fd56acd8478557,120170.8028025826,40fd56acd8526000,120170.80281293392,1.2027080281293393e-05,hole
worldpop1|B|local,2,native-skv-summary,mean,8,0,0,0,1.2983235819774563e-08,3.5511426302880384e-10,1e-08,6,B,worldpop1,1.2983235819774563e-08,-1.2857420017553522e-08,worldpop1-B-2-local-native-skv-summary,worldpop1-B-2-local-natural-ee,8,natural-ee,0,local,1e-10,0,40510ba01434702d,68.18164544220845,40510ba014267f5f,68.18164542922521,1.681816454292252e-08,compact
worldpop1|B|local,2,native-skv-summary,min,8,0,0,0,0.0,0.0,1e-08,0,B,worldpop1,0.0,0.0,worldpop1-B-2-local-native-skv-summary,worldpop1-B-2-local-natural-ee,8,natural-ee,0,local,1e-10,0,40463b1c20000000,44.461795806884766,40463b1c20000000,44.461795806884766,1.4446179580688476e-08,tiny
worldpop1|B|local,2,native-skv-summary,max,8,0,0,0,0.0,0.0,1e-08,0,B,worldpop1,0.0,0.0,worldpop1-B-2-local-native-skv-summary,worldpop1-B-2-local-natural-ee,8,natural-ee,0,local,1e-10,0,40463b1c20000000,44.461795806884766,40463b1c20000000,44.461795806884766,1.4446179580688476e-08,tiny
