candidate_lane,candidate_ms,candidate_task,case,cell,comparison_scope,control_lane,control_ms,control_task,dataset,delta_ms,delta_pct,eligible,outcome,regime,round,speedup
native-skv-summary,20.000406999997722,analytical36-A-0-http0-native-skv-summary,A,analytical36|A|http0,same native policy,native-tiff,38.60044799995421,analytical36-A-0-http0-native-tiff,analytical36,-18.60004099995649,-48.18607545689251,True,win,http0,0,1.92998312484134
native-skv-summary,19.20552699999689,analytical36-A-1-http0-native-skv-summary,A,analytical36|A|http0,same native policy,native-tiff,37.746292000065296,analytical36-A-1-http0-native-tiff,analytical36,-18.540765000068404,-49.11943403615998,True,win,http0,1,1.9653869430436044
native-skv-summary,18.22065599992584,analytical36-A-2-http0-native-skv-summary,A,analytical36|A|http0,same native policy,native-tiff,42.36420000000862,analytical36-A-2-http0-native-tiff,analytical36,-24.143544000082784,-56.99044004153948,True,win,http0,2,2.3250644762834582
native-skv-summary,20.000406999997722,analytical36-A-0-http0-native-skv-summary,A,analytical36|A|http0,same native policy,native-cog,43.07743799995478,analytical36-A-0-http0-native-cog,analytical36,-23.07703099995706,-53.57103874186131,True,win,http0,0,2.153828069596768
native-skv-summary,19.20552699999689,analytical36-A-1-http0-native-skv-summary,A,analytical36|A|http0,same native policy,native-cog,41.29149100003815,analytical36-A-1-http0-native-cog,analytical36,-22.08596400004126,-53.48793047948027,True,win,http0,1,2.1499795866077944
native-skv-summary,18.22065599992584,analytical36-A-2-http0-native-skv-summary,A,analytical36|A|http0,same native policy,native-cog,44.013333000009425,analytical36-A-2-http0-native-cog,analytical36,-25.792677000083586,-58.60196272815345,True,win,http0,2,2.41557345686064
native-skv-summary,20.000406999997722,analytical36-A-0-http0-native-skv-summary,A,analytical36|A|http0,same native policy,native-rsi64,44.880460000001676,analytical36-A-0-http0-native-rsi64,analytical36,-24.880053000003954,-55.43627003823719,True,win,http0,0,2.243977335061571
native-skv-summary,19.20552699999689,analytical36-A-1-http0-native-skv-summary,A,analytical36|A|http0,same native policy,native-rsi64,45.440335999956005,analytical36-A-1-http0-native-rsi64,analytical36,-26.234808999959114,-57.73462810658907,True,win,http0,1,2.366003078174494
native-skv-summary,18.22065599992584,analytical36-A-2-http0-native-skv-summary,A,analytical36|A|http0,same native policy,native-rsi64,44.52263499996434,analytical36-A-2-http0-native-rsi64,analytical36,-26.3019790000385,-59.07552192285917,True,win,http0,2,2.443525359358387
native-skv-summary,20.000406999997722,analytical36-A-0-http0-native-skv-summary,A,analytical36|A|http0,same native policy,native-rsi256,48.596078999935344,analytical36-A-0-http0-native-rsi256,analytical36,-28.595671999937622,-58.843578717483915,True,win,http0,0,2.4297545044928777
native-skv-summary,19.20552699999689,analytical36-A-1-http0-native-skv-summary,A,analytical36|A|http0,same native policy,native-rsi256,52.92849200003502,analytical36-A-1-http0-native-rsi256,analytical36,-33.72296500003813,-63.71419952795144,True,win,http0,1,2.7558989659613915
native-skv-summary,18.22065599992584,analytical36-A-2-http0-native-skv-summary,A,analytical36|A|http0,same native policy,native-rsi256,53.75283200004333,analytical36-A-2-http0-native-rsi256,analytical36,-35.53217600011749,-66.10289109993097,True,win,http0,2,2.9501041016449743
native-skv-summary,20.000406999997722,analytical36-A-0-http0-native-skv-summary,A,analytical36|A|http0,cross-policy latency,natural-ee,32.79365000003054,analytical36-A-0-http0-natural-ee,analytical36,-12.793243000032817,-39.011342134897774,True,win,http0,0,1.6396491331418543
native-skv-summary,19.20552699999689,analytical36-A-1-http0-native-skv-summary,A,analytical36|A|http0,cross-policy latency,natural-ee,31.31297499999164,analytical36-A-1-http0-natural-ee,analytical36,-12.107447999994747,-38.66591404999997,True,win,http0,1,1.6304147759130332
native-skv-summary,18.22065599992584,analytical36-A-2-http0-native-skv-summary,A,analytical36|A|http0,cross-policy latency,natural-ee,35.517576999950506,analytical36-A-2-http0-natural-ee,analytical36,-17.296921000024668,-48.69960864742764,True,win,http0,2,1.9493028681346638
native-skv-raw,21.570659999952113,analytical36-A-0-http0-native-skv-raw,A,analytical36|A|http0,same native policy,native-tiff,38.60044799995421,analytical36-A-0-http0-native-tiff,analytical36,-17.0297880000021,-44.11810971733359,True,win,http0,0,1.7894884996583278
native-skv-raw,20.394314999975904,analytical36-A-1-http0-native-skv-raw,A,analytical36|A|http0,same native policy,native-tiff,37.746292000065296,analytical36-A-1-http0-native-tiff,analytical36,-17.35197700008939,-45.970017399482245,True,win,http0,1,1.850824212537165
native-skv-raw,19.915181999976994,analytical36-A-2-http0-native-skv-raw,A,analytical36|A|http0,same native policy,native-tiff,42.36420000000862,analytical36-A-2-http0-native-tiff,analytical36,-22.44901800003163,-52.990539181731414,True,win,http0,2,2.12723137554342
native-skv-raw,21.570659999952113,analytical36-A-0-http0-native-skv-raw,A,analytical36|A|http0,same native policy,native-cog,43.07743799995478,analytical36-A-0-http0-native-cog,analytical36,-21.50677800000267,-49.92585213639039,True,win,http0,0,1.9970384772672887
native-skv-raw,20.394314999975904,analytical36-A-1-http0-native-skv-raw,A,analytical36|A|http0,same native policy,native-cog,41.29149100003815,analytical36-A-1-http0-native-cog,analytical36,-20.897176000062245,-50.60891601139552,True,win,http0,1,2.0246569203274016
native-skv-raw,19.915181999976994,analytical36-A-2-http0-native-skv-raw,A,analytical36|A|http0,same native policy,native-cog,44.013333000009425,analytical36-A-2-http0-native-cog,analytical36,-24.09815100003243,-54.75193391972218,True,win,http0,2,2.2100392052686373
native-skv-raw,21.570659999952113,analytical36-A-0-http0-native-skv-raw,A,analytical36|A|http0,same native policy,native-rsi64,44.880460000001676,analytical36-A-0-http0-native-rsi64,analytical36,-23.309800000049563,-51.93752470462356,True,win,http0,0,2.080625256719141
native-skv-raw,20.394314999975904,analytical36-A-1-http0-native-skv-raw,A,analytical36|A|http0,same native policy,native-rsi64,45.440335999956005,analytical36-A-1-http0-native-rsi64,analytical36,-25.0460209999801,-55.11847667676655,True,win,http0,1,2.2280883667830813
native-skv-raw,19.915181999976994,analytical36-A-2-http0-native-skv-raw,A,analytical36|A|http0,same native policy,native-rsi64,44.52263499996434,analytical36-A-2-http0-native-rsi64,analytical36,-24.607452999987345,-55.2695342492803,True,win,http0,2,2.2356127601553313
native-skv-raw,21.570659999952113,analytical36-A-0-http0-native-skv-raw,A,analytical36|A|http0,same native policy,native-rsi256,48.596078999935344,analytical36-A-0-http0-native-rsi256,analytical36,-27.02541899998323,-55.61234477378141,True,win,http0,0,2.2528786323665213
native-skv-raw,20.394314999975904,analytical36-A-1-http0-native-skv-raw,A,analytical36|A|http0,same native policy,native-rsi256,52.92849200003502,analytical36-A-1-http0-native-rsi256,analytical36,-32.53417700005912,-61.46817294556133,True,win,http0,1,2.595257158678659
native-skv-raw,19.915181999976994,analytical36-A-2-http0-native-skv-raw,A,analytical36|A|http0,same native policy,native-rsi256,53.75283200004333,analytical36-A-2-http0-native-rsi256,analytical36,-33.83765000006633,-62.95045068516401,True,win,http0,2,2.6990881629957197
native-skv-raw,21.570659999952113,analytical36-A-0-http0-native-skv-raw,A,analytical36|A|http0,cross-policy latency,natural-ee,32.79365000003054,analytical36-A-0-http0-natural-ee,analytical36,-11.222990000078426,-34.22305842767723,True,win,http0,0,1.520289597077852
native-skv-raw,20.394314999975904,analytical36-A-1-http0-native-skv-raw,A,analytical36|A|http0,cross-policy latency,natural-ee,31.31297499999164,analytical36-A-1-http0-natural-ee,analytical36,-10.918660000015734,-34.86944309832792,True,win,http0,1,1.535377628521901
native-skv-raw,19.915181999976994,analytical36-A-2-http0-native-skv-raw,A,analytical36|A|http0,cross-policy latency,natural-ee,35.517576999950506,analytical36-A-2-http0-natural-ee,analytical36,-15.602394999973512,-43.928658196462145,True,win,http0,2,1.7834422502386138
native-skv-summary,6.3319289999981265,analytical36-A-0-local-native-skv-summary,A,analytical36|A|local,same native policy,native-tiff,23.55034999993677,analytical36-A-0-local-native-tiff,analytical36,-17.218420999938644,-73.11322761651047,True,win,local,0,3.719301021844013
native-skv-summary,6.277950999958648,analytical36-A-1-local-native-skv-summary,A,analytical36|A|local,same native policy,native-tiff,22.61392100001558,analytical36-A-1-local-native-tiff,analytical36,-16.335970000056932,-72.23855606484906,True,win,local,1,3.602118111492832
native-skv-summary,6.141602000070634,analytical36-A-2-local-native-skv-summary,A,analytical36|A|local,same native policy,native-tiff,21.81764499999872,analytical36-A-2-local-native-tiff,analytical36,-15.676042999928086,-71.85029823305405,True,win,local,2,3.5524355045715756
native-skv-summary,6.3319289999981265,analytical36-A-0-local-native-skv-summary,A,analytical36|A|local,same native policy,native-cog,21.772166999994624,analytical36-A-0-local-native-cog,analytical36,-15.440237999996498,-70.91732302071864,True,win,local,0,3.438473015095568
native-skv-summary,6.277950999958648,analytical36-A-1-local-native-skv-summary,A,analytical36|A|local,same native policy,native-cog,22.172948999923392,analytical36-A-1-local-native-cog,analytical36,-15.894997999964744,-71.68644098725731,True,win,local,1,3.531876722209116
native-skv-summary,6.141602000070634,analytical36-A-2-local-native-skv-summary,A,analytical36|A|local,same native policy,native-cog,21.658947999981137,analytical36-A-2-local-native-cog,analytical36,-15.517345999910503,-71.64404291438356,True,win,local,2,3.526595829513544
native-skv-summary,6.3319289999981265,analytical36-A-0-local-native-skv-summary,A,analytical36|A|local,same native policy,native-rsi64,23.660935999998856,analytical36-A-0-local-native-rsi64,analytical36,-17.32900700000073,-73.23889046486399,True,win,local,0,3.7367658418162706
native-skv-summary,6.277950999958648,analytical36-A-1-local-native-skv-summary,A,analytical36|A|local,same native policy,native-rsi64,22.18716000004406,analytical36-A-1-local-native-rsi64,analytical36,-15.909209000085411,-71.70457598022378,True,win,local,1,3.5341403588830502
native-skv-summary,6.141602000070634,analytical36-A-2-local-native-skv-summary,A,analytical36|A|local,same native policy,native-rsi64,24.29057900008047,analytical36-A-2-local-native-rsi64,analytical36,-18.148977000009836,-74.7161152476016,True,win,local,2,3.9550884280357317
native-skv-summary,6.3319289999981265,analytical36-A-0-local-native-skv-summary,A,analytical36|A|local,same native policy,native-rsi256,28.17682500005958,analytical36-A-0-local-native-rsi256,analytical36,-21.844896000061453,-77.5278832871172,True,win,local,0,4.449959088307515
native-skv-summary,6.277950999958648,analytical36-A-1-local-native-skv-summary,A,analytical36|A|local,same native policy,native-rsi256,30.201247000036346,analytical36-A-1-local-native-rsi256,analytical36,-23.9232960000777,-79.2129411081897,True,win,local,1,4.810685365374034
native-skv-summary,6.141602000070634,analytical36-A-2-local-native-skv-summary,A,analytical36|A|local,same native policy,native-rsi256,28.423246000102154,analytical36-A-2-local-native-rsi256,analytical36,-22.28164400003152,-78.39232718160143,True,win,local,2,4.627985662336188
native-skv-summary,6.3319289999981265,analytical36-A-0-local-native-skv-summary,A,analytical36|A|local,cross-policy latency,natural-ee,30.325708000020768,analytical36-A-0-local-natural-ee,analytical36,-23.99377900002264,-79.12025994580641,True,win,local,0,4.7893316554923056
native-skv-summary,6.277950999958648,analytical36-A-1-local-native-skv-summary,A,analytical36|A|local,cross-policy latency,natural-ee,27.317429999982323,analytical36-A-1-local-natural-ee,analytical36,-21.039479000023675,-77.01851528506631,True,win,local,1,4.351328960701073
native-skv-summary,6.141602000070634,analytical36-A-2-local-native-skv-summary,A,analytical36|A|local,cross-policy latency,natural-ee,29.081482000037795,analytical36-A-2-local-natural-ee,analytical36,-22.93987999996716,-78.88139951030469,True,win,local,2,4.735162258919306
native-skv-raw,6.186283000033654,analytical36-A-0-local-native-skv-raw,A,analytical36|A|local,same native policy,native-tiff,23.55034999993677,analytical36-A-0-local-native-tiff,analytical36,-17.364066999903116,-73.73167277747352,True,win,local,0,3.8068659322259673
native-skv-raw,5.16103099994325,analytical36-A-1-local-native-skv-raw,A,analytical36|A|local,same native policy,native-tiff,22.61392100001558,analytical36-A-1-local-native-tiff,analytical36,-17.45289000007233,-77.1776376156099,True,win,local,1,4.3816673451998716
native-skv-raw,5.4333309999492485,analytical36-A-2-local-native-skv-raw,A,analytical36|A|local,same native policy,native-tiff,21.81764499999872,analytical36-A-2-local-native-tiff,analytical36,-16.38431400004947,-75.0966201899904,True,win,local,2,4.0155192091559515
native-skv-raw,6.186283000033654,analytical36-A-0-local-native-skv-raw,A,analytical36|A|local,same native policy,native-cog,21.772166999994624,analytical36-A-0-local-native-cog,analytical36,-15.58588399996097,-71.58627802168162,True,win,local,0,3.519426285521723
native-skv-raw,5.16103099994325,analytical36-A-1-local-native-skv-raw,A,analytical36|A|local,same native policy,native-cog,22.172948999923392,analytical36-A-1-local-native-cog,analytical36,-17.01191799998014,-76.7237501878479,True,win,local,1,4.296224727223533
native-skv-raw,5.4333309999492485,analytical36-A-2-local-native-skv-raw,A,analytical36|A|local,same native policy,native-cog,21.658947999981137,analytical36-A-2-local-native-cog,analytical36,-16.22561700003189,-74.91415095528194,True,win,local,2,3.986311159799292
native-skv-raw,6.186283000033654,analytical36-A-0-local-native-skv-raw,A,analytical36|A|local,same native policy,native-rsi64,23.660935999998856,analytical36-A-0-local-native-rsi64,analytical36,-17.4746529999652,-73.85444514944821,True,win,local,0,3.824741933059017
native-skv-raw,5.16103099994325,analytical36-A-1-local-native-skv-raw,A,analytical36|A|local,same native policy,native-rsi64,22.18716000004406,analytical36-A-1-local-native-rsi64,analytical36,-17.02612900010081,-76.73865875608685,True,win,local,1,4.2989782468440945
native-skv-raw,5.4333309999492485,analytical36-A-2-local-native-skv-raw,A,analytical36|A|local,same native policy,native-rsi64,24.29057900008047,analytical36-A-2-local-native-rsi64,analytical36,-18.85724800013122,-77.6319411738549,True,win,local,2,4.47066063162862
native-skv-raw,6.186283000033654,analytical36-A-0-local-native-skv-raw,A,analytical36|A|local,same native policy,native-rsi256,28.17682500005958,analytical36-A-0-local-native-rsi256,analytical36,-21.990542000025926,-78.04478325708956,True,win,local,0,4.554726157840871
native-skv-raw,5.16103099994325,analytical36-A-1-local-native-skv-raw,A,analytical36|A|local,same native policy,native-rsi256,30.201247000036346,analytical36-A-1-local-native-rsi256,analytical36,-25.040216000093096,-82.91119899805118,True,win,local,1,5.851785621975228
native-skv-raw,5.4333309999492485,analytical36-A-2-local-native-skv-raw,A,analytical36|A|local,same native policy,native-rsi256,28.423246000102154,analytical36-A-2-local-native-rsi256,analytical36,-22.989915000152905,-80.88419950371002,True,win,local,2,5.231274516565924
native-skv-raw,6.186283000033654,analytical36-A-0-local-native-skv-raw,A,analytical36|A|local,cross-policy latency,natural-ee,30.325708000020768,analytical36-A-0-local-natural-ee,analytical36,-24.139424999987114,-79.60053232712846,True,win,local,0,4.902088701705982
native-skv-raw,5.16103099994325,analytical36-A-1-local-native-skv-raw,A,analytical36|A|local,cross-policy latency,natural-ee,27.317429999982323,analytical36-A-1-local-natural-ee,analytical36,-22.156399000039073,-81.10718687685265,True,win,local,1,5.293018003628093
native-skv-raw,5.4333309999492485,analytical36-A-2-local-native-skv-raw,A,analytical36|A|local,cross-policy latency,natural-ee,29.081482000037795,analytical36-A-2-local-natural-ee,analytical36,-23.648151000088546,-81.31687030275077,True,win,local,2,5.352422298643215
native-skv-summary,26.265337999973326,analytical36-B-0-http0-native-skv-summary,B,analytical36|B|http0,same native policy,native-tiff,41.30559100002529,analytical36-B-0-http0-native-tiff,analytical36,-15.040253000051962,-36.412148176363715,True,win,http0,0,1.5726274301159664
native-skv-summary,26.030287999901702,analytical36-B-1-http0-native-skv-summary,B,analytical36|B|http0,same native policy,native-tiff,43.43047899999419,analytical36-B-1-http0-native-tiff,analytical36,-17.40019100009249,-40.06446947107081,True,win,http0,1,1.668459411596145
native-skv-summary,26.05138799992801,analytical36-B-2-http0-native-skv-summary,B,analytical36|B|http0,same native policy,native-tiff,42.524689000003946,analytical36-B-2-http0-native-tiff,analytical36,-16.473301000075935,-38.73820452884301,True,win,http0,2,1.6323387068712598
native-skv-summary,26.265337999973326,analytical36-B-0-http0-native-skv-summary,B,analytical36|B|http0,same native policy,native-cog,50.15151300000298,analytical36-B-0-http0-native-cog,analytical36,-23.886175000029652,-47.62802470192322,True,win,http0,0,1.9094181464580395
native-skv-summary,26.030287999901702,analytical36-B-1-http0-native-skv-summary,B,analytical36|B|http0,same native policy,native-cog,47.58573899999874,analytical36-B-1-http0-native-cog,analytical36,-21.555451000097037,-45.29813228307247,True,win,http0,1,1.8280911452143147
native-skv-summary,26.05138799992801,analytical36-B-2-http0-native-skv-summary,B,analytical36|B|http0,same native policy,native-cog,49.34902500002636,analytical36-B-2-http0-native-cog,analytical36,-23.297637000098348,-47.209923600488366,True,win,http0,2,1.8942954210410106
native-skv-summary,26.265337999973326,analytical36-B-0-http0-native-skv-summary,B,analytical36|B|http0,same native policy,native-rsi64,76.81749500000024,analytical36-B-0-http0-native-rsi64,analytical36,-50.55215700002691,-65.8081300360377,True,win,http0,0,2.9246718622116434
native-skv-summary,26.030287999901702,analytical36-B-1-http0-native-skv-summary,B,analytical36|B|http0,same native policy,native-rsi64,75.69419100002506,analytical36-B-1-http0-native-rsi64,analytical36,-49.663903000123355,-65.6112474999659,True,win,http0,1,2.9079275265917497
native-skv-summary,26.05138799992801,analytical36-B-2-http0-native-skv-summary,B,analytical36|B|http0,same native policy,native-rsi64,77.52284599996528,analytical36-B-2-http0-native-rsi64,analytical36,-51.47145800003727,-66.3952120644027,True,win,http0,2,2.9757664351772544
native-skv-summary,26.265337999973326,analytical36-B-0-http0-native-skv-summary,B,analytical36|B|http0,same native policy,native-rsi256,48.65528799996355,analytical36-B-0-http0-native-rsi256,analytical36,-22.389949999990222,-46.017505846449815,True,win,http0,0,1.8524523842035827
native-skv-summary,26.030287999901702,analytical36-B-1-http0-native-skv-summary,B,analytical36|B|http0,same native policy,native-rsi256,49.003493999975944,analytical36-B-1-http0-native-rsi256,analytical36,-22.973206000074242,-46.88075099315473,True,win,http0,1,1.8825567354522161
native-skv-summary,26.05138799992801,analytical36-B-2-http0-native-skv-summary,B,analytical36|B|http0,same native policy,native-rsi256,50.96675000004325,analytical36-B-2-http0-native-rsi256,analytical36,-24.915362000115238,-48.885522424117866,True,win,http0,2,1.956392880110038
native-skv-summary,26.265337999973326,analytical36-B-0-http0-native-skv-summary,B,analytical36|B|http0,cross-policy latency,natural-ee,40.88756400000193,analytical36-B-0-http0-natural-ee,analytical36,-14.622226000028604,-35.76203757217699,True,win,http0,0,1.5567118915447977
native-skv-summary,26.030287999901702,analytical36-B-1-http0-native-skv-summary,B,analytical36|B|http0,cross-policy latency,natural-ee,40.749881000010646,analytical36-B-1-http0-natural-ee,analytical36,-14.719593000108944,-36.12180609829289,True,win,http0,1,1.565479452250568
native-skv-summary,26.05138799992801,analytical36-B-2-http0-native-skv-summary,B,analytical36|B|http0,cross-policy latency,natural-ee,42.65575599998783,analytical36-B-2-http0-natural-ee,analytical36,-16.60436800005982,-38.92644172117019,True,win,http0,2,1.63736980156703
native-skv-raw,27.83462200000031,analytical36-B-0-http0-native-skv-raw,B,analytical36|B|http0,same native policy,native-tiff,41.30559100002529,analytical36-B-0-http0-native-tiff,analytical36,-13.47096900002498,-32.61294336647242,True,win,http0,0,1.483964502913847
native-skv-raw,28.09091599999647,analytical36-B-1-http0-native-skv-raw,B,analytical36|B|http0,same native policy,native-tiff,43.43047899999419,analytical36-B-1-http0-native-tiff,analytical36,-15.339562999997725,-35.31981077160069,True,win,http0,1,1.5460684514524075
native-skv-raw,29.575252000029195,analytical36-B-2-http0-native-skv-raw,B,analytical36|B|http0,same native policy,native-tiff,42.524689000003946,analytical36-B-2-http0-native-tiff,analytical36,-12.94943699997475,-30.451573672822274,True,win,http0,2,1.437847055367845
native-skv-raw,27.83462200000031,analytical36-B-0-http0-native-skv-raw,B,analytical36|B|http0,same native policy,native-cog,50.15151300000298,analytical36-B-0-http0-native-cog,analytical36,-22.31689100000267,-44.498938646180704,True,win,http0,0,1.8017673457179488
native-skv-raw,28.09091599999647,analytical36-B-1-http0-native-skv-raw,B,analytical36|B|http0,same native policy,native-cog,47.58573899999874,analytical36-B-1-http0-native-cog,analytical36,-19.49482300000227,-40.967784486866506,True,win,http0,1,1.6939902920931706
native-skv-raw,29.575252000029195,analytical36-B-2-http0-native-skv-raw,B,analytical36|B|http0,same native policy,native-cog,49.34902500002636,analytical36-B-2-http0-native-cog,analytical36,-19.773772999997163,-40.069227304868946,True,win,http0,2,1.6685918686331953
native-skv-raw,27.83462200000031,analytical36-B-0-http0-native-skv-raw,B,analytical36|B|http0,same native policy,native-rsi64,76.81749500000024,analytical36-B-0-http0-native-rsi64,analytical36,-48.98287299999993,-63.76525685978145,True,win,http0,0,2.759782223735583
native-skv-raw,28.09091599999647,analytical36-B-1-http0-native-skv-raw,B,analytical36|B|http0,same native policy,native-rsi64,75.69419100002506,analytical36-B-1-http0-native-rsi64,analytical36,-47.60327500002859,-62.88894084357521,True,win,http0,1,2.6946145508403703
native-skv-raw,29.575252000029195,analytical36-B-2-http0-native-skv-raw,B,analytical36|B|http0,same native policy,native-rsi64,77.52284599996528,analytical36-B-2-http0-native-rsi64,analytical36,-47.94759399993609,-61.84963075266556,True,win,http0,2,2.6212066088190475
native-skv-raw,27.83462200000031,analytical36-B-0-http0-native-skv-raw,B,analytical36|B|http0,same native policy,native-rsi256,48.65528799996355,analytical36-B-0-http0-native-rsi256,analytical36,-20.82066599996324,-42.792195577958225,True,win,http0,0,1.7480132476727368
native-skv-raw,28.09091599999647,analytical36-B-1-http0-native-skv-raw,B,analytical36|B|http0,same native policy,native-rsi256,49.003493999975944,analytical36-B-1-http0-native-rsi256,analytical36,-20.912577999979476,-42.67568757442019,True,win,http0,1,1.744460522397422
native-skv-raw,29.575252000029195,analytical36-B-2-http0-native-skv-raw,B,analytical36|B|http0,same native policy,native-rsi256,50.96675000004325,analytical36-B-2-http0-native-rsi256,analytical36,-21.391498000014053,-41.971477482860685,True,win,http0,2,1.7232904727233749
native-skv-raw,27.83462200000031,analytical36-B-0-http0-native-skv-raw,B,analytical36|B|http0,cross-policy latency,natural-ee,40.88756400000193,analytical36-B-0-http0-natural-ee,analytical36,-13.052942000001622,-31.923990384951782,True,win,http0,0,1.4689462641167348
native-skv-raw,28.09091599999647,analytical36-B-1-http0-native-skv-raw,B,analytical36|B|http0,cross-policy latency,natural-ee,40.749881000010646,analytical36-B-1-http0-natural-ee,analytical36,-12.658965000014177,-31.06503550282974,True,win,http0,1,1.4506426561531767
native-skv-raw,29.575252000029195,analytical36-B-2-http0-native-skv-raw,B,analytical36|B|http0,cross-policy latency,natural-ee,42.65575599998783,analytical36-B-2-http0-natural-ee,analytical36,-13.080503999958637,-30.665272935175192,True,win,http0,2,1.4422786997705286
native-skv-summary,9.948066999982075,analytical36-B-0-local-native-skv-summary,B,analytical36|B|local,same native policy,native-tiff,28.401808000012352,analytical36-B-0-local-native-tiff,analytical36,-18.453741000030277,-64.97382490587307,True,win,local,0,2.8550077115547703
native-skv-summary,10.24669499997799,analytical36-B-1-local-native-skv-summary,B,analytical36|B|local,same native policy,native-tiff,32.334047000006194,analytical36-B-1-local-native-tiff,analytical36,-22.087352000028204,-68.30989019105456,True,win,local,1,3.155558645990307
native-skv-summary,9.792640999989999,analytical36-B-2-local-native-skv-summary,B,analytical36|B|local,same native policy,native-tiff,26.996050999969157,analytical36-B-2-local-native-tiff,analytical36,-17.203409999979158,-63.725653800249574,True,win,local,2,2.7567691902518154
native-skv-summary,9.948066999982075,analytical36-B-0-local-native-skv-summary,B,analytical36|B|local,same native policy,native-cog,28.754156999980296,analytical36-B-0-local-native-cog,analytical36,-18.80608999999822,-65.40303024710865,True,win,local,0,2.8904265522168386
native-skv-summary,10.24669499997799,analytical36-B-1-local-native-skv-summary,B,analytical36|B|local,same native policy,native-cog,29.245531000015035,analytical36-B-1-local-native-cog,analytical36,-18.998836000037045,-64.9632109604277,True,win,local,1,2.85414282362048
native-skv-summary,9.792640999989999,analytical36-B-2-local-native-skv-summary,B,analytical36|B|local,same native policy,native-cog,26.914252000096894,analytical36-B-2-local-native-cog,analytical36,-17.121611000106896,-63.615407182949966,True,win,local,2,2.748416081027006
native-skv-summary,9.948066999982075,analytical36-B-0-local-native-skv-summary,B,analytical36|B|local,same native policy,native-rsi64,31.050820000018575,analytical36-B-0-local-native-rsi64,analytical36,-21.1027530000365,-67.96198296864262,True,win,local,0,3.1212918047369933
native-skv-summary,10.24669499997799,analytical36-B-1-local-native-skv-summary,B,analytical36|B|local,same native policy,native-rsi64,32.24813299999596,analytical36-B-1-local-native-rsi64,analytical36,-22.00143800001797,-68.2254628508904,True,win,local,1,3.1471740888223207
native-skv-summary,9.792640999989999,analytical36-B-2-local-native-skv-summary,B,analytical36|B|local,same native policy,native-rsi64,30.667561999962345,analytical36-B-2-local-native-rsi64,analytical36,-20.874920999972346,-68.06840726366829,True,win,local,2,3.13169470830123
native-skv-summary,9.948066999982075,analytical36-B-0-local-native-skv-summary,B,analytical36|B|local,same native policy,native-rsi256,27.600625999980366,analytical36-B-0-local-native-rsi256,analytical36,-17.65255899999829,-63.95709648038726,True,win,local,0,2.7744712616059077
native-skv-summary,10.24669499997799,analytical36-B-1-local-native-skv-summary,B,analytical36|B|local,same native policy,native-rsi256,28.105720999974437,analytical36-B-1-local-native-rsi256,analytical36,-17.859025999996447,-63.54231581539107,True,win,local,1,2.7429059809074836
native-skv-summary,9.792640999989999,analytical36-B-2-local-native-skv-summary,B,analytical36|B|local,same native policy,native-rsi256,28.66441899993788,analytical36-B-2-local-native-rsi256,analytical36,-18.87177799994788,-65.83694579676909,True,win,local,2,2.9271387565384206
native-skv-summary,9.948066999982075,analytical36-B-0-local-native-skv-summary,B,analytical36|B|local,cross-policy latency,natural-ee,35.857176000035906,analytical36-B-0-local-natural-ee,analytical36,-25.90910900005383,-72.25641249614272,True,win,local,0,3.6044365201903563
native-skv-summary,10.24669499997799,analytical36-B-1-local-native-skv-summary,B,analytical36|B|local,cross-policy latency,natural-ee,37.70009200002278,analytical36-B-1-local-natural-ee,analytical36,-27.453397000044788,-72.82050399247886,True,win,local,1,3.6792440879819064
native-skv-summary,9.792640999989999,analytical36-B-2-local-native-skv-summary,B,analytical36|B|local,cross-policy latency,natural-ee,36.203956000008475,analytical36-B-2-local-natural-ee,analytical36,-26.411315000018476,-72.95146143701062,True,win,local,2,3.6970574128108495
native-skv-raw,11.115466999967794,analytical36-B-0-local-native-skv-raw,B,analytical36|B|local,same native policy,native-tiff,28.401808000012352,analytical36-B-0-local-native-tiff,analytical36,-17.28634100004456,-60.86352319555516,True,win,local,0,2.5551610202337556
native-skv-raw,10.321472999976322,analytical36-B-1-local-native-skv-raw,B,analytical36|B|local,same native policy,native-tiff,32.334047000006194,analytical36-B-1-local-native-tiff,analytical36,-22.012574000029872,-68.07862313067602,True,win,local,1,3.1326969513053387
native-skv-raw,10.485588000051393,analytical36-B-2-local-native-skv-raw,B,analytical36|B|local,same native policy,native-tiff,26.996050999969157,analytical36-B-2-local-native-tiff,analytical36,-16.510462999917763,-61.15880800468418,True,win,local,2,2.5745862797429044
native-skv-raw,11.115466999967794,analytical36-B-0-local-native-skv-raw,B,analytical36|B|local,same native policy,native-cog,28.754156999980296,analytical36-B-0-local-native-cog,analytical36,-17.638690000012502,-61.34309553928008,True,win,local,0,2.5868600032786397
native-skv-raw,10.321472999976322,analytical36-B-1-local-native-skv-raw,B,analytical36|B|local,same native policy,native-cog,29.245531000015035,analytical36-B-1-local-native-cog,analytical36,-18.924058000038713,-64.7075206123937,True,win,local,1,2.8334648552665036
native-skv-raw,10.485588000051393,analytical36-B-2-local-native-skv-raw,B,analytical36|B|local,same native policy,native-cog,26.914252000096894,analytical36-B-2-local-native-cog,analytical36,-16.4286640000455,-61.0407601147019,True,win,local,2,2.566785191251552
native-skv-raw,11.115466999967794,analytical36-B-0-local-native-skv-raw,B,analytical36|B|local,same native policy,native-rsi64,31.050820000018575,analytical36-B-0-local-native-rsi64,analytical36,-19.93535300005078,-64.20233990612441,True,win,local,0,2.793478672565763
native-skv-raw,10.321472999976322,analytical36-B-1-local-native-skv-raw,B,analytical36|B|local,same native policy,native-rsi64,32.24813299999596,analytical36-B-1-local-native-rsi64,analytical36,-21.926660000019638,-67.99357965939419,True,win,local,1,3.124373139383297
native-skv-raw,10.485588000051393,analytical36-B-2-local-native-skv-raw,B,analytical36|B|local,same native policy,native-rsi64,30.667561999962345,analytical36-B-2-local-native-rsi64,analytical36,-20.18197399991095,-65.80886344971188,True,win,local,2,2.924734597603113
native-skv-raw,11.115466999967794,analytical36-B-0-local-native-skv-raw,B,analytical36|B|local,same native policy,native-rsi256,27.600625999980366,analytical36-B-0-local-native-rsi256,analytical36,-16.485159000012573,-59.72748226806268,True,win,local,0,2.483082897017313
native-skv-raw,10.321472999976322,analytical36-B-1-local-native-skv-raw,B,analytical36|B|local,same native policy,native-rsi256,28.105720999974437,analytical36-B-1-local-native-rsi256,analytical36,-17.784247999998115,-63.27625610463539,True,win,local,1,2.7230339119270006
native-skv-raw,10.485588000051393,analytical36-B-2-local-native-skv-raw,B,analytical36|B|local,same native policy,native-rsi256,28.66441899993788,analytical36-B-2-local-native-rsi256,analytical36,-18.178830999886486,-63.41949927513228,True,win,local,2,2.733696860852952
native-skv-raw,11.115466999967794,analytical36-B-0-local-native-skv-raw,B,analytical36|B|local,cross-policy latency,natural-ee,35.857176000035906,analytical36-B-0-local-natural-ee,analytical36,-24.741709000068113,-69.00071829427765,True,win,local,0,3.225881197806606
native-skv-raw,10.321472999976322,analytical36-B-1-local-native-skv-raw,B,analytical36|B|local,cross-policy latency,natural-ee,37.70009200002278,analytical36-B-1-local-natural-ee,analytical36,-27.378619000046456,-72.62215434389367,True,win,local,1,3.6525883466545195
native-skv-raw,10.485588000051393,analytical36-B-2-local-native-skv-raw,B,analytical36|B|local,cross-policy latency,natural-ee,36.203956000008475,analytical36-B-2-local-natural-ee,analytical36,-25.71836799995708,-71.03745237109187,True,win,local,2,3.4527349348296945
native-skv-summary,152.04062800000884,analytical36-C-0-http0-native-skv-summary,C,analytical36|C|http0,same native policy,native-tiff,381.35441500003253,analytical36-C-0-http0-native-tiff,analytical36,-229.3137870000237,-60.13141004280864,True,win,http0,0,2.508240198797458
native-skv-summary,152.42230400002654,analytical36-C-1-http0-native-skv-summary,C,analytical36|C|http0,same native policy,native-tiff,414.8438710000164,analytical36-C-1-http0-native-tiff,analytical36,-262.42156699998986,-63.2579110708326,True,win,http0,1,2.721674322676189
native-skv-summary,151.36946999996326,analytical36-C-2-http0-native-skv-summary,C,analytical36|C|http0,same native policy,native-tiff,404.3284420000077,analytical36-C-2-http0-native-tiff,analytical36,-252.95897200004447,-62.56274496762699,True,win,http0,2,2.671136009131206
native-skv-summary,152.04062800000884,analytical36-C-0-http0-native-skv-summary,C,analytical36|C|http0,same native policy,native-cog,454.84930999998596,analytical36-C-0-http0-native-cog,analytical36,-302.8086819999771,-66.57340691579515,True,win,http0,0,2.9916300398335602
native-skv-summary,152.42230400002654,analytical36-C-1-http0-native-skv-summary,C,analytical36|C|http0,same native policy,native-cog,476.0149610000326,analytical36-C-1-http0-native-cog,analytical36,-323.59265700000606,-67.97951398842355,True,win,http0,1,3.1230006928641476
native-skv-summary,151.36946999996326,analytical36-C-2-http0-native-skv-summary,C,analytical36|C|http0,same native policy,native-cog,460.4293919999236,analytical36-C-2-http0-native-cog,analytical36,-309.05992199996035,-67.12428167487874,True,win,http0,2,3.041758632041424
native-skv-summary,152.04062800000884,analytical36-C-0-http0-native-skv-summary,C,analytical36|C|http0,same native policy,native-rsi64,655.1899620000086,analytical36-C-0-http0-native-rsi64,analytical36,-503.1493339999997,-76.79442042489552,True,win,http0,0,4.3093084435297815
native-skv-summary,152.42230400002654,analytical36-C-1-http0-native-skv-summary,C,analytical36|C|http0,same native policy,native-rsi64,654.3244339999887,analytical36-C-1-http0-native-rsi64,analytical36,-501.9021299999622,-76.70539321476276,True,win,http0,1,4.292839150363944
native-skv-summary,151.36946999996326,analytical36-C-2-http0-native-skv-summary,C,analytical36|C|http0,same native policy,native-rsi64,669.7523720000049,analytical36-C-2-http0-native-rsi64,analytical36,-518.3829020000417,-77.39918866611164,True,win,http0,2,4.424619918403411
native-skv-summary,152.04062800000884,analytical36-C-0-http0-native-skv-summary,C,analytical36|C|http0,same native policy,native-rsi256,677.6447120000739,analytical36-C-0-http0-native-rsi256,analytical36,-525.6040840000651,-77.5633712906488,True,win,http0,0,4.456997586198042
native-skv-summary,152.42230400002654,analytical36-C-1-http0-native-skv-summary,C,analytical36|C|http0,same native policy,native-rsi256,709.4344780000483,analytical36-C-1-http0-native-rsi256,analytical36,-557.0121740000218,-78.51495681042779,True,win,http0,1,4.654400697157318
native-skv-summary,151.36946999996326,analytical36-C-2-http0-native-skv-summary,C,analytical36|C|http0,same native policy,native-rsi256,680.9610280000129,analytical36-C-2-http0-native-rsi256,analytical36,-529.5915580000496,-77.771199264584,True,win,http0,2,4.498668245321716
native-skv-summary,152.04062800000884,analytical36-C-0-http0-native-skv-summary,C,analytical36|C|http0,cross-policy latency,natural-ee,244.23263100004533,analytical36-C-0-http0-natural-ee,analytical36,-92.1920030000365,-37.74761899036307,True,win,http0,0,1.6063642607424058
native-skv-summary,152.42230400002654,analytical36-C-1-http0-native-skv-summary,C,analytical36|C|http0,cross-policy latency,natural-ee,254.1111570000112,analytical36-C-1-http0-natural-ee,analytical36,-101.68885299998465,-40.01746881187911,True,win,http0,1,1.6671520527597257
native-skv-summary,151.36946999996326,analytical36-C-2-http0-native-skv-summary,C,analytical36|C|http0,cross-policy latency,natural-ee,260.7114350000188,analytical36-C-2-http0-natural-ee,analytical36,-109.34196500005555,-41.939842416213025,True,win,http0,2,1.7223515085312917
native-skv-raw,161.97696900002256,analytical36-C-0-http0-native-skv-raw,C,analytical36|C|http0,same native policy,native-tiff,381.35441500003253,analytical36-C-0-http0-native-tiff,analytical36,-219.37744600000997,-57.52587025903221,True,win,http0,0,2.354374312313372
native-skv-raw,165.48917099999017,analytical36-C-1-http0-native-skv-raw,C,analytical36|C|http0,same native policy,native-tiff,414.8438710000164,analytical36-C-1-http0-native-tiff,analytical36,-249.35470000002624,-60.10808340953322,True,win,http0,1,2.506773515712645
native-skv-raw,166.1867079999979,analytical36-C-2-http0-native-skv-raw,C,analytical36|C|http0,same native policy,native-tiff,404.3284420000077,analytical36-C-2-http0-native-tiff,analytical36,-238.14173400000982,-58.89809107220938,True,win,http0,2,2.432977022446421
native-skv-raw,161.97696900002256,analytical36-C-0-http0-native-skv-raw,C,analytical36|C|http0,same native policy,native-cog,454.84930999998596,analytical36-C-0-http0-native-cog,analytical36,-292.8723409999634,-64.38887221791596,True,win,http0,0,2.8081110099048874
native-skv-raw,165.48917099999017,analytical36-C-1-http0-native-skv-raw,C,analytical36|C|http0,same native policy,native-cog,476.0149610000326,analytical36-C-1-http0-native-cog,analytical36,-310.52579000004243,-65.23446014126878,True,win,http0,1,2.876411538734827
native-skv-raw,166.1867079999979,analytical36-C-2-http0-native-skv-raw,C,analytical36|C|http0,same native policy,native-cog,460.4293919999236,analytical36-C-2-http0-native-cog,analytical36,-294.2426839999257,-63.90614698202728,True,win,http0,2,2.770554862907143
native-skv-raw,161.97696900002256,analytical36-C-0-http0-native-skv-raw,C,analytical36|C|http0,same native policy,native-rsi64,655.1899620000086,analytical36-C-0-http0-native-rsi64,analytical36,-493.212992999986,-75.2778616287744,True,win,http0,0,4.044957539611186
native-skv-raw,165.48917099999017,analytical36-C-1-http0-native-skv-raw,C,analytical36|C|http0,same native policy,native-rsi64,654.3244339999887,analytical36-C-1-http0-native-rsi64,analytical36,-488.8352629999986,-74.70839198403021,True,win,http0,1,3.953880668119533
native-skv-raw,166.1867079999979,analytical36-C-2-http0-native-skv-raw,C,analytical36|C|http0,same native policy,native-rsi64,669.7523720000049,analytical36-C-2-http0-native-rsi64,analytical36,-503.565664000007,-75.18684293663141,True,win,http0,2,4.030119978067159
native-skv-raw,161.97696900002256,analytical36-C-0-http0-native-skv-raw,C,analytical36|C|http0,same native policy,native-rsi256,677.6447120000739,analytical36-C-0-http0-native-rsi256,analytical36,-515.6677430000514,-76.09706589136567,True,win,http0,0,4.183586815974928
native-skv-raw,165.48917099999017,analytical36-C-1-http0-native-skv-raw,C,analytical36|C|http0,same native policy,native-rsi256,709.4344780000483,analytical36-C-1-http0-native-rsi256,analytical36,-543.9453070000582,-76.673085939308,True,win,http0,1,4.286893660250981
native-skv-raw,166.1867079999979,analytical36-C-2-http0-native-skv-raw,C,analytical36|C|http0,same native policy,native-rsi256,680.9610280000129,analytical36-C-2-http0-native-rsi256,analytical36,-514.774320000015,-75.59526886757537,True,win,http0,2,4.097566142293531
native-skv-raw,161.97696900002256,analytical36-C-0-http0-native-skv-raw,C,analytical36|C|http0,cross-policy latency,natural-ee,244.23263100004533,analytical36-C-0-http0-natural-ee,analytical36,-82.25566200002277,-33.679226917064774,True,win,http0,0,1.5078231955310344
native-skv-raw,165.48917099999017,analytical36-C-1-http0-native-skv-raw,C,analytical36|C|http0,cross-policy latency,natural-ee,254.1111570000112,analytical36-C-1-http0-natural-ee,analytical36,-88.62198600002102,-34.87528333910074,True,win,http0,1,1.5355153177969953
native-skv-raw,166.1867079999979,analytical36-C-2-http0-native-skv-raw,C,analytical36|C|http0,cross-policy latency,natural-ee,260.7114350000188,analytical36-C-2-http0-natural-ee,analytical36,-94.5247270000209,-36.25645610826932,True,win,http0,2,1.5687863255587329
native-skv-summary,129.75214599998708,analytical36-C-0-local-native-skv-summary,C,analytical36|C|local,same native policy,native-tiff,249.00358100001085,analytical36-C-0-local-native-tiff,analytical36,-119.25143500002378,-47.89145381809532,True,win,local,0,1.9190710032652227
native-skv-summary,156.0633529999791,analytical36-C-1-local-native-skv-summary,C,analytical36|C|local,same native policy,native-tiff,251.07594299998937,analytical36-C-1-local-native-tiff,analytical36,-95.01259000001028,-37.84217192007691,True,win,local,1,1.6088078217826258
native-skv-summary,144.07895900001222,analytical36-C-2-local-native-skv-summary,C,analytical36|C|local,same native policy,native-tiff,245.18836100003227,analytical36-C-2-local-native-tiff,analytical36,-101.10940200002005,-41.23743948841305,True,win,local,2,1.7017638293736663
native-skv-summary,129.75214599998708,analytical36-C-0-local-native-skv-summary,C,analytical36|C|local,same native policy,native-cog,267.6608379999834,analytical36-C-0-local-native-cog,analytical36,-137.90869199999634,-51.52367190900182,True,win,local,0,2.0628625132721123
native-skv-summary,156.0633529999791,analytical36-C-1-local-native-skv-summary,C,analytical36|C|local,same native policy,native-cog,257.7829550000388,analytical36-C-1-local-native-cog,analytical36,-101.7196020000597,-39.45939792646275,True,win,local,1,1.6517840354235713
native-skv-summary,144.07895900001222,analytical36-C-2-local-native-skv-summary,C,analytical36|C|local,same native policy,native-cog,269.66596300002266,analytical36-C-2-local-native-cog,analytical36,-125.58700400001044,-46.5713220173804,True,win,local,2,1.8716540213203496
native-skv-summary,129.75214599998708,analytical36-C-0-local-native-skv-summary,C,analytical36|C|local,same native policy,native-rsi64,305.68306499998243,analytical36-C-0-local-native-rsi64,analytical36,-175.93091899999536,-57.55337444029013,True,win,local,0,2.355899878526964
native-skv-summary,156.0633529999791,analytical36-C-1-local-native-skv-summary,C,analytical36|C|local,same native policy,native-rsi64,301.25422600002594,analytical36-C-1-local-native-rsi64,analytical36,-145.19087300004685,-48.195464318576676,True,win,local,1,1.9303329078163938
native-skv-summary,144.07895900001222,analytical36-C-2-local-native-skv-summary,C,analytical36|C|local,same native policy,native-rsi64,341.7146919999823,analytical36-C-2-local-native-rsi64,analytical36,-197.63573299997006,-57.83647517268011,True,win,local,2,2.3717182187577666
native-skv-summary,129.75214599998708,analytical36-C-0-local-native-skv-summary,C,analytical36|C|local,same native policy,native-rsi256,304.66090299995585,analytical36-C-0-local-native-rsi256,analytical36,-174.90875699996877,-57.41096257434586,True,win,local,0,2.3480220743322904
native-skv-summary,156.0633529999791,analytical36-C-1-local-native-skv-summary,C,analytical36|C|local,same native policy,native-rsi256,394.4303740000805,analytical36-C-1-local-native-rsi256,analytical36,-238.36702100010143,-60.433231493488584,True,win,local,1,2.5273734442969027
native-skv-summary,144.07895900001222,analytical36-C-2-local-native-skv-summary,C,analytical36|C|local,same native policy,native-rsi256,311.107694000043,analytical36-C-2-local-native-rsi256,analytical36,-167.0287350000308,-53.688397368921294,True,win,local,2,2.159286103670534
native-skv-summary,129.75214599998708,analytical36-C-0-local-native-skv-summary,C,analytical36|C|local,cross-policy latency,natural-ee,248.32064999998238,analytical36-C-0-local-natural-ee,analytical36,-118.5685039999953,-47.74814498915161,True,win,local,0,1.9138076529386043
native-skv-summary,156.0633529999791,analytical36-C-1-local-native-skv-summary,C,analytical36|C|local,cross-policy latency,natural-ee,282.1733610001047,analytical36-C-1-local-natural-ee,analytical36,-126.11000800012562,-44.692386110848645,True,win,local,1,1.8080693229764357
native-skv-summary,144.07895900001222,analytical36-C-2-local-native-skv-summary,C,analytical36|C|local,cross-policy latency,natural-ee,242.97169100003657,analytical36-C-2-local-natural-ee,analytical36,-98.89273200002435,-40.70133915313182,True,win,local,2,1.6863787237664312
native-skv-raw,142.39804399994682,analytical36-C-0-local-native-skv-raw,C,analytical36|C|local,same native policy,native-tiff,249.00358100001085,analytical36-C-0-local-native-tiff,analytical36,-106.60553700006403,-42.812852960560186,True,win,local,0,1.7486446723952462
native-skv-raw,151.25243399995725,analytical36-C-1-local-native-skv-raw,C,analytical36|C|local,same native policy,native-tiff,251.07594299998937,analytical36-C-1-local-native-tiff,analytical36,-99.82350900003212,-39.75829297195405,True,win,local,1,1.6599795213878035
native-skv-raw,137.4509340000145,analytical36-C-2-local-native-skv-raw,C,analytical36|C|local,same native policy,native-tiff,245.18836100003227,analytical36-C-2-local-native-tiff,analytical36,-107.73742700001776,-43.940677510382955,True,win,local,2,1.7838246264663897
native-skv-raw,142.39804399994682,analytical36-C-0-local-native-skv-raw,C,analytical36|C|local,same native policy,native-cog,267.6608379999834,analytical36-C-0-local-native-cog,analytical36,-125.26279400003659,-46.79907413278156,True,win,local,0,1.87966653530777
native-skv-raw,151.25243399995725,analytical36-C-1-local-native-skv-raw,C,analytical36|C|local,same native policy,native-cog,257.7829550000388,analytical36-C-1-local-native-cog,analytical36,-106.53052100008154,-41.32566522874467,True,win,local,1,1.7043226887847085
native-skv-raw,137.4509340000145,analytical36-C-2-local-native-skv-raw,C,analytical36|C|local,same native policy,native-cog,269.66596300002266,analytical36-C-2-local-native-cog,analytical36,-132.21502900000814,-49.029186898161505,True,win,local,2,1.961907097699272
native-skv-raw,142.39804399994682,analytical36-C-0-local-native-skv-raw,C,analytical36|C|local,same native policy,native-rsi64,305.68306499998243,analytical36-C-0-local-native-rsi64,analytical36,-163.2850210000356,-53.41644326945132,True,win,local,0,2.1466802240633065
native-skv-raw,151.25243399995725,analytical36-C-1-local-native-skv-raw,C,analytical36|C|local,same native policy,native-rsi64,301.25422600002594,analytical36-C-1-local-native-rsi64,analytical36,-150.0017920000687,-49.792427476206015,True,win,local,1,1.9917314256252636
native-skv-raw,137.4509340000145,analytical36-C-2-local-native-skv-raw,C,analytical36|C|local,same native policy,native-rsi64,341.7146919999823,analytical36-C-2-local-native-rsi64,analytical36,-204.26375799996777,-59.77611228959929,True,win,local,2,2.4860849035769097
native-skv-raw,142.39804399994682,analytical36-C-0-local-native-skv-raw,C,analytical36|C|local,same native policy,native-rsi256,304.66090299995585,analytical36-C-0-local-native-rsi256,analytical36,-162.26285900000903,-53.26015166443347,True,win,local,0,2.1395020215310656
native-skv-raw,151.25243399995725,analytical36-C-1-local-native-skv-raw,C,analytical36|C|local,same native policy,native-rsi256,394.4303740000805,analytical36-C-1-local-native-rsi256,analytical36,-243.17794000012327,-61.65294460818416,True,win,local,1,2.6077621600469056
native-skv-raw,137.4509340000145,analytical36-C-2-local-native-skv-raw,C,analytical36|C|local,same native policy,native-rsi256,311.107694000043,analytical36-C-2-local-native-rsi256,analytical36,-173.6567600000285,-55.81885737612278,True,win,local,2,2.263409094040861
native-skv-raw,142.39804399994682,analytical36-C-0-local-native-skv-raw,C,analytical36|C|local,cross-policy latency,natural-ee,248.32064999998238,analytical36-C-0-local-natural-ee,analytical36,-105.92260600003556,-42.65557697277414,True,win,local,0,1.7438487427543254
native-skv-raw,151.25243399995725,analytical36-C-1-local-native-skv-raw,C,analytical36|C|local,cross-policy latency,natural-ee,282.1733610001047,analytical36-C-1-local-natural-ee,analytical36,-130.92092700014746,-46.397337628231625,True,win,local,1,1.8655789764030142
native-skv-raw,137.4509340000145,analytical36-C-2-local-native-skv-raw,C,analytical36|C|local,cross-policy latency,natural-ee,242.97169100003657,analytical36-C-2-local-natural-ee,analytical36,-105.52075700002206,-43.429239252405814,True,win,local,2,1.767697635288611
native-skv-summary,250.6622029999903,analytical36-D-0-http0-native-skv-summary,D,analytical36|D|http0,same native policy,native-tiff,880.1186540000003,analytical36-D-0-http0-native-tiff,analytical36,-629.45645100001,-71.51949889247658,True,win,http0,0,3.5111741757094284
native-skv-summary,275.158083000008,analytical36-D-1-http0-native-skv-summary,D,analytical36|D|http0,same native policy,native-tiff,858.1470519999925,analytical36-D-1-http0-native-tiff,analytical36,-582.9889689999845,-67.93578881862659,True,win,http0,1,3.118741934250093
native-skv-summary,271.75456000009035,analytical36-D-2-http0-native-skv-summary,D,analytical36|D|http0,same native policy,native-tiff,850.7610229999614,analytical36-D-2-http0-native-tiff,analytical36,-579.006462999871,-68.0574741139613,True,win,http0,2,3.13062280537143
native-skv-summary,250.6622029999903,analytical36-D-0-http0-native-skv-summary,D,analytical36|D|http0,same native policy,native-cog,570.8698010000717,analytical36-D-0-http0-native-cog,analytical36,-320.20759800008136,-56.09117831055862,True,win,http0,0,2.277446675915849
native-skv-summary,275.158083000008,analytical36-D-1-http0-native-skv-summary,D,analytical36|D|http0,same native policy,native-cog,479.4667379999282,analytical36-D-1-http0-native-cog,analytical36,-204.30865499992024,-42.611643062495574,True,win,http0,1,1.7425137316424548
native-skv-summary,271.75456000009035,analytical36-D-2-http0-native-skv-summary,D,analytical36|D|http0,same native policy,native-cog,470.62918799997533,analytical36-D-2-http0-native-cog,analytical36,-198.87462799988498,-42.25718103992636,True,win,http0,2,1.7318170778801978
native-skv-summary,250.6622029999903,analytical36-D-0-http0-native-skv-summary,D,analytical36|D|http0,same native policy,native-rsi64,1044.6648439999535,analytical36-D-0-http0-native-rsi64,analytical36,-794.0026409999632,-76.00549071411065,True,win,http0,0,4.167620133778183
native-skv-summary,275.158083000008,analytical36-D-1-http0-native-skv-summary,D,analytical36|D|http0,same native policy,native-rsi64,1077.6032900000132,analytical36-D-1-http0-native-rsi64,analytical36,-802.4452070000052,-74.46573469537155,True,win,http0,1,3.9163061402778485
native-skv-summary,271.75456000009035,analytical36-D-2-http0-native-skv-summary,D,analytical36|D|http0,same native policy,native-rsi64,1066.2930099999812,analytical36-D-2-http0-native-rsi64,analytical36,-794.5384499998909,-74.5140822033434,True,win,http0,2,3.9237354839588585
native-skv-summary,250.6622029999903,analytical36-D-0-http0-native-skv-summary,D,analytical36|D|http0,same native policy,native-rsi256,808.380360000001,analytical36-D-0-http0-native-rsi256,analytical36,-557.7181570000107,-68.99204688743427,True,win,http0,0,3.224979076721959
native-skv-summary,275.158083000008,analytical36-D-1-http0-native-skv-summary,D,analytical36|D|http0,same native policy,native-rsi256,794.8277809999809,analytical36-D-1-http0-native-rsi256,analytical36,-519.6696979999729,-65.38142103515445,True,win,http0,1,2.888622323335338
native-skv-summary,271.75456000009035,analytical36-D-2-http0-native-skv-summary,D,analytical36|D|http0,same native policy,native-rsi256,808.2510809999803,analytical36-D-2-http0-native-rsi256,analytical36,-536.49652099989,-66.37745789787604,True,win,http0,2,2.9741951009017535
native-skv-summary,250.6622029999903,analytical36-D-0-http0-native-skv-summary,D,analytical36|D|http0,cross-policy latency,natural-ee,391.14548000003424,analytical36-D-0-http0-natural-ee,analytical36,-140.48327700004393,-35.91586358099591,True,win,http0,0,1.5604485850627003
native-skv-summary,275.158083000008,analytical36-D-1-http0-native-skv-summary,D,analytical36|D|http0,cross-policy latency,natural-ee,374.98319700000593,analytical36-D-1-http0-natural-ee,analytical36,-99.82511399999794,-26.62122324377013,True,win,http0,1,1.3627918646314854
native-skv-summary,271.75456000009035,analytical36-D-2-http0-native-skv-summary,D,analytical36|D|http0,cross-policy latency,natural-ee,370.28719500000307,analytical36-D-2-http0-natural-ee,analytical36,-98.53263499991272,-26.609787303045117,True,win,http0,2,1.3625795092449597
native-skv-raw,285.3111530000092,analytical36-D-0-http0-native-skv-raw,D,analytical36|D|http0,same native policy,native-tiff,880.1186540000003,analytical36-D-0-http0-native-tiff,analytical36,-594.8075009999911,-67.5826490322282,True,win,http0,0,3.084767786837874
native-skv-raw,281.45657300001403,analytical36-D-1-http0-native-skv-raw,D,analytical36|D|http0,same native policy,native-tiff,858.1470519999925,analytical36-D-1-http0-native-tiff,analytical36,-576.6904789999785,-67.20182486858715,True,win,http0,1,3.0489501199176106
native-skv-raw,282.9863160000059,analytical36-D-2-http0-native-skv-raw,D,analytical36|D|http0,same native policy,native-tiff,850.7610229999614,analytical36-D-2-http0-native-tiff,analytical36,-567.7747069999555,-66.73727305910924,True,win,http0,2,3.0063680641008226
native-skv-raw,285.3111530000092,analytical36-D-0-http0-native-skv-raw,D,analytical36|D|http0,same native policy,native-cog,570.8698010000717,analytical36-D-0-http0-native-cog,analytical36,-285.5586480000625,-50.02167700933029,True,win,http0,0,2.000867456450443
native-skv-raw,281.45657300001403,analytical36-D-1-http0-native-skv-raw,D,analytical36|D|http0,same native policy,native-cog,479.4667379999282,analytical36-D-1-http0-native-cog,analytical36,-198.0101649999142,-41.29799823568655,True,win,http0,1,1.703519420027559
native-skv-raw,282.9863160000059,analytical36-D-2-http0-native-skv-raw,D,analytical36|D|http0,same native policy,native-cog,470.62918799997533,analytical36-D-2-http0-native-cog,analytical36,-187.64287199996943,-39.87064057743467,True,win,http0,2,1.6630810798638247
native-skv-raw,285.3111530000092,analytical36-D-0-http0-native-skv-raw,D,analytical36|D|http0,same native policy,native-rsi64,1044.6648439999535,analytical36-D-0-http0-native-rsi64,analytical36,-759.3536909999443,-72.68873795852349,True,win,http0,0,3.6614931909090838
native-skv-raw,281.45657300001403,analytical36-D-1-http0-native-skv-raw,D,analytical36|D|http0,same native policy,native-rsi64,1077.6032900000132,analytical36-D-1-http0-native-rsi64,analytical36,-796.1467169999992,-73.88124408937071,True,win,http0,1,3.828666278829308
native-skv-raw,282.9863160000059,analytical36-D-2-http0-native-skv-raw,D,analytical36|D|http0,same native policy,native-rsi64,1066.2930099999812,analytical36-D-2-http0-native-rsi64,analytical36,-783.3066939999753,-73.46073608791538,True,win,http0,2,3.7680020188677923
native-skv-raw,285.3111530000092,analytical36-D-0-http0-native-skv-raw,D,analytical36|D|http0,same native policy,native-rsi256,808.380360000001,analytical36-D-0-http0-native-rsi256,analytical36,-523.0692069999918,-64.70582820690883,True,win,http0,0,2.83332898661685
native-skv-raw,281.45657300001403,analytical36-D-1-http0-native-skv-raw,D,analytical36|D|http0,same native policy,native-rsi256,794.8277809999809,analytical36-D-1-http0-native-rsi256,analytical36,-513.3712079999668,-64.58898647881801,True,win,http0,1,2.8239801704682206
native-skv-raw,282.9863160000059,analytical36-D-2-http0-native-skv-raw,D,analytical36|D|http0,same native policy,native-rsi256,808.2510809999803,analytical36-D-2-http0-native-rsi256,analytical36,-525.2647649999744,-64.98782090710093,True,win,http0,2,2.8561489913171756
native-skv-raw,285.3111530000092,analytical36-D-0-http0-native-skv-raw,D,analytical36|D|http0,cross-policy latency,natural-ee,391.14548000003424,analytical36-D-0-http0-natural-ee,analytical36,-105.83432700002504,-27.057535472483487,True,win,http0,0,1.370943532656158
native-skv-raw,281.45657300001403,analytical36-D-1-http0-native-skv-raw,D,analytical36|D|http0,cross-policy latency,natural-ee,374.98319700000593,analytical36-D-1-http0-natural-ee,analytical36,-93.5266239999919,-24.941550647665533,True,win,http0,1,1.3322950429016531
native-skv-raw,282.9863160000059,analytical36-D-2-http0-native-skv-raw,D,analytical36|D|http0,cross-policy latency,natural-ee,370.28719500000307,analytical36-D-2-http0-natural-ee,analytical36,-87.30087899999717,-23.57653199430686,True,win,http0,2,1.3084985883204168
native-skv-summary,228.10459599998012,analytical36-D-0-local-native-skv-summary,D,analytical36|D|local,same native policy,native-tiff,680.7215910000082,analytical36-D-0-local-native-tiff,analytical36,-452.61699500002806,-66.49076523856323,True,win,local,0,2.9842519744760754
native-skv-summary,234.11493600002586,analytical36-D-1-local-native-skv-summary,D,analytical36|D|local,same native policy,native-tiff,667.4335579999706,analytical36-D-1-local-native-tiff,analytical36,-433.31862199994475,-64.9231098445853,True,win,local,1,2.8508798686808126
native-skv-summary,247.66815000003817,analytical36-D-2-local-native-skv-summary,D,analytical36|D|local,same native policy,native-tiff,688.5378949999676,analytical36-D-2-local-native-tiff,analytical36,-440.8697449999295,-64.02984471899694,True,win,local,2,2.780082521712467
native-skv-summary,228.10459599998012,analytical36-D-0-local-native-skv-summary,D,analytical36|D|local,same native policy,native-cog,376.6135939999913,analytical36-D-0-local-native-cog,analytical36,-148.50899800001116,-39.432723716291186,True,win,local,0,1.651056579324794
native-skv-summary,234.11493600002586,analytical36-D-1-local-native-skv-summary,D,analytical36|D|local,same native policy,native-cog,367.35732900001494,analytical36-D-1-local-native-cog,analytical36,-133.24239299998908,-36.270514423297016,True,win,local,1,1.5691323897419955
native-skv-summary,247.66815000003817,analytical36-D-2-local-native-skv-summary,D,analytical36|D|local,same native policy,native-cog,373.19249799998033,analytical36-D-2-local-native-cog,analytical36,-125.52434799994217,-33.63528170385375,True,win,local,2,1.5068247491650535
native-skv-summary,228.10459599998012,analytical36-D-0-local-native-skv-summary,D,analytical36|D|local,same native policy,native-rsi64,551.9742589999623,analytical36-D-0-local-native-rsi64,analytical36,-323.8696629999822,-58.674776535187,True,win,local,0,2.4198296250024285
native-skv-summary,234.11493600002586,analytical36-D-1-local-native-skv-summary,D,analytical36|D|local,same native policy,native-rsi64,542.1557110000776,analytical36-D-1-local-native-rsi64,analytical36,-308.0407750000518,-56.81776817066632,True,win,local,1,2.315767290473162
native-skv-summary,247.66815000003817,analytical36-D-2-local-native-skv-summary,D,analytical36|D|local,same native policy,native-rsi64,557.9922590000024,analytical36-D-2-local-native-rsi64,analytical36,-310.3241089999642,-55.61441113109831,True,win,local,2,2.2529835144321804
native-skv-summary,228.10459599998012,analytical36-D-0-local-native-skv-summary,D,analytical36|D|local,same native policy,native-rsi256,398.5845980000704,analytical36-D-0-local-native-rsi256,analytical36,-170.48000200009028,-42.77134712567599,True,win,local,0,1.7473764447959879
native-skv-summary,234.11493600002586,analytical36-D-1-local-native-skv-summary,D,analytical36|D|local,same native policy,native-rsi256,420.99950200008607,analytical36-D-1-local-native-rsi256,analytical36,-186.8845660000602,-44.39068576380929,True,win,local,1,1.7982599025635835
native-skv-summary,247.66815000003817,analytical36-D-2-local-native-skv-summary,D,analytical36|D|local,same native policy,native-rsi256,441.283435999992,analytical36-D-2-local-native-rsi256,analytical36,-193.6152859999538,-43.87549366343253,True,win,local,2,1.7817528656790305
native-skv-summary,228.10459599998012,analytical36-D-0-local-native-skv-summary,D,analytical36|D|local,cross-policy latency,natural-ee,369.030983000016,analytical36-D-0-local-natural-ee,analytical36,-140.9263870000359,-38.188226325709294,True,win,local,0,1.6178147633642954
native-skv-summary,234.11493600002586,analytical36-D-1-local-native-skv-summary,D,analytical36|D|local,cross-policy latency,natural-ee,337.25018999996337,analytical36-D-1-local-natural-ee,analytical36,-103.1352539999375,-30.581229324125424,True,win,local,1,1.4405325681567198
native-skv-summary,247.66815000003817,analytical36-D-2-local-native-skv-summary,D,analytical36|D|local,cross-policy latency,natural-ee,366.0691009999937,analytical36-D-2-local-natural-ee,analytical36,-118.40095099995551,-32.34388006977884,True,win,local,2,1.478062887779221
native-skv-raw,239.2420950000087,analytical36-D-0-local-native-skv-raw,D,analytical36|D|local,same native policy,native-tiff,680.7215910000082,analytical36-D-0-local-native-tiff,analytical36,-441.4794959999995,-64.8546339409402,True,win,local,0,2.845325322034082
native-skv-raw,242.68753000001198,analytical36-D-1-local-native-skv-raw,D,analytical36|D|local,same native policy,native-tiff,667.4335579999706,analytical36-D-1-local-native-tiff,analytical36,-424.74602799995864,-63.638698250766915,True,win,local,1,2.750176566550155
native-skv-raw,248.62606099998175,analytical36-D-2-local-native-skv-raw,D,analytical36|D|local,same native policy,native-tiff,688.5378949999676,analytical36-D-2-local-native-tiff,analytical36,-439.9118339999859,-63.89072223831727,True,win,local,2,2.769371369319237
native-skv-raw,239.2420950000087,analytical36-D-0-local-native-skv-raw,D,analytical36|D|local,same native policy,native-cog,376.6135939999913,analytical36-D-0-local-native-cog,analytical36,-137.37149899998258,-36.47544889205082,True,win,local,0,1.5741945162283317
native-skv-raw,242.68753000001198,analytical36-D-1-local-native-skv-raw,D,analytical36|D|local,same native policy,native-cog,367.35732900001494,analytical36-D-1-local-native-cog,analytical36,-124.66979900000297,-33.93692983868518,True,win,local,1,1.5137050057742845
native-skv-raw,248.62606099998175,analytical36-D-2-local-native-skv-raw,D,analytical36|D|local,same native policy,native-cog,373.19249799998033,analytical36-D-2-local-native-cog,analytical36,-124.56643699999859,-33.37860157092578,True,win,local,2,1.5010192274252687
native-skv-raw,239.2420950000087,analytical36-D-0-local-native-skv-raw,D,analytical36|D|local,same native policy,native-rsi64,551.9742589999623,analytical36-D-0-local-native-rsi64,analytical36,-312.7321639999536,-56.6570195803234,True,win,local,0,2.3071786718802234
native-skv-raw,242.68753000001198,analytical36-D-1-local-native-skv-raw,D,analytical36|D|local,same native policy,native-rsi64,542.1557110000776,analytical36-D-1-local-native-rsi64,analytical36,-299.46818100006567,-55.23656302497619,True,win,local,1,2.233966083877696
native-skv-raw,248.62606099998175,analytical36-D-2-local-native-skv-raw,D,analytical36|D|local,same native policy,native-rsi64,557.9922590000024,analytical36-D-2-local-native-rsi64,analytical36,-309.36619800002063,-55.44274011156476,True,win,local,2,2.2443031786601138
native-skv-raw,239.2420950000087,analytical36-D-0-local-native-skv-raw,D,analytical36|D|local,same native policy,native-rsi256,398.5845980000704,analytical36-D-0-local-native-rsi256,analytical36,-159.3425030000617,-39.977084864687505,True,win,local,0,1.6660303781408363
native-skv-raw,242.68753000001198,analytical36-D-1-local-native-skv-raw,D,analytical36|D|local,same native policy,native-rsi256,420.99950200008607,analytical36-D-1-local-native-rsi256,analytical36,-178.3119720000741,-42.354437749438866,True,win,local,1,1.7347389130379518
native-skv-raw,248.62606099998175,analytical36-D-2-local-native-skv-raw,D,analytical36|D|local,same native policy,native-rsi256,441.283435999992,analytical36-D-2-local-native-rsi256,analytical36,-192.65737500001023,-43.65841980074089,True,win,local,2,1.7748880959024822
native-skv-raw,239.2420950000087,analytical36-D-0-local-native-skv-raw,D,analytical36|D|local,cross-policy latency,natural-ee,369.030983000016,analytical36-D-0-local-natural-ee,analytical36,-129.78888800000732,-35.17018732272723,True,win,local,0,1.5425002151063867
native-skv-raw,242.68753000001198,analytical36-D-1-local-native-skv-raw,D,analytical36|D|local,cross-policy latency,natural-ee,337.25018999996337,analytical36-D-1-local-natural-ee,analytical36,-94.56265999995139,-28.03932000748811,True,win,local,1,1.389647791132683
native-skv-raw,248.62606099998175,analytical36-D-2-local-native-skv-raw,D,analytical36|D|local,cross-policy latency,natural-ee,366.0691009999937,analytical36-D-2-local-natural-ee,analytical36,-117.44304000001193,-32.082205157220834,True,win,local,2,1.4723681802609605
native-skv-summary,42.50386399996842,analytical40-1025x1031-A-0-http0-native-skv-summary,A,analytical40-1025x1031|A|http0,same native policy,native-tiff,73.16520500000934,analytical40-1025x1031-A-0-http0-native-tiff,analytical40-1025x1031,-30.66134100004092,-41.90699800545492,True,win,http0,0,1.7213777316825525
native-skv-summary,41.72676700000011,analytical40-1025x1031-A-1-http0-native-skv-summary,A,analytical40-1025x1031|A|http0,same native policy,native-tiff,68.36231499994483,analytical40-1025x1031-A-1-http0-native-tiff,analytical40-1025x1031,-26.63554799994472,-38.96232595395024,True,win,http0,1,1.638332416214864
native-skv-summary,41.93107600008261,analytical40-1025x1031-A-2-http0-native-skv-summary,A,analytical40-1025x1031|A|http0,same native policy,native-tiff,70.3768269999614,analytical40-1025x1031-A-2-http0-native-tiff,analytical40-1025x1031,-28.445750999878783,-40.4192007688758,True,win,http0,2,1.678393061027643
native-skv-summary,42.50386399996842,analytical40-1025x1031-A-0-http0-native-skv-summary,A,analytical40-1025x1031|A|http0,same native policy,native-cog,97.029768000084,analytical40-1025x1031-A-0-http0-native-cog,analytical40-1025x1031,-54.52590400011559,-56.195026664464855,True,win,http0,0,2.282845813739572
native-skv-summary,41.72676700000011,analytical40-1025x1031-A-1-http0-native-skv-summary,A,analytical40-1025x1031|A|http0,same native policy,native-cog,100.23022800004355,analytical40-1025x1031-A-1-http0-native-cog,analytical40-1025x1031,-58.503461000043444,-58.36907903673334,True,win,http0,1,2.402060720401446
native-skv-summary,41.93107600008261,analytical40-1025x1031-A-2-http0-native-skv-summary,A,analytical40-1025x1031|A|http0,same native policy,native-cog,100.77253299999711,analytical40-1025x1031-A-2-http0-native-cog,analytical40-1025x1031,-58.8414569999145,-58.39037210657014,True,win,http0,2,2.403289937033778
native-skv-summary,42.50386399996842,analytical40-1025x1031-A-0-http0-native-skv-summary,A,analytical40-1025x1031|A|http0,same native policy,native-rsi64,66.90111000000343,analytical40-1025x1031-A-0-http0-native-rsi64,analytical40-1025x1031,-24.39724600003501,-36.46762512615076,True,win,http0,0,1.5740006602706318
native-skv-summary,41.72676700000011,analytical40-1025x1031-A-1-http0-native-skv-summary,A,analytical40-1025x1031|A|http0,same native policy,native-rsi64,65.92445600000474,analytical40-1025x1031-A-1-http0-native-rsi64,analytical40-1025x1031,-24.19768900000463,-36.70517812085229,True,win,http0,1,1.579908071957853
native-skv-summary,41.93107600008261,analytical40-1025x1031-A-2-http0-native-skv-summary,A,analytical40-1025x1031|A|http0,same native policy,native-rsi64,68.03989299999103,analytical40-1025x1031-A-2-http0-native-rsi64,analytical40-1025x1031,-26.108816999908413,-38.37280725869433,True,win,http0,2,1.622660315224369
native-skv-summary,42.50386399996842,analytical40-1025x1031-A-0-http0-native-skv-summary,A,analytical40-1025x1031|A|http0,same native policy,native-rsi256,82.07373900000903,analytical40-1025x1031-A-0-http0-native-rsi256,analytical40-1025x1031,-39.56987500004061,-48.21258965676738,True,win,http0,0,1.9309712406399102
native-skv-summary,41.72676700000011,analytical40-1025x1031-A-1-http0-native-skv-summary,A,analytical40-1025x1031|A|http0,same native policy,native-rsi256,86.2650899999835,analytical40-1025x1031-A-1-http0-native-rsi256,analytical40-1025x1031,-44.53832299998339,-51.62960242665012,True,win,http0,1,2.067380154325958
native-skv-summary,41.93107600008261,analytical40-1025x1031-A-2-http0-native-skv-summary,A,analytical40-1025x1031|A|http0,same native policy,native-rsi256,87.36079100003735,analytical40-1025x1031-A-2-http0-native-rsi256,analytical40-1025x1031,-45.42971499995474,-52.002408036730486,True,win,http0,2,2.0834378540599636
native-skv-summary,42.50386399996842,analytical40-1025x1031-A-0-http0-native-skv-summary,A,analytical40-1025x1031|A|http0,cross-policy latency,natural-ee,50.07402399996863,analytical40-1025x1031-A-0-http0-natural-ee,analytical40-1025x1031,-7.5701600000002145,-15.117938194871172,True,win,http0,0,1.178105218857416
native-skv-summary,41.72676700000011,analytical40-1025x1031-A-1-http0-native-skv-summary,A,analytical40-1025x1031|A|http0,cross-policy latency,natural-ee,54.23292900002252,analytical40-1025x1031-A-1-http0-natural-ee,analytical40-1025x1031,-12.506162000022414,-23.060089562961316,True,win,http0,1,1.2997155758561976
native-skv-summary,41.93107600008261,analytical40-1025x1031-A-2-http0-native-skv-summary,A,analytical40-1025x1031|A|http0,cross-policy latency,natural-ee,51.114096999981484,analytical40-1025x1031-A-2-http0-natural-ee,analytical40-1025x1031,-9.183020999898872,-17.96573066702557,True,win,http0,2,1.2190027510832486
native-skv-raw,66.38935400007995,analytical40-1025x1031-A-0-http0-native-skv-raw,A,analytical40-1025x1031|A|http0,same native policy,native-tiff,73.16520500000934,analytical40-1025x1031-A-0-http0-native-tiff,analytical40-1025x1031,-6.775850999929389,-9.261029200872905,True,win,http0,0,1.1020623125798337
native-skv-raw,69.15826700003436,analytical40-1025x1031-A-1-http0-native-skv-raw,A,analytical40-1025x1031|A|http0,same native policy,native-tiff,68.36231499994483,analytical40-1025x1031-A-1-http0-native-tiff,analytical40-1025x1031,0.7959520000895282,1.1643139938870783,True,loss,http0,1,0.9884908625589311
native-skv-raw,69.24529599996276,analytical40-1025x1031-A-2-http0-native-skv-raw,A,analytical40-1025x1031|A|http0,same native policy,native-tiff,70.3768269999614,analytical40-1025x1031-A-2-http0-native-tiff,analytical40-1025x1031,-1.1315309999986312,-1.6078175846138243,True,win,http0,2,1.0163409078358079
native-skv-raw,66.38935400007995,analytical40-1025x1031-A-0-http0-native-skv-raw,A,analytical40-1025x1031|A|http0,same native policy,native-cog,97.029768000084,analytical40-1025x1031-A-0-http0-native-cog,analytical40-1025x1031,-30.640414000004057,-31.57836469317079,True,win,http0,0,1.4615260151494645
native-skv-raw,69.15826700003436,analytical40-1025x1031-A-1-http0-native-skv-raw,A,analytical40-1025x1031|A|http0,same native policy,native-cog,100.23022800004355,analytical40-1025x1031-A-1-http0-native-cog,analytical40-1025x1031,-31.071961000009196,-31.00058896403557,True,win,http0,1,1.4492877330195935
native-skv-raw,69.24529599996276,analytical40-1025x1031-A-2-http0-native-skv-raw,A,analytical40-1025x1031|A|http0,same native policy,native-cog,100.77253299999711,analytical40-1025x1031-A-2-http0-native-cog,analytical40-1025x1031,-31.527237000034347,-31.285545834235652,True,win,http0,2,1.4552978876724174
native-skv-raw,66.38935400007995,analytical40-1025x1031-A-0-http0-native-skv-raw,A,analytical40-1025x1031|A|http0,same native policy,native-rsi64,66.90111000000343,analytical40-1025x1031-A-0-http0-native-rsi64,analytical40-1025x1031,-0.51175599992348,-0.7649439597092744,True,win,http0,0,1.0077084045722582
native-skv-raw,69.15826700003436,analytical40-1025x1031-A-1-http0-native-skv-raw,A,analytical40-1025x1031|A|http0,same native policy,native-rsi64,65.92445600000474,analytical40-1025x1031-A-1-http0-native-rsi64,analytical40-1025x1031,3.2338110000296183,4.905328304915235,True,loss,http0,1,0.953240427496137
native-skv-raw,69.24529599996276,analytical40-1025x1031-A-2-http0-native-skv-raw,A,analytical40-1025x1031|A|http0,same native policy,native-rsi64,68.03989299999103,analytical40-1025x1031-A-2-http0-native-rsi64,analytical40-1025x1031,1.2054029999717386,1.7716121334463208,True,loss,http0,2,0.9825922760157977
native-skv-raw,66.38935400007995,analytical40-1025x1031-A-0-http0-native-skv-raw,A,analytical40-1025x1031|A|http0,same native policy,native-rsi256,82.07373900000903,analytical40-1025x1031-A-0-http0-native-rsi256,analytical40-1025x1031,-15.68438499992908,-19.110113893954995,True,win,http0,0,1.2362484955029114
native-skv-raw,69.15826700003436,analytical40-1025x1031-A-1-http0-native-skv-raw,A,analytical40-1025x1031|A|http0,same native policy,native-rsi256,86.2650899999835,analytical40-1025x1031-A-1-http0-native-rsi256,analytical40-1025x1031,-17.106822999949145,-19.83052820086598,True,win,http0,1,1.247357600790382
native-skv-raw,69.24529599996276,analytical40-1025x1031-A-2-http0-native-skv-raw,A,analytical40-1025x1031|A|http0,same native policy,native-rsi256,87.36079100003735,analytical40-1025x1031-A-2-http0-native-rsi256,analytical40-1025x1031,-18.11549500007459,-20.73641366189878,True,win,http0,2,1.2616133664889573
native-skv-raw,66.38935400007995,analytical40-1025x1031-A-0-http0-native-skv-raw,A,analytical40-1025x1031|A|http0,cross-policy latency,natural-ee,50.07402399996863,analytical40-1025x1031-A-0-http0-natural-ee,analytical40-1025x1031,16.315330000111317,32.582422375564505,True,loss,http0,0,0.7542477970174003
native-skv-raw,69.15826700003436,analytical40-1025x1031-A-1-http0-native-skv-raw,A,analytical40-1025x1031|A|http0,cross-policy latency,natural-ee,54.23292900002252,analytical40-1025x1031-A-1-http0-natural-ee,analytical40-1025x1031,14.925338000011834,27.520803827515273,True,loss,http0,1,0.7841857720349699
native-skv-raw,69.24529599996276,analytical40-1025x1031-A-2-http0-native-skv-raw,A,analytical40-1025x1031|A|http0,cross-policy latency,natural-ee,51.114096999981484,analytical40-1025x1031-A-2-http0-natural-ee,analytical40-1025x1031,18.13119899998128,35.47201274041454,True,loss,http0,2,0.7381598455440059
native-skv-summary,12.455340999963482,analytical40-1025x1031-A-0-local-native-skv-summary,A,analytical40-1025x1031|A|local,same native policy,native-tiff,43.56541999999308,analytical40-1025x1031-A-0-local-native-tiff,analytical40-1025x1031,-31.1100790000296,-71.41002887160171,True,win,local,0,3.497730009970888
native-skv-summary,13.11764900003709,analytical40-1025x1031-A-1-local-native-skv-summary,A,analytical40-1025x1031|A|local,same native policy,native-tiff,44.17556600003536,analytical40-1025x1031-A-1-local-native-tiff,analytical40-1025x1031,-31.05791699999827,-70.30564588572202,True,win,local,1,3.367643546485384
native-skv-summary,13.627722000023823,analytical40-1025x1031-A-2-local-native-skv-summary,A,analytical40-1025x1031|A|local,same native policy,native-tiff,43.36968899997373,analytical40-1025x1031-A-2-local-native-tiff,analytical40-1025x1031,-29.74196699994991,-68.57777329223624,True,win,local,2,3.1824606489549696
native-skv-summary,12.455340999963482,analytical40-1025x1031-A-0-local-native-skv-summary,A,analytical40-1025x1031|A|local,same native policy,native-cog,43.047610000030545,analytical40-1025x1031-A-0-local-native-cog,analytical40-1025x1031,-30.592269000067063,-71.06612655161426,True,win,local,0,3.4561566801066914
native-skv-summary,13.11764900003709,analytical40-1025x1031-A-1-local-native-skv-summary,A,analytical40-1025x1031|A|local,same native policy,native-cog,45.50930900001049,analytical40-1025x1031-A-1-local-native-cog,analytical40-1025x1031,-32.3916599999734,-71.17589941865725,True,win,local,1,3.4693190067733792
native-skv-summary,13.627722000023823,analytical40-1025x1031-A-2-local-native-skv-summary,A,analytical40-1025x1031|A|local,same native policy,native-cog,43.57948900002384,analytical40-1025x1031-A-2-local-native-cog,analytical40-1025x1031,-29.951767000000018,-68.72904590502112,True,win,local,2,3.197855738468077
native-skv-summary,12.455340999963482,analytical40-1025x1031-A-0-local-native-skv-summary,A,analytical40-1025x1031|A|local,same native policy,native-rsi64,31.824233000008917,analytical40-1025x1031-A-0-local-native-rsi64,analytical40-1025x1031,-19.368892000045435,-60.86208582007304,True,win,local,0,2.5550671796221573
native-skv-summary,13.11764900003709,analytical40-1025x1031-A-1-local-native-skv-summary,A,analytical40-1025x1031|A|local,same native policy,native-rsi64,31.09316799998396,analytical40-1025x1031-A-1-local-native-rsi64,analytical40-1025x1031,-17.97551899994687,-57.81179646910262,True,win,local,1,2.37033084205074
native-skv-summary,13.627722000023823,analytical40-1025x1031-A-2-local-native-skv-summary,A,analytical40-1025x1031|A|local,same native policy,native-rsi64,34.527582000009716,analytical40-1025x1031-A-2-local-native-rsi64,analytical40-1025x1031,-20.899859999985893,-60.53091120015301,True,win,local,2,2.533628290916806
native-skv-summary,12.455340999963482,analytical40-1025x1031-A-0-local-native-skv-summary,A,analytical40-1025x1031|A|local,same native policy,native-rsi256,41.8296270000269,analytical40-1025x1031-A-0-local-native-rsi256,analytical40-1025x1031,-29.37428600006342,-70.22363837966934,True,win,local,0,3.3583686709299685
native-skv-summary,13.11764900003709,analytical40-1025x1031-A-1-local-native-skv-summary,A,analytical40-1025x1031|A|local,same native policy,native-rsi256,40.15401000003749,analytical40-1025x1031-A-1-local-native-rsi256,analytical40-1025x1031,-27.036361000000397,-67.33165878071743,True,win,local,1,3.0610675739169384
native-skv-summary,13.627722000023823,analytical40-1025x1031-A-2-local-native-skv-summary,A,analytical40-1025x1031|A|local,same native policy,native-rsi256,42.34092100000453,analytical40-1025x1031-A-2-local-native-rsi256,analytical40-1025x1031,-28.713198999980705,-67.81429955191017,True,win,local,2,3.10696982224399
native-skv-summary,12.455340999963482,analytical40-1025x1031-A-0-local-native-skv-summary,A,analytical40-1025x1031|A|local,cross-policy latency,natural-ee,48.171542000090994,analytical40-1025x1031-A-0-local-natural-ee,analytical40-1025x1031,-35.71620100012751,-74.14377766869087,True,win,local,0,3.8675410011040428
native-skv-summary,13.11764900003709,analytical40-1025x1031-A-1-local-native-skv-summary,A,analytical40-1025x1031|A|local,cross-policy latency,natural-ee,42.55052799999248,analytical40-1025x1031-A-1-local-natural-ee,analytical40-1025x1031,-29.432878999955392,-69.17159523839655,True,win,local,1,3.2437617441869477
native-skv-summary,13.627722000023823,analytical40-1025x1031-A-2-local-native-skv-summary,A,analytical40-1025x1031|A|local,cross-policy latency,natural-ee,46.85741399998733,analytical40-1025x1031-A-2-local-natural-ee,analytical40-1025x1031,-33.22969199996351,-70.91661524464942,True,win,local,2,3.4383893360831266
native-skv-raw,17.54885499997272,analytical40-1025x1031-A-0-local-native-skv-raw,A,analytical40-1025x1031|A|local,same native policy,native-tiff,43.56541999999308,analytical40-1025x1031-A-0-local-native-tiff,analytical40-1025x1031,-26.016565000020364,-59.71838444349784,True,win,local,0,2.4825220790792795
native-skv-raw,17.911006000076668,analytical40-1025x1031-A-1-local-native-skv-raw,A,analytical40-1025x1031|A|local,same native policy,native-tiff,44.17556600003536,analytical40-1025x1031-A-1-local-native-tiff,analytical40-1025x1031,-26.264559999958692,-59.45494846616718,True,win,local,1,2.46639222832298
native-skv-raw,17.298519000007673,analytical40-1025x1031-A-2-local-native-skv-raw,A,analytical40-1025x1031|A|local,same native policy,native-tiff,43.36968899997373,analytical40-1025x1031-A-2-local-native-tiff,analytical40-1025x1031,-26.07116999996606,-60.11380436687441,True,win,local,2,2.5071330672848062
native-skv-raw,17.54885499997272,analytical40-1025x1031-A-0-local-native-skv-raw,A,analytical40-1025x1031|A|local,same native policy,native-cog,43.047610000030545,analytical40-1025x1031-A-0-local-native-cog,analytical40-1025x1031,-25.498755000057827,-59.23384596738293,True,win,local,0,2.453015310691066
native-skv-raw,17.911006000076668,analytical40-1025x1031-A-1-local-native-skv-raw,A,analytical40-1025x1031|A|local,same native policy,native-cog,45.50930900001049,analytical40-1025x1031-A-1-local-native-cog,analytical40-1025x1031,-27.59830299993382,-60.643203789201586,True,win,local,1,2.5408572248714387
native-skv-raw,17.298519000007673,analytical40-1025x1031-A-2-local-native-skv-raw,A,analytical40-1025x1031|A|local,same native policy,native-cog,43.57948900002384,analytical40-1025x1031-A-2-local-native-cog,analytical40-1025x1031,-26.28097000001617,-60.30582414585402,True,win,local,2,2.5192612731763053
native-skv-raw,17.54885499997272,analytical40-1025x1031-A-0-local-native-skv-raw,A,analytical40-1025x1031|A|local,same native policy,native-rsi64,31.824233000008917,analytical40-1025x1031-A-0-local-native-rsi64,analytical40-1025x1031,-14.275378000036199,-44.85694282100121,True,win,local,0,1.8134649240681737
native-skv-raw,17.911006000076668,analytical40-1025x1031-A-1-local-native-skv-raw,A,analytical40-1025x1031|A|local,same native policy,native-rsi64,31.09316799998396,analytical40-1025x1031-A-1-local-native-rsi64,analytical40-1025x1031,-13.182161999907294,-42.39568640903395,True,win,local,1,1.7359811056872443
native-skv-raw,17.298519000007673,analytical40-1025x1031-A-2-local-native-skv-raw,A,analytical40-1025x1031|A|local,same native policy,native-rsi64,34.527582000009716,analytical40-1025x1031-A-2-local-native-rsi64,analytical40-1025x1031,-17.229063000002043,-49.89941954231604,True,win,local,2,1.9959848585878595
native-skv-raw,17.54885499997272,analytical40-1025x1031-A-0-local-native-skv-raw,A,analytical40-1025x1031|A|local,same native policy,native-rsi256,41.8296270000269,analytical40-1025x1031-A-0-local-native-rsi256,analytical40-1025x1031,-24.280772000054185,-58.04682886614927,True,win,local,0,2.3836100417999884
native-skv-raw,17.911006000076668,analytical40-1025x1031-A-1-local-native-skv-raw,A,analytical40-1025x1031|A|local,same native policy,native-rsi256,40.15401000003749,analytical40-1025x1031-A-1-local-native-rsi256,analytical40-1025x1031,-22.24300399996082,-55.3942283720606,True,win,local,1,2.241862349879488
native-skv-raw,17.298519000007673,analytical40-1025x1031-A-2-local-native-skv-raw,A,analytical40-1025x1031|A|local,same native policy,native-rsi256,42.34092100000453,analytical40-1025x1031-A-2-local-native-rsi256,analytical40-1025x1031,-25.042401999996855,-59.1446794461419,True,win,local,2,2.4476616177365096
native-skv-raw,17.54885499997272,analytical40-1025x1031-A-0-local-native-skv-raw,A,analytical40-1025x1031|A|local,cross-policy latency,natural-ee,48.171542000090994,analytical40-1025x1031-A-0-local-natural-ee,analytical40-1025x1031,-30.622687000118276,-63.57007836714139,True,win,local,0,2.7449962974886897
native-skv-raw,17.911006000076668,analytical40-1025x1031-A-1-local-native-skv-raw,A,analytical40-1025x1031|A|local,cross-policy latency,natural-ee,42.55052799999248,analytical40-1025x1031-A-1-local-natural-ee,analytical40-1025x1031,-24.639521999915814,-57.90650118353447,True,win,local,1,2.37566376784254
native-skv-raw,17.298519000007673,analytical40-1025x1031-A-2-local-native-skv-raw,A,analytical40-1025x1031|A|local,cross-policy latency,natural-ee,46.85741399998733,analytical40-1025x1031-A-2-local-natural-ee,analytical40-1025x1031,-29.558894999979657,-63.08264258882842,True,win,local,2,2.7087529285002114
native-skv-summary,69.25495400003001,analytical40-1025x1031-B-0-http0-native-skv-summary,B,analytical40-1025x1031|B|http0,same native policy,native-tiff,87.6301330000615,analytical40-1025x1031-B-0-http0-native-tiff,analytical40-1025x1031,-18.375179000031494,-20.969018727859968,True,win,http0,0,1.2653265642198468
native-skv-summary,70.13147399993613,analytical40-1025x1031-B-1-http0-native-skv-summary,B,analytical40-1025x1031|B|http0,same native policy,native-tiff,91.76935499999672,analytical40-1025x1031-B-1-http0-native-tiff,analytical40-1025x1031,-21.637881000060588,-23.578547544614825,True,win,http0,1,1.3085330988491743
native-skv-summary,72.32682900001919,analytical40-1025x1031-B-2-http0-native-skv-summary,B,analytical40-1025x1031|B|http0,same native policy,native-tiff,88.91749700001128,analytical40-1025x1031-B-2-http0-native-tiff,analytical40-1025x1031,-16.590667999992093,-18.65849642617582,True,win,http0,2,1.2293847003853535
native-skv-summary,69.25495400003001,analytical40-1025x1031-B-0-http0-native-skv-summary,B,analytical40-1025x1031|B|http0,same native policy,native-cog,121.4640329999952,analytical40-1025x1031-B-0-http0-native-cog,analytical40-1025x1031,-52.209078999965186,-42.98315946743448,True,win,http0,0,1.7538677882876446
native-skv-summary,70.13147399993613,analytical40-1025x1031-B-1-http0-native-skv-summary,B,analytical40-1025x1031|B|http0,same native policy,native-cog,118.53839399998378,analytical40-1025x1031-B-1-http0-native-cog,analytical40-1025x1031,-48.40692000004765,-40.8364904961124,True,win,http0,1,1.6902310366397222
native-skv-summary,72.32682900001919,analytical40-1025x1031-B-2-http0-native-skv-summary,B,analytical40-1025x1031|B|http0,same native policy,native-cog,115.60020799998938,analytical40-1025x1031-B-2-http0-native-cog,analytical40-1025x1031,-43.27337899997019,-37.43365150344208,True,win,http0,2,1.5983032796855883
native-skv-summary,69.25495400003001,analytical40-1025x1031-B-0-http0-native-skv-summary,B,analytical40-1025x1031|B|http0,same native policy,native-rsi64,201.99056499996004,analytical40-1025x1031-B-0-http0-native-rsi64,analytical40-1025x1031,-132.73561099993003,-65.7137678682944,True,win,http0,0,2.916622614461234
native-skv-summary,70.13147399993613,analytical40-1025x1031-B-1-http0-native-skv-summary,B,analytical40-1025x1031|B|http0,same native policy,native-rsi64,203.60824499999808,analytical40-1025x1031-B-1-http0-native-rsi64,analytical40-1025x1031,-133.47677100006194,-65.55568071423788,True,win,http0,1,2.903236355764938
native-skv-summary,72.32682900001919,analytical40-1025x1031-B-2-http0-native-skv-summary,B,analytical40-1025x1031|B|http0,same native policy,native-rsi64,209.4845920000239,analytical40-1025x1031-B-2-http0-native-rsi64,analytical40-1025x1031,-137.1577630000047,-65.47391466384748,True,win,http0,2,2.8963607957977575
native-skv-summary,69.25495400003001,analytical40-1025x1031-B-0-http0-native-skv-summary,B,analytical40-1025x1031|B|http0,same native policy,native-rsi256,118.33857699997452,analytical40-1025x1031-B-0-http0-native-rsi256,analytical40-1025x1031,-49.08362299994451,-41.4772800588561,True,win,http0,0,1.708738078144175
native-skv-summary,70.13147399993613,analytical40-1025x1031-B-1-http0-native-skv-summary,B,analytical40-1025x1031|B|http0,same native policy,native-rsi256,118.77506799999082,analytical40-1025x1031-B-1-http0-native-rsi256,analytical40-1025x1031,-48.64359400005469,-40.95438109962475,True,win,http0,1,1.693605755385934
native-skv-summary,72.32682900001919,analytical40-1025x1031-B-2-http0-native-skv-summary,B,analytical40-1025x1031|B|http0,same native policy,native-rsi256,115.33116300006441,analytical40-1025x1031-B-2-http0-native-rsi256,analytical40-1025x1031,-43.00433400004522,-37.287696474561,True,win,http0,2,1.594583429062455
native-skv-summary,69.25495400003001,analytical40-1025x1031-B-0-http0-native-skv-summary,B,analytical40-1025x1031|B|http0,cross-policy latency,natural-ee,80.63999499995589,analytical40-1025x1031-B-0-http0-natural-ee,analytical40-1025x1031,-11.385040999925877,-14.118355289992401,True,win,http0,0,1.1643931638438594
native-skv-summary,70.13147399993613,analytical40-1025x1031-B-1-http0-native-skv-summary,B,analytical40-1025x1031|B|http0,cross-policy latency,natural-ee,80.39402899999004,analytical40-1025x1031-B-1-http0-natural-ee,analytical40-1025x1031,-10.262555000053908,-12.765319922024531,True,win,http0,1,1.1463330857706377
native-skv-summary,72.32682900001919,analytical40-1025x1031-B-2-http0-native-skv-summary,B,analytical40-1025x1031|B|http0,cross-policy latency,natural-ee,80.98465500006569,analytical40-1025x1031-B-2-http0-natural-ee,analytical40-1025x1031,-8.657826000046498,-10.690699367725253,True,win,http0,2,1.1197042110064608
native-skv-raw,92.15672300001643,analytical40-1025x1031-B-0-http0-native-skv-raw,B,analytical40-1025x1031|B|http0,same native policy,native-tiff,87.6301330000615,analytical40-1025x1031-B-0-http0-native-tiff,analytical40-1025x1031,4.526589999954922,5.165563311368859,True,loss,http0,0,0.9508816084969285
native-skv-raw,93.19708700002138,analytical40-1025x1031-B-1-http0-native-skv-raw,B,analytical40-1025x1031|B|http0,same native policy,native-tiff,91.76935499999672,analytical40-1025x1031-B-1-http0-native-tiff,analytical40-1025x1031,1.4277320000246618,1.5557829735478812,True,loss,http0,1,0.9846805083079009
native-skv-raw,92.92181500001107,analytical40-1025x1031-B-2-http0-native-skv-raw,B,analytical40-1025x1031|B|http0,same native policy,native-tiff,88.91749700001128,analytical40-1025x1031-B-2-http0-native-tiff,analytical40-1025x1031,4.004317999999785,4.503408367420958,True,loss,http0,2,0.9569065886196981
native-skv-raw,92.15672300001643,analytical40-1025x1031-B-0-http0-native-skv-raw,B,analytical40-1025x1031|B|http0,same native policy,native-cog,121.4640329999952,analytical40-1025x1031-B-0-http0-native-cog,analytical40-1025x1031,-29.30730999997877,-24.128385396177265,True,win,http0,0,1.318015973723084
native-skv-raw,93.19708700002138,analytical40-1025x1031-B-1-http0-native-skv-raw,B,analytical40-1025x1031|B|http0,same native policy,native-cog,118.53839399998378,analytical40-1025x1031-B-1-http0-native-cog,analytical40-1025x1031,-25.3413069999624,-21.37814268005509,True,win,http0,1,1.2719109342972983
native-skv-raw,92.92181500001107,analytical40-1025x1031-B-2-http0-native-skv-raw,B,analytical40-1025x1031|B|http0,same native policy,native-cog,115.60020799998938,analytical40-1025x1031-B-2-http0-native-cog,analytical40-1025x1031,-22.678392999978314,-19.61795172546783,True,win,http0,2,1.2440588681998475
native-skv-raw,92.15672300001643,analytical40-1025x1031-B-0-http0-native-skv-raw,B,analytical40-1025x1031|B|http0,same native policy,native-rsi64,201.99056499996004,analytical40-1025x1031-B-0-http0-native-rsi64,analytical40-1025x1031,-109.83384199994362,-54.375728886131554,True,win,http0,0,2.1918158374611916
native-skv-raw,93.19708700002138,analytical40-1025x1031-B-1-http0-native-skv-raw,B,analytical40-1025x1031|B|http0,same native policy,native-rsi64,203.60824499999808,analytical40-1025x1031-B-1-http0-native-rsi64,analytical40-1025x1031,-110.4111579999767,-54.22725292876904,True,win,http0,1,2.184706105674219
native-skv-raw,92.92181500001107,analytical40-1025x1031-B-2-http0-native-skv-raw,B,analytical40-1025x1031|B|http0,same native policy,native-rsi64,209.4845920000239,analytical40-1025x1031-B-2-http0-native-rsi64,analytical40-1025x1031,-116.56277700001283,-55.64264936487526,True,win,http0,2,2.2544177812282182
native-skv-raw,92.15672300001643,analytical40-1025x1031-B-0-http0-native-skv-raw,B,analytical40-1025x1031|B|http0,same native policy,native-rsi256,118.33857699997452,analytical40-1025x1031-B-0-http0-native-rsi256,analytical40-1025x1031,-26.181853999958093,-22.124530025372646,True,win,http0,0,1.2841013997421917
native-skv-raw,93.19708700002138,analytical40-1025x1031-B-1-http0-native-skv-raw,B,analytical40-1025x1031|B|http0,same native policy,native-rsi256,118.77506799999082,analytical40-1025x1031-B-1-http0-native-rsi256,analytical40-1025x1031,-25.57798099996944,-21.53480644605602,True,win,http0,1,1.2744504342712297
native-skv-raw,92.92181500001107,analytical40-1025x1031-B-2-http0-native-skv-raw,B,analytical40-1025x1031|B|http0,same native policy,native-rsi256,115.33116300006441,analytical40-1025x1031-B-2-http0-native-rsi256,analytical40-1025x1031,-22.409348000053342,-19.430436160641882,True,win,http0,2,1.2411634770591886
native-skv-raw,92.15672300001643,analytical40-1025x1031-B-0-http0-native-skv-raw,B,analytical40-1025x1031|B|http0,cross-policy latency,natural-ee,80.63999499995589,analytical40-1025x1031-B-0-http0-natural-ee,analytical40-1025x1031,11.516728000060539,14.28165763163407,True,loss,http0,0,0.8750310598602938
native-skv-raw,93.19708700002138,analytical40-1025x1031-B-1-http0-native-skv-raw,B,analytical40-1025x1031|B|http0,cross-policy latency,natural-ee,80.39402899999004,analytical40-1025x1031-B-1-http0-natural-ee,analytical40-1025x1031,12.803058000031342,15.925384209855853,True,loss,http0,1,0.8626238393048873
native-skv-raw,92.92181500001107,analytical40-1025x1031-B-2-http0-native-skv-raw,B,analytical40-1025x1031|B|http0,cross-policy latency,natural-ee,80.98465500006569,analytical40-1025x1031-B-2-http0-natural-ee,analytical40-1025x1031,11.93715999994538,14.74002698404493,True,loss,http0,2,0.8715354408440692
native-skv-summary,24.671846999979152,analytical40-1025x1031-B-0-local-native-skv-summary,B,analytical40-1025x1031|B|local,same native policy,native-tiff,61.989874999994754,analytical40-1025x1031-B-0-local-native-tiff,analytical40-1025x1031,-37.3180280000156,-60.20019882282188,True,win,local,0,2.5125753657619203
native-skv-summary,24.692636000054335,analytical40-1025x1031-B-1-local-native-skv-summary,B,analytical40-1025x1031|B|local,same native policy,native-tiff,62.46573199996419,analytical40-1025x1031-B-1-local-native-tiff,analytical40-1025x1031,-37.773095999909856,-60.47010863481358,True,win,local,1,2.529731212164904
native-skv-summary,25.06419700000606,analytical40-1025x1031-B-2-local-native-skv-summary,B,analytical40-1025x1031|B|local,same native policy,native-tiff,60.89927099998249,analytical40-1025x1031-B-2-local-native-tiff,analytical40-1025x1031,-35.83507399997643,-58.843190421748616,True,win,local,2,2.429731580866834
native-skv-summary,24.671846999979152,analytical40-1025x1031-B-0-local-native-skv-summary,B,analytical40-1025x1031|B|local,same native policy,native-cog,59.08485899999505,analytical40-1025x1031-B-0-local-native-cog,analytical40-1025x1031,-34.4130120000159,-58.24336823756959,True,win,local,0,2.3948291751341104
native-skv-summary,24.692636000054335,analytical40-1025x1031-B-1-local-native-skv-summary,B,analytical40-1025x1031|B|local,same native policy,native-cog,58.42801800002917,analytical40-1025x1031-B-1-local-native-cog,analytical40-1025x1031,-33.735381999974834,-57.73836449485243,True,win,local,1,2.3662122585818945
native-skv-summary,25.06419700000606,analytical40-1025x1031-B-2-local-native-skv-summary,B,analytical40-1025x1031|B|local,same native policy,native-cog,58.34673499998644,analytical40-1025x1031-B-2-local-native-cog,analytical40-1025x1031,-33.28253799998038,-57.04267428158254,True,win,local,2,2.3278916535794996
native-skv-summary,24.671846999979152,analytical40-1025x1031-B-0-local-native-skv-summary,B,analytical40-1025x1031|B|local,same native policy,native-rsi64,55.796112000052744,analytical40-1025x1031-B-0-local-native-rsi64,analytical40-1025x1031,-31.124265000073592,-55.78213944377374,True,win,local,0,2.2615295887697378
native-skv-summary,24.692636000054335,analytical40-1025x1031-B-1-local-native-skv-summary,B,analytical40-1025x1031|B|local,same native policy,native-rsi64,53.191338000033284,analytical40-1025x1031-B-1-local-native-rsi64,analytical40-1025x1031,-28.498701999978948,-53.577712220664786,True,win,local,1,2.154137695137783
native-skv-summary,25.06419700000606,analytical40-1025x1031-B-2-local-native-skv-summary,B,analytical40-1025x1031|B|local,same native policy,native-rsi64,55.32991200004744,analytical40-1025x1031-B-2-local-native-rsi64,analytical40-1025x1031,-30.265715000041382,-54.7004575030147,True,win,local,2,2.2075278134796843
native-skv-summary,24.671846999979152,analytical40-1025x1031-B-0-local-native-skv-summary,B,analytical40-1025x1031|B|local,same native policy,native-rsi256,57.436799000015526,analytical40-1025x1031-B-0-local-native-rsi256,analytical40-1025x1031,-32.764952000036374,-57.045226353974776,True,win,local,0,2.328029960629379
native-skv-summary,24.692636000054335,analytical40-1025x1031-B-1-local-native-skv-summary,B,analytical40-1025x1031|B|local,same native policy,native-rsi256,63.31394500000442,analytical40-1025x1031-B-1-local-native-rsi256,analytical40-1025x1031,-38.62130899995009,-60.99968814128924,True,win,local,1,2.5640820607352373
native-skv-summary,25.06419700000606,analytical40-1025x1031-B-2-local-native-skv-summary,B,analytical40-1025x1031|B|local,same native policy,native-rsi256,57.86450199997262,analytical40-1025x1031-B-2-local-native-rsi256,analytical40-1025x1031,-32.800304999966556,-56.68467517439635,True,win,local,2,2.308651739369852
native-skv-summary,24.671846999979152,analytical40-1025x1031-B-0-local-native-skv-summary,B,analytical40-1025x1031|B|local,cross-policy latency,natural-ee,68.99370899998303,analytical40-1025x1031-B-0-local-natural-ee,analytical40-1025x1031,-44.321862000003875,-64.24043966097659,True,win,local,0,2.796454963426181
native-skv-summary,24.692636000054335,analytical40-1025x1031-B-1-local-native-skv-summary,B,analytical40-1025x1031|B|local,cross-policy latency,natural-ee,76.69720799992774,analytical40-1025x1031-B-1-local-natural-ee,analytical40-1025x1031,-52.004571999873406,-67.80503926547418,True,win,local,1,3.1060761597003648
native-skv-summary,25.06419700000606,analytical40-1025x1031-B-2-local-native-skv-summary,B,analytical40-1025x1031|B|local,cross-policy latency,natural-ee,77.81256300000905,analytical40-1025x1031-B-2-local-natural-ee,analytical40-1025x1031,-52.74836600000299,-67.78900985435585,True,win,local,2,3.1045304583262823
native-skv-raw,34.75826900000811,analytical40-1025x1031-B-0-local-native-skv-raw,B,analytical40-1025x1031|B|local,same native policy,native-tiff,61.989874999994754,analytical40-1025x1031-B-0-local-native-tiff,analytical40-1025x1031,-27.23160599998664,-43.92911906983027,True,win,local,0,1.7834569092028227
native-skv-raw,34.905563999927836,analytical40-1025x1031-B-1-local-native-skv-raw,B,analytical40-1025x1031|B|local,same native policy,native-tiff,62.46573199996419,analytical40-1025x1031-B-1-local-native-tiff,analytical40-1025x1031,-27.560168000036356,-44.12045951859198,True,win,local,1,1.7895637497819354
native-skv-raw,35.05617899998015,analytical40-1025x1031-B-2-local-native-skv-raw,B,analytical40-1025x1031|B|local,same native policy,native-tiff,60.89927099998249,analytical40-1025x1031-B-2-local-native-tiff,analytical40-1025x1031,-25.843092000002343,-42.43579861573347,True,win,local,2,1.7371907816883574
native-skv-raw,34.75826900000811,analytical40-1025x1031-B-0-local-native-skv-raw,B,analytical40-1025x1031|B|local,same native policy,native-cog,59.08485899999505,analytical40-1025x1031-B-0-local-native-cog,analytical40-1025x1031,-24.326589999986936,-41.172290857102624,True,win,local,0,1.6998792143527417
native-skv-raw,34.905563999927836,analytical40-1025x1031-B-1-local-native-skv-raw,B,analytical40-1025x1031|B|local,same native policy,native-cog,58.42801800002917,analytical40-1025x1031-B-1-local-native-cog,analytical40-1025x1031,-23.522454000101334,-40.25886005595738,True,win,local,1,1.6738883806647549
native-skv-raw,35.05617899998015,analytical40-1025x1031-B-2-local-native-skv-raw,B,analytical40-1025x1031|B|local,same native policy,native-cog,58.34673499998644,analytical40-1025x1031-B-2-local-native-cog,analytical40-1025x1031,-23.29055600000629,-39.9174966688568,True,win,local,2,1.6643780544371216
native-skv-raw,34.75826900000811,analytical40-1025x1031-B-0-local-native-skv-raw,B,analytical40-1025x1031|B|local,same native policy,native-rsi64,55.796112000052744,analytical40-1025x1031-B-0-local-native-rsi64,analytical40-1025x1031,-21.03784300004463,-37.70485477558857,True,win,local,0,1.6052615278407483
native-skv-raw,34.905563999927836,analytical40-1025x1031-B-1-local-native-skv-raw,B,analytical40-1025x1031|B|local,same native policy,native-rsi64,53.191338000033284,analytical40-1025x1031-B-1-local-native-rsi64,analytical40-1025x1031,-18.285774000105448,-34.37735294437228,True,win,local,1,1.5238641610301227
native-skv-raw,35.05617899998015,analytical40-1025x1031-B-2-local-native-skv-raw,B,analytical40-1025x1031|B|local,same native policy,native-rsi64,55.32991200004744,analytical40-1025x1031-B-2-local-native-rsi64,analytical40-1025x1031,-20.273733000067296,-36.6415421012235,True,win,local,2,1.5783212425997362
native-skv-raw,34.75826900000811,analytical40-1025x1031-B-0-local-native-skv-raw,B,analytical40-1025x1031|B|local,same native policy,native-rsi256,57.436799000015526,analytical40-1025x1031-B-0-local-native-rsi256,analytical40-1025x1031,-22.678530000007413,-39.48432084455348,True,win,local,0,1.652464310003531
native-skv-raw,34.905563999927836,analytical40-1025x1031-B-1-local-native-skv-raw,B,analytical40-1025x1031|B|local,same native policy,native-rsi256,63.31394500000442,analytical40-1025x1031-B-1-local-native-rsi256,analytical40-1025x1031,-28.408381000076588,-44.86907426172008,True,win,local,1,1.8138639730942414
native-skv-raw,35.05617899998015,analytical40-1025x1031-B-2-local-native-skv-raw,B,analytical40-1025x1031|B|local,same native policy,native-rsi256,57.86450199997262,analytical40-1025x1031-B-2-local-native-rsi256,analytical40-1025x1031,-22.80832299999247,-39.41677921984581,True,win,local,2,1.6506220486837824
native-skv-raw,34.75826900000811,analytical40-1025x1031-B-0-local-native-skv-raw,B,analytical40-1025x1031|B|local,cross-policy latency,natural-ee,68.99370899998303,analytical40-1025x1031-B-0-local-natural-ee,analytical40-1025x1031,-34.235439999974915,-49.621103860329264,True,win,local,0,1.984958140463408
native-skv-raw,34.905563999927836,analytical40-1025x1031-B-1-local-native-skv-raw,B,analytical40-1025x1031|B|local,cross-policy latency,natural-ee,76.69720799992774,analytical40-1025x1031-B-1-local-natural-ee,analytical40-1025x1031,-41.791643999999906,-54.48913342456909,True,win,local,1,2.197277431187942
native-skv-raw,35.05617899998015,analytical40-1025x1031-B-2-local-native-skv-raw,B,analytical40-1025x1031|B|local,cross-policy latency,natural-ee,77.81256300000905,analytical40-1025x1031-B-2-local-natural-ee,analytical40-1025x1031,-42.7563840000289,-54.94791888557112,True,win,local,2,2.2196532885130784
native-skv-summary,350.7334720000017,analytical40-1025x1031-C-0-http0-native-skv-summary,C,analytical40-1025x1031|C|http0,same native policy,native-tiff,1519.0264739999861,analytical40-1025x1031-C-0-http0-native-tiff,analytical40-1025x1031,-1168.2930019999844,-76.91064125588078,True,win,http0,0,4.330999449063073
native-skv-summary,335.4158859999643,analytical40-1025x1031-C-1-http0-native-skv-summary,C,analytical40-1025x1031|C|http0,same native policy,native-tiff,1482.643936000045,analytical40-1025x1031-C-1-http0-native-tiff,analytical40-1025x1031,-1147.2280500000807,-77.3771788454572,True,win,http0,1,4.420315190438544
native-skv-summary,342.69162000003917,analytical40-1025x1031-C-2-http0-native-skv-summary,C,analytical40-1025x1031|C|http0,same native policy,native-tiff,1483.7546340000927,analytical40-1025x1031-C-2-http0-native-tiff,analytical40-1025x1031,-1141.0630140000535,-76.90375402055743,True,win,http0,2,4.329707957258841
native-skv-summary,350.7334720000017,analytical40-1025x1031-C-0-http0-native-skv-summary,C,analytical40-1025x1031|C|http0,same native policy,native-cog,2022.1590419999984,analytical40-1025x1031-C-0-http0-native-cog,analytical40-1025x1031,-1671.4255699999967,-82.65549520510949,True,win,http0,0,5.765514852257923
native-skv-summary,335.4158859999643,analytical40-1025x1031-C-1-http0-native-skv-summary,C,analytical40-1025x1031|C|http0,same native policy,native-cog,2046.1186399999178,analytical40-1025x1031-C-1-http0-native-cog,analytical40-1025x1031,-1710.7027539999535,-83.60721223868144,True,win,http0,1,6.100243683747691
native-skv-summary,342.69162000003917,analytical40-1025x1031-C-2-http0-native-skv-summary,C,analytical40-1025x1031|C|http0,same native policy,native-cog,1951.19633500002,analytical40-1025x1031-C-2-http0-native-cog,analytical40-1025x1031,-1608.504714999981,-82.43684585436475,True,win,http0,2,5.693738104829634
native-skv-summary,350.7334720000017,analytical40-1025x1031-C-0-http0-native-skv-summary,C,analytical40-1025x1031|C|http0,same native policy,native-rsi64,1721.810276000042,analytical40-1025x1031-C-0-http0-native-rsi64,analytical40-1025x1031,-1371.0768040000403,-79.62995825447187,True,win,http0,0,4.909170106239628
native-skv-summary,335.4158859999643,analytical40-1025x1031-C-1-http0-native-skv-summary,C,analytical40-1025x1031|C|http0,same native policy,native-rsi64,1841.917771999988,analytical40-1025x1031-C-1-http0-native-rsi64,analytical40-1025x1031,-1506.5018860000237,-81.78985560056987,True,win,http0,1,5.491444647914452
native-skv-summary,342.69162000003917,analytical40-1025x1031-C-2-http0-native-skv-summary,C,analytical40-1025x1031|C|http0,same native policy,native-rsi64,1674.6138280000196,analytical40-1025x1031-C-2-http0-native-rsi64,analytical40-1025x1031,-1331.9222079999804,-79.53608084024282,True,win,http0,2,4.886649483870741
native-skv-summary,350.7334720000017,analytical40-1025x1031-C-0-http0-native-skv-summary,C,analytical40-1025x1031|C|http0,same native policy,native-rsi256,2119.835720000083,analytical40-1025x1031-C-0-http0-native-rsi256,analytical40-1025x1031,-1769.102248000081,-83.45468619615542,True,win,http0,0,6.044007456465611
native-skv-summary,335.4158859999643,analytical40-1025x1031-C-1-http0-native-skv-summary,C,analytical40-1025x1031|C|http0,same native policy,native-rsi256,2136.9381900000235,analytical40-1025x1031-C-1-http0-native-rsi256,analytical40-1025x1031,-1801.5223040000592,-84.30390324017932,True,win,http0,1,6.371010674194039
native-skv-summary,342.69162000003917,analytical40-1025x1031-C-2-http0-native-skv-summary,C,analytical40-1025x1031|C|http0,same native policy,native-rsi256,2097.4668349999774,analytical40-1025x1031-C-2-http0-native-rsi256,analytical40-1025x1031,-1754.7752149999383,-83.66164297420022,True,win,http0,2,6.120566458554597
native-skv-summary,350.7334720000017,analytical40-1025x1031-C-0-http0-native-skv-summary,C,analytical40-1025x1031|C|http0,cross-policy latency,natural-ee,1092.820286999995,analytical40-1025x1031-C-0-http0-natural-ee,analytical40-1025x1031,-742.0868149999933,-67.90565876455005,True,win,http0,0,3.115814070349093
native-skv-summary,335.4158859999643,analytical40-1025x1031-C-1-http0-native-skv-summary,C,analytical40-1025x1031|C|http0,cross-policy latency,natural-ee,1130.4920919999404,analytical40-1025x1031-C-1-http0-natural-ee,analytical40-1025x1031,-795.0762059999761,-70.33009886813237,True,win,http0,1,3.370419050456247
native-skv-summary,342.69162000003917,analytical40-1025x1031-C-2-http0-native-skv-summary,C,analytical40-1025x1031|C|http0,cross-policy latency,natural-ee,1114.0092589999995,analytical40-1025x1031-C-2-http0-natural-ee,analytical40-1025x1031,-771.3176389999603,-69.2379917643001,True,win,http0,2,3.2507630592188748
native-skv-raw,533.9772959999891,analytical40-1025x1031-C-0-http0-native-skv-raw,C,analytical40-1025x1031|C|http0,same native policy,native-tiff,1519.0264739999861,analytical40-1025x1031-C-0-http0-native-tiff,analytical40-1025x1031,-985.049177999997,-64.84740028303193,True,win,http0,0,2.844739814555743
native-skv-raw,523.0549870000232,analytical40-1025x1031-C-1-http0-native-skv-raw,C,analytical40-1025x1031|C|http0,same native policy,native-tiff,1482.643936000045,analytical40-1025x1031-C-1-http0-native-tiff,analytical40-1025x1031,-959.5889490000218,-64.72146991602389,True,win,http0,1,2.834585221151862
native-skv-raw,580.931789000033,analytical40-1025x1031-C-2-http0-native-skv-raw,C,analytical40-1025x1031|C|http0,same native policy,native-tiff,1483.7546340000927,analytical40-1025x1031-C-2-http0-native-tiff,analytical40-1025x1031,-902.8228450000597,-60.84717946700635,True,win,http0,2,2.554094408491749
native-skv-raw,533.9772959999891,analytical40-1025x1031-C-0-http0-native-skv-raw,C,analytical40-1025x1031|C|http0,same native policy,native-cog,2022.1590419999984,analytical40-1025x1031-C-0-http0-native-cog,analytical40-1025x1031,-1488.1817460000093,-73.59370430765605,True,win,http0,0,3.7869756956858325
native-skv-raw,523.0549870000232,analytical40-1025x1031-C-1-http0-native-skv-raw,C,analytical40-1025x1031|C|http0,same native policy,native-cog,2046.1186399999178,analytical40-1025x1031-C-1-http0-native-cog,analytical40-1025x1031,-1523.0636529998947,-74.43672244733355,True,win,http0,1,3.9118614502375966
native-skv-raw,580.931789000033,analytical40-1025x1031-C-2-http0-native-skv-raw,C,analytical40-1025x1031|C|http0,same native policy,native-cog,1951.19633500002,analytical40-1025x1031-C-2-http0-native-cog,analytical40-1025x1031,-1370.2645459999871,-70.22689215946959,True,win,http0,2,3.358735693150215
native-skv-raw,533.9772959999891,analytical40-1025x1031-C-0-http0-native-skv-raw,C,analytical40-1025x1031|C|http0,same native policy,native-rsi64,1721.810276000042,analytical40-1025x1031-C-0-http0-native-rsi64,analytical40-1025x1031,-1187.8329800000529,-68.98744864965738,True,win,http0,0,3.2245009083683533
native-skv-raw,523.0549870000232,analytical40-1025x1031-C-1-http0-native-skv-raw,C,analytical40-1025x1031|C|http0,same native policy,native-rsi64,1841.917771999988,analytical40-1025x1031-C-1-http0-native-rsi64,analytical40-1025x1031,-1318.8627849999648,-71.60269611644604,True,win,http0,1,3.5214610658131558
native-skv-raw,580.931789000033,analytical40-1025x1031-C-2-http0-native-skv-raw,C,analytical40-1025x1031|C|http0,same native policy,native-rsi64,1674.6138280000196,analytical40-1025x1031-C-2-http0-native-rsi64,analytical40-1025x1031,-1093.6820389999866,-65.30950722568463,True,win,http0,2,2.88263417445714
native-skv-raw,533.9772959999891,analytical40-1025x1031-C-0-http0-native-skv-raw,C,analytical40-1025x1031|C|http0,same native policy,native-rsi256,2119.835720000083,analytical40-1025x1031-C-0-http0-native-rsi256,analytical40-1025x1031,-1585.8584240000937,-74.8104397448323,True,win,http0,0,3.969898600333236
native-skv-raw,523.0549870000232,analytical40-1025x1031-C-1-http0-native-skv-raw,C,analytical40-1025x1031|C|http0,same native policy,native-rsi256,2136.9381900000235,analytical40-1025x1031-C-1-http0-native-rsi256,analytical40-1025x1031,-1613.8832030000003,-75.52315787851508,True,win,http0,1,4.085494342108106
native-skv-raw,580.931789000033,analytical40-1025x1031-C-2-http0-native-skv-raw,C,analytical40-1025x1031|C|http0,same native policy,native-rsi256,2097.4668349999774,analytical40-1025x1031-C-2-http0-native-rsi256,analytical40-1025x1031,-1516.5350459999445,-72.3031716494321,True,win,http0,2,3.6105217079106313
native-skv-raw,533.9772959999891,analytical40-1025x1031-C-0-http0-native-skv-raw,C,analytical40-1025x1031|C|http0,cross-policy latency,natural-ee,1092.820286999995,analytical40-1025x1031-C-0-http0-natural-ee,analytical40-1025x1031,-558.8429910000059,-51.137684544101845,True,win,http0,0,2.046566951790432
native-skv-raw,523.0549870000232,analytical40-1025x1031-C-1-http0-native-skv-raw,C,analytical40-1025x1031|C|http0,cross-policy latency,natural-ee,1130.4920919999404,analytical40-1025x1031-C-1-http0-natural-ee,analytical40-1025x1031,-607.4371049999172,-53.73209678320768,True,win,http0,1,2.161325520446458
native-skv-raw,580.931789000033,analytical40-1025x1031-C-2-http0-native-skv-raw,C,analytical40-1025x1031|C|http0,cross-policy latency,natural-ee,1114.0092589999995,analytical40-1025x1031-C-2-http0-natural-ee,analytical40-1025x1031,-533.0774699999665,-47.852157932555095,True,win,http0,2,1.9176248917580516
native-skv-summary,306.50535799998124,analytical40-1025x1031-C-0-local-native-skv-summary,C,analytical40-1025x1031|C|local,same native policy,native-tiff,928.9844030000722,analytical40-1025x1031-C-0-local-native-tiff,analytical40-1025x1031,-622.479045000091,-67.00640430451259,True,win,local,0,3.0308912348609875
native-skv-summary,307.14308199998186,analytical40-1025x1031-C-1-local-native-skv-summary,C,analytical40-1025x1031|C|local,same native policy,native-tiff,934.4298359999925,analytical40-1025x1031-C-1-local-native-tiff,analytical40-1025x1031,-627.2867540000107,-67.1304286135846,True,win,local,1,3.04232747133809
native-skv-summary,304.6939949999796,analytical40-1025x1031-C-2-local-native-skv-summary,C,analytical40-1025x1031|C|local,same native policy,native-tiff,931.8481780000525,analytical40-1025x1031-C-2-local-native-tiff,analytical40-1025x1031,-627.1541830000729,-67.30218482007243,True,win,local,2,3.0583083135593623
native-skv-summary,306.50535799998124,analytical40-1025x1031-C-0-local-native-skv-summary,C,analytical40-1025x1031|C|local,same native policy,native-cog,958.7771649999581,analytical40-1025x1031-C-0-local-native-cog,analytical40-1025x1031,-652.2718069999769,-68.03163767464208,True,win,local,0,3.128092674321265
native-skv-summary,307.14308199998186,analytical40-1025x1031-C-1-local-native-skv-summary,C,analytical40-1025x1031|C|local,same native policy,native-cog,964.3357859999924,analytical40-1025x1031-C-1-local-native-cog,analytical40-1025x1031,-657.1927040000105,-68.14977869130077,True,win,local,1,3.1396956093578865
native-skv-summary,304.6939949999796,analytical40-1025x1031-C-2-local-native-skv-summary,C,analytical40-1025x1031|C|local,same native policy,native-cog,988.4761510000999,analytical40-1025x1031-C-2-local-native-cog,analytical40-1025x1031,-683.7821560001203,-69.17538225968298,True,win,local,2,3.2441602631524327
native-skv-summary,306.50535799998124,analytical40-1025x1031-C-0-local-native-skv-summary,C,analytical40-1025x1031|C|local,same native policy,native-rsi64,742.2820040000033,analytical40-1025x1031-C-0-local-native-rsi64,analytical40-1025x1031,-435.7766460000221,-58.707693794502944,True,win,local,0,2.4217586564997298
native-skv-summary,307.14308199998186,analytical40-1025x1031-C-1-local-native-skv-summary,C,analytical40-1025x1031|C|local,same native policy,native-rsi64,719.9752809999609,analytical40-1025x1031-C-1-local-native-rsi64,analytical40-1025x1031,-412.832198999979,-57.33977400260238,True,win,local,1,2.344103849944448
native-skv-summary,304.6939949999796,analytical40-1025x1031-C-2-local-native-skv-summary,C,analytical40-1025x1031|C|local,same native policy,native-rsi64,733.8941900000009,analytical40-1025x1031-C-2-local-native-rsi64,analytical40-1025x1031,-429.20019500002127,-58.482571581609164,True,win,local,2,2.4086270226626882
native-skv-summary,306.50535799998124,analytical40-1025x1031-C-0-local-native-skv-summary,C,analytical40-1025x1031|C|local,same native policy,native-rsi256,927.7492019999727,analytical40-1025x1031-C-0-local-native-rsi256,analytical40-1025x1031,-621.2438439999914,-66.9624767836782,True,win,local,0,3.0268612857333133
native-skv-summary,307.14308199998186,analytical40-1025x1031-C-1-local-native-skv-summary,C,analytical40-1025x1031|C|local,same native policy,native-rsi256,883.0347090000146,analytical40-1025x1031-C-1-local-native-rsi256,analytical40-1025x1031,-575.8916270000327,-65.21732624215831,True,win,local,1,2.874994622213457
native-skv-summary,304.6939949999796,analytical40-1025x1031-C-2-local-native-skv-summary,C,analytical40-1025x1031|C|local,same native policy,native-rsi256,858.4877660000529,analytical40-1025x1031-C-2-local-native-rsi256,analytical40-1025x1031,-553.7937710000733,-64.50805625109388,True,win,local,2,2.8175408117252534
native-skv-summary,306.50535799998124,analytical40-1025x1031-C-0-local-native-skv-summary,C,analytical40-1025x1031|C|local,cross-policy latency,natural-ee,892.7551979999748,analytical40-1025x1031-C-0-local-natural-ee,analytical40-1025x1031,-586.2498399999936,-65.66747987727875,True,win,local,0,2.9126903484670223
native-skv-summary,307.14308199998186,analytical40-1025x1031-C-1-local-native-skv-summary,C,analytical40-1025x1031|C|local,cross-policy latency,natural-ee,837.3565970000527,analytical40-1025x1031-C-1-local-natural-ee,analytical40-1025x1031,-530.2135150000709,-63.319918526901795,True,win,local,1,2.726275296671348
native-skv-summary,304.6939949999796,analytical40-1025x1031-C-2-local-native-skv-summary,C,analytical40-1025x1031|C|local,cross-policy latency,natural-ee,835.0222679999888,analytical40-1025x1031-C-2-local-natural-ee,analytical40-1025x1031,-530.3282730000092,-63.51067430455834,True,win,local,2,2.7405274856173145
native-skv-raw,507.23863299998584,analytical40-1025x1031-C-0-local-native-skv-raw,C,analytical40-1025x1031|C|local,same native policy,native-tiff,928.9844030000722,analytical40-1025x1031-C-0-local-native-tiff,analytical40-1025x1031,-421.7457700000864,-45.398584587437206,True,win,local,0,1.8314543541483328
native-skv-raw,461.83217800000875,analytical40-1025x1031-C-1-local-native-skv-raw,C,analytical40-1025x1031|C|local,same native policy,native-tiff,934.4298359999925,analytical40-1025x1031-C-1-local-native-tiff,analytical40-1025x1031,-472.59765799998377,-50.5760453907411,True,win,local,1,2.0233103722798087
native-skv-raw,463.2744539999294,analytical40-1025x1031-C-2-local-native-skv-raw,C,analytical40-1025x1031|C|local,same native policy,native-tiff,931.8481780000525,analytical40-1025x1031-C-2-local-native-tiff,analytical40-1025x1031,-468.5737240001231,-50.284341919923435,True,win,local,2,2.0114387269888065
native-skv-raw,507.23863299998584,analytical40-1025x1031-C-0-local-native-skv-raw,C,analytical40-1025x1031|C|local,same native policy,native-cog,958.7771649999581,analytical40-1025x1031-C-0-local-native-cog,analytical40-1025x1031,-451.5385319999723,-47.09525304558041,True,win,local,0,1.8901895530500432
native-skv-raw,461.83217800000875,analytical40-1025x1031-C-1-local-native-skv-raw,C,analytical40-1025x1031|C|local,same native policy,native-cog,964.3357859999924,analytical40-1025x1031-C-1-local-native-cog,analytical40-1025x1031,-502.5036079999836,-52.108779462010716,True,win,local,1,2.088065388115884
native-skv-raw,463.2744539999294,analytical40-1025x1031-C-2-local-native-skv-raw,C,analytical40-1025x1031|C|local,same native policy,native-cog,988.4761510000999,analytical40-1025x1031-C-2-local-native-cog,analytical40-1025x1031,-525.2016970001705,-53.132460147752965,True,win,local,2,2.13367290698971
native-skv-raw,507.23863299998584,analytical40-1025x1031-C-0-local-native-skv-raw,C,analytical40-1025x1031|C|local,same native policy,native-rsi64,742.2820040000033,analytical40-1025x1031-C-0-local-native-rsi64,analytical40-1025x1031,-235.0433710000175,-31.664969611740233,True,win,local,0,1.4633782912194389
native-skv-raw,461.83217800000875,analytical40-1025x1031-C-1-local-native-skv-raw,C,analytical40-1025x1031|C|local,same native policy,native-rsi64,719.9752809999609,analytical40-1025x1031-C-1-local-native-rsi64,analytical40-1025x1031,-258.14310299995213,-35.85443970262726,True,win,local,1,1.558954345965792
native-skv-raw,463.2744539999294,analytical40-1025x1031-C-2-local-native-skv-raw,C,analytical40-1025x1031|C|local,same native policy,native-rsi64,733.8941900000009,analytical40-1025x1031-C-2-local-native-rsi64,analytical40-1025x1031,-270.6197360000715,-36.87448949555946,True,win,local,2,1.5841456045407432
native-skv-raw,507.23863299998584,analytical40-1025x1031-C-0-local-native-skv-raw,C,analytical40-1025x1031|C|local,same native policy,native-rsi256,927.7492019999727,analytical40-1025x1031-C-0-local-native-rsi256,analytical40-1025x1031,-420.51056899998684,-45.32588851528856,True,win,local,0,1.8290192064294097
native-skv-raw,461.83217800000875,analytical40-1025x1031-C-1-local-native-skv-raw,C,analytical40-1025x1031|C|local,same native policy,native-rsi256,883.0347090000146,analytical40-1025x1031-C-1-local-native-rsi256,analytical40-1025x1031,-421.2025310000058,-47.69943091783937,True,win,local,1,1.9120250841421402
native-skv-raw,463.2744539999294,analytical40-1025x1031-C-2-local-native-skv-raw,C,analytical40-1025x1031|C|local,same native policy,native-rsi256,858.4877660000529,analytical40-1025x1031-C-2-local-native-rsi256,analytical40-1025x1031,-395.21331200012355,-46.03598649303282,True,win,local,2,1.8530867795274197
native-skv-raw,507.23863299998584,analytical40-1025x1031-C-0-local-native-skv-raw,C,analytical40-1025x1031|C|local,cross-policy latency,natural-ee,892.7551979999748,analytical40-1025x1031-C-0-local-natural-ee,analytical40-1025x1031,-385.516564999989,-43.182785814482585,True,win,local,0,1.760029973899878
native-skv-raw,461.83217800000875,analytical40-1025x1031-C-1-local-native-skv-raw,C,analytical40-1025x1031|C|local,cross-policy latency,natural-ee,837.3565970000527,analytical40-1025x1031-C-1-local-natural-ee,analytical40-1025x1031,-375.52441900004396,-44.846415534959995,True,win,local,1,1.8131187840272942
native-skv-raw,463.2744539999294,analytical40-1025x1031-C-2-local-native-skv-raw,C,analytical40-1025x1031|C|local,cross-policy latency,natural-ee,835.0222679999888,analytical40-1025x1031-C-2-local-natural-ee,analytical40-1025x1031,-371.7478140000594,-44.51950902943638,True,win,local,2,1.8024353831521995
native-skv-summary,671.8057410000142,analytical40-1025x1031-D-0-http0-native-skv-summary,D,analytical40-1025x1031|D|http0,same native policy,native-tiff,4091.0662009999896,analytical40-1025x1031-D-0-http0-native-tiff,analytical40-1025x1031,-3419.2604599999754,-83.57871254110229,True,win,http0,0,6.089656505331804
native-skv-summary,691.4981290000242,analytical40-1025x1031-D-1-http0-native-skv-summary,D,analytical40-1025x1031|D|http0,same native policy,native-tiff,4032.2597059999907,analytical40-1025x1031-D-1-http0-native-tiff,analytical40-1025x1031,-3340.7615769999666,-82.85085338201115,True,win,http0,1,5.831193949622168
native-skv-summary,735.158790000014,analytical40-1025x1031-D-2-http0-native-skv-summary,D,analytical40-1025x1031|D|http0,same native policy,native-tiff,4162.696841000014,analytical40-1025x1031-D-2-http0-native-tiff,analytical40-1025x1031,-3427.5380509999995,-82.33936272372395,True,win,http0,2,5.662309826969401
native-skv-summary,671.8057410000142,analytical40-1025x1031-D-0-http0-native-skv-summary,D,analytical40-1025x1031|D|http0,same native policy,native-cog,1644.8382389999665,analytical40-1025x1031-D-0-http0-native-cog,analytical40-1025x1031,-973.0324979999523,-59.156728906761025,True,win,http0,0,2.4483837196025564
native-skv-summary,691.4981290000242,analytical40-1025x1031-D-1-http0-native-skv-summary,D,analytical40-1025x1031|D|http0,same native policy,native-cog,1696.163515999956,analytical40-1025x1031-D-1-http0-native-cog,analytical40-1025x1031,-1004.6653869999318,-59.231635247598255,True,win,http0,1,2.4528822926141234
native-skv-summary,735.158790000014,analytical40-1025x1031-D-2-http0-native-skv-summary,D,analytical40-1025x1031|D|http0,same native policy,native-cog,1701.9595090000053,analytical40-1025x1031-D-2-http0-native-cog,analytical40-1025x1031,-966.8007189999912,-56.80515393506863,True,win,http0,2,2.3150910145547914
native-skv-summary,671.8057410000142,analytical40-1025x1031-D-0-http0-native-skv-summary,D,analytical40-1025x1031|D|http0,same native policy,native-rsi64,2907.8872979999915,analytical40-1025x1031-D-0-http0-native-rsi64,analytical40-1025x1031,-2236.0815569999772,-76.89711903683221,True,win,http0,0,4.328464495810151
native-skv-summary,691.4981290000242,analytical40-1025x1031-D-1-http0-native-skv-summary,D,analytical40-1025x1031|D|http0,same native policy,native-rsi64,2907.895053000061,analytical40-1025x1031-D-1-http0-native-rsi64,analytical40-1025x1031,-2216.396924000037,-76.21997642980241,True,win,http0,1,4.205210297828527
native-skv-summary,735.158790000014,analytical40-1025x1031-D-2-http0-native-skv-summary,D,analytical40-1025x1031|D|http0,same native policy,native-rsi64,2833.4205559999646,analytical40-1025x1031-D-2-http0-native-rsi64,analytical40-1025x1031,-2098.2617659999505,-74.05401790979231,True,win,http0,2,3.8541612975883894
native-skv-summary,671.8057410000142,analytical40-1025x1031-D-0-http0-native-skv-summary,D,analytical40-1025x1031|D|http0,same native policy,native-rsi256,3173.3119080000165,analytical40-1025x1031-D-0-http0-native-rsi256,analytical40-1025x1031,-2501.5061670000023,-78.82950808250612,True,win,http0,0,4.723555805397544
native-skv-summary,691.4981290000242,analytical40-1025x1031-D-1-http0-native-skv-summary,D,analytical40-1025x1031|D|http0,same native policy,native-rsi256,3166.9771309999533,analytical40-1025x1031-D-1-http0-native-rsi256,analytical40-1025x1031,-2475.479001999929,-78.1653576771586,True,win,http0,1,4.579878091036516
native-skv-summary,735.158790000014,analytical40-1025x1031-D-2-http0-native-skv-summary,D,analytical40-1025x1031|D|http0,same native policy,native-rsi256,3098.4302800000023,analytical40-1025x1031-D-2-http0-native-rsi256,analytical40-1025x1031,-2363.2714899999883,-76.27318598241902,True,win,http0,2,4.214640866907057
native-skv-summary,671.8057410000142,analytical40-1025x1031-D-0-http0-native-skv-summary,D,analytical40-1025x1031|D|http0,cross-policy latency,natural-ee,1603.5937940000053,analytical40-1025x1031-D-0-http0-natural-ee,analytical40-1025x1031,-931.7880529999911,-58.10623965285737,True,win,http0,0,2.3869903100455514
native-skv-summary,691.4981290000242,analytical40-1025x1031-D-1-http0-native-skv-summary,D,analytical40-1025x1031|D|http0,cross-policy latency,natural-ee,1579.4657440000037,analytical40-1025x1031-D-1-http0-natural-ee,analytical40-1025x1031,-887.9676149999796,-56.219491835967126,True,win,http0,1,2.28412150049353
native-skv-summary,735.158790000014,analytical40-1025x1031-D-2-http0-native-skv-summary,D,analytical40-1025x1031|D|http0,cross-policy latency,natural-ee,1595.7523830000468,analytical40-1025x1031-D-2-http0-natural-ee,analytical40-1025x1031,-860.5935930000328,-53.93027152383751,True,win,http0,2,2.1706227344435565
native-skv-raw,1106.2374719999752,analytical40-1025x1031-D-0-http0-native-skv-raw,D,analytical40-1025x1031|D|http0,same native policy,native-tiff,4091.0662009999896,analytical40-1025x1031-D-0-http0-native-tiff,analytical40-1025x1031,-2984.8287290000144,-72.95967804848587,True,win,http0,0,3.6981808197147035
native-skv-raw,1085.5681820000314,analytical40-1025x1031-D-1-http0-native-skv-raw,D,analytical40-1025x1031|D|http0,same native policy,native-tiff,4032.2597059999907,analytical40-1025x1031-D-1-http0-native-tiff,analytical40-1025x1031,-2946.6915239999594,-73.07792004605484,True,win,http0,1,3.714423260426653
native-skv-raw,1109.717914999976,analytical40-1025x1031-D-2-http0-native-skv-raw,D,analytical40-1025x1031|D|http0,same native policy,native-tiff,4162.696841000014,analytical40-1025x1031-D-2-http0-native-tiff,analytical40-1025x1031,-3052.9789260000375,-73.34137081350882,True,win,http0,2,3.751130611422186
native-skv-raw,1106.2374719999752,analytical40-1025x1031-D-0-http0-native-skv-raw,D,analytical40-1025x1031|D|http0,same native policy,native-cog,1644.8382389999665,analytical40-1025x1031-D-0-http0-native-cog,analytical40-1025x1031,-538.6007669999913,-32.74490793255459,True,win,http0,0,1.4868762635804145
native-skv-raw,1085.5681820000314,analytical40-1025x1031-D-1-http0-native-skv-raw,D,analytical40-1025x1031|D|http0,same native policy,native-cog,1696.163515999956,analytical40-1025x1031-D-1-http0-native-cog,analytical40-1025x1031,-610.5953339999246,-35.998612647905844,True,win,http0,1,1.56246612983348
native-skv-raw,1109.717914999976,analytical40-1025x1031-D-2-http0-native-skv-raw,D,analytical40-1025x1031|D|http0,same native policy,native-cog,1701.9595090000053,analytical40-1025x1031-D-2-http0-native-cog,analytical40-1025x1031,-592.2415940000292,-34.79763125199163,True,win,http0,2,1.533686611700814
native-skv-raw,1106.2374719999752,analytical40-1025x1031-D-0-http0-native-skv-raw,D,analytical40-1025x1031|D|http0,same native policy,native-rsi64,2907.8872979999915,analytical40-1025x1031-D-0-http0-native-rsi64,analytical40-1025x1031,-1801.6498260000162,-61.95734708285181,True,win,http0,0,2.628628456006647
native-skv-raw,1085.5681820000314,analytical40-1025x1031-D-1-http0-native-skv-raw,D,analytical40-1025x1031|D|http0,same native policy,native-rsi64,2907.895053000061,analytical40-1025x1031-D-1-http0-native-rsi64,analytical40-1025x1031,-1822.3268710000298,-62.66824757378862,True,win,http0,1,2.6786848594278134
native-skv-raw,1109.717914999976,analytical40-1025x1031-D-2-http0-native-skv-raw,D,analytical40-1025x1031|D|http0,same native policy,native-rsi64,2833.4205559999646,analytical40-1025x1031-D-2-http0-native-rsi64,analytical40-1025x1031,-1723.7026409999885,-60.834691036243406,True,win,http0,2,2.5532799981876706
native-skv-raw,1106.2374719999752,analytical40-1025x1031-D-0-http0-native-skv-raw,D,analytical40-1025x1031|D|http0,same native policy,native-rsi256,3173.3119080000165,analytical40-1025x1031-D-0-http0-native-rsi256,analytical40-1025x1031,-2067.0744360000413,-65.13934009414213,True,win,http0,0,2.8685630240521154
native-skv-raw,1085.5681820000314,analytical40-1025x1031-D-1-http0-native-skv-raw,D,analytical40-1025x1031|D|http0,same native policy,native-rsi256,3166.9771309999533,analytical40-1025x1031-D-1-http0-native-rsi256,analytical40-1025x1031,-2081.408948999922,-65.72226015230902,True,win,http0,1,2.917345205498904
native-skv-raw,1109.717914999976,analytical40-1025x1031-D-2-http0-native-skv-raw,D,analytical40-1025x1031|D|http0,same native policy,native-rsi256,3098.4302800000023,analytical40-1025x1031-D-2-http0-native-rsi256,analytical40-1025x1031,-1988.7123650000262,-64.18451232667482,True,win,http0,2,2.792088185762117
native-skv-raw,1106.2374719999752,analytical40-1025x1031-D-0-http0-native-skv-raw,D,analytical40-1025x1031|D|http0,cross-policy latency,natural-ee,1603.5937940000053,analytical40-1025x1031-D-0-http0-natural-ee,analytical40-1025x1031,-497.3563220000301,-31.01510643536629,True,win,http0,0,1.4495927272295845
native-skv-raw,1085.5681820000314,analytical40-1025x1031-D-1-http0-native-skv-raw,D,analytical40-1025x1031|D|http0,cross-policy latency,natural-ee,1579.4657440000037,analytical40-1025x1031-D-1-http0-natural-ee,analytical40-1025x1031,-493.89756199997237,-31.269912872511863,True,win,http0,1,1.454966873743503
native-skv-raw,1109.717914999976,analytical40-1025x1031-D-2-http0-native-skv-raw,D,analytical40-1025x1031|D|http0,cross-policy latency,natural-ee,1595.7523830000468,analytical40-1025x1031-D-2-http0-natural-ee,analytical40-1025x1031,-486.0344680000708,-30.4580129835881,True,win,http0,2,1.4379801942731376
native-skv-summary,630.6099220000192,analytical40-1025x1031-D-0-local-native-skv-summary,D,analytical40-1025x1031|D|local,same native policy,native-tiff,3117.176975999996,analytical40-1025x1031-D-0-local-native-tiff,analytical40-1025x1031,-2486.567053999977,-79.7698389647024,True,win,local,0,4.943114383791603
native-skv-summary,622.460923999995,analytical40-1025x1031-D-1-local-native-skv-summary,D,analytical40-1025x1031|D|local,same native policy,native-tiff,3011.551192000013,analytical40-1025x1031-D-1-local-native-tiff,analytical40-1025x1031,-2389.090268000018,-79.33088683155972,True,win,local,1,4.838136943034897
native-skv-summary,682.4888200000032,analytical40-1025x1031-D-2-local-native-skv-summary,D,analytical40-1025x1031|D|local,same native policy,native-tiff,3093.228662999991,analytical40-1025x1031-D-2-local-native-tiff,analytical40-1025x1031,-2410.7398429999876,-77.93603724924473,True,win,local,2,4.532277412251202
native-skv-summary,630.6099220000192,analytical40-1025x1031-D-0-local-native-skv-summary,D,analytical40-1025x1031|D|local,same native policy,native-cog,1507.3559079999654,analytical40-1025x1031-D-0-local-native-cog,analytical40-1025x1031,-876.7459859999462,-58.16449727279447,True,win,local,0,2.390314290043663
native-skv-summary,622.460923999995,analytical40-1025x1031-D-1-local-native-skv-summary,D,analytical40-1025x1031|D|local,same native policy,native-cog,1469.3097269999953,analytical40-1025x1031-D-1-local-native-cog,analytical40-1025x1031,-846.8488030000003,-57.63582636379042,True,win,local,1,2.3604850848436665
native-skv-summary,682.4888200000032,analytical40-1025x1031-D-2-local-native-skv-summary,D,analytical40-1025x1031|D|local,same native policy,native-cog,1524.1866869999967,analytical40-1025x1031-D-2-local-native-cog,analytical40-1025x1031,-841.6978669999935,-55.22275415334311,True,win,local,2,2.233277150239603
native-skv-summary,630.6099220000192,analytical40-1025x1031-D-0-local-native-skv-summary,D,analytical40-1025x1031|D|local,same native policy,native-rsi64,1376.8195569999762,analytical40-1025x1031-D-0-local-native-rsi64,analytical40-1025x1031,-746.209634999957,-54.19807056096094,True,win,local,0,2.1833141359928274
native-skv-summary,622.460923999995,analytical40-1025x1031-D-1-local-native-skv-summary,D,analytical40-1025x1031|D|local,same native policy,native-rsi64,1275.9671129999788,analytical40-1025x1031-D-1-local-native-rsi64,analytical40-1025x1031,-653.5061889999838,-51.216538603686935,True,win,local,1,2.0498750424371845
native-skv-summary,682.4888200000032,analytical40-1025x1031-D-2-local-native-skv-summary,D,analytical40-1025x1031|D|local,same native policy,native-rsi64,1240.1065910000284,analytical40-1025x1031-D-2-local-native-rsi64,analytical40-1025x1031,-557.6177710000252,-44.965309840854836,True,win,local,2,1.8170357589154684
native-skv-summary,630.6099220000192,analytical40-1025x1031-D-0-local-native-skv-summary,D,analytical40-1025x1031|D|local,same native policy,native-rsi256,1413.3563859999754,analytical40-1025x1031-D-0-local-native-rsi256,analytical40-1025x1031,-782.7464639999562,-55.38210119920666,True,win,local,0,2.241253010287923
native-skv-summary,622.460923999995,analytical40-1025x1031-D-1-local-native-skv-summary,D,analytical40-1025x1031|D|local,same native policy,native-rsi256,1431.564906999995,analytical40-1025x1031-D-1-local-native-rsi256,analytical40-1025x1031,-809.103983,-56.51884724497531,True,win,local,1,2.299847029433781
native-skv-summary,682.4888200000032,analytical40-1025x1031-D-2-local-native-skv-summary,D,analytical40-1025x1031|D|local,same native policy,native-rsi256,1444.2483379999658,analytical40-1025x1031-D-2-local-native-rsi256,analytical40-1025x1031,-761.7595179999626,-52.74435829054633,True,win,local,2,2.1161494454956187
native-skv-summary,630.6099220000192,analytical40-1025x1031-D-0-local-native-skv-summary,D,analytical40-1025x1031|D|local,cross-policy latency,natural-ee,1308.6930629999642,analytical40-1025x1031-D-0-local-natural-ee,analytical40-1025x1031,-678.083140999945,-51.813764447222674,True,win,local,0,2.07528143364659
native-skv-summary,622.460923999995,analytical40-1025x1031-D-1-local-native-skv-summary,D,analytical40-1025x1031|D|local,cross-policy latency,natural-ee,1369.8959989999935,analytical40-1025x1031-D-1-local-natural-ee,analytical40-1025x1031,-747.4350749999985,-54.56144667519407,True,win,local,1,2.200774291495934
native-skv-summary,682.4888200000032,analytical40-1025x1031-D-2-local-native-skv-summary,D,analytical40-1025x1031|D|local,cross-policy latency,natural-ee,1441.0382919999734,analytical40-1025x1031-D-2-local-natural-ee,analytical40-1025x1031,-758.5494719999701,-52.63909198049153,True,win,local,2,2.11144600434622
native-skv-raw,973.012027999971,analytical40-1025x1031-D-0-local-native-skv-raw,D,analytical40-1025x1031|D|local,same native policy,native-tiff,3117.176975999996,analytical40-1025x1031-D-0-local-native-tiff,analytical40-1025x1031,-2144.164948000025,-68.78547366763394,True,win,local,0,3.2036366317149874
native-skv-raw,979.2735379999158,analytical40-1025x1031-D-1-local-native-skv-raw,D,analytical40-1025x1031|D|local,same native policy,native-tiff,3011.551192000013,analytical40-1025x1031-D-1-local-native-tiff,analytical40-1025x1031,-2032.2776540000973,-67.48275305426348,True,win,local,1,3.0752910960413105
native-skv-raw,990.2258020000545,analytical40-1025x1031-D-2-local-native-skv-raw,D,analytical40-1025x1031|D|local,same native policy,native-tiff,3093.228662999991,analytical40-1025x1031-D-2-local-native-tiff,analytical40-1025x1031,-2103.0028609999363,-67.98730679549321,True,win,local,2,3.123760920743833
native-skv-raw,973.012027999971,analytical40-1025x1031-D-0-local-native-skv-raw,D,analytical40-1025x1031|D|local,same native policy,native-cog,1507.3559079999654,analytical40-1025x1031-D-0-local-native-cog,analytical40-1025x1031,-534.3438799999944,-35.44908519375417,True,win,local,0,1.5491647221446376
native-skv-raw,979.2735379999158,analytical40-1025x1031-D-1-local-native-skv-raw,D,analytical40-1025x1031|D|local,same native policy,native-cog,1469.3097269999953,analytical40-1025x1031-D-1-local-native-cog,analytical40-1025x1031,-490.0361890000795,-33.35145612903718,True,win,local,1,1.5004078737805346
native-skv-raw,990.2258020000545,analytical40-1025x1031-D-2-local-native-skv-raw,D,analytical40-1025x1031|D|local,same native policy,native-cog,1524.1866869999967,analytical40-1025x1031-D-2-local-native-cog,analytical40-1025x1031,-533.9608849999422,-35.032512063920386,True,win,local,2,1.5392314398609388
native-skv-raw,973.012027999971,analytical40-1025x1031-D-0-local-native-skv-raw,D,analytical40-1025x1031|D|local,same native policy,native-rsi64,1376.8195569999762,analytical40-1025x1031-D-0-local-native-rsi64,analytical40-1025x1031,-403.80752900000516,-29.329008797629395,True,win,local,0,1.4150077464407431
native-skv-raw,979.2735379999158,analytical40-1025x1031-D-1-local-native-skv-raw,D,analytical40-1025x1031|D|local,same native policy,native-rsi64,1275.9671129999788,analytical40-1025x1031-D-1-local-native-rsi64,analytical40-1025x1031,-296.693575000063,-23.2524468677327,True,win,local,1,1.3029731361944434
native-skv-raw,990.2258020000545,analytical40-1025x1031-D-2-local-native-skv-raw,D,analytical40-1025x1031|D|local,same native policy,native-rsi64,1240.1065910000284,analytical40-1025x1031-D-2-local-native-rsi64,analytical40-1025x1031,-249.8807889999739,-20.14994443328204,True,win,local,2,1.2523472812920706
native-skv-raw,973.012027999971,analytical40-1025x1031-D-0-local-native-skv-raw,D,analytical40-1025x1031|D|local,same native policy,native-rsi256,1413.3563859999754,analytical40-1025x1031-D-0-local-native-rsi256,analytical40-1025x1031,-440.3443580000044,-31.155932244821095,True,win,local,0,1.4525579800952033
native-skv-raw,979.2735379999158,analytical40-1025x1031-D-1-local-native-skv-raw,D,analytical40-1025x1031|D|local,same native policy,native-rsi256,1431.564906999995,analytical40-1025x1031-D-1-local-native-rsi256,analytical40-1025x1031,-452.29136900007916,-31.59419225691321,True,win,local,1,1.4618641793628433
native-skv-raw,990.2258020000545,analytical40-1025x1031-D-2-local-native-skv-raw,D,analytical40-1025x1031|D|local,same native policy,native-rsi256,1444.2483379999658,analytical40-1025x1031-D-2-local-native-rsi256,analytical40-1025x1031,-454.02253599991127,-31.436597436466773,True,win,local,2,1.458504045322671
native-skv-raw,973.012027999971,analytical40-1025x1031-D-0-local-native-skv-raw,D,analytical40-1025x1031|D|local,cross-policy latency,natural-ee,1308.6930629999642,analytical40-1025x1031-D-0-local-natural-ee,analytical40-1025x1031,-335.68103499999324,-25.650096610927207,True,win,local,0,1.3449916602675371
native-skv-raw,979.2735379999158,analytical40-1025x1031-D-1-local-native-skv-raw,D,analytical40-1025x1031|D|local,cross-policy latency,natural-ee,1369.8959989999935,analytical40-1025x1031-D-1-local-natural-ee,analytical40-1025x1031,-390.6224610000777,-28.514753038568408,True,win,local,1,1.3988900402617754
native-skv-raw,990.2258020000545,analytical40-1025x1031-D-2-local-native-skv-raw,D,analytical40-1025x1031|D|local,cross-policy latency,natural-ee,1441.0382919999734,analytical40-1025x1031-D-2-local-natural-ee,analytical40-1025x1031,-450.81248999991885,-31.283866119494284,True,win,local,2,1.455262313998857
native-skv-summary,29.015748999995594,real-age36-A-0-http0-native-skv-summary,A,real-age36|A|http0,same native policy,native-tiff,29.446045999975468,real-age36-A-0-http0-native-tiff,real-age36,-0.43029699997987336,-1.4613065536209224,True,win,http0,0,1.0148297739954926
native-skv-summary,22.17247800001587,real-age36-A-1-http0-native-skv-summary,A,real-age36|A|http0,same native policy,native-tiff,30.832943000007162,real-age36-A-1-http0-native-tiff,real-age36,-8.66046499999129,-28.088350177890188,True,win,http0,1,1.3905952686021423
native-skv-summary,20.783236000056604,real-age36-A-2-http0-native-skv-summary,A,real-age36|A|http0,same native policy,native-tiff,32.146985000053974,real-age36-A-2-http0-native-tiff,real-age36,-11.36374899999737,-35.349346136125334,True,win,http0,2,1.546774765968419
native-skv-summary,29.015748999995594,real-age36-A-0-http0-native-skv-summary,A,real-age36|A|http0,same native policy,native-cog,37.47882400000435,real-age36-A-0-http0-native-cog,real-age36,-8.463075000008757,-22.580951312687336,True,win,http0,0,1.2916717745252775
native-skv-summary,22.17247800001587,real-age36-A-1-http0-native-skv-summary,A,real-age36|A|http0,same native policy,native-cog,38.09512400005133,real-age36-A-1-http0-native-cog,real-age36,-15.922646000035456,-41.797070932264205,True,win,http0,1,1.718126589189718
native-skv-summary,20.783236000056604,real-age36-A-2-http0-native-skv-summary,A,real-age36|A|http0,same native policy,native-cog,38.4778569999753,real-age36-A-2-http0-native-cog,real-age36,-17.694620999918698,-45.986503354202014,True,win,http0,2,1.8513891195707206
native-skv-summary,29.015748999995594,real-age36-A-0-http0-native-skv-summary,A,real-age36|A|http0,same native policy,native-rsi64,38.64422099997,real-age36-A-0-http0-native-rsi64,real-age36,-9.628471999974408,-24.915684029397,True,win,http0,0,1.3318360659921573
native-skv-summary,22.17247800001587,real-age36-A-1-http0-native-skv-summary,A,real-age36|A|http0,same native policy,native-rsi64,40.4793949999771,real-age36-A-1-http0-native-rsi64,real-age36,-18.30691699996123,-45.22527325314913,True,win,http0,1,1.8256594955217962
native-skv-summary,20.783236000056604,real-age36-A-2-http0-native-skv-summary,A,real-age36|A|http0,same native policy,native-rsi64,40.15596700003243,real-age36-A-2-http0-native-rsi64,real-age36,-19.37273099997583,-48.24371680542566,True,win,http0,2,1.9321325610661912
native-skv-summary,29.015748999995594,real-age36-A-0-http0-native-skv-summary,A,real-age36|A|http0,same native policy,native-rsi256,45.64241099996025,real-age36-A-0-http0-native-rsi256,real-age36,-16.626661999964654,-36.428097542829484,True,win,http0,0,1.573021981957701
native-skv-summary,22.17247800001587,real-age36-A-1-http0-native-skv-summary,A,real-age36|A|http0,same native policy,native-rsi256,43.38614100004179,real-age36-A-1-http0-native-rsi256,real-age36,-21.213663000025917,-48.89502156922757,True,win,http0,1,1.9567565249139376
native-skv-summary,20.783236000056604,real-age36-A-2-http0-native-skv-summary,A,real-age36|A|http0,same native policy,native-rsi256,53.73149700000113,real-age36-A-2-http0-native-rsi256,real-age36,-32.94826099994452,-61.32019921191444,True,win,http0,2,2.585328723585431
native-skv-summary,29.015748999995594,real-age36-A-0-http0-native-skv-summary,A,real-age36|A|http0,cross-policy latency,natural-ee,27.45585999997502,real-age36-A-0-http0-natural-ee,real-age36,1.5598890000205756,5.681442868742748,True,loss,http0,0,0.9462399195684794
native-skv-summary,22.17247800001587,real-age36-A-1-http0-native-skv-summary,A,real-age36|A|http0,cross-policy latency,natural-ee,31.014980000009018,real-age36-A-1-http0-natural-ee,real-age36,-8.842501999993146,-28.510423027809708,True,win,http0,1,1.3988053117015977
native-skv-summary,20.783236000056604,real-age36-A-2-http0-native-skv-summary,A,real-age36|A|http0,cross-policy latency,natural-ee,25.953485000059118,real-age36-A-2-http0-natural-ee,real-age36,-5.170249000002514,-19.921212892953445,True,win,http0,2,1.2487701626439902
native-skv-raw,27.992080999979407,real-age36-A-0-http0-native-skv-raw,A,real-age36|A|http0,same native policy,native-tiff,29.446045999975468,real-age36-A-0-http0-native-tiff,real-age36,-1.4539649999960602,-4.937725764597634,True,win,http0,0,1.0519420117424327
native-skv-raw,22.005789999980152,real-age36-A-1-http0-native-skv-raw,A,real-age36|A|http0,same native policy,native-tiff,30.832943000007162,real-age36-A-1-http0-native-tiff,real-age36,-8.82715300002701,-28.62896675164923,True,win,http0,1,1.40112865750491
native-skv-raw,26.73263200006204,real-age36-A-2-http0-native-skv-raw,A,real-age36|A|http0,same native policy,native-tiff,32.146985000053974,real-age36-A-2-http0-native-tiff,real-age36,-5.414352999991934,-16.842490827624555,True,win,http0,2,1.2025372211752052
native-skv-raw,27.992080999979407,real-age36-A-0-http0-native-skv-raw,A,real-age36|A|http0,same native policy,native-cog,37.47882400000435,real-age36-A-0-http0-native-cog,real-age36,-9.486743000024944,-25.3122750063445,True,win,http0,0,1.3389081004742707
native-skv-raw,22.005789999980152,real-age36-A-1-http0-native-skv-raw,A,real-age36|A|http0,same native policy,native-cog,38.09512400005133,real-age36-A-1-http0-native-cog,real-age36,-16.089334000071176,-42.234628242841524,True,win,http0,1,1.7311409406381542
native-skv-raw,26.73263200006204,real-age36-A-2-http0-native-skv-raw,A,real-age36|A|http0,same native policy,native-cog,38.4778569999753,real-age36-A-2-http0-native-cog,real-age36,-11.745224999913262,-30.524633947053758,True,win,http0,2,1.4393590949026644
native-skv-raw,27.992080999979407,real-age36-A-0-http0-native-skv-raw,A,real-age36|A|http0,same native policy,native-rsi64,38.64422099997,real-age36-A-0-http0-native-rsi64,real-age36,-10.652139999990595,-27.564638966325294,True,win,http0,0,1.3805411966333776
native-skv-raw,22.005789999980152,real-age36-A-1-http0-native-skv-raw,A,real-age36|A|http0,same native policy,native-rsi64,40.4793949999771,real-age36-A-1-http0-native-rsi64,real-age36,-18.47360499999695,-45.63705806375663,True,win,http0,1,1.8394883801042186
native-skv-raw,26.73263200006204,real-age36-A-2-http0-native-skv-raw,A,real-age36|A|http0,same native policy,native-rsi64,40.15596700003243,real-age36-A-2-http0-native-rsi64,real-age36,-13.423334999970393,-33.42799589400885,True,win,http0,2,1.5021329362533118
native-skv-raw,27.992080999979407,real-age36-A-0-http0-native-skv-raw,A,real-age36|A|http0,same native policy,native-rsi256,45.64241099996025,real-age36-A-0-http0-native-rsi256,real-age36,-17.65032999998084,-38.670897556214136,True,win,http0,0,1.630547260848303
native-skv-raw,22.005789999980152,real-age36-A-1-http0-native-skv-raw,A,real-age36|A|http0,same native policy,native-rsi256,43.38614100004179,real-age36-A-1-http0-native-rsi256,real-age36,-21.380351000061637,-49.27921798816134,True,win,http0,1,1.9715784345883933
native-skv-raw,26.73263200006204,real-age36-A-2-http0-native-skv-raw,A,real-age36|A|http0,same native policy,native-rsi256,53.73149700000113,real-age36-A-2-http0-native-rsi256,real-age36,-26.998864999939087,-50.247743888353824,True,win,http0,2,2.009959101665576
native-skv-raw,27.992080999979407,real-age36-A-0-http0-native-skv-raw,A,real-age36|A|http0,cross-policy latency,natural-ee,27.45585999997502,real-age36-A-0-http0-natural-ee,real-age36,0.5362210000043888,1.9530293351032402,True,loss,http0,0,0.9808438322250931
native-skv-raw,22.005789999980152,real-age36-A-1-http0-native-skv-raw,A,real-age36|A|http0,cross-policy latency,natural-ee,31.014980000009018,real-age36-A-1-http0-natural-ee,real-age36,-9.009190000028866,-29.047866547153166,True,win,http0,1,1.4094008894948553
native-skv-raw,26.73263200006204,real-age36-A-2-http0-native-skv-raw,A,real-age36|A|http0,cross-policy latency,natural-ee,25.953485000059118,real-age36-A-2-http0-natural-ee,real-age36,0.7791470000029221,3.002090085401421,True,loss,http0,2,0.9708540857480433
native-skv-summary,8.153012999969178,real-age36-A-0-local-native-skv-summary,A,real-age36|A|local,same native policy,native-tiff,17.453488000001016,real-age36-A-0-local-native-tiff,real-age36,-9.300475000031838,-53.28719967052601,True,win,local,0,2.140740852500419
native-skv-summary,9.347418000004382,real-age36-A-1-local-native-skv-summary,A,real-age36|A|local,same native policy,native-tiff,17.875952000053985,real-age36-A-1-local-native-tiff,real-age36,-8.528534000049603,-47.70953737190526,True,win,local,1,1.9123946313351565
native-skv-summary,7.5550550000116345,real-age36-A-2-local-native-skv-summary,A,real-age36|A|local,same native policy,native-tiff,16.838754999980665,real-age36-A-2-local-native-tiff,real-age36,-9.28369999996903,-55.13293589686228,True,win,local,2,2.2288064084185666
native-skv-summary,8.153012999969178,real-age36-A-0-local-native-skv-summary,A,real-age36|A|local,same native policy,native-cog,16.701588000046286,real-age36-A-0-local-native-cog,real-age36,-8.548575000077108,-51.18420475977145,True,win,local,0,2.0485172782270094
native-skv-summary,9.347418000004382,real-age36-A-1-local-native-skv-summary,A,real-age36|A|local,same native policy,native-cog,17.58953000000929,real-age36-A-1-local-native-cog,real-age36,-8.242112000004909,-46.85805703734298,True,win,local,1,1.8817528006130726
native-skv-summary,7.5550550000116345,real-age36-A-2-local-native-skv-summary,A,real-age36|A|local,same native policy,native-cog,16.04572100001178,real-age36-A-2-local-native-cog,real-age36,-8.490666000000147,-52.91545328498428,True,win,local,2,2.1238390719838667
native-skv-summary,8.153012999969178,real-age36-A-0-local-native-skv-summary,A,real-age36|A|local,same native policy,native-rsi64,17.036743000062415,real-age36-A-0-local-native-rsi64,real-age36,-8.883730000093237,-52.14453255566919,True,win,local,0,2.0896253937196985
native-skv-summary,9.347418000004382,real-age36-A-1-local-native-skv-summary,A,real-age36|A|local,same native policy,native-rsi64,17.87117099996749,real-age36-A-1-local-native-rsi64,real-age36,-8.523752999963108,-47.695548321811785,True,win,local,1,1.9118831531829552
native-skv-summary,7.5550550000116345,real-age36-A-2-local-native-skv-summary,A,real-age36|A|local,same native policy,native-rsi64,18.800747999989653,real-age36-A-2-local-native-rsi64,real-age36,-11.245692999978019,-59.81513607854436,True,win,local,2,2.488499157181609
native-skv-summary,8.153012999969178,real-age36-A-0-local-native-skv-summary,A,real-age36|A|local,same native policy,native-rsi256,22.043091999989883,real-age36-A-0-local-native-rsi256,real-age36,-13.890079000020705,-63.013296864283284,True,win,local,0,2.703674334883707
native-skv-summary,9.347418000004382,real-age36-A-1-local-native-skv-summary,A,real-age36|A|local,same native policy,native-rsi256,21.731979999970008,real-age36-A-1-local-native-rsi256,real-age36,-12.384561999965626,-56.98772960394183,True,win,local,1,2.3249179612979565
native-skv-summary,7.5550550000116345,real-age36-A-2-local-native-skv-summary,A,real-age36|A|local,same native policy,native-rsi256,22.106058000019857,real-age36-A-2-local-native-rsi256,real-age36,-14.551003000008222,-65.82359912380196,True,win,local,2,2.9259956413270074
native-skv-summary,8.153012999969178,real-age36-A-0-local-native-skv-summary,A,real-age36|A|local,cross-policy latency,natural-ee,22.987571999919965,real-age36-A-0-local-natural-ee,real-age36,-14.834558999950787,-64.53295284948943,True,win,local,0,2.8195186245878507
native-skv-summary,9.347418000004382,real-age36-A-1-local-native-skv-summary,A,real-age36|A|local,cross-policy latency,natural-ee,21.36997100001281,real-age36-A-1-local-natural-ee,real-age36,-12.022553000008429,-56.25909833944661,True,win,local,1,2.2861897264038897
native-skv-summary,7.5550550000116345,real-age36-A-2-local-native-skv-summary,A,real-age36|A|local,cross-policy latency,natural-ee,23.287204999974165,real-age36-A-2-local-natural-ee,real-age36,-15.73214999996253,-67.55705547308052,True,win,local,2,3.0823342781671745
native-skv-raw,7.0663570000419895,real-age36-A-0-local-native-skv-raw,A,real-age36|A|local,same native policy,native-tiff,17.453488000001016,real-age36-A-0-local-native-tiff,real-age36,-10.387130999959027,-59.513210195912826,True,win,local,0,2.4699414422307426
native-skv-raw,6.92851899998459,real-age36-A-1-local-native-skv-raw,A,real-age36|A|local,same native policy,native-tiff,17.875952000053985,real-age36-A-1-local-native-tiff,real-age36,-10.947433000069395,-61.2411187948834,True,win,local,1,2.5800538325858304
native-skv-raw,7.31938300003776,real-age36-A-2-local-native-skv-raw,A,real-age36|A|local,same native policy,native-tiff,16.838754999980665,real-age36-A-2-local-native-tiff,real-age36,-9.519371999942905,-56.53251680396701,True,win,local,2,2.3005702802946364
native-skv-raw,7.0663570000419895,real-age36-A-0-local-native-skv-raw,A,real-age36|A|local,same native policy,native-cog,16.701588000046286,real-age36-A-0-local-native-cog,real-age36,-9.635231000004296,-57.690508231777685,True,win,local,0,2.3635358360675864
native-skv-raw,6.92851899998459,real-age36-A-1-local-native-skv-raw,A,real-age36|A|local,same native policy,native-cog,17.58953000000929,real-age36-A-1-local-native-cog,real-age36,-10.6610110000247,-60.6099821883761,True,win,local,1,2.538714262030372
native-skv-raw,7.31938300003776,real-age36-A-2-local-native-skv-raw,A,real-age36|A|local,same native policy,native-cog,16.04572100001178,real-age36-A-2-local-native-cog,real-age36,-8.726337999974021,-54.38420623147825,True,win,local,2,2.192223169620855
native-skv-raw,7.0663570000419895,real-age36-A-0-local-native-skv-raw,A,real-age36|A|local,same native policy,native-rsi64,17.036743000062415,real-age36-A-0-local-native-rsi64,real-age36,-9.970386000020426,-58.52284089737046,True,win,local,0,2.4109655088132653
native-skv-raw,6.92851899998459,real-age36-A-1-local-native-skv-raw,A,real-age36|A|local,same native policy,native-rsi64,17.87117099996749,real-age36-A-1-local-native-rsi64,real-age36,-10.9426519999829,-61.230749792516704,True,win,local,1,2.5793637861146426
native-skv-raw,7.31938300003776,real-age36-A-2-local-native-skv-raw,A,real-age36|A|local,same native policy,native-rsi64,18.800747999989653,real-age36-A-2-local-native-rsi64,real-age36,-11.481364999951893,-61.06866067221481,True,win,local,2,2.5686247051005067
native-skv-raw,7.0663570000419895,real-age36-A-0-local-native-skv-raw,A,real-age36|A|local,same native policy,native-rsi256,22.043091999989883,real-age36-A-0-local-native-rsi256,real-age36,-14.976734999947894,-67.9429864011581,True,win,local,0,3.1194421679882436
native-skv-raw,6.92851899998459,real-age36-A-1-local-native-skv-raw,A,real-age36|A|local,same native policy,native-rsi256,21.731979999970008,real-age36-A-1-local-native-rsi256,real-age36,-14.803460999985418,-68.11832607984108,True,win,local,1,3.136598167663009
native-skv-raw,7.31938300003776,real-age36-A-2-local-native-skv-raw,A,real-age36|A|local,same native policy,native-rsi256,22.106058000019857,real-age36-A-2-local-native-rsi256,real-age36,-14.786674999982097,-66.88969602797937,True,win,local,2,3.020207850840134
native-skv-raw,7.0663570000419895,real-age36-A-0-local-native-skv-raw,A,real-age36|A|local,cross-policy latency,natural-ee,22.987571999919965,real-age36-A-0-local-natural-ee,real-age36,-15.921214999877975,-69.26009845638943,True,win,local,0,3.253100855190782
native-skv-raw,6.92851899998459,real-age36-A-1-local-native-skv-raw,A,real-age36|A|local,cross-policy latency,natural-ee,21.36997100001281,real-age36-A-1-local-natural-ee,real-age36,-14.441452000028221,-67.57824800052168,True,win,local,1,3.084349050649979
native-skv-raw,7.31938300003776,real-age36-A-2-local-native-skv-raw,A,real-age36|A|local,cross-policy latency,natural-ee,23.287204999974165,real-age36-A-2-local-natural-ee,real-age36,-15.967821999936405,-68.569079028394,True,win,local,2,3.181580332639244
native-skv-summary,28.72750599999563,real-age36-B-0-http0-native-skv-summary,B,real-age36|B|http0,same native policy,native-tiff,37.94605500002035,real-age36-B-0-http0-native-tiff,real-age36,-9.218549000024723,-24.29382711857604,True,win,http0,0,1.3208962518370417
native-skv-summary,30.28823699997929,real-age36-B-1-http0-native-skv-summary,B,real-age36|B|http0,same native policy,native-tiff,36.911223000004156,real-age36-B-1-http0-native-tiff,real-age36,-6.622986000024866,-17.943014242644082,True,win,http0,1,1.2186652858015274
native-skv-summary,27.669409000054657,real-age36-B-2-http0-native-skv-summary,B,real-age36|B|http0,same native policy,native-tiff,33.89027800000122,real-age36-B-2-http0-native-tiff,real-age36,-6.2208689999465605,-18.35591021102375,True,win,http0,2,1.22482840164509
native-skv-summary,28.72750599999563,real-age36-B-0-http0-native-skv-summary,B,real-age36|B|http0,same native policy,native-cog,45.483848999992915,real-age36-B-0-http0-native-cog,real-age36,-16.756342999997287,-36.840204530623375,True,win,http0,0,1.5832856844586451
native-skv-summary,30.28823699997929,real-age36-B-1-http0-native-skv-summary,B,real-age36|B|http0,same native policy,native-cog,43.67861299999731,real-age36-B-1-http0-native-cog,real-age36,-13.390376000018023,-30.656596169889472,True,win,http0,1,1.442098231073244
native-skv-summary,27.669409000054657,real-age36-B-2-http0-native-skv-summary,B,real-age36|B|http0,same native policy,native-cog,46.91661000003933,real-age36-B-2-http0-native-cog,real-age36,-19.24720099998467,-41.02427903458612,True,win,http0,2,1.6956130143562753
native-skv-summary,28.72750599999563,real-age36-B-0-http0-native-skv-summary,B,real-age36|B|http0,same native policy,native-rsi64,74.39828700000817,real-age36-B-0-http0-native-rsi64,real-age36,-45.67078100001254,-61.386871716559185,True,win,http0,0,2.5897927582025217
native-skv-summary,30.28823699997929,real-age36-B-1-http0-native-skv-summary,B,real-age36|B|http0,same native policy,native-rsi64,72.42363499995008,real-age36-B-1-http0-native-rsi64,real-age36,-42.13539799997079,-58.17907096212422,True,win,http0,1,2.391147262879632
native-skv-summary,27.669409000054657,real-age36-B-2-http0-native-skv-summary,B,real-age36|B|http0,same native policy,native-rsi64,70.66551099995877,real-age36-B-2-http0-native-rsi64,real-age36,-42.99610199990411,-60.84453560369669,True,win,http0,2,2.553921950404477
native-skv-summary,28.72750599999563,real-age36-B-0-http0-native-skv-summary,B,real-age36|B|http0,same native policy,native-rsi256,45.8496480000008,real-age36-B-0-http0-native-rsi256,real-age36,-17.12214200000517,-37.34410785444824,True,win,http0,0,1.5960190905541112
native-skv-summary,30.28823699997929,real-age36-B-1-http0-native-skv-summary,B,real-age36|B|http0,same native policy,native-rsi256,42.4905709999166,real-age36-B-1-http0-native-rsi256,real-age36,-12.20233399993731,-28.71774540276538,True,win,http0,1,1.4028736964764787
native-skv-summary,27.669409000054657,real-age36-B-2-http0-native-skv-summary,B,real-age36|B|http0,same native policy,native-rsi256,41.62844800003995,real-age36-B-2-http0-native-rsi256,real-age36,-13.959038999985296,-33.53245117370673,True,win,http0,2,1.5044935726656727
native-skv-summary,28.72750599999563,real-age36-B-0-http0-native-skv-summary,B,real-age36|B|http0,cross-policy latency,natural-ee,33.251154999959454,real-age36-B-0-http0-natural-ee,real-age36,-4.523648999963825,-13.604486821493389,True,win,http0,0,1.1574675156264702
native-skv-summary,30.28823699997929,real-age36-B-1-http0-native-skv-summary,B,real-age36|B|http0,cross-policy latency,natural-ee,35.250796999889644,real-age36-B-1-http0-natural-ee,real-age36,-4.962559999910354,-14.07786609739885,True,win,http0,1,1.1638444654244402
native-skv-summary,27.669409000054657,real-age36-B-2-http0-native-skv-summary,B,real-age36|B|http0,cross-policy latency,natural-ee,39.26274100001592,real-age36-B-2-http0-natural-ee,real-age36,-11.593331999961265,-29.527566605593236,True,win,http0,2,1.4189945654400629
native-skv-raw,28.582031999974333,real-age36-B-0-http0-native-skv-raw,B,real-age36|B|http0,same native policy,native-tiff,37.94605500002035,real-age36-B-0-http0-native-tiff,real-age36,-9.364023000046018,-24.677197669272854,True,win,http0,0,1.3276192189573655
native-skv-raw,29.877063999947495,real-age36-B-1-http0-native-skv-raw,B,real-age36|B|http0,same native policy,native-tiff,36.911223000004156,real-age36-B-1-http0-native-tiff,real-age36,-7.034159000056661,-19.056965411457295,True,win,http0,1,1.235436755099799
native-skv-raw,29.775678000021344,real-age36-B-2-http0-native-skv-raw,B,real-age36|B|http0,same native policy,native-tiff,33.89027800000122,real-age36-B-2-http0-native-tiff,real-age36,-4.114599999979873,-12.140944963566614,True,win,http0,2,1.1381866098893507
native-skv-raw,28.582031999974333,real-age36-B-0-http0-native-skv-raw,B,real-age36|B|http0,same native policy,native-cog,45.483848999992915,real-age36-B-0-http0-native-cog,real-age36,-16.901817000018582,-37.160041139045234,True,win,http0,0,1.5913441353656648
native-skv-raw,29.877063999947495,real-age36-B-1-http0-native-skv-raw,B,real-age36|B|http0,same native policy,native-cog,43.67861299999731,real-age36-B-1-http0-native-cog,real-age36,-13.801549000049818,-31.597956189796296,True,win,http0,1,1.4619446207992215
native-skv-raw,29.775678000021344,real-age36-B-2-http0-native-skv-raw,B,real-age36|B|http0,same native policy,native-cog,46.91661000003933,real-age36-B-2-http0-native-cog,real-age36,-17.140932000017983,-36.534890308578596,True,win,http0,2,1.5756689066830214
native-skv-raw,28.582031999974333,real-age36-B-0-http0-native-skv-raw,B,real-age36|B|http0,same native policy,native-rsi64,74.39828700000817,real-age36-B-0-http0-native-rsi64,real-age36,-45.816255000033834,-61.58240578849457,True,win,http0,0,2.6029740292808774
native-skv-raw,29.877063999947495,real-age36-B-1-http0-native-skv-raw,B,real-age36|B|http0,same native policy,native-rsi64,72.42363499995008,real-age36-B-1-http0-native-rsi64,real-age36,-42.54657100000259,-58.746804133805085,True,win,http0,1,2.4240546192918204
native-skv-raw,29.775678000021344,real-age36-B-2-http0-native-skv-raw,B,real-age36|B|http0,same native policy,native-rsi64,70.66551099995877,real-age36-B-2-http0-native-rsi64,real-age36,-40.889832999937425,-57.86391751976616,True,win,http0,2,2.373262869107737
native-skv-raw,28.582031999974333,real-age36-B-0-http0-native-skv-raw,B,real-age36|B|http0,same native policy,native-rsi256,45.8496480000008,real-age36-B-0-http0-native-rsi256,real-age36,-17.267616000026464,-37.66139273310487,True,win,http0,0,1.60414235069228
native-skv-raw,29.877063999947495,real-age36-B-1-http0-native-skv-raw,B,real-age36|B|http0,same native policy,native-rsi256,42.4905709999166,real-age36-B-1-http0-native-rsi256,real-age36,-12.613506999969104,-29.685425973668046,True,win,http0,1,1.42218027179616
native-skv-raw,29.775678000021344,real-age36-B-2-http0-native-skv-raw,B,real-age36|B|http0,same native policy,native-rsi256,41.62844800003995,real-age36-B-2-http0-native-rsi256,real-age36,-11.852770000018609,-28.4727645863887,True,win,http0,2,1.3980688533779184
native-skv-raw,28.582031999974333,real-age36-B-0-http0-native-skv-raw,B,real-age36|B|http0,cross-policy latency,natural-ee,33.251154999959454,real-age36-B-0-http0-natural-ee,real-age36,-4.66912299998512,-14.041987413642666,True,win,http0,0,1.1633586793265542
native-skv-raw,29.877063999947495,real-age36-B-1-http0-native-skv-raw,B,real-age36|B|http0,cross-policy latency,natural-ee,35.250796999889644,real-age36-B-1-http0-natural-ee,real-age36,-5.373732999942149,-15.244287951727653,True,win,http0,1,1.1798614817022044
native-skv-raw,29.775678000021344,real-age36-B-2-http0-native-skv-raw,B,real-age36|B|http0,cross-policy latency,natural-ee,39.26274100001592,real-age36-B-2-http0-natural-ee,real-age36,-9.487062999994578,-24.163017553946965,True,win,http0,2,1.3186178665684045
native-skv-summary,11.5213700000254,real-age36-B-0-local-native-skv-summary,B,real-age36|B|local,same native policy,native-tiff,20.73336199998721,real-age36-B-0-local-native-tiff,real-age36,-9.21199199996181,-44.43076815022808,True,win,local,0,1.7995569971228684
native-skv-summary,10.792627999990145,real-age36-B-1-local-native-skv-summary,B,real-age36|B|local,same native policy,native-tiff,21.857984999996916,real-age36-B-1-local-native-tiff,real-age36,-11.06535700000677,-50.62386583213563,True,win,local,1,2.0252699342566864
native-skv-summary,11.382338000032632,real-age36-B-2-local-native-skv-summary,B,real-age36|B|local,same native policy,native-tiff,21.807292999994843,real-age36-B-2-local-native-tiff,real-age36,-10.42495499996221,-47.80490178200786,True,win,local,2,1.9158887216257612
native-skv-summary,11.5213700000254,real-age36-B-0-local-native-skv-summary,B,real-age36|B|local,same native policy,native-cog,21.48944099997152,real-age36-B-0-local-native-cog,real-age36,-9.968070999946121,-46.385901801537464,True,win,local,0,1.8651810505108462
native-skv-summary,10.792627999990145,real-age36-B-1-local-native-skv-summary,B,real-age36|B|local,same native policy,native-cog,20.372987000030207,real-age36-B-1-local-native-cog,real-age36,-9.580359000040062,-47.024812807399606,True,win,local,1,1.887676198980342
native-skv-summary,11.382338000032632,real-age36-B-2-local-native-skv-summary,B,real-age36|B|local,same native policy,native-cog,19.577346999994916,real-age36-B-2-local-native-cog,real-age36,-8.195008999962283,-41.859650339570585,True,win,local,2,1.7199758959836537
native-skv-summary,11.5213700000254,real-age36-B-0-local-native-skv-summary,B,real-age36|B|local,same native policy,native-rsi64,26.46418899996661,real-age36-B-0-local-native-rsi64,real-age36,-14.94281899994121,-56.46429973712803,True,win,local,0,2.2969654650365596
native-skv-summary,10.792627999990145,real-age36-B-1-local-native-skv-summary,B,real-age36|B|local,same native policy,native-rsi64,26.166901000010512,real-age36-B-1-local-native-rsi64,real-age36,-15.374273000020366,-58.754657267263674,True,win,local,1,2.424516160478653
native-skv-summary,11.382338000032632,real-age36-B-2-local-native-skv-summary,B,real-age36|B|local,same native policy,native-rsi64,26.544273000013163,real-age36-B-2-local-native-rsi64,real-age36,-15.16193499998053,-57.11942082562598,True,win,local,2,2.332058053445352
native-skv-summary,11.5213700000254,real-age36-B-0-local-native-skv-summary,B,real-age36|B|local,same native policy,native-rsi256,19.904196999959822,real-age36-B-0-local-native-rsi256,real-age36,-8.382826999934423,-42.11587636492617,True,win,local,0,1.7275894272917147
native-skv-summary,10.792627999990145,real-age36-B-1-local-native-skv-summary,B,real-age36|B|local,same native policy,native-rsi256,20.037725000008777,real-age36-B-1-local-native-rsi256,real-age36,-9.245097000018632,-46.13845633680761,True,win,local,1,1.8566122171566621
native-skv-summary,11.382338000032632,real-age36-B-2-local-native-skv-summary,B,real-age36|B|local,same native policy,native-rsi256,20.60163100003365,real-age36-B-2-local-native-rsi256,real-age36,-9.219293000001016,-44.75030641984588,True,win,local,2,1.8099647893055526
native-skv-summary,11.5213700000254,real-age36-B-0-local-native-skv-summary,B,real-age36|B|local,cross-policy latency,natural-ee,31.786221999993813,real-age36-B-0-local-natural-ee,real-age36,-20.264851999968414,-63.75357222375266,True,win,local,0,2.7588925622494322
native-skv-summary,10.792627999990145,real-age36-B-1-local-native-skv-summary,B,real-age36|B|local,cross-policy latency,natural-ee,31.609815000024355,real-age36-B-1-local-natural-ee,real-age36,-20.81718700003421,-65.85671887044631,True,win,local,1,2.9288339225676285
native-skv-summary,11.382338000032632,real-age36-B-2-local-native-skv-summary,B,real-age36|B|local,cross-policy latency,natural-ee,29.328268000028856,real-age36-B-2-local-natural-ee,real-age36,-17.945929999996224,-61.18987319666667,True,win,local,2,2.576647082518967
native-skv-raw,11.780302000033771,real-age36-B-0-local-native-skv-raw,B,real-age36|B|local,same native policy,native-tiff,20.73336199998721,real-age36-B-0-local-native-tiff,real-age36,-8.953059999953439,-43.18190170971289,True,win,local,0,1.76000258736387
native-skv-raw,10.726635000082752,real-age36-B-1-local-native-skv-raw,B,real-age36|B|local,same native policy,native-tiff,21.857984999996916,real-age36-B-1-local-native-tiff,real-age36,-11.131349999914164,-50.92578295719269,True,win,local,1,2.0377299124868413
native-skv-raw,10.770524000008663,real-age36-B-2-local-native-skv-raw,B,real-age36|B|local,same native policy,native-tiff,21.807292999994843,real-age36-B-2-local-native-tiff,real-age36,-11.03676899998618,-50.61044944913058,True,win,local,2,2.024719781505273
native-skv-raw,11.780302000033771,real-age36-B-0-local-native-skv-raw,B,real-age36|B|local,same native policy,native-cog,21.48944099997152,real-age36-B-0-local-native-cog,real-age36,-9.70913899993775,-45.18097515868662,True,win,local,0,1.82418421869914
native-skv-raw,10.726635000082752,real-age36-B-1-local-native-skv-raw,B,real-age36|B|local,same native policy,native-cog,20.372987000030207,real-age36-B-1-local-native-cog,real-age36,-9.646351999947456,-47.34873683438345,True,win,local,1,1.8992896653864924
native-skv-raw,10.770524000008663,real-age36-B-2-local-native-skv-raw,B,real-age36|B|local,same native policy,native-cog,19.577346999994916,real-age36-B-2-local-native-cog,real-age36,-8.806822999986252,-44.984762235600876,True,win,local,2,1.8176782299523373
native-skv-raw,11.780302000033771,real-age36-B-0-local-native-skv-raw,B,real-age36|B|local,same native policy,native-rsi64,26.46418899996661,real-age36-B-0-local-native-rsi64,real-age36,-14.683886999932838,-55.48587564860335,True,win,local,0,2.2464779765315646
native-skv-raw,10.726635000082752,real-age36-B-1-local-native-skv-raw,B,real-age36|B|local,same native policy,native-rsi64,26.166901000010512,real-age36-B-1-local-native-rsi64,real-age36,-15.44026599992776,-59.00685755612236,True,win,local,1,2.439432403527168
native-skv-raw,10.770524000008663,real-age36-B-2-local-native-skv-raw,B,real-age36|B|local,same native policy,native-rsi64,26.544273000013163,real-age36-B-2-local-native-rsi64,real-age36,-15.7737490000045,-59.42430218373913,True,win,local,2,2.4645293952264358
native-skv-raw,11.780302000033771,real-age36-B-0-local-native-skv-raw,B,real-age36|B|local,same native policy,native-rsi256,19.904196999959822,real-age36-B-0-local-native-rsi256,real-age36,-8.123894999926051,-40.8149848996292,True,win,local,0,1.6896168705948933
native-skv-raw,10.726635000082752,real-age36-B-1-local-native-skv-raw,B,real-age36|B|local,same native policy,native-rsi256,20.037725000008777,real-age36-B-1-local-native-rsi256,real-age36,-9.311089999926025,-46.46780011164914,True,win,local,1,1.8680345700076673
native-skv-raw,10.770524000008663,real-age36-B-2-local-native-skv-raw,B,real-age36|B|local,same native policy,native-rsi256,20.60163100003365,real-age36-B-2-local-native-rsi256,real-age36,-9.831107000024986,-47.720042165636926,True,win,local,2,1.9127788954387992
native-skv-raw,11.780302000033771,real-age36-B-0-local-native-skv-raw,B,real-age36|B|local,cross-policy latency,natural-ee,31.786221999993813,real-age36-B-0-local-natural-ee,real-age36,-20.005919999960042,-62.93896770734169,True,win,local,0,2.6982518784240583
native-skv-raw,10.726635000082752,real-age36-B-1-local-native-skv-raw,B,real-age36|B|local,cross-policy latency,natural-ee,31.609815000024355,real-age36-B-1-local-natural-ee,real-age36,-20.883179999941603,-66.06549263235331,True,win,local,1,2.9468528573761015
native-skv-raw,10.770524000008663,real-age36-B-2-local-native-skv-raw,B,real-age36|B|local,cross-policy latency,natural-ee,29.328268000028856,real-age36-B-2-local-natural-ee,real-age36,-18.557744000020193,-63.27596297197616,True,win,local,2,2.723012176566829
native-skv-summary,217.9210269999885,real-age36-C-0-http0-native-skv-summary,C,real-age36|C|http0,same native policy,native-tiff,441.033066999978,real-age36-C-0-http0-native-tiff,real-age36,-223.11203999998952,-50.58850609947589,True,win,http0,0,2.023820615529686
native-skv-summary,205.11315200008085,real-age36-C-1-http0-native-skv-summary,C,real-age36|C|http0,same native policy,native-tiff,436.14848900000425,real-age36-C-1-http0-native-tiff,real-age36,-231.0353369999234,-52.97171555715767,True,win,http0,1,2.126379926138682
native-skv-summary,204.40097499999865,real-age36-C-2-http0-native-skv-summary,C,real-age36|C|http0,same native policy,native-tiff,538.9822979999508,real-age36-C-2-http0-native-tiff,real-age36,-334.58132299995214,-62.0764956922542,True,win,http0,2,2.6368871185666034
native-skv-summary,217.9210269999885,real-age36-C-0-http0-native-skv-summary,C,real-age36|C|http0,same native policy,native-cog,420.4683020000175,real-age36-C-0-http0-native-cog,real-age36,-202.547275000029,-48.17182984700249,True,win,http0,0,1.9294526452467557
native-skv-summary,205.11315200008085,real-age36-C-1-http0-native-skv-summary,C,real-age36|C|http0,same native policy,native-cog,387.1804120000206,real-age36-C-1-http0-native-cog,real-age36,-182.06725999993978,-47.02388198293721,True,win,http0,1,1.8876430312955652
native-skv-summary,204.40097499999865,real-age36-C-2-http0-native-skv-summary,C,real-age36|C|http0,same native policy,native-cog,399.78255300002274,real-age36-C-2-http0-native-cog,real-age36,-195.3815780000241,-48.871962153889434,True,win,http0,2,1.955874002068852
native-skv-summary,217.9210269999885,real-age36-C-0-http0-native-skv-summary,C,real-age36|C|http0,same native policy,native-rsi64,714.8444279999921,real-age36-C-0-http0-native-rsi64,real-age36,-496.92340100000365,-69.51490163955074,True,win,http0,0,3.2802912038406915
native-skv-summary,205.11315200008085,real-age36-C-1-http0-native-skv-summary,C,real-age36|C|http0,same native policy,native-rsi64,728.8330239999823,real-age36-C-1-http0-native-rsi64,real-age36,-523.7198719999014,-71.85731913266244,True,win,http0,1,3.5533217489617392
native-skv-summary,204.40097499999865,real-age36-C-2-http0-native-skv-summary,C,real-age36|C|http0,same native policy,native-rsi64,688.7854720000064,real-age36-C-2-http0-native-rsi64,real-age36,-484.38449700000774,-70.32443579181694,True,win,http0,2,3.3697758633490418
native-skv-summary,217.9210269999885,real-age36-C-0-http0-native-skv-summary,C,real-age36|C|http0,same native policy,native-rsi256,434.3670549999956,real-age36-C-0-http0-native-rsi256,real-age36,-216.44602800000712,-49.83021283693104,True,win,http0,0,1.993231497573745
native-skv-summary,205.11315200008085,real-age36-C-1-http0-native-skv-summary,C,real-age36|C|http0,same native policy,native-rsi256,436.8948339999861,real-age36-C-1-http0-native-rsi256,real-age36,-231.78168199990523,-53.05205371229283,True,win,http0,1,2.130018625035872
native-skv-summary,204.40097499999865,real-age36-C-2-http0-native-skv-summary,C,real-age36|C|http0,same native policy,native-rsi256,531.7886530000351,real-age36-C-2-http0-native-rsi256,real-age36,-327.38767800003643,-61.56349447343601,True,win,http0,2,2.601693328517824
native-skv-summary,217.9210269999885,real-age36-C-0-http0-native-skv-summary,C,real-age36|C|http0,cross-policy latency,natural-ee,269.9706750000246,real-age36-C-0-http0-natural-ee,real-age36,-52.049648000036086,-19.279741401554574,True,win,http0,0,1.2388463780507002
native-skv-summary,205.11315200008085,real-age36-C-1-http0-native-skv-summary,C,real-age36|C|http0,cross-policy latency,natural-ee,278.2678179999607,real-age36-C-1-http0-natural-ee,real-age36,-73.15466599987985,-26.289301625202732,True,win,http0,1,1.3566551695322346
native-skv-summary,204.40097499999865,real-age36-C-2-http0-native-skv-summary,C,real-age36|C|http0,cross-policy latency,natural-ee,316.5941700000303,real-age36-C-2-http0-natural-ee,real-age36,-112.19319500003166,-35.43754295918365,True,win,http0,2,1.5488877682703441
native-skv-raw,249.6650109999905,real-age36-C-0-http0-native-skv-raw,C,real-age36|C|http0,same native policy,native-tiff,441.033066999978,real-age36-C-0-http0-native-tiff,real-age36,-191.36805599998752,-43.39086347917696,True,win,http0,0,1.7664992993351192
native-skv-raw,244.5414899999605,real-age36-C-1-http0-native-skv-raw,C,real-age36|C|http0,same native policy,native-tiff,436.14848900000425,real-age36-C-1-http0-native-tiff,real-age36,-191.60699900004374,-43.931597571129466,True,win,http0,1,1.7835357468381938
native-skv-raw,243.78846499996598,real-age36-C-2-http0-native-skv-raw,C,real-age36|C|http0,same native policy,native-tiff,538.9822979999508,real-age36-C-2-http0-native-tiff,real-age36,-295.1938329999848,-54.76874362950075,True,win,http0,2,2.210860542561052
native-skv-raw,249.6650109999905,real-age36-C-0-http0-native-skv-raw,C,real-age36|C|http0,same native policy,native-cog,420.4683020000175,real-age36-C-0-http0-native-cog,real-age36,-170.803291000027,-40.622156340341654,True,win,http0,0,1.6841298679214345
native-skv-raw,244.5414899999605,real-age36-C-1-http0-native-skv-raw,C,real-age36|C|http0,same native policy,native-cog,387.1804120000206,real-age36-C-1-http0-native-cog,real-age36,-142.63892200006012,-36.840428280770695,True,win,http0,1,1.583291293432796
native-skv-raw,243.78846499996598,real-age36-C-2-http0-native-skv-raw,C,real-age36|C|http0,same native policy,native-cog,399.78255300002274,real-age36-C-2-http0-native-cog,real-age36,-155.99408800005676,-39.01973381015651,True,win,http0,2,1.6398747701212135
native-skv-raw,249.6650109999905,real-age36-C-0-http0-native-skv-raw,C,real-age36|C|http0,same native policy,native-rsi64,714.8444279999921,real-age36-C-0-http0-native-rsi64,real-age36,-465.17941700000165,-65.0742173792263,True,win,http0,0,2.8632142931714983
native-skv-raw,244.5414899999605,real-age36-C-1-http0-native-skv-raw,C,real-age36|C|http0,same native policy,native-rsi64,728.8330239999823,real-age36-C-1-http0-native-rsi64,real-age36,-484.2915340000218,-66.44752886499742,True,win,http0,1,2.980406408745199
native-skv-raw,243.78846499996598,real-age36-C-2-http0-native-skv-raw,C,real-age36|C|http0,same native policy,native-rsi64,688.7854720000064,real-age36-C-2-http0-native-rsi64,real-age36,-444.9970070000404,-64.60603846766911,True,win,http0,2,2.8253406985441356
native-skv-raw,249.6650109999905,real-age36-C-0-http0-native-skv-raw,C,real-age36|C|http0,same native policy,native-rsi256,434.3670549999956,real-age36-C-0-http0-native-rsi256,real-age36,-184.70204400000512,-42.52211162745917,True,win,http0,0,1.73979947474503
native-skv-raw,244.5414899999605,real-age36-C-1-http0-native-skv-raw,C,real-age36|C|http0,same native policy,native-rsi256,436.8948339999861,real-age36-C-1-http0-native-rsi256,real-age36,-192.35334400002557,-44.027378909230066,True,win,http0,1,1.786587764718603
native-skv-raw,243.78846499996598,real-age36-C-2-http0-native-skv-raw,C,real-age36|C|http0,same native policy,native-rsi256,531.7886530000351,real-age36-C-2-http0-native-rsi256,real-age36,-288.0001880000691,-54.156888526173596,True,win,http0,2,2.181352809289436
native-skv-raw,249.6650109999905,real-age36-C-0-http0-native-skv-raw,C,real-age36|C|http0,cross-policy latency,natural-ee,269.9706750000246,real-age36-C-0-http0-natural-ee,real-age36,-20.305664000034085,-7.5214332075260515,True,win,http0,0,1.0813316368148793
native-skv-raw,244.5414899999605,real-age36-C-1-http0-native-skv-raw,C,real-age36|C|http0,cross-policy latency,natural-ee,278.2678179999607,real-age36-C-1-http0-natural-ee,real-age36,-33.726328000000194,-12.120096474830211,True,win,http0,1,1.1379165883057538
native-skv-raw,243.78846499996598,real-age36-C-2-http0-native-skv-raw,C,real-age36|C|http0,cross-policy latency,natural-ee,316.5941700000303,real-age36-C-2-http0-natural-ee,real-age36,-72.80570500006434,-22.99654001842718,True,win,http0,2,1.2986429444070478
native-skv-summary,170.17232000000604,real-age36-C-0-local-native-skv-summary,C,real-age36|C|local,same native policy,native-tiff,301.9497810000189,real-age36-C-0-local-native-tiff,real-age36,-131.77746100001286,-43.642178034898,True,win,local,0,1.7743765907405398
native-skv-summary,167.0537419999505,real-age36-C-1-local-native-skv-summary,C,real-age36|C|local,same native policy,native-tiff,252.8722069999958,real-age36-C-1-local-native-tiff,real-age36,-85.81846500004531,-33.9374840826405,True,win,local,1,1.5137177052883422
native-skv-summary,157.91861400003881,real-age36-C-2-local-native-skv-summary,C,real-age36|C|local,same native policy,native-tiff,237.39439700000275,real-age36-C-2-local-native-tiff,real-age36,-79.47578299996394,-33.47837354390594,True,win,local,2,1.5032705200917253
native-skv-summary,170.17232000000604,real-age36-C-0-local-native-skv-summary,C,real-age36|C|local,same native policy,native-cog,254.40710100008346,real-age36-C-0-local-native-cog,real-age36,-84.23478100007742,-33.11023185632298,True,win,local,0,1.4949969595529662
native-skv-summary,167.0537419999505,real-age36-C-1-local-native-skv-summary,C,real-age36|C|local,same native policy,native-cog,251.7298049999681,real-age36-C-1-local-native-cog,real-age36,-84.67606300001762,-33.63767870079125,True,win,local,1,1.5068791754454847
native-skv-summary,157.91861400003881,real-age36-C-2-local-native-skv-summary,C,real-age36|C|local,same native policy,native-cog,278.4960520000368,real-age36-C-2-local-native-cog,real-age36,-120.57743799999798,-43.295923634846375,True,win,local,2,1.7635416430387894
native-skv-summary,170.17232000000604,real-age36-C-0-local-native-skv-summary,C,real-age36|C|local,same native policy,native-rsi64,303.73131099997863,real-age36-C-0-local-native-rsi64,real-age36,-133.5589909999726,-43.97274372545081,True,win,local,0,1.7848455671284722
native-skv-summary,167.0537419999505,real-age36-C-1-local-native-skv-summary,C,real-age36|C|local,same native policy,native-rsi64,312.5846749999823,real-age36-C-1-local-native-rsi64,real-age36,-145.53093300003184,-46.55728339850316,True,win,local,1,1.871162365223013
native-skv-summary,157.91861400003881,real-age36-C-2-local-native-skv-summary,C,real-age36|C|local,same native policy,native-rsi64,300.18494299997656,real-age36-C-2-local-native-rsi64,real-age36,-142.26632899993774,-47.392893053916055,True,win,local,2,1.9008838502084546
native-skv-summary,170.17232000000604,real-age36-C-0-local-native-skv-summary,C,real-age36|C|local,same native policy,native-rsi256,303.6294700000326,real-age36-C-0-local-native-rsi256,real-age36,-133.45715000002656,-43.95395150543596,True,win,local,0,1.7842471090481802
native-skv-summary,167.0537419999505,real-age36-C-1-local-native-skv-summary,C,real-age36|C|local,same native policy,native-rsi256,407.72481199996946,real-age36-C-1-local-native-rsi256,real-age36,-240.67107000001897,-59.02782046044257,True,win,local,1,2.4406805086718157
native-skv-summary,157.91861400003881,real-age36-C-2-local-native-skv-summary,C,real-age36|C|local,same native policy,native-rsi256,317.8207440000733,real-age36-C-2-local-native-rsi256,real-age36,-159.9021300000345,-50.31204948661174,True,win,local,2,2.01256036859591
native-skv-summary,170.17232000000604,real-age36-C-0-local-native-skv-summary,C,real-age36|C|local,cross-policy latency,natural-ee,232.91605700001128,real-age36-C-0-local-natural-ee,real-age36,-62.74373700000524,-26.938347578158684,True,win,local,0,1.3687070670482897
native-skv-summary,167.0537419999505,real-age36-C-1-local-native-skv-summary,C,real-age36|C|local,cross-policy latency,natural-ee,206.077348000008,real-age36-C-1-local-natural-ee,real-age36,-39.0236060000575,-18.936387904242626,True,win,local,1,1.2335991132725963
native-skv-summary,157.91861400003881,real-age36-C-2-local-native-skv-summary,C,real-age36|C|local,cross-policy latency,natural-ee,212.30627199997798,real-age36-C-2-local-natural-ee,real-age36,-54.387657999939165,-25.617546522575086,True,win,local,2,1.344403086009391
native-skv-raw,190.1969169999802,real-age36-C-0-local-native-skv-raw,C,real-age36|C|local,same native policy,native-tiff,301.9497810000189,real-age36-C-0-local-native-tiff,real-age36,-111.7528640000387,-37.01041399332286,True,win,local,0,1.5875640139847815
native-skv-raw,193.81346200009375,real-age36-C-1-local-native-skv-raw,C,real-age36|C|local,same native policy,native-tiff,252.8722069999958,real-age36-C-1-local-native-tiff,real-age36,-59.058744999902046,-23.355174418160964,True,win,local,1,1.3047195194308716
native-skv-raw,219.8337759999731,real-age36-C-2-local-native-skv-raw,C,real-age36|C|local,same native policy,native-tiff,237.39439700000275,real-age36-C-2-local-native-tiff,real-age36,-17.56062100002964,-7.397234821860366,True,win,local,2,1.0798813599964356
native-skv-raw,190.1969169999802,real-age36-C-0-local-native-skv-raw,C,real-age36|C|local,same native policy,native-cog,254.40710100008346,real-age36-C-0-local-native-cog,real-age36,-64.21018400010325,-25.23914770762715,True,win,local,0,1.3375984480343073
native-skv-raw,193.81346200009375,real-age36-C-1-local-native-skv-raw,C,real-age36|C|local,same native policy,native-cog,251.7298049999681,real-age36-C-1-local-native-cog,real-age36,-57.91634299987436,-23.00734432296633,True,win,local,1,1.2988251817092373
native-skv-raw,219.8337759999731,real-age36-C-2-local-native-skv-raw,C,real-age36|C|local,same native policy,native-cog,278.4960520000368,real-age36-C-2-local-native-cog,real-age36,-58.662276000063684,-21.06395246136413,True,win,local,2,1.2668483299857929
native-skv-raw,190.1969169999802,real-age36-C-0-local-native-skv-raw,C,real-age36|C|local,same native policy,native-rsi64,303.73131099997863,real-age36-C-0-local-native-rsi64,real-age36,-113.53439399999843,-37.3798781647528,True,win,local,0,1.5969307799032844
native-skv-raw,193.81346200009375,real-age36-C-1-local-native-skv-raw,C,real-age36|C|local,same native policy,native-rsi64,312.5846749999823,real-age36-C-1-local-native-rsi64,real-age36,-118.77121299988858,-37.99649263032339,True,win,local,1,1.612811988260295
native-skv-raw,219.8337759999731,real-age36-C-2-local-native-skv-raw,C,real-age36|C|local,same native policy,native-rsi64,300.18494299997656,real-age36-C-2-local-native-rsi64,real-age36,-80.35116700000344,-26.767220966179416,True,win,local,2,1.3655087423873085
native-skv-raw,190.1969169999802,real-age36-C-0-local-native-skv-raw,C,real-age36|C|local,same native policy,native-rsi256,303.6294700000326,real-age36-C-0-local-native-rsi256,real-age36,-113.4325530000524,-37.35887461781632,True,win,local,0,1.5963953295839395
native-skv-raw,193.81346200009375,real-age36-C-1-local-native-skv-raw,C,real-age36|C|local,same native policy,native-rsi256,407.72481199996946,real-age36-C-1-local-native-rsi256,real-age36,-213.9113499998757,-52.46463882112029,True,win,local,1,2.1036970692973447
native-skv-raw,219.8337759999731,real-age36-C-2-local-native-skv-raw,C,real-age36|C|local,same native policy,native-rsi256,317.8207440000733,real-age36-C-2-local-native-rsi256,real-age36,-97.9869680001002,-30.830891264944494,True,win,local,2,1.445732088048709
native-skv-raw,190.1969169999802,real-age36-C-0-local-native-skv-raw,C,real-age36|C|local,cross-policy latency,natural-ee,232.91605700001128,real-age36-C-0-local-natural-ee,real-age36,-42.719140000031075,-18.341002569878217,True,win,local,0,1.2246047973534477
native-skv-raw,193.81346200009375,real-age36-C-1-local-native-skv-raw,C,real-age36|C|local,cross-policy latency,natural-ee,206.077348000008,real-age36-C-1-local-natural-ee,real-age36,-12.263885999914237,-5.9511082217118645,True,win,local,1,1.0632767500944196
native-skv-raw,219.8337759999731,real-age36-C-2-local-native-skv-raw,C,real-age36|C|local,cross-policy latency,natural-ee,212.30627199997798,real-age36-C-2-local-natural-ee,real-age36,7.527503999995133,3.545587197723443,True,loss,local,2,0.9657582008690236
native-skv-summary,300.54363900001135,real-age36-D-0-http0-native-skv-summary,D,real-age36|D|http0,same native policy,native-tiff,1300.9351879999826,real-age36-D-0-http0-native-tiff,real-age36,-1000.3915489999713,-76.89787763662095,True,win,http0,0,4.328606628736313
native-skv-summary,329.4137720000663,real-age36-D-1-http0-native-skv-summary,D,real-age36|D|http0,same native policy,native-tiff,1276.4365770000268,real-age36-D-1-http0-native-tiff,real-age36,-947.0228049999605,-74.19270350476181,True,win,http0,1,3.8748731397901905
native-skv-summary,313.17073299999265,real-age36-D-2-http0-native-skv-summary,D,real-age36|D|http0,same native policy,native-tiff,1299.5651429999953,real-age36-D-2-http0-native-tiff,real-age36,-986.3944100000026,-75.90188266537756,True,win,http0,2,4.149701763478728
native-skv-summary,300.54363900001135,real-age36-D-0-http0-native-skv-summary,D,real-age36|D|http0,same native policy,native-cog,436.5275789999714,real-age36-D-0-http0-native-cog,real-age36,-135.98393999996006,-31.15128265469087,True,win,http0,0,1.4524598838704914
native-skv-summary,329.4137720000663,real-age36-D-1-http0-native-skv-summary,D,real-age36|D|http0,same native policy,native-cog,411.60879400001704,real-age36-D-1-http0-native-cog,real-age36,-82.19502199995077,-19.9692094041964,True,win,http0,1,1.249519082037451
native-skv-summary,313.17073299999265,real-age36-D-2-http0-native-skv-summary,D,real-age36|D|http0,same native policy,native-cog,440.0843180000038,real-age36-D-2-http0-native-cog,real-age36,-126.91358500001115,-28.83847022242907,True,win,http0,2,1.405253657595182
native-skv-summary,300.54363900001135,real-age36-D-0-http0-native-skv-summary,D,real-age36|D|http0,same native policy,native-rsi64,1122.5839170000427,real-age36-D-0-http0-native-rsi64,real-age36,-822.0402780000313,-73.2275124871578,True,win,http0,0,3.735177762321565
native-skv-summary,329.4137720000663,real-age36-D-1-http0-native-skv-summary,D,real-age36|D|http0,same native policy,native-rsi64,1143.2056720000219,real-age36-D-1-http0-native-rsi64,real-age36,-813.7918999999556,-71.18508243370052,True,win,http0,1,3.4704246427189203
native-skv-summary,313.17073299999265,real-age36-D-2-http0-native-skv-summary,D,real-age36|D|http0,same native policy,native-rsi64,1111.9910969999864,real-age36-D-2-http0-native-rsi64,real-age36,-798.8203639999938,-71.83693881678654,True,win,http0,2,3.5507503729603385
native-skv-summary,300.54363900001135,real-age36-D-0-http0-native-skv-summary,D,real-age36|D|http0,same native policy,native-rsi256,523.1601070000238,real-age36-D-0-http0-native-rsi256,real-age36,-222.61646800001245,-42.5522636419222,True,win,http0,0,1.7407126257628232
native-skv-summary,329.4137720000663,real-age36-D-1-http0-native-skv-summary,D,real-age36|D|http0,same native policy,native-rsi256,525.1430810000102,real-age36-D-1-http0-native-rsi256,real-age36,-195.7293089999439,-37.271615314291864,True,win,http0,1,1.5941746388183933
native-skv-summary,313.17073299999265,real-age36-D-2-http0-native-skv-summary,D,real-age36|D|http0,same native policy,native-rsi256,535.4333380000185,real-age36-D-2-http0-native-rsi256,real-age36,-222.26260500002581,-41.51078934125282,True,win,http0,2,1.709717037958432
native-skv-summary,300.54363900001135,real-age36-D-0-http0-native-skv-summary,D,real-age36|D|http0,cross-policy latency,natural-ee,365.0369590000082,real-age36-D-0-http0-natural-ee,real-age36,-64.49331999999686,-17.667613760719338,True,win,http0,0,1.2145888704035903
native-skv-summary,329.4137720000663,real-age36-D-1-http0-native-skv-summary,D,real-age36|D|http0,cross-policy latency,natural-ee,387.5025570000048,real-age36-D-1-http0-natural-ee,real-age36,-58.088784999938525,-14.990555275210172,True,win,http0,1,1.1763398799244096
native-skv-summary,313.17073299999265,real-age36-D-2-http0-native-skv-summary,D,real-age36|D|http0,cross-policy latency,natural-ee,404.7621689999801,real-age36-D-2-http0-natural-ee,real-age36,-91.59143599998743,-22.628457651137836,True,win,http0,2,1.292464864524839
native-skv-raw,347.44143199998234,real-age36-D-0-http0-native-skv-raw,D,real-age36|D|http0,same native policy,native-tiff,1300.9351879999826,real-age36-D-0-http0-native-tiff,real-age36,-953.4937560000003,-73.29294839552092,True,win,http0,0,3.7443294557916995
native-skv-raw,342.07939299994905,real-age36-D-1-http0-native-skv-raw,D,real-age36|D|http0,same native policy,native-tiff,1276.4365770000268,real-age36-D-1-http0-native-tiff,real-age36,-934.3571840000777,-73.20043947628572,True,win,http0,1,3.731404472529033
native-skv-raw,331.3272259999849,real-age36-D-2-http0-native-skv-raw,D,real-age36|D|http0,same native policy,native-tiff,1299.5651429999953,real-age36-D-2-http0-native-tiff,real-age36,-968.2379170000104,-74.50476201330478,True,win,http0,2,3.9223011000009236
native-skv-raw,347.44143199998234,real-age36-D-0-http0-native-skv-raw,D,real-age36|D|http0,same native policy,native-cog,436.5275789999714,real-age36-D-0-http0-native-cog,real-age36,-89.08614699998907,-20.407908064840708,True,win,http0,0,1.2564062279135253
native-skv-raw,342.07939299994905,real-age36-D-1-http0-native-skv-raw,D,real-age36|D|http0,same native policy,native-cog,411.60879400001704,real-age36-D-1-http0-native-cog,real-age36,-69.52940100006799,-16.89210775221316,True,win,http0,1,1.2032551577875326
native-skv-raw,331.3272259999849,real-age36-D-2-http0-native-skv-raw,D,real-age36|D|http0,same native policy,native-cog,440.0843180000038,real-age36-D-2-http0-native-cog,real-age36,-108.75709200001893,-24.71278515314377,True,win,http0,2,1.3282467707619774
native-skv-raw,347.44143199998234,real-age36-D-0-http0-native-skv-raw,D,real-age36|D|http0,same native policy,native-rsi64,1122.5839170000427,real-age36-D-0-http0-native-rsi64,real-age36,-775.1424850000603,-69.04984770060899,True,win,http0,0,3.231001871417856
native-skv-raw,342.07939299994905,real-age36-D-1-http0-native-skv-raw,D,real-age36|D|http0,same native policy,native-rsi64,1143.2056720000219,real-age36-D-1-http0-native-rsi64,real-age36,-801.1262790000728,-70.07717846592853,True,win,http0,1,3.341930836506694
native-skv-raw,331.3272259999849,real-age36-D-2-http0-native-skv-raw,D,real-age36|D|http0,same native policy,native-rsi64,1111.9910969999864,real-age36-D-2-http0-native-rsi64,real-age36,-780.6638710000016,-70.20414759669708,True,win,http0,2,3.356171813662054
native-skv-raw,347.44143199998234,real-age36-D-0-http0-native-skv-raw,D,real-age36|D|http0,same native policy,native-rsi256,523.1601070000238,real-age36-D-0-http0-native-rsi256,real-age36,-175.71867500004146,-33.587934677907974,True,win,http0,0,1.5057504914959319
native-skv-raw,342.07939299994905,real-age36-D-1-http0-native-skv-raw,D,real-age36|D|http0,same native policy,native-rsi256,525.1430810000102,real-age36-D-1-http0-native-rsi256,real-age36,-183.06368800006112,-34.85977338813259,True,win,http0,1,1.5351497101144833
native-skv-raw,331.3272259999849,real-age36-D-2-http0-native-skv-raw,D,real-age36|D|http0,same native policy,native-rsi256,535.4333380000185,real-age36-D-2-http0-native-rsi256,real-age36,-204.1061120000336,-38.119798958059384,True,win,http0,2,1.61602577748936
native-skv-raw,347.44143199998234,real-age36-D-0-http0-native-skv-raw,D,real-age36|D|http0,cross-policy latency,natural-ee,365.0369590000082,real-age36-D-0-http0-natural-ee,real-age36,-17.595527000025868,-4.820204246777504,True,win,http0,0,1.0506431455187726
native-skv-raw,342.07939299994905,real-age36-D-1-http0-native-skv-raw,D,real-age36|D|http0,cross-policy latency,natural-ee,387.5025570000048,real-age36-D-1-http0-natural-ee,real-age36,-45.42316400005575,-11.722029488454499,True,win,http0,1,1.1327854437582638
native-skv-raw,331.3272259999849,real-age36-D-2-http0-native-skv-raw,D,real-age36|D|http0,cross-policy latency,natural-ee,404.7621689999801,real-age36-D-2-http0-natural-ee,real-age36,-73.4349429999952,-18.14273877952236,True,win,http0,2,1.2216387221978509
native-skv-summary,270.51680800002487,real-age36-D-0-local-native-skv-summary,D,real-age36|D|local,same native policy,native-tiff,761.9238770000152,real-age36-D-0-local-native-tiff,real-age36,-491.4070689999903,-64.4955597053668,True,win,local,0,2.8165491180863893
native-skv-summary,263.64079399996854,real-age36-D-1-local-native-skv-summary,D,real-age36|D|local,same native policy,native-tiff,712.5014800000145,real-age36-D-1-local-native-tiff,real-age36,-448.8606860000459,-62.99786015883599,True,win,local,1,2.702546404863655
native-skv-summary,263.1292049999274,real-age36-D-2-local-native-skv-summary,D,real-age36|D|local,same native policy,native-tiff,761.4278649999733,real-age36-D-2-local-native-tiff,real-age36,-498.29866000004586,-65.44266146604227,True,win,local,2,2.893741365578113
native-skv-summary,270.51680800002487,real-age36-D-0-local-native-skv-summary,D,real-age36|D|local,same native policy,native-cog,409.9652389999733,real-age36-D-0-local-native-cog,real-age36,-139.4484309999484,-34.01469630452193,True,win,local,0,1.5154889710214812
native-skv-summary,263.64079399996854,real-age36-D-1-local-native-skv-summary,D,real-age36|D|local,same native policy,native-cog,358.69395199995324,real-age36-D-1-local-native-cog,real-age36,-95.0531579999847,-26.49979389671926,True,win,local,1,1.3605404025599925
native-skv-summary,263.1292049999274,real-age36-D-2-local-native-skv-summary,D,real-age36|D|local,same native policy,native-cog,387.5324169999885,real-age36-D-2-local-native-cog,real-age36,-124.4032120000611,-32.10136921269861,True,win,local,2,1.4727837489574576
native-skv-summary,270.51680800002487,real-age36-D-0-local-native-skv-summary,D,real-age36|D|local,same native policy,native-rsi64,552.8513659999135,real-age36-D-0-local-native-rsi64,real-age36,-282.3345579998886,-51.0687999276704,True,win,local,0,2.0436858252440366
native-skv-summary,263.64079399996854,real-age36-D-1-local-native-skv-summary,D,real-age36|D|local,same native policy,native-rsi64,593.1928379999931,real-age36-D-1-local-native-rsi64,real-age36,-329.5520440000246,-55.55563433826023,True,win,local,1,2.2500039883814944
native-skv-summary,263.1292049999274,real-age36-D-2-local-native-skv-summary,D,real-age36|D|local,same native policy,native-rsi64,579.9502840000059,real-age36-D-2-local-native-rsi64,real-age36,-316.8210790000785,-54.629006613276395,True,win,local,2,2.2040513670847215
native-skv-summary,270.51680800002487,real-age36-D-0-local-native-skv-summary,D,real-age36|D|local,same native policy,native-rsi256,417.7530230000457,real-age36-D-0-local-native-rsi256,real-age36,-147.23621500002082,-35.24479941345744,True,win,local,0,1.5442775112147828
native-skv-summary,263.64079399996854,real-age36-D-1-local-native-skv-summary,D,real-age36|D|local,same native policy,native-rsi256,411.02016700000377,real-age36-D-1-local-native-rsi256,real-age36,-147.37937300003523,-35.85696878957131,True,win,local,1,1.5590158137668666
native-skv-summary,263.1292049999274,real-age36-D-2-local-native-skv-summary,D,real-age36|D|local,same native policy,native-rsi256,374.636425999995,real-age36-D-2-local-native-rsi256,real-age36,-111.5072210000676,-29.764116156731934,True,win,local,2,1.4237736400263832
native-skv-summary,270.51680800002487,real-age36-D-0-local-native-skv-summary,D,real-age36|D|local,cross-policy latency,natural-ee,320.6865989999983,real-age36-D-0-local-natural-ee,real-age36,-50.16979099997343,-15.644492522113062,True,win,local,0,1.185459052880621
native-skv-summary,263.64079399996854,real-age36-D-1-local-native-skv-summary,D,real-age36|D|local,cross-policy latency,natural-ee,347.13990900002045,real-age36-D-1-local-natural-ee,real-age36,-83.49911500005192,-24.053447280256968,True,win,local,1,1.3167154586860403
native-skv-summary,263.1292049999274,real-age36-D-2-local-native-skv-summary,D,real-age36|D|local,cross-policy latency,natural-ee,345.20753300000706,real-age36-D-2-local-natural-ee,real-age36,-82.07832800007964,-23.776517066931437,True,win,local,2,1.311931653501185
native-skv-raw,314.18776199996046,real-age36-D-0-local-native-skv-raw,D,real-age36|D|local,same native policy,native-tiff,761.9238770000152,real-age36-D-0-local-native-tiff,real-age36,-447.7361150000547,-58.763890792209125,True,win,local,0,2.425059054337422
native-skv-raw,279.42259799999647,real-age36-D-1-local-native-skv-raw,D,real-age36|D|local,same native policy,native-tiff,712.5014800000145,real-age36-D-1-local-native-tiff,real-age36,-433.078882000018,-60.7828747246966,True,win,local,1,2.5499064324068144
native-skv-raw,282.817264000073,real-age36-D-2-local-native-skv-raw,D,real-age36|D|local,same native policy,native-tiff,761.4278649999733,real-age36-D-2-local-native-tiff,real-age36,-478.61060099990027,-62.856985277248434,True,win,local,2,2.692296270144869
native-skv-raw,314.18776199996046,real-age36-D-0-local-native-skv-raw,D,real-age36|D|local,same native policy,native-cog,409.9652389999733,real-age36-D-0-local-native-cog,real-age36,-95.77747700001282,-23.362340971552243,True,win,local,0,1.3048415265774256
native-skv-raw,279.42259799999647,real-age36-D-1-local-native-skv-raw,D,real-age36|D|local,same native policy,native-cog,358.69395199995324,real-age36-D-1-local-native-cog,real-age36,-79.27135399995677,-22.099997381602666,True,win,local,1,1.2836970043487956
native-skv-raw,282.817264000073,real-age36-D-2-local-native-skv-raw,D,real-age36|D|local,same native policy,native-cog,387.5324169999885,real-age36-D-2-local-native-cog,real-age36,-104.71515299991552,-27.02100480020453,True,win,local,2,1.3702572874048045
native-skv-raw,314.18776199996046,real-age36-D-0-local-native-skv-raw,D,real-age36|D|local,same native policy,native-rsi64,552.8513659999135,real-age36-D-0-local-native-rsi64,real-age36,-238.663603999953,-43.169578421551805,True,win,local,0,1.7596209428423983
native-skv-raw,279.42259799999647,real-age36-D-1-local-native-skv-raw,D,real-age36|D|local,same native policy,native-rsi64,593.1928379999931,real-age36-D-1-local-native-rsi64,real-age36,-313.77023999999665,-52.895149755668534,True,win,local,1,2.1229236369779962
native-skv-raw,282.817264000073,real-age36-D-2-local-native-skv-raw,D,real-age36|D|local,same native policy,native-rsi64,579.9502840000059,real-age36-D-2-local-native-rsi64,real-age36,-297.1330199999329,-51.23422269070392,True,win,local,2,2.0506183950632386
native-skv-raw,314.18776199996046,real-age36-D-0-local-native-skv-raw,D,real-age36|D|local,same native policy,native-rsi256,417.7530230000457,real-age36-D-0-local-native-rsi256,real-age36,-103.56526100008523,-24.791026108283575,True,win,local,0,1.329628564590935
native-skv-raw,279.42259799999647,real-age36-D-1-local-native-skv-raw,D,real-age36|D|local,same native policy,native-rsi256,411.02016700000377,real-age36-D-1-local-native-rsi256,real-age36,-131.5975690000073,-32.01730220697567,True,win,local,1,1.470962513203778
native-skv-raw,282.817264000073,real-age36-D-2-local-native-skv-raw,D,real-age36|D|local,same native policy,native-rsi256,374.636425999995,real-age36-D-2-local-native-rsi256,real-age36,-91.81916199992202,-24.508871969626156,True,win,local,2,1.3246589713133576
native-skv-raw,314.18776199996046,real-age36-D-0-local-native-skv-raw,D,real-age36|D|local,cross-policy latency,natural-ee,320.6865989999983,real-age36-D-0-local-natural-ee,real-age36,-6.498837000037838,-2.0265383774386803,True,win,local,0,1.0206845644103688
native-skv-raw,279.42259799999647,real-age36-D-1-local-native-skv-raw,D,real-age36|D|local,cross-policy latency,natural-ee,347.13990900002045,real-age36-D-1-local-natural-ee,real-age36,-67.71731100002398,-19.50720998778046,True,win,local,1,1.242347295761758
native-skv-raw,282.817264000073,real-age36-D-2-local-native-skv-raw,D,real-age36|D|local,cross-policy latency,natural-ee,345.20753300000706,real-age36-D-2-local-natural-ee,real-age36,-62.39026899993405,-18.073264061689166,True,win,local,2,1.220602759950036
native-skv-summary,35.85067099999151,worldpop1-A-0-http0-native-skv-summary,A,worldpop1|A|http0,same native policy,native-tiff,764.2267329999868,worldpop1-A-0-http0-native-tiff,worldpop1,-728.3760619999953,-95.30889597917374,True,win,http0,0,21.316943635452954
native-skv-summary,35.00026800008982,worldpop1-A-1-http0-native-skv-summary,A,worldpop1|A|http0,same native policy,native-tiff,777.0545760000118,worldpop1-A-1-http0-native-tiff,worldpop1,-742.054307999922,-95.49577737766397,True,win,http0,1,22.201389315019465
native-skv-summary,33.91735599996082,worldpop1-A-2-http0-native-skv-summary,A,worldpop1|A|http0,same native policy,native-tiff,774.4480009999961,worldpop1-A-2-http0-native-tiff,worldpop1,-740.5306450000353,-95.62044760188347,True,win,http0,2,22.8333836222638
native-skv-summary,35.85067099999151,worldpop1-A-0-http0-native-skv-summary,A,worldpop1|A|http0,same native policy,native-cog,100.90970500004914,worldpop1-A-0-http0-native-cog,worldpop1,-65.05903400005764,-64.47252422353822,True,win,http0,0,2.8147229099302784
native-skv-summary,35.00026800008982,worldpop1-A-1-http0-native-skv-summary,A,worldpop1|A|http0,same native policy,native-cog,101.26717399998597,worldpop1-A-1-http0-native-cog,worldpop1,-66.26690599989615,-65.43769652336238,True,win,http0,1,2.893325673955585
native-skv-summary,33.91735599996082,worldpop1-A-2-http0-native-skv-summary,A,worldpop1|A|http0,same native policy,native-cog,105.2736969999728,worldpop1-A-2-http0-native-cog,worldpop1,-71.35634100001198,-67.78173754079371,True,win,http0,2,3.1038297030020385
native-skv-summary,35.85067099999151,worldpop1-A-0-http0-native-skv-summary,A,worldpop1|A|http0,same native policy,native-rsi64,59.68978600003538,worldpop1-A-0-http0-native-rsi64,worldpop1,-23.839115000043876,-39.93834891622788,True,win,http0,0,1.6649558944112797
native-skv-summary,35.00026800008982,worldpop1-A-1-http0-native-skv-summary,A,worldpop1|A|http0,same native policy,native-rsi64,57.67972500001406,worldpop1-A-1-http0-native-rsi64,worldpop1,-22.67945699992424,-39.31963441212438,True,win,http0,1,1.6479795240386743
native-skv-summary,33.91735599996082,worldpop1-A-2-http0-native-skv-summary,A,worldpop1|A|http0,same native policy,native-rsi64,60.40277900001456,worldpop1-A-2-http0-native-rsi64,worldpop1,-26.485423000053743,-43.84802063502303,True,win,http0,2,1.780881121750302
native-skv-summary,35.85067099999151,worldpop1-A-0-http0-native-skv-summary,A,worldpop1|A|http0,same native policy,native-rsi256,70.06788599994707,worldpop1-A-0-http0-native-rsi256,worldpop1,-34.21721499995556,-48.83437613628219,True,win,http0,0,1.9544372265713985
native-skv-summary,35.00026800008982,worldpop1-A-1-http0-native-skv-summary,A,worldpop1|A|http0,same native policy,native-rsi256,69.74310400005379,worldpop1-A-1-http0-native-rsi256,worldpop1,-34.74283599996397,-49.815442685110746,True,win,http0,1,1.9926448563158092
native-skv-summary,33.91735599996082,worldpop1-A-2-http0-native-skv-summary,A,worldpop1|A|http0,same native policy,native-rsi256,72.35203600009754,worldpop1-A-2-http0-native-rsi256,worldpop1,-38.43468000013672,-53.1217670226791,True,win,http0,2,2.133186207090586
native-skv-summary,35.85067099999151,worldpop1-A-0-http0-native-skv-summary,A,worldpop1|A|http0,cross-policy latency,natural-ee,51.467722000040794,worldpop1-A-0-http0-natural-ee,worldpop1,-15.617051000049287,-30.3433888137441,True,win,http0,0,1.4356139108261876
native-skv-summary,35.00026800008982,worldpop1-A-1-http0-native-skv-summary,A,worldpop1|A|http0,cross-policy latency,natural-ee,52.91023699999187,worldpop1-A-1-http0-natural-ee,worldpop1,-17.90996899990205,-33.849723636476625,True,win,http0,1,1.511709481763285
native-skv-summary,33.91735599996082,worldpop1-A-2-http0-native-skv-summary,A,worldpop1|A|http0,cross-policy latency,natural-ee,53.27178700008517,worldpop1-A-2-http0-natural-ee,worldpop1,-19.35443100012435,-36.33148443113689,True,win,http0,2,1.5706350164837939
native-skv-raw,75.26517100001229,worldpop1-A-0-http0-native-skv-raw,A,worldpop1|A|http0,same native policy,native-tiff,764.2267329999868,worldpop1-A-0-http0-native-tiff,worldpop1,-688.9615619999745,-90.15146058754613,True,win,http0,0,10.153789898382906
native-skv-raw,73.97673799999893,worldpop1-A-1-http0-native-skv-raw,A,worldpop1|A|http0,same native policy,native-tiff,777.0545760000118,worldpop1-A-1-http0-native-tiff,worldpop1,-703.0778380000129,-90.47985298782955,True,win,http0,1,10.50403947251666
native-skv-raw,77.99113199996555,worldpop1-A-2-http0-native-skv-raw,A,worldpop1|A|http0,same native policy,native-tiff,774.4480009999961,worldpop1-A-2-http0-native-tiff,worldpop1,-696.4568690000306,-89.9294553153652,True,win,http0,2,9.929949484517525
native-skv-raw,75.26517100001229,worldpop1-A-0-http0-native-skv-raw,A,worldpop1|A|http0,same native policy,native-cog,100.90970500004914,worldpop1-A-0-http0-native-cog,worldpop1,-25.644534000036856,-25.41334750708504,True,win,http0,0,1.3407224571380123
native-skv-raw,73.97673799999893,worldpop1-A-1-http0-native-skv-raw,A,worldpop1|A|http0,same native policy,native-cog,101.26717399998597,worldpop1-A-1-http0-native-cog,worldpop1,-27.29043599998704,-26.948945963467708,True,win,http0,1,1.3689056416624836
native-skv-raw,77.99113199996555,worldpop1-A-2-http0-native-skv-raw,A,worldpop1|A|http0,same native policy,native-cog,105.2736969999728,worldpop1-A-2-http0-native-cog,worldpop1,-27.282565000007253,-25.915842017037082,True,win,http0,2,1.3498162457754723
native-skv-raw,75.26517100001229,worldpop1-A-0-http0-native-skv-raw,A,worldpop1|A|http0,same native policy,native-rsi64,59.68978600003538,worldpop1-A-0-http0-native-rsi64,worldpop1,15.575384999976905,26.093886481629646,True,loss,http0,0,0.7930598603174055
native-skv-raw,73.97673799999893,worldpop1-A-1-http0-native-skv-raw,A,worldpop1|A|http0,same native policy,native-rsi64,57.67972500001406,worldpop1-A-1-http0-native-rsi64,worldpop1,16.297012999984872,28.254318133418455,True,loss,http0,1,0.7797008432571721
native-skv-raw,77.99113199996555,worldpop1-A-2-http0-native-skv-raw,A,worldpop1|A|http0,same native policy,native-rsi64,60.40277900001456,worldpop1-A-2-http0-native-rsi64,worldpop1,17.588352999950985,29.118449997055173,True,loss,http0,2,0.7744826552849784
native-skv-raw,75.26517100001229,worldpop1-A-0-http0-native-skv-raw,A,worldpop1|A|http0,same native policy,native-rsi256,70.06788599994707,worldpop1-A-0-http0-native-rsi256,worldpop1,5.1972850000652215,7.4174993663561395,True,loss,http0,0,0.9309470113332451
native-skv-raw,73.97673799999893,worldpop1-A-1-http0-native-skv-raw,A,worldpop1|A|http0,same native policy,native-rsi256,69.74310400005379,worldpop1-A-1-http0-native-rsi256,worldpop1,4.233633999945141,6.07032632207174,True,loss,http0,1,0.9427707396351377
native-skv-raw,77.99113199996555,worldpop1-A-2-http0-native-skv-raw,A,worldpop1|A|http0,same native policy,native-rsi256,72.35203600009754,worldpop1-A-2-http0-native-rsi256,worldpop1,5.639095999868005,7.79397002713289,True,loss,http0,2,0.9276956769922189
native-skv-raw,75.26517100001229,worldpop1-A-0-http0-native-skv-raw,A,worldpop1|A|http0,cross-policy latency,natural-ee,51.467722000040794,worldpop1-A-0-http0-natural-ee,worldpop1,23.797448999971493,46.23761859899809,True,loss,http0,0,0.6838185752614897
native-skv-raw,73.97673799999893,worldpop1-A-1-http0-native-skv-raw,A,worldpop1|A|http0,cross-policy latency,natural-ee,52.91023699999187,worldpop1-A-1-http0-natural-ee,worldpop1,21.066501000007065,39.81554835978207,True,loss,http0,1,0.715228035602119
native-skv-raw,77.99113199996555,worldpop1-A-2-http0-native-skv-raw,A,worldpop1|A|http0,cross-policy latency,natural-ee,53.27178700008517,worldpop1-A-2-http0-natural-ee,worldpop1,24.719344999880377,46.40231986180763,True,loss,http0,2,0.6830492856560757
native-skv-summary,11.68345399997861,worldpop1-A-0-local-native-skv-summary,A,worldpop1|A|local,same native policy,native-tiff,728.6214009999981,worldpop1-A-0-local-native-tiff,worldpop1,-716.9379470000194,-98.39649865019837,True,win,local,0,62.36352717281482
native-skv-summary,11.164905999976327,worldpop1-A-1-local-native-skv-summary,A,worldpop1|A|local,same native policy,native-tiff,737.2491610000225,worldpop1-A-1-local-native-tiff,worldpop1,-726.0842550000461,-98.48559936170942,True,win,local,1,66.03272441358536
native-skv-summary,11.515873999996984,worldpop1-A-2-local-native-skv-summary,A,worldpop1|A|local,same native policy,native-tiff,723.3878419999655,worldpop1-A-2-local-native-tiff,worldpop1,-711.8719679999685,-98.40806365114476,True,win,local,2,62.81658187647373
native-skv-summary,11.68345399997861,worldpop1-A-0-local-native-skv-summary,A,worldpop1|A|local,same native policy,native-cog,56.003798999995524,worldpop1-A-0-local-native-cog,worldpop1,-44.320345000016914,-79.13810454183734,True,win,local,0,4.793428296126989
native-skv-summary,11.164905999976327,worldpop1-A-1-local-native-skv-summary,A,worldpop1|A|local,same native policy,native-cog,57.435668000039186,worldpop1-A-1-local-native-cog,worldpop1,-46.27076200006286,-80.56102350900018,True,win,local,1,5.144303767551735
native-skv-summary,11.515873999996984,worldpop1-A-2-local-native-skv-summary,A,worldpop1|A|local,same native policy,native-cog,56.78985200000852,worldpop1-A-2-local-native-cog,worldpop1,-45.27397800001154,-79.721951027456,True,win,local,2,4.9314408962813765
native-skv-summary,11.68345399997861,worldpop1-A-0-local-native-skv-summary,A,worldpop1|A|local,same native policy,native-rsi64,25.909528999932263,worldpop1-A-0-local-native-rsi64,worldpop1,-14.226074999953653,-54.90672948933516,True,win,local,0,2.217625797985741
native-skv-summary,11.164905999976327,worldpop1-A-1-local-native-skv-summary,A,worldpop1|A|local,same native policy,native-rsi64,25.04543999998532,worldpop1-A-1-local-native-rsi64,worldpop1,-13.880534000008993,-55.42140205968483,True,win,local,1,2.243228917470369
native-skv-summary,11.515873999996984,worldpop1-A-2-local-native-skv-summary,A,worldpop1|A|local,same native policy,native-rsi64,24.720627000021977,worldpop1-A-2-local-native-rsi64,worldpop1,-13.204753000024994,-53.415930752942685,True,win,local,2,2.146656606352974
native-skv-summary,11.68345399997861,worldpop1-A-0-local-native-skv-summary,A,worldpop1|A|local,same native policy,native-rsi256,40.933842999947956,worldpop1-A-0-local-native-rsi256,worldpop1,-29.250388999969346,-71.45771531885373,True,win,local,0,3.503573771936184
native-skv-summary,11.164905999976327,worldpop1-A-1-local-native-skv-summary,A,worldpop1|A|local,same native policy,native-rsi256,40.333551000003354,worldpop1-A-1-local-native-rsi256,worldpop1,-29.168645000027027,-72.31856426433815,True,win,local,1,3.6125293844918063
native-skv-summary,11.515873999996984,worldpop1-A-2-local-native-skv-summary,A,worldpop1|A|local,same native policy,native-rsi256,40.53239899997152,worldpop1-A-2-local-native-rsi256,worldpop1,-29.016524999974536,-71.58847173096002,True,win,local,2,3.5196980272606435
native-skv-summary,11.68345399997861,worldpop1-A-0-local-native-skv-summary,A,worldpop1|A|local,cross-policy latency,natural-ee,40.03326399998741,worldpop1-A-0-local-natural-ee,worldpop1,-28.3498100000088,-70.81563471821262,True,win,local,0,3.4264922000001627
native-skv-summary,11.164905999976327,worldpop1-A-1-local-native-skv-summary,A,worldpop1|A|local,cross-policy latency,natural-ee,39.1436510000176,worldpop1-A-1-local-natural-ee,worldpop1,-27.978745000041272,-71.47709599196226,True,win,local,1,3.5059543716803883
native-skv-summary,11.515873999996984,worldpop1-A-2-local-native-skv-summary,A,worldpop1|A|local,cross-policy latency,natural-ee,40.94041500002277,worldpop1-A-2-local-natural-ee,worldpop1,-29.424541000025783,-71.87162367555243,True,win,local,2,3.5551287726865968
native-skv-raw,27.48741099998142,worldpop1-A-0-local-native-skv-raw,A,worldpop1|A|local,same native policy,native-tiff,728.6214009999981,worldpop1-A-0-local-native-tiff,worldpop1,-701.1339900000166,-96.22747685392493,True,win,local,0,26.507458305203446
native-skv-raw,30.911702000025798,worldpop1-A-1-local-native-skv-raw,A,worldpop1|A|local,same native policy,native-tiff,737.2491610000225,worldpop1-A-1-local-native-tiff,worldpop1,-706.3374589999967,-95.80715670695422,True,win,local,1,23.850163960541778
native-skv-raw,29.003049000039027,worldpop1-A-2-local-native-skv-raw,A,worldpop1|A|local,same native policy,native-tiff,723.3878419999655,worldpop1-A-2-local-native-tiff,worldpop1,-694.3847929999265,-95.99066402334691,True,win,local,2,24.9417860170147
native-skv-raw,27.48741099998142,worldpop1-A-0-local-native-skv-raw,A,worldpop1|A|local,same native policy,native-cog,56.003798999995524,worldpop1-A-0-local-native-cog,worldpop1,-28.516388000014103,-50.91866714259221,True,win,local,0,2.0374344822811206
native-skv-raw,30.911702000025798,worldpop1-A-1-local-native-skv-raw,A,worldpop1|A|local,same native policy,native-cog,57.435668000039186,worldpop1-A-1-local-native-cog,worldpop1,-26.523966000013388,-46.18030384881271,True,win,local,1,1.8580558262366547
native-skv-raw,29.003049000039027,worldpop1-A-2-local-native-skv-raw,A,worldpop1|A|local,same native policy,native-cog,56.78985200000852,worldpop1-A-2-local-native-cog,worldpop1,-27.786802999969495,-48.92916959876092,True,win,local,2,1.958064891726801
native-skv-raw,27.48741099998142,worldpop1-A-0-local-native-skv-raw,A,worldpop1|A|local,same native policy,native-rsi64,25.909528999932263,worldpop1-A-0-local-native-rsi64,worldpop1,1.5778820000491578,6.089967903520299,True,loss,local,0,0.9425961943069057
native-skv-raw,30.911702000025798,worldpop1-A-1-local-native-skv-raw,A,worldpop1|A|local,same native policy,native-rsi64,25.04543999998532,worldpop1-A-1-local-native-rsi64,worldpop1,5.866262000040479,23.422475309053926,True,loss,local,1,0.8102252020922179
native-skv-raw,29.003049000039027,worldpop1-A-2-local-native-skv-raw,A,worldpop1|A|local,same native policy,native-rsi64,24.720627000021977,worldpop1-A-2-local-native-rsi64,worldpop1,4.28242200001705,17.323274203414197,True,loss,local,2,0.8523457999187848
native-skv-raw,27.48741099998142,worldpop1-A-0-local-native-skv-raw,A,worldpop1|A|local,same native policy,native-rsi256,40.933842999947956,worldpop1-A-0-local-native-rsi256,worldpop1,-13.446431999966535,-32.84918056675898,True,win,local,0,1.4891851036816681
native-skv-raw,30.911702000025798,worldpop1-A-1-local-native-skv-raw,A,worldpop1|A|local,same native policy,native-rsi256,40.333551000003354,worldpop1-A-1-local-native-rsi256,worldpop1,-9.421848999977556,-23.359830132429384,True,win,local,1,1.3047987781445904
native-skv-raw,29.003049000039027,worldpop1-A-2-local-native-skv-raw,A,worldpop1|A|local,same native policy,native-rsi256,40.53239899997152,worldpop1-A-2-local-native-rsi256,worldpop1,-11.529349999932492,-28.44477574579436,True,win,local,2,1.3975219984601266
native-skv-raw,27.48741099998142,worldpop1-A-0-local-native-skv-raw,A,worldpop1|A|local,cross-policy latency,natural-ee,40.03326399998741,worldpop1-A-0-local-natural-ee,worldpop1,-12.545853000005991,-31.33857134409509,True,win,local,0,1.4564217779555328
native-skv-raw,30.911702000025798,worldpop1-A-1-local-native-skv-raw,A,worldpop1|A|local,cross-policy latency,natural-ee,39.1436510000176,worldpop1-A-1-local-natural-ee,worldpop1,-8.2319489999918,-21.03010013038411,True,win,local,1,1.2663052652353122
native-skv-raw,29.003049000039027,worldpop1-A-2-local-native-skv-raw,A,worldpop1|A|local,cross-policy latency,natural-ee,40.94041500002277,worldpop1-A-2-local-natural-ee,worldpop1,-11.93736599998374,-29.157901794539942,True,win,local,2,1.4115900366188285
native-skv-summary,64.66697600001226,worldpop1-B-0-http0-native-skv-summary,B,worldpop1|B|http0,same native policy,native-tiff,1255.8908080000037,worldpop1-B-0-http0-native-tiff,worldpop1,-1191.2238319999915,-94.8509077709555,True,win,http0,0,19.420898976314675
native-skv-summary,66.66281799994067,worldpop1-B-1-http0-native-skv-summary,B,worldpop1|B|http0,same native policy,native-tiff,1266.3551480000024,worldpop1-B-1-http0-native-tiff,worldpop1,-1199.6923300000617,-94.73585130480787,True,win,http0,1,18.99642388356774
native-skv-summary,68.74624099998528,worldpop1-B-2-http0-native-skv-summary,B,worldpop1|B|http0,same native policy,native-tiff,1257.9838749999794,worldpop1-B-2-http0-native-tiff,worldpop1,-1189.2376339999942,-94.53520491270316,True,win,http0,2,18.298947792654566
native-skv-summary,64.66697600001226,worldpop1-B-0-http0-native-skv-summary,B,worldpop1|B|http0,same native policy,native-cog,124.52233499993781,worldpop1-B-0-http0-native-cog,worldpop1,-59.855358999925556,-48.0679702962167,True,win,http0,0,1.9255939074669923
native-skv-summary,66.66281799994067,worldpop1-B-1-http0-native-skv-summary,B,worldpop1|B|http0,same native policy,native-cog,125.0574929999857,worldpop1-B-1-http0-native-cog,worldpop1,-58.39467500004503,-46.694263253823344,True,win,http0,1,1.875970694789665
native-skv-summary,68.74624099998528,worldpop1-B-2-http0-native-skv-summary,B,worldpop1|B|http0,same native policy,native-cog,127.77365900001314,worldpop1-B-2-http0-native-cog,worldpop1,-59.027418000027865,-46.19685971427162,True,win,http0,2,1.8586275720884944
native-skv-summary,64.66697600001226,worldpop1-B-0-http0-native-skv-summary,B,worldpop1|B|http0,same native policy,native-rsi64,218.4102150000058,worldpop1-B-0-http0-native-rsi64,worldpop1,-153.74323899999354,-70.39196358100259,True,win,http0,0,3.3774613954418466
native-skv-summary,66.66281799994067,worldpop1-B-1-http0-native-skv-summary,B,worldpop1|B|http0,same native policy,native-rsi64,221.74043699999402,worldpop1-B-1-http0-native-rsi64,worldpop1,-155.07761900005335,-69.93655334054272,True,win,http0,1,3.326298582220022
native-skv-summary,68.74624099998528,worldpop1-B-2-http0-native-skv-summary,B,worldpop1|B|http0,same native policy,native-rsi64,224.94022400002223,worldpop1-B-2-http0-native-rsi64,worldpop1,-156.19398300003695,-69.4379956694724,True,win,http0,2,3.2720367067061953
native-skv-summary,64.66697600001226,worldpop1-B-0-http0-native-skv-summary,B,worldpop1|B|http0,same native policy,native-rsi256,110.73499000002585,worldpop1-B-0-http0-native-rsi256,worldpop1,-46.06801400001359,-41.602039247037304,True,win,http0,0,1.7123885613578846
native-skv-summary,66.66281799994067,worldpop1-B-1-http0-native-skv-summary,B,worldpop1|B|http0,same native policy,native-rsi256,115.27244599994901,worldpop1-B-1-http0-native-rsi256,worldpop1,-48.60962800000834,-42.169338542560155,True,win,http0,1,1.7291865159383393
native-skv-summary,68.74624099998528,worldpop1-B-2-http0-native-skv-summary,B,worldpop1|B|http0,same native policy,native-rsi256,117.85022999998773,worldpop1-B-2-http0-native-rsi256,worldpop1,-49.10398900000246,-41.66643459245481,True,win,http0,2,1.7142788941727443
native-skv-summary,64.66697600001226,worldpop1-B-0-http0-native-skv-summary,B,worldpop1|B|http0,cross-policy latency,natural-ee,192.88504400003603,worldpop1-B-0-http0-natural-ee,worldpop1,-128.21806800002378,-66.47382572595926,True,win,http0,0,2.982744144399136
native-skv-summary,66.66281799994067,worldpop1-B-1-http0-native-skv-summary,B,worldpop1|B|http0,cross-policy latency,natural-ee,205.41935299996794,worldpop1-B-1-http0-natural-ee,worldpop1,-138.75653500002727,-67.54793692688193,True,win,http0,1,3.081468188160764
native-skv-summary,68.74624099998528,worldpop1-B-2-http0-native-skv-summary,B,worldpop1|B|http0,cross-policy latency,natural-ee,201.81052700002056,worldpop1-B-2-http0-natural-ee,worldpop1,-133.06428600003528,-65.93525520104396,True,win,http0,2,2.9355863544606575
native-skv-raw,104.6516830000428,worldpop1-B-0-http0-native-skv-raw,B,worldpop1|B|http0,same native policy,native-tiff,1255.8908080000037,worldpop1-B-0-http0-native-tiff,worldpop1,-1151.239124999961,-91.66713520527315,True,win,http0,0,12.000674733529992
native-skv-raw,98.47970699996722,worldpop1-B-1-http0-native-skv-raw,B,worldpop1|B|http0,same native policy,native-tiff,1266.3551480000024,worldpop1-B-1-http0-native-tiff,worldpop1,-1167.8754410000352,-92.22337373875729,True,win,http0,1,12.85904666633933
native-skv-raw,106.93080799995869,worldpop1-B-2-http0-native-skv-raw,B,worldpop1|B|http0,same native policy,native-tiff,1257.9838749999794,worldpop1-B-2-http0-native-tiff,worldpop1,-1151.0530670000207,-91.49982681614576,True,win,http0,2,11.764466186400325
native-skv-raw,104.6516830000428,worldpop1-B-0-http0-native-skv-raw,B,worldpop1|B|http0,same native policy,native-cog,124.52233499993781,worldpop1-B-0-http0-native-cog,worldpop1,-19.870651999895017,-15.957500315027772,True,win,http0,0,1.1898741752666022
native-skv-raw,98.47970699996722,worldpop1-B-1-http0-native-skv-raw,B,worldpop1|B|http0,same native policy,native-cog,125.0574929999857,worldpop1-B-1-http0-native-cog,worldpop1,-26.577786000018477,-21.252453861378395,True,win,http0,1,1.269880839511711
native-skv-raw,106.93080799995869,worldpop1-B-2-http0-native-skv-raw,B,worldpop1|B|http0,same native policy,native-cog,127.77365900001314,worldpop1-B-2-http0-native-cog,worldpop1,-20.842851000054452,-16.312322244800328,True,win,http0,2,1.1949190452209293
native-skv-raw,104.6516830000428,worldpop1-B-0-http0-native-skv-raw,B,worldpop1|B|http0,same native policy,native-rsi64,218.4102150000058,worldpop1-B-0-http0-native-rsi64,worldpop1,-113.758531999963,-52.08480381742218,True,win,http0,0,2.087020568985178
native-skv-raw,98.47970699996722,worldpop1-B-1-http0-native-skv-raw,B,worldpop1|B|http0,same native policy,native-rsi64,221.74043699999402,worldpop1-B-1-http0-native-rsi64,worldpop1,-123.2607300000268,-55.587844809753896,True,win,http0,1,2.251635831939141
native-skv-raw,106.93080799995869,worldpop1-B-2-http0-native-skv-raw,B,worldpop1|B|http0,same native policy,native-rsi64,224.94022400002223,worldpop1-B-2-http0-native-rsi64,worldpop1,-118.00941600006354,-52.4625671218554,True,win,http0,2,2.103605389385154
native-skv-raw,104.6516830000428,worldpop1-B-0-http0-native-skv-raw,B,worldpop1|B|http0,same native policy,native-rsi256,110.73499000002585,worldpop1-B-0-http0-native-rsi256,worldpop1,-6.083306999983051,-5.493572537444247,True,win,http0,0,1.0581290890465713
native-skv-raw,98.47970699996722,worldpop1-B-1-http0-native-skv-raw,B,worldpop1|B|http0,same native policy,native-rsi256,115.27244599994901,worldpop1-B-1-http0-native-rsi256,worldpop1,-16.792738999981793,-14.567869063860428,True,win,http0,1,1.17051979043751
native-skv-raw,106.93080799995869,worldpop1-B-2-http0-native-skv-raw,B,worldpop1|B|http0,same native policy,native-rsi256,117.85022999998773,worldpop1-B-2-http0-native-rsi256,worldpop1,-10.919422000029044,-9.265507585373555,True,win,http0,2,1.1021167070956133
native-skv-raw,104.6516830000428,worldpop1-B-0-http0-native-skv-raw,B,worldpop1|B|http0,cross-policy latency,natural-ee,192.88504400003603,worldpop1-B-0-http0-natural-ee,worldpop1,-88.23336099999324,-45.74401372455645,True,win,http0,0,1.8431145918595229
native-skv-raw,98.47970699996722,worldpop1-B-1-http0-native-skv-raw,B,worldpop1|B|http0,cross-policy latency,natural-ee,205.41935299996794,worldpop1-B-1-http0-natural-ee,worldpop1,-106.93964600000072,-52.05918743207092,True,win,http0,1,2.0859054038415885
native-skv-raw,106.93080799995869,worldpop1-B-2-http0-native-skv-raw,B,worldpop1|B|http0,cross-policy latency,natural-ee,201.81052700002056,worldpop1-B-2-http0-natural-ee,worldpop1,-94.87971900006187,-47.014256595272755,True,win,http0,2,1.8873001221509382
native-skv-summary,23.684930000001714,worldpop1-B-0-local-native-skv-summary,B,worldpop1|B|local,same native policy,native-tiff,1195.9230229999775,worldpop1-B-0-local-native-tiff,worldpop1,-1172.2380929999758,-98.0195272150052,True,win,local,0,50.49299377282901
native-skv-summary,23.82451799996943,worldpop1-B-1-local-native-skv-summary,B,worldpop1|B|local,same native policy,native-tiff,1148.303339999984,worldpop1-B-1-local-native-tiff,worldpop1,-1124.4788220000146,-97.92524177453234,True,win,local,1,48.19838705662198
native-skv-summary,24.480631999949765,worldpop1-B-2-local-native-skv-summary,B,worldpop1|B|local,same native policy,native-tiff,1168.0444159999297,worldpop1-B-2-local-native-tiff,worldpop1,-1143.56378399998,-97.90413517974035,True,win,local,2,47.7130008736019
native-skv-summary,23.684930000001714,worldpop1-B-0-local-native-skv-summary,B,worldpop1|B|local,same native policy,native-cog,57.53438400000732,worldpop1-B-0-local-native-cog,worldpop1,-33.84945400000561,-58.833434281665895,True,win,local,0,2.4291557543131077
native-skv-summary,23.82451799996943,worldpop1-B-1-local-native-skv-summary,B,worldpop1|B|local,same native policy,native-cog,56.05422299998963,worldpop1-B-1-local-native-cog,worldpop1,-32.2297050000202,-57.497371785933346,True,win,local,1,2.3527956788070825
native-skv-summary,24.480631999949765,worldpop1-B-2-local-native-skv-summary,B,worldpop1|B|local,same native policy,native-cog,55.95043599998917,worldpop1-B-2-local-native-cog,worldpop1,-31.469804000039403,-56.24586017532642,True,win,local,2,2.2854980214605565
native-skv-summary,23.684930000001714,worldpop1-B-0-local-native-skv-summary,B,worldpop1|B|local,same native policy,native-rsi64,51.34488999999576,worldpop1-B-0-local-native-rsi64,worldpop1,-27.659959999994044,-53.87091100983239,True,win,local,0,2.1678295017123563
native-skv-summary,23.82451799996943,worldpop1-B-1-local-native-skv-summary,B,worldpop1|B|local,same native policy,native-rsi64,50.56550500000867,worldpop1-B-1-local-native-rsi64,worldpop1,-26.74098700003924,-52.88385234169945,True,win,local,1,2.122414606670051
native-skv-summary,24.480631999949765,worldpop1-B-2-local-native-skv-summary,B,worldpop1|B|local,same native policy,native-rsi64,50.96504699997695,worldpop1-B-2-local-native-rsi64,worldpop1,-26.484415000027184,-51.96584043185355,True,win,local,2,2.0818517675557366
native-skv-summary,23.684930000001714,worldpop1-B-0-local-native-skv-summary,B,worldpop1|B|local,same native policy,native-rsi256,58.4251589999667,worldpop1-B-0-local-native-rsi256,worldpop1,-34.740228999964984,-59.461077375903734,True,win,local,0,2.466765111822685
native-skv-summary,23.82451799996943,worldpop1-B-1-local-native-skv-summary,B,worldpop1|B|local,same native policy,native-rsi256,58.215811000081885,worldpop1-B-1-local-native-rsi256,worldpop1,-34.391293000112455,-59.0755198790653,True,win,local,1,2.443525237327218
native-skv-summary,24.480631999949765,worldpop1-B-2-local-native-skv-summary,B,worldpop1|B|local,same native policy,native-rsi256,55.650942999989184,worldpop1-B-2-local-native-rsi256,worldpop1,-31.17031100003942,-56.01039141429369,True,win,local,2,2.273264146125941
native-skv-summary,23.684930000001714,worldpop1-B-0-local-native-skv-summary,B,worldpop1|B|local,cross-policy latency,natural-ee,197.38867399996707,worldpop1-B-0-local-natural-ee,worldpop1,-173.70374399996535,-88.0008667569216,True,win,local,0,8.33393529134149
native-skv-summary,23.82451799996943,worldpop1-B-1-local-native-skv-summary,B,worldpop1|B|local,cross-policy latency,natural-ee,192.49294500002634,worldpop1-B-1-local-natural-ee,worldpop1,-168.6684270000569,-87.62317341034698,True,win,local,1,8.07961550367035
native-skv-summary,24.480631999949765,worldpop1-B-2-local-native-skv-summary,B,worldpop1|B|local,cross-policy latency,natural-ee,185.95738999999867,worldpop1-B-2-local-natural-ee,worldpop1,-161.4767580000489,-86.83535405613623,True,win,local,2,7.596102502597983
native-skv-raw,37.578629999984514,worldpop1-B-0-local-native-skv-raw,B,worldpop1|B|local,same native policy,native-tiff,1195.9230229999775,worldpop1-B-0-local-native-tiff,worldpop1,-1158.344392999993,-96.85777184005386,True,win,local,0,31.82455089502918
native-skv-raw,43.53138299995862,worldpop1-B-1-local-native-skv-raw,B,worldpop1|B|local,same native policy,native-tiff,1148.303339999984,worldpop1-B-1-local-native-tiff,worldpop1,-1104.7719570000254,-96.20906937360652,True,win,local,1,26.378747029495376
native-skv-raw,38.0079219999061,worldpop1-B-2-local-native-skv-raw,B,worldpop1|B|local,same native policy,native-tiff,1168.0444159999297,worldpop1-B-2-local-native-tiff,worldpop1,-1130.0364940000236,-96.74602082940753,True,win,local,2,30.731604216689757
native-skv-raw,37.578629999984514,worldpop1-B-0-local-native-skv-raw,B,worldpop1|B|local,same native policy,native-cog,57.53438400000732,worldpop1-B-0-local-native-cog,worldpop1,-19.955754000022807,-34.68491815263073,True,win,local,0,1.531039955422298
native-skv-raw,43.53138299995862,worldpop1-B-1-local-native-skv-raw,B,worldpop1|B|local,same native policy,native-cog,56.05422299998963,worldpop1-B-1-local-native-cog,worldpop1,-12.52284000003101,-22.34058261771522,True,win,local,1,1.2876738375172438
native-skv-raw,38.0079219999061,worldpop1-B-2-local-native-skv-raw,B,worldpop1|B|local,same native policy,native-cog,55.95043599998917,worldpop1-B-2-local-native-cog,worldpop1,-17.942514000083065,-32.06858656130318,True,win,local,2,1.4720730062571532
native-skv-raw,37.578629999984514,worldpop1-B-0-local-native-skv-raw,B,worldpop1|B|local,same native policy,native-rsi64,51.34488999999576,worldpop1-B-0-local-native-rsi64,worldpop1,-13.766260000011243,-26.811353573865638,True,win,local,0,1.3663321414329612
native-skv-raw,43.53138299995862,worldpop1-B-1-local-native-skv-raw,B,worldpop1|B|local,same native policy,native-rsi64,50.56550500000867,worldpop1-B-1-local-native-rsi64,worldpop1,-7.034122000050047,-13.910910214480888,True,win,local,1,1.1615873770896903
native-skv-raw,38.0079219999061,worldpop1-B-2-local-native-skv-raw,B,worldpop1|B|local,same native policy,native-rsi64,50.96504699997695,worldpop1-B-2-local-native-rsi64,worldpop1,-12.957125000070846,-25.423551556965517,True,win,local,2,1.3409059037771878
native-skv-raw,37.578629999984514,worldpop1-B-0-local-native-skv-raw,B,worldpop1|B|local,same native policy,native-rsi256,58.4251589999667,worldpop1-B-0-local-native-rsi256,worldpop1,-20.846528999982183,-35.680739867552724,True,win,local,0,1.5547442522516328
native-skv-raw,43.53138299995862,worldpop1-B-1-local-native-skv-raw,B,worldpop1|B|local,same native policy,native-rsi256,58.215811000081885,worldpop1-B-1-local-native-rsi256,worldpop1,-14.684428000123262,-25.22412339167208,True,win,local,1,1.337329691550053
native-skv-raw,38.0079219999061,worldpop1-B-2-local-native-skv-raw,B,worldpop1|B|local,same native policy,native-rsi256,55.650942999989184,worldpop1-B-2-local-native-rsi256,worldpop1,-17.64302100008308,-31.703004565594707,True,win,local,2,1.4641932542412255
native-skv-raw,37.578629999984514,worldpop1-B-0-local-native-skv-raw,B,worldpop1|B|local,cross-policy latency,natural-ee,197.38867399996707,worldpop1-B-0-local-natural-ee,worldpop1,-159.81004399998255,-80.96211437136927,True,win,local,0,5.252684145218929
native-skv-raw,43.53138299995862,worldpop1-B-1-local-native-skv-raw,B,worldpop1|B|local,cross-policy latency,natural-ee,192.49294500002634,worldpop1-B-1-local-natural-ee,worldpop1,-148.96156200006772,-77.38546573748317,True,win,local,1,4.421934975054877
native-skv-raw,38.0079219999061,worldpop1-B-2-local-native-skv-raw,B,worldpop1|B|local,cross-policy latency,natural-ee,185.95738999999867,worldpop1-B-2-local-natural-ee,worldpop1,-147.94946800009257,-79.56095103297245,True,win,local,2,4.892595548908411
