case,cell,dataset,full_prepared_index_bytes,full_prepared_index_groups,full_serving_bytes,full_serving_plus_retained_original_bytes,historical_conversion_compression_ms,historical_conversion_inside_ms,historical_conversion_read_decode_ms,historical_conversion_summary_ms,historical_full_index_preparation_seconds,historical_source_preparation_seconds,historical_source_registration_seconds,lane,original_source_bytes,original_source_sha256,preparation_cpu_seconds,preparation_peak_rss_bytes,query_required_index_bytes,query_required_index_groups,query_required_index_paths,query_required_serving_bytes,regime,retained_original_additional_bytes,skv_bootstrap_bytes,skv_directory_bytes,skv_encoded_payload_bytes,source_bytes,source_descriptor_pointer,source_path,source_recipe,source_sha256,variant
A,analytical36|A|http0,analytical36,0,0,6142678,10607509,,,,,,0.5622636920015793,,native-cog,4464831,21f76b0e4fd511d16d660f5c74506f3f30751b3d757e8a48f1b4da640c1804a8,,,0,0,[],6142678,http0,4464831,,,,6142678,#/sources/analytical36/variants/cogband128,private-reference/de49cd9ae99d8145/analytical36-cogband128.tif,"{""block"":[128,128],""creation_options"":{""blocksize"":128,""compress"":""ZSTD"",""driver"":""COG"",""interleave"":""BAND"",""level"":6,""num_threads"":1,""overviews"":""NONE"",""predictor"":""FLOATING_POINT"",""statistics"":""NO""},""image_structure"":{""COMPRESSION"":""ZSTD"",""INTERLEAVE"":""BAND"",""LAYOUT"":""COG"",""PREDICTOR"":""3""}}",48a34c28caebbb06b5bef0489f7a03cc7e2abc9439086d82050050b32c89b676,cogband128
A,analytical36|A|http0,analytical36,152128,2,6294806,10759637,,,,,0.2377081430022372,0.5622636920015793,,native-rsi256,4464831,21f76b0e4fd511d16d660f5c74506f3f30751b3d757e8a48f1b4da640c1804a8,,,74944,1,"[""private-reference/9572e924749b1648/summary.rsi""]",6217622,http0,4464831,,,,6142678,#/sources/analytical36/variants/cogband128,private-reference/de49cd9ae99d8145/analytical36-cogband128.tif,"{""block"":[128,128],""creation_options"":{""blocksize"":128,""compress"":""ZSTD"",""driver"":""COG"",""interleave"":""BAND"",""level"":6,""num_threads"":1,""overviews"":""NONE"",""predictor"":""FLOATING_POINT"",""statistics"":""NO""},""image_structure"":{""COMPRESSION"":""ZSTD"",""INTERLEAVE"":""BAND"",""LAYOUT"":""COG"",""PREDICTOR"":""3""}}",48a34c28caebbb06b5bef0489f7a03cc7e2abc9439086d82050050b32c89b676,cogband128
A,analytical36|A|http0,analytical36,311552,2,6454230,10919061,,,,,0.5212161870003911,0.5622636920015793,,native-rsi64,4464831,21f76b0e4fd511d16d660f5c74506f3f30751b3d757e8a48f1b4da640c1804a8,,,146176,1,"[""private-reference/cb12fce7bcfaca0b/summary.rsi""]",6288854,http0,4464831,,,,6142678,#/sources/analytical36/variants/cogband128,private-reference/de49cd9ae99d8145/analytical36-cogband128.tif,"{""block"":[128,128],""creation_options"":{""blocksize"":128,""compress"":""ZSTD"",""driver"":""COG"",""interleave"":""BAND"",""level"":6,""num_threads"":1,""overviews"":""NONE"",""predictor"":""FLOATING_POINT"",""statistics"":""NO""},""image_structure"":{""COMPRESSION"":""ZSTD"",""INTERLEAVE"":""BAND"",""LAYOUT"":""COG"",""PREDICTOR"":""3""}}",48a34c28caebbb06b5bef0489f7a03cc7e2abc9439086d82050050b32c89b676,cogband128
A,analytical36|A|http0,analytical36,0,0,5770145,10234976,288.6587310000002,1057.172306,486.7170019999999,40.5056220000002,,1.1030888609966496,0.04372965700167697,native-skv-raw,4464831,21f76b0e4fd511d16d660f5c74506f3f30751b3d757e8a48f1b4da640c1804a8,,,0,0,[],5770145,http0,4464831,16384,181280,5572481,5770145,#/sources/analytical36/variants/skv,private-reference/c0a7055a2f95081b/analytical36-ordinary.skv,{},3d45f073b7ce684fb30f91786765730f25ec1cacfde39c287e59adfe98dddcac,skv
A,analytical36|A|http0,analytical36,0,0,5770145,10234976,288.6587310000002,1057.172306,486.7170019999999,40.5056220000002,,1.1030888609966496,0.04372965700167697,native-skv-summary,4464831,21f76b0e4fd511d16d660f5c74506f3f30751b3d757e8a48f1b4da640c1804a8,,,0,0,[],5770145,http0,4464831,16384,181280,5572481,5770145,#/sources/analytical36/variants/skv,private-reference/c0a7055a2f95081b/analytical36-ordinary.skv,{},3d45f073b7ce684fb30f91786765730f25ec1cacfde39c287e59adfe98dddcac,skv
A,analytical36|A|http0,analytical36,0,0,5078720,9543551,,,,,,0.4889723269880051,,native-tiff,4464831,21f76b0e4fd511d16d660f5c74506f3f30751b3d757e8a48f1b4da640c1804a8,,,0,0,[],5078720,http0,4464831,,,,5078720,#/sources/analytical36/variants/band256,private-reference/5c37ea4d078277fa/analytical36-band256.tif,"{""block"":[256,256],""creation_options"":[""NUM_THREADS=1"",""TILED=YES"",""BLOCKXSIZE=256"",""BLOCKYSIZE=256"",""COMPRESS=ZSTD"",""ZSTD_LEVEL=6"",""PREDICTOR=3"",""INTERLEAVE=BAND""],""driver"":""GTiff"",""image_structure"":{""COMPRESSION"":""ZSTD"",""INTERLEAVE"":""BAND"",""PREDICTOR"":""3""}}",013e52800be0215544733d58b9eae471a32a2e379fe10bcb7384e70a421a03c2,band256
A,analytical36|A|http0,analytical36,0,0,6142678,10607509,,,,,,0.5622636920015793,,natural-ee,4464831,21f76b0e4fd511d16d660f5c74506f3f30751b3d757e8a48f1b4da640c1804a8,,,0,0,[],6142678,http0,4464831,,,,6142678,#/sources/analytical36/variants/cogband128,private-reference/de49cd9ae99d8145/analytical36-cogband128.tif,"{""block"":[128,128],""creation_options"":{""blocksize"":128,""compress"":""ZSTD"",""driver"":""COG"",""interleave"":""BAND"",""level"":6,""num_threads"":1,""overviews"":""NONE"",""predictor"":""FLOATING_POINT"",""statistics"":""NO""},""image_structure"":{""COMPRESSION"":""ZSTD"",""INTERLEAVE"":""BAND"",""LAYOUT"":""COG"",""PREDICTOR"":""3""}}",48a34c28caebbb06b5bef0489f7a03cc7e2abc9439086d82050050b32c89b676,cogband128
A,analytical36|A|local,analytical36,0,0,6142678,10607509,,,,,,0.5622636920015793,,native-cog,4464831,21f76b0e4fd511d16d660f5c74506f3f30751b3d757e8a48f1b4da640c1804a8,,,0,0,[],6142678,local,4464831,,,,6142678,#/sources/analytical36/variants/cogband128,private-reference/de49cd9ae99d8145/analytical36-cogband128.tif,"{""block"":[128,128],""creation_options"":{""blocksize"":128,""compress"":""ZSTD"",""driver"":""COG"",""interleave"":""BAND"",""level"":6,""num_threads"":1,""overviews"":""NONE"",""predictor"":""FLOATING_POINT"",""statistics"":""NO""},""image_structure"":{""COMPRESSION"":""ZSTD"",""INTERLEAVE"":""BAND"",""LAYOUT"":""COG"",""PREDICTOR"":""3""}}",48a34c28caebbb06b5bef0489f7a03cc7e2abc9439086d82050050b32c89b676,cogband128
A,analytical36|A|local,analytical36,152128,2,6294806,10759637,,,,,0.2377081430022372,0.5622636920015793,,native-rsi256,4464831,21f76b0e4fd511d16d660f5c74506f3f30751b3d757e8a48f1b4da640c1804a8,,,74944,1,"[""private-reference/9572e924749b1648/summary.rsi""]",6217622,local,4464831,,,,6142678,#/sources/analytical36/variants/cogband128,private-reference/de49cd9ae99d8145/analytical36-cogband128.tif,"{""block"":[128,128],""creation_options"":{""blocksize"":128,""compress"":""ZSTD"",""driver"":""COG"",""interleave"":""BAND"",""level"":6,""num_threads"":1,""overviews"":""NONE"",""predictor"":""FLOATING_POINT"",""statistics"":""NO""},""image_structure"":{""COMPRESSION"":""ZSTD"",""INTERLEAVE"":""BAND"",""LAYOUT"":""COG"",""PREDICTOR"":""3""}}",48a34c28caebbb06b5bef0489f7a03cc7e2abc9439086d82050050b32c89b676,cogband128
A,analytical36|A|local,analytical36,311552,2,6454230,10919061,,,,,0.5212161870003911,0.5622636920015793,,native-rsi64,4464831,21f76b0e4fd511d16d660f5c74506f3f30751b3d757e8a48f1b4da640c1804a8,,,146176,1,"[""private-reference/cb12fce7bcfaca0b/summary.rsi""]",6288854,local,4464831,,,,6142678,#/sources/analytical36/variants/cogband128,private-reference/de49cd9ae99d8145/analytical36-cogband128.tif,"{""block"":[128,128],""creation_options"":{""blocksize"":128,""compress"":""ZSTD"",""driver"":""COG"",""interleave"":""BAND"",""level"":6,""num_threads"":1,""overviews"":""NONE"",""predictor"":""FLOATING_POINT"",""statistics"":""NO""},""image_structure"":{""COMPRESSION"":""ZSTD"",""INTERLEAVE"":""BAND"",""LAYOUT"":""COG"",""PREDICTOR"":""3""}}",48a34c28caebbb06b5bef0489f7a03cc7e2abc9439086d82050050b32c89b676,cogband128
A,analytical36|A|local,analytical36,0,0,5770145,10234976,288.6587310000002,1057.172306,486.7170019999999,40.5056220000002,,1.1030888609966496,0.04372965700167697,native-skv-raw,4464831,21f76b0e4fd511d16d660f5c74506f3f30751b3d757e8a48f1b4da640c1804a8,,,0,0,[],5770145,local,4464831,16384,181280,5572481,5770145,#/sources/analytical36/variants/skv,private-reference/c0a7055a2f95081b/analytical36-ordinary.skv,{},3d45f073b7ce684fb30f91786765730f25ec1cacfde39c287e59adfe98dddcac,skv
A,analytical36|A|local,analytical36,0,0,5770145,10234976,288.6587310000002,1057.172306,486.7170019999999,40.5056220000002,,1.1030888609966496,0.04372965700167697,native-skv-summary,4464831,21f76b0e4fd511d16d660f5c74506f3f30751b3d757e8a48f1b4da640c1804a8,,,0,0,[],5770145,local,4464831,16384,181280,5572481,5770145,#/sources/analytical36/variants/skv,private-reference/c0a7055a2f95081b/analytical36-ordinary.skv,{},3d45f073b7ce684fb30f91786765730f25ec1cacfde39c287e59adfe98dddcac,skv
A,analytical36|A|local,analytical36,0,0,5078720,9543551,,,,,,0.4889723269880051,,native-tiff,4464831,21f76b0e4fd511d16d660f5c74506f3f30751b3d757e8a48f1b4da640c1804a8,,,0,0,[],5078720,local,4464831,,,,5078720,#/sources/analytical36/variants/band256,private-reference/5c37ea4d078277fa/analytical36-band256.tif,"{""block"":[256,256],""creation_options"":[""NUM_THREADS=1"",""TILED=YES"",""BLOCKXSIZE=256"",""BLOCKYSIZE=256"",""COMPRESS=ZSTD"",""ZSTD_LEVEL=6"",""PREDICTOR=3"",""INTERLEAVE=BAND""],""driver"":""GTiff"",""image_structure"":{""COMPRESSION"":""ZSTD"",""INTERLEAVE"":""BAND"",""PREDICTOR"":""3""}}",013e52800be0215544733d58b9eae471a32a2e379fe10bcb7384e70a421a03c2,band256
A,analytical36|A|local,analytical36,0,0,6142678,10607509,,,,,,0.5622636920015793,,natural-ee,4464831,21f76b0e4fd511d16d660f5c74506f3f30751b3d757e8a48f1b4da640c1804a8,,,0,0,[],6142678,local,4464831,,,,6142678,#/sources/analytical36/variants/cogband128,private-reference/de49cd9ae99d8145/analytical36-cogband128.tif,"{""block"":[128,128],""creation_options"":{""blocksize"":128,""compress"":""ZSTD"",""driver"":""COG"",""interleave"":""BAND"",""level"":6,""num_threads"":1,""overviews"":""NONE"",""predictor"":""FLOATING_POINT"",""statistics"":""NO""},""image_structure"":{""COMPRESSION"":""ZSTD"",""INTERLEAVE"":""BAND"",""LAYOUT"":""COG"",""PREDICTOR"":""3""}}",48a34c28caebbb06b5bef0489f7a03cc7e2abc9439086d82050050b32c89b676,cogband128
B,analytical36|B|http0,analytical36,0,0,6142678,10607509,,,,,,0.5622636920015793,,native-cog,4464831,21f76b0e4fd511d16d660f5c74506f3f30751b3d757e8a48f1b4da640c1804a8,,,0,0,[],6142678,http0,4464831,,,,6142678,#/sources/analytical36/variants/cogband128,private-reference/de49cd9ae99d8145/analytical36-cogband128.tif,"{""block"":[128,128],""creation_options"":{""blocksize"":128,""compress"":""ZSTD"",""driver"":""COG"",""interleave"":""BAND"",""level"":6,""num_threads"":1,""overviews"":""NONE"",""predictor"":""FLOATING_POINT"",""statistics"":""NO""},""image_structure"":{""COMPRESSION"":""ZSTD"",""INTERLEAVE"":""BAND"",""LAYOUT"":""COG"",""PREDICTOR"":""3""}}",48a34c28caebbb06b5bef0489f7a03cc7e2abc9439086d82050050b32c89b676,cogband128
B,analytical36|B|http0,analytical36,152128,2,6294806,10759637,,,,,0.2377081430022372,0.5622636920015793,,native-rsi256,4464831,21f76b0e4fd511d16d660f5c74506f3f30751b3d757e8a48f1b4da640c1804a8,,,74944,1,"[""private-reference/9572e924749b1648/summary.rsi""]",6217622,http0,4464831,,,,6142678,#/sources/analytical36/variants/cogband128,private-reference/de49cd9ae99d8145/analytical36-cogband128.tif,"{""block"":[128,128],""creation_options"":{""blocksize"":128,""compress"":""ZSTD"",""driver"":""COG"",""interleave"":""BAND"",""level"":6,""num_threads"":1,""overviews"":""NONE"",""predictor"":""FLOATING_POINT"",""statistics"":""NO""},""image_structure"":{""COMPRESSION"":""ZSTD"",""INTERLEAVE"":""BAND"",""LAYOUT"":""COG"",""PREDICTOR"":""3""}}",48a34c28caebbb06b5bef0489f7a03cc7e2abc9439086d82050050b32c89b676,cogband128
B,analytical36|B|http0,analytical36,311552,2,6454230,10919061,,,,,0.5212161870003911,0.5622636920015793,,native-rsi64,4464831,21f76b0e4fd511d16d660f5c74506f3f30751b3d757e8a48f1b4da640c1804a8,,,146176,1,"[""private-reference/cb12fce7bcfaca0b/summary.rsi""]",6288854,http0,4464831,,,,6142678,#/sources/analytical36/variants/cogband128,private-reference/de49cd9ae99d8145/analytical36-cogband128.tif,"{""block"":[128,128],""creation_options"":{""blocksize"":128,""compress"":""ZSTD"",""driver"":""COG"",""interleave"":""BAND"",""level"":6,""num_threads"":1,""overviews"":""NONE"",""predictor"":""FLOATING_POINT"",""statistics"":""NO""},""image_structure"":{""COMPRESSION"":""ZSTD"",""INTERLEAVE"":""BAND"",""LAYOUT"":""COG"",""PREDICTOR"":""3""}}",48a34c28caebbb06b5bef0489f7a03cc7e2abc9439086d82050050b32c89b676,cogband128
B,analytical36|B|http0,analytical36,0,0,5770145,10234976,288.6587310000002,1057.172306,486.7170019999999,40.5056220000002,,1.1030888609966496,0.04372965700167697,native-skv-raw,4464831,21f76b0e4fd511d16d660f5c74506f3f30751b3d757e8a48f1b4da640c1804a8,,,0,0,[],5770145,http0,4464831,16384,181280,5572481,5770145,#/sources/analytical36/variants/skv,private-reference/c0a7055a2f95081b/analytical36-ordinary.skv,{},3d45f073b7ce684fb30f91786765730f25ec1cacfde39c287e59adfe98dddcac,skv
B,analytical36|B|http0,analytical36,0,0,5770145,10234976,288.6587310000002,1057.172306,486.7170019999999,40.5056220000002,,1.1030888609966496,0.04372965700167697,native-skv-summary,4464831,21f76b0e4fd511d16d660f5c74506f3f30751b3d757e8a48f1b4da640c1804a8,,,0,0,[],5770145,http0,4464831,16384,181280,5572481,5770145,#/sources/analytical36/variants/skv,private-reference/c0a7055a2f95081b/analytical36-ordinary.skv,{},3d45f073b7ce684fb30f91786765730f25ec1cacfde39c287e59adfe98dddcac,skv
B,analytical36|B|http0,analytical36,0,0,5078720,9543551,,,,,,0.4889723269880051,,native-tiff,4464831,21f76b0e4fd511d16d660f5c74506f3f30751b3d757e8a48f1b4da640c1804a8,,,0,0,[],5078720,http0,4464831,,,,5078720,#/sources/analytical36/variants/band256,private-reference/5c37ea4d078277fa/analytical36-band256.tif,"{""block"":[256,256],""creation_options"":[""NUM_THREADS=1"",""TILED=YES"",""BLOCKXSIZE=256"",""BLOCKYSIZE=256"",""COMPRESS=ZSTD"",""ZSTD_LEVEL=6"",""PREDICTOR=3"",""INTERLEAVE=BAND""],""driver"":""GTiff"",""image_structure"":{""COMPRESSION"":""ZSTD"",""INTERLEAVE"":""BAND"",""PREDICTOR"":""3""}}",013e52800be0215544733d58b9eae471a32a2e379fe10bcb7384e70a421a03c2,band256
B,analytical36|B|http0,analytical36,0,0,6142678,10607509,,,,,,0.5622636920015793,,natural-ee,4464831,21f76b0e4fd511d16d660f5c74506f3f30751b3d757e8a48f1b4da640c1804a8,,,0,0,[],6142678,http0,4464831,,,,6142678,#/sources/analytical36/variants/cogband128,private-reference/de49cd9ae99d8145/analytical36-cogband128.tif,"{""block"":[128,128],""creation_options"":{""blocksize"":128,""compress"":""ZSTD"",""driver"":""COG"",""interleave"":""BAND"",""level"":6,""num_threads"":1,""overviews"":""NONE"",""predictor"":""FLOATING_POINT"",""statistics"":""NO""},""image_structure"":{""COMPRESSION"":""ZSTD"",""INTERLEAVE"":""BAND"",""LAYOUT"":""COG"",""PREDICTOR"":""3""}}",48a34c28caebbb06b5bef0489f7a03cc7e2abc9439086d82050050b32c89b676,cogband128
B,analytical36|B|local,analytical36,0,0,6142678,10607509,,,,,,0.5622636920015793,,native-cog,4464831,21f76b0e4fd511d16d660f5c74506f3f30751b3d757e8a48f1b4da640c1804a8,,,0,0,[],6142678,local,4464831,,,,6142678,#/sources/analytical36/variants/cogband128,private-reference/de49cd9ae99d8145/analytical36-cogband128.tif,"{""block"":[128,128],""creation_options"":{""blocksize"":128,""compress"":""ZSTD"",""driver"":""COG"",""interleave"":""BAND"",""level"":6,""num_threads"":1,""overviews"":""NONE"",""predictor"":""FLOATING_POINT"",""statistics"":""NO""},""image_structure"":{""COMPRESSION"":""ZSTD"",""INTERLEAVE"":""BAND"",""LAYOUT"":""COG"",""PREDICTOR"":""3""}}",48a34c28caebbb06b5bef0489f7a03cc7e2abc9439086d82050050b32c89b676,cogband128
B,analytical36|B|local,analytical36,152128,2,6294806,10759637,,,,,0.2377081430022372,0.5622636920015793,,native-rsi256,4464831,21f76b0e4fd511d16d660f5c74506f3f30751b3d757e8a48f1b4da640c1804a8,,,74944,1,"[""private-reference/9572e924749b1648/summary.rsi""]",6217622,local,4464831,,,,6142678,#/sources/analytical36/variants/cogband128,private-reference/de49cd9ae99d8145/analytical36-cogband128.tif,"{""block"":[128,128],""creation_options"":{""blocksize"":128,""compress"":""ZSTD"",""driver"":""COG"",""interleave"":""BAND"",""level"":6,""num_threads"":1,""overviews"":""NONE"",""predictor"":""FLOATING_POINT"",""statistics"":""NO""},""image_structure"":{""COMPRESSION"":""ZSTD"",""INTERLEAVE"":""BAND"",""LAYOUT"":""COG"",""PREDICTOR"":""3""}}",48a34c28caebbb06b5bef0489f7a03cc7e2abc9439086d82050050b32c89b676,cogband128
B,analytical36|B|local,analytical36,311552,2,6454230,10919061,,,,,0.5212161870003911,0.5622636920015793,,native-rsi64,4464831,21f76b0e4fd511d16d660f5c74506f3f30751b3d757e8a48f1b4da640c1804a8,,,146176,1,"[""private-reference/cb12fce7bcfaca0b/summary.rsi""]",6288854,local,4464831,,,,6142678,#/sources/analytical36/variants/cogband128,private-reference/de49cd9ae99d8145/analytical36-cogband128.tif,"{""block"":[128,128],""creation_options"":{""blocksize"":128,""compress"":""ZSTD"",""driver"":""COG"",""interleave"":""BAND"",""level"":6,""num_threads"":1,""overviews"":""NONE"",""predictor"":""FLOATING_POINT"",""statistics"":""NO""},""image_structure"":{""COMPRESSION"":""ZSTD"",""INTERLEAVE"":""BAND"",""LAYOUT"":""COG"",""PREDICTOR"":""3""}}",48a34c28caebbb06b5bef0489f7a03cc7e2abc9439086d82050050b32c89b676,cogband128
B,analytical36|B|local,analytical36,0,0,5770145,10234976,288.6587310000002,1057.172306,486.7170019999999,40.5056220000002,,1.1030888609966496,0.04372965700167697,native-skv-raw,4464831,21f76b0e4fd511d16d660f5c74506f3f30751b3d757e8a48f1b4da640c1804a8,,,0,0,[],5770145,local,4464831,16384,181280,5572481,5770145,#/sources/analytical36/variants/skv,private-reference/c0a7055a2f95081b/analytical36-ordinary.skv,{},3d45f073b7ce684fb30f91786765730f25ec1cacfde39c287e59adfe98dddcac,skv
B,analytical36|B|local,analytical36,0,0,5770145,10234976,288.6587310000002,1057.172306,486.7170019999999,40.5056220000002,,1.1030888609966496,0.04372965700167697,native-skv-summary,4464831,21f76b0e4fd511d16d660f5c74506f3f30751b3d757e8a48f1b4da640c1804a8,,,0,0,[],5770145,local,4464831,16384,181280,5572481,5770145,#/sources/analytical36/variants/skv,private-reference/c0a7055a2f95081b/analytical36-ordinary.skv,{},3d45f073b7ce684fb30f91786765730f25ec1cacfde39c287e59adfe98dddcac,skv
B,analytical36|B|local,analytical36,0,0,5078720,9543551,,,,,,0.4889723269880051,,native-tiff,4464831,21f76b0e4fd511d16d660f5c74506f3f30751b3d757e8a48f1b4da640c1804a8,,,0,0,[],5078720,local,4464831,,,,5078720,#/sources/analytical36/variants/band256,private-reference/5c37ea4d078277fa/analytical36-band256.tif,"{""block"":[256,256],""creation_options"":[""NUM_THREADS=1"",""TILED=YES"",""BLOCKXSIZE=256"",""BLOCKYSIZE=256"",""COMPRESS=ZSTD"",""ZSTD_LEVEL=6"",""PREDICTOR=3"",""INTERLEAVE=BAND""],""driver"":""GTiff"",""image_structure"":{""COMPRESSION"":""ZSTD"",""INTERLEAVE"":""BAND"",""PREDICTOR"":""3""}}",013e52800be0215544733d58b9eae471a32a2e379fe10bcb7384e70a421a03c2,band256
B,analytical36|B|local,analytical36,0,0,6142678,10607509,,,,,,0.5622636920015793,,natural-ee,4464831,21f76b0e4fd511d16d660f5c74506f3f30751b3d757e8a48f1b4da640c1804a8,,,0,0,[],6142678,local,4464831,,,,6142678,#/sources/analytical36/variants/cogband128,private-reference/de49cd9ae99d8145/analytical36-cogband128.tif,"{""block"":[128,128],""creation_options"":{""blocksize"":128,""compress"":""ZSTD"",""driver"":""COG"",""interleave"":""BAND"",""level"":6,""num_threads"":1,""overviews"":""NONE"",""predictor"":""FLOATING_POINT"",""statistics"":""NO""},""image_structure"":{""COMPRESSION"":""ZSTD"",""INTERLEAVE"":""BAND"",""LAYOUT"":""COG"",""PREDICTOR"":""3""}}",48a34c28caebbb06b5bef0489f7a03cc7e2abc9439086d82050050b32c89b676,cogband128
C,analytical36|C|http0,analytical36,0,0,9387192,13852023,,,,,,0.6889588630001526,,native-cog,4464831,21f76b0e4fd511d16d660f5c74506f3f30751b3d757e8a48f1b4da640c1804a8,,,0,0,[],9387192,http0,4464831,,,,9387192,#/sources/analytical36/variants/cog128,private-reference/ddf5d650252d6914/analytical36-cog128.tif,"{""block"":[128,128],""creation_options"":[""NUM_THREADS=1"",""COMPRESS=ZSTD"",""LEVEL=6"",""PREDICTOR=FLOATING_POINT"",""BLOCKSIZE=128"",""OVERVIEWS=NONE"",""STATISTICS=NO""],""driver"":""COG"",""image_structure"":{""COMPRESSION"":""ZSTD"",""INTERLEAVE"":""PIXEL"",""LAYOUT"":""COG"",""PREDICTOR"":""3""}}",018abe16d821431507c5268d3c145bcc1da5c797647aea78c1dfb92f1656d39d,cog128
C,analytical36|C|http0,analytical36,152128,2,6294806,10759637,,,,,0.2377081430022372,0.5622636920015793,,native-rsi256,4464831,21f76b0e4fd511d16d660f5c74506f3f30751b3d757e8a48f1b4da640c1804a8,,,152128,2,"[""private-reference/0713e4ddc47ac778/summary.rsi"",""private-reference/9572e924749b1648/summary.rsi""]",6294806,http0,4464831,,,,6142678,#/sources/analytical36/variants/cogband128,private-reference/de49cd9ae99d8145/analytical36-cogband128.tif,"{""block"":[128,128],""creation_options"":{""blocksize"":128,""compress"":""ZSTD"",""driver"":""COG"",""interleave"":""BAND"",""level"":6,""num_threads"":1,""overviews"":""NONE"",""predictor"":""FLOATING_POINT"",""statistics"":""NO""},""image_structure"":{""COMPRESSION"":""ZSTD"",""INTERLEAVE"":""BAND"",""LAYOUT"":""COG"",""PREDICTOR"":""3""}}",48a34c28caebbb06b5bef0489f7a03cc7e2abc9439086d82050050b32c89b676,cogband128
C,analytical36|C|http0,analytical36,311552,2,6454230,10919061,,,,,0.5212161870003911,0.5622636920015793,,native-rsi64,4464831,21f76b0e4fd511d16d660f5c74506f3f30751b3d757e8a48f1b4da640c1804a8,,,311552,2,"[""private-reference/09d004421d3c947d/summary.rsi"",""private-reference/cb12fce7bcfaca0b/summary.rsi""]",6454230,http0,4464831,,,,6142678,#/sources/analytical36/variants/cogband128,private-reference/de49cd9ae99d8145/analytical36-cogband128.tif,"{""block"":[128,128],""creation_options"":{""blocksize"":128,""compress"":""ZSTD"",""driver"":""COG"",""interleave"":""BAND"",""level"":6,""num_threads"":1,""overviews"":""NONE"",""predictor"":""FLOATING_POINT"",""statistics"":""NO""},""image_structure"":{""COMPRESSION"":""ZSTD"",""INTERLEAVE"":""BAND"",""LAYOUT"":""COG"",""PREDICTOR"":""3""}}",48a34c28caebbb06b5bef0489f7a03cc7e2abc9439086d82050050b32c89b676,cogband128
C,analytical36|C|http0,analytical36,0,0,5770145,10234976,288.6587310000002,1057.172306,486.7170019999999,40.5056220000002,,1.1030888609966496,0.04372965700167697,native-skv-raw,4464831,21f76b0e4fd511d16d660f5c74506f3f30751b3d757e8a48f1b4da640c1804a8,,,0,0,[],5770145,http0,4464831,16384,181280,5572481,5770145,#/sources/analytical36/variants/skv,private-reference/c0a7055a2f95081b/analytical36-ordinary.skv,{},3d45f073b7ce684fb30f91786765730f25ec1cacfde39c287e59adfe98dddcac,skv
C,analytical36|C|http0,analytical36,0,0,5770145,10234976,288.6587310000002,1057.172306,486.7170019999999,40.5056220000002,,1.1030888609966496,0.04372965700167697,native-skv-summary,4464831,21f76b0e4fd511d16d660f5c74506f3f30751b3d757e8a48f1b4da640c1804a8,,,0,0,[],5770145,http0,4464831,16384,181280,5572481,5770145,#/sources/analytical36/variants/skv,private-reference/c0a7055a2f95081b/analytical36-ordinary.skv,{},3d45f073b7ce684fb30f91786765730f25ec1cacfde39c287e59adfe98dddcac,skv
C,analytical36|C|http0,analytical36,0,0,5078720,9543551,,,,,,0.4889723269880051,,native-tiff,4464831,21f76b0e4fd511d16d660f5c74506f3f30751b3d757e8a48f1b4da640c1804a8,,,0,0,[],5078720,http0,4464831,,,,5078720,#/sources/analytical36/variants/band256,private-reference/5c37ea4d078277fa/analytical36-band256.tif,"{""block"":[256,256],""creation_options"":[""NUM_THREADS=1"",""TILED=YES"",""BLOCKXSIZE=256"",""BLOCKYSIZE=256"",""COMPRESS=ZSTD"",""ZSTD_LEVEL=6"",""PREDICTOR=3"",""INTERLEAVE=BAND""],""driver"":""GTiff"",""image_structure"":{""COMPRESSION"":""ZSTD"",""INTERLEAVE"":""BAND"",""PREDICTOR"":""3""}}",013e52800be0215544733d58b9eae471a32a2e379fe10bcb7384e70a421a03c2,band256
C,analytical36|C|http0,analytical36,0,0,6142678,10607509,,,,,,0.5622636920015793,,natural-ee,4464831,21f76b0e4fd511d16d660f5c74506f3f30751b3d757e8a48f1b4da640c1804a8,,,0,0,[],6142678,http0,4464831,,,,6142678,#/sources/analytical36/variants/cogband128,private-reference/de49cd9ae99d8145/analytical36-cogband128.tif,"{""block"":[128,128],""creation_options"":{""blocksize"":128,""compress"":""ZSTD"",""driver"":""COG"",""interleave"":""BAND"",""level"":6,""num_threads"":1,""overviews"":""NONE"",""predictor"":""FLOATING_POINT"",""statistics"":""NO""},""image_structure"":{""COMPRESSION"":""ZSTD"",""INTERLEAVE"":""BAND"",""LAYOUT"":""COG"",""PREDICTOR"":""3""}}",48a34c28caebbb06b5bef0489f7a03cc7e2abc9439086d82050050b32c89b676,cogband128
C,analytical36|C|local,analytical36,0,0,6142678,10607509,,,,,,0.5622636920015793,,native-cog,4464831,21f76b0e4fd511d16d660f5c74506f3f30751b3d757e8a48f1b4da640c1804a8,,,0,0,[],6142678,local,4464831,,,,6142678,#/sources/analytical36/variants/cogband128,private-reference/de49cd9ae99d8145/analytical36-cogband128.tif,"{""block"":[128,128],""creation_options"":{""blocksize"":128,""compress"":""ZSTD"",""driver"":""COG"",""interleave"":""BAND"",""level"":6,""num_threads"":1,""overviews"":""NONE"",""predictor"":""FLOATING_POINT"",""statistics"":""NO""},""image_structure"":{""COMPRESSION"":""ZSTD"",""INTERLEAVE"":""BAND"",""LAYOUT"":""COG"",""PREDICTOR"":""3""}}",48a34c28caebbb06b5bef0489f7a03cc7e2abc9439086d82050050b32c89b676,cogband128
C,analytical36|C|local,analytical36,152128,2,6294806,10759637,,,,,0.2377081430022372,0.5622636920015793,,native-rsi256,4464831,21f76b0e4fd511d16d660f5c74506f3f30751b3d757e8a48f1b4da640c1804a8,,,152128,2,"[""private-reference/0713e4ddc47ac778/summary.rsi"",""private-reference/9572e924749b1648/summary.rsi""]",6294806,local,4464831,,,,6142678,#/sources/analytical36/variants/cogband128,private-reference/de49cd9ae99d8145/analytical36-cogband128.tif,"{""block"":[128,128],""creation_options"":{""blocksize"":128,""compress"":""ZSTD"",""driver"":""COG"",""interleave"":""BAND"",""level"":6,""num_threads"":1,""overviews"":""NONE"",""predictor"":""FLOATING_POINT"",""statistics"":""NO""},""image_structure"":{""COMPRESSION"":""ZSTD"",""INTERLEAVE"":""BAND"",""LAYOUT"":""COG"",""PREDICTOR"":""3""}}",48a34c28caebbb06b5bef0489f7a03cc7e2abc9439086d82050050b32c89b676,cogband128
C,analytical36|C|local,analytical36,311552,2,6454230,10919061,,,,,0.5212161870003911,0.5622636920015793,,native-rsi64,4464831,21f76b0e4fd511d16d660f5c74506f3f30751b3d757e8a48f1b4da640c1804a8,,,311552,2,"[""private-reference/09d004421d3c947d/summary.rsi"",""private-reference/cb12fce7bcfaca0b/summary.rsi""]",6454230,local,4464831,,,,6142678,#/sources/analytical36/variants/cogband128,private-reference/de49cd9ae99d8145/analytical36-cogband128.tif,"{""block"":[128,128],""creation_options"":{""blocksize"":128,""compress"":""ZSTD"",""driver"":""COG"",""interleave"":""BAND"",""level"":6,""num_threads"":1,""overviews"":""NONE"",""predictor"":""FLOATING_POINT"",""statistics"":""NO""},""image_structure"":{""COMPRESSION"":""ZSTD"",""INTERLEAVE"":""BAND"",""LAYOUT"":""COG"",""PREDICTOR"":""3""}}",48a34c28caebbb06b5bef0489f7a03cc7e2abc9439086d82050050b32c89b676,cogband128
C,analytical36|C|local,analytical36,0,0,5770145,10234976,288.6587310000002,1057.172306,486.7170019999999,40.5056220000002,,1.1030888609966496,0.04372965700167697,native-skv-raw,4464831,21f76b0e4fd511d16d660f5c74506f3f30751b3d757e8a48f1b4da640c1804a8,,,0,0,[],5770145,local,4464831,16384,181280,5572481,5770145,#/sources/analytical36/variants/skv,private-reference/c0a7055a2f95081b/analytical36-ordinary.skv,{},3d45f073b7ce684fb30f91786765730f25ec1cacfde39c287e59adfe98dddcac,skv
C,analytical36|C|local,analytical36,0,0,5770145,10234976,288.6587310000002,1057.172306,486.7170019999999,40.5056220000002,,1.1030888609966496,0.04372965700167697,native-skv-summary,4464831,21f76b0e4fd511d16d660f5c74506f3f30751b3d757e8a48f1b4da640c1804a8,,,0,0,[],5770145,local,4464831,16384,181280,5572481,5770145,#/sources/analytical36/variants/skv,private-reference/c0a7055a2f95081b/analytical36-ordinary.skv,{},3d45f073b7ce684fb30f91786765730f25ec1cacfde39c287e59adfe98dddcac,skv
C,analytical36|C|local,analytical36,0,0,5078720,9543551,,,,,,0.4889723269880051,,native-tiff,4464831,21f76b0e4fd511d16d660f5c74506f3f30751b3d757e8a48f1b4da640c1804a8,,,0,0,[],5078720,local,4464831,,,,5078720,#/sources/analytical36/variants/band256,private-reference/5c37ea4d078277fa/analytical36-band256.tif,"{""block"":[256,256],""creation_options"":[""NUM_THREADS=1"",""TILED=YES"",""BLOCKXSIZE=256"",""BLOCKYSIZE=256"",""COMPRESS=ZSTD"",""ZSTD_LEVEL=6"",""PREDICTOR=3"",""INTERLEAVE=BAND""],""driver"":""GTiff"",""image_structure"":{""COMPRESSION"":""ZSTD"",""INTERLEAVE"":""BAND"",""PREDICTOR"":""3""}}",013e52800be0215544733d58b9eae471a32a2e379fe10bcb7384e70a421a03c2,band256
C,analytical36|C|local,analytical36,0,0,6142678,10607509,,,,,,0.5622636920015793,,natural-ee,4464831,21f76b0e4fd511d16d660f5c74506f3f30751b3d757e8a48f1b4da640c1804a8,,,0,0,[],6142678,local,4464831,,,,6142678,#/sources/analytical36/variants/cogband128,private-reference/de49cd9ae99d8145/analytical36-cogband128.tif,"{""block"":[128,128],""creation_options"":{""blocksize"":128,""compress"":""ZSTD"",""driver"":""COG"",""interleave"":""BAND"",""level"":6,""num_threads"":1,""overviews"":""NONE"",""predictor"":""FLOATING_POINT"",""statistics"":""NO""},""image_structure"":{""COMPRESSION"":""ZSTD"",""INTERLEAVE"":""BAND"",""LAYOUT"":""COG"",""PREDICTOR"":""3""}}",48a34c28caebbb06b5bef0489f7a03cc7e2abc9439086d82050050b32c89b676,cogband128
D,analytical36|D|http0,analytical36,0,0,9387192,13852023,,,,,,0.6889588630001526,,native-cog,4464831,21f76b0e4fd511d16d660f5c74506f3f30751b3d757e8a48f1b4da640c1804a8,,,0,0,[],9387192,http0,4464831,,,,9387192,#/sources/analytical36/variants/cog128,private-reference/ddf5d650252d6914/analytical36-cog128.tif,"{""block"":[128,128],""creation_options"":[""NUM_THREADS=1"",""COMPRESS=ZSTD"",""LEVEL=6"",""PREDICTOR=FLOATING_POINT"",""BLOCKSIZE=128"",""OVERVIEWS=NONE"",""STATISTICS=NO""],""driver"":""COG"",""image_structure"":{""COMPRESSION"":""ZSTD"",""INTERLEAVE"":""PIXEL"",""LAYOUT"":""COG"",""PREDICTOR"":""3""}}",018abe16d821431507c5268d3c145bcc1da5c797647aea78c1dfb92f1656d39d,cog128
D,analytical36|D|http0,analytical36,152128,2,6294806,10759637,,,,,0.2377081430022372,0.5622636920015793,,native-rsi256,4464831,21f76b0e4fd511d16d660f5c74506f3f30751b3d757e8a48f1b4da640c1804a8,,,152128,2,"[""private-reference/0713e4ddc47ac778/summary.rsi"",""private-reference/9572e924749b1648/summary.rsi""]",6294806,http0,4464831,,,,6142678,#/sources/analytical36/variants/cogband128,private-reference/de49cd9ae99d8145/analytical36-cogband128.tif,"{""block"":[128,128],""creation_options"":{""blocksize"":128,""compress"":""ZSTD"",""driver"":""COG"",""interleave"":""BAND"",""level"":6,""num_threads"":1,""overviews"":""NONE"",""predictor"":""FLOATING_POINT"",""statistics"":""NO""},""image_structure"":{""COMPRESSION"":""ZSTD"",""INTERLEAVE"":""BAND"",""LAYOUT"":""COG"",""PREDICTOR"":""3""}}",48a34c28caebbb06b5bef0489f7a03cc7e2abc9439086d82050050b32c89b676,cogband128
D,analytical36|D|http0,analytical36,311552,2,6454230,10919061,,,,,0.5212161870003911,0.5622636920015793,,native-rsi64,4464831,21f76b0e4fd511d16d660f5c74506f3f30751b3d757e8a48f1b4da640c1804a8,,,311552,2,"[""private-reference/09d004421d3c947d/summary.rsi"",""private-reference/cb12fce7bcfaca0b/summary.rsi""]",6454230,http0,4464831,,,,6142678,#/sources/analytical36/variants/cogband128,private-reference/de49cd9ae99d8145/analytical36-cogband128.tif,"{""block"":[128,128],""creation_options"":{""blocksize"":128,""compress"":""ZSTD"",""driver"":""COG"",""interleave"":""BAND"",""level"":6,""num_threads"":1,""overviews"":""NONE"",""predictor"":""FLOATING_POINT"",""statistics"":""NO""},""image_structure"":{""COMPRESSION"":""ZSTD"",""INTERLEAVE"":""BAND"",""LAYOUT"":""COG"",""PREDICTOR"":""3""}}",48a34c28caebbb06b5bef0489f7a03cc7e2abc9439086d82050050b32c89b676,cogband128
D,analytical36|D|http0,analytical36,0,0,5770145,10234976,288.6587310000002,1057.172306,486.7170019999999,40.5056220000002,,1.1030888609966496,0.04372965700167697,native-skv-raw,4464831,21f76b0e4fd511d16d660f5c74506f3f30751b3d757e8a48f1b4da640c1804a8,,,0,0,[],5770145,http0,4464831,16384,181280,5572481,5770145,#/sources/analytical36/variants/skv,private-reference/c0a7055a2f95081b/analytical36-ordinary.skv,{},3d45f073b7ce684fb30f91786765730f25ec1cacfde39c287e59adfe98dddcac,skv
D,analytical36|D|http0,analytical36,0,0,5770145,10234976,288.6587310000002,1057.172306,486.7170019999999,40.5056220000002,,1.1030888609966496,0.04372965700167697,native-skv-summary,4464831,21f76b0e4fd511d16d660f5c74506f3f30751b3d757e8a48f1b4da640c1804a8,,,0,0,[],5770145,http0,4464831,16384,181280,5572481,5770145,#/sources/analytical36/variants/skv,private-reference/c0a7055a2f95081b/analytical36-ordinary.skv,{},3d45f073b7ce684fb30f91786765730f25ec1cacfde39c287e59adfe98dddcac,skv
D,analytical36|D|http0,analytical36,0,0,4464831,4464831,,,,,,,,native-tiff,4464831,21f76b0e4fd511d16d660f5c74506f3f30751b3d757e8a48f1b4da640c1804a8,,,0,0,[],4464831,http0,0,,,,4464831,#/sources/analytical36/variants/ordinary,private-reference/c0f8dc29cd26639f/analytical36-ordinary.tif,"{""block"":[513,16],""image_structure"":{""COMPRESSION"":""DEFLATE"",""INTERLEAVE"":""BAND"",""PREDICTOR"":""3""}}",21f76b0e4fd511d16d660f5c74506f3f30751b3d757e8a48f1b4da640c1804a8,ordinary
D,analytical36|D|http0,analytical36,0,0,6142678,10607509,,,,,,0.5622636920015793,,natural-ee,4464831,21f76b0e4fd511d16d660f5c74506f3f30751b3d757e8a48f1b4da640c1804a8,,,0,0,[],6142678,http0,4464831,,,,6142678,#/sources/analytical36/variants/cogband128,private-reference/de49cd9ae99d8145/analytical36-cogband128.tif,"{""block"":[128,128],""creation_options"":{""blocksize"":128,""compress"":""ZSTD"",""driver"":""COG"",""interleave"":""BAND"",""level"":6,""num_threads"":1,""overviews"":""NONE"",""predictor"":""FLOATING_POINT"",""statistics"":""NO""},""image_structure"":{""COMPRESSION"":""ZSTD"",""INTERLEAVE"":""BAND"",""LAYOUT"":""COG"",""PREDICTOR"":""3""}}",48a34c28caebbb06b5bef0489f7a03cc7e2abc9439086d82050050b32c89b676,cogband128
D,analytical36|D|local,analytical36,0,0,6142678,10607509,,,,,,0.5622636920015793,,native-cog,4464831,21f76b0e4fd511d16d660f5c74506f3f30751b3d757e8a48f1b4da640c1804a8,,,0,0,[],6142678,local,4464831,,,,6142678,#/sources/analytical36/variants/cogband128,private-reference/de49cd9ae99d8145/analytical36-cogband128.tif,"{""block"":[128,128],""creation_options"":{""blocksize"":128,""compress"":""ZSTD"",""driver"":""COG"",""interleave"":""BAND"",""level"":6,""num_threads"":1,""overviews"":""NONE"",""predictor"":""FLOATING_POINT"",""statistics"":""NO""},""image_structure"":{""COMPRESSION"":""ZSTD"",""INTERLEAVE"":""BAND"",""LAYOUT"":""COG"",""PREDICTOR"":""3""}}",48a34c28caebbb06b5bef0489f7a03cc7e2abc9439086d82050050b32c89b676,cogband128
D,analytical36|D|local,analytical36,152128,2,6294806,10759637,,,,,0.2377081430022372,0.5622636920015793,,native-rsi256,4464831,21f76b0e4fd511d16d660f5c74506f3f30751b3d757e8a48f1b4da640c1804a8,,,152128,2,"[""private-reference/0713e4ddc47ac778/summary.rsi"",""private-reference/9572e924749b1648/summary.rsi""]",6294806,local,4464831,,,,6142678,#/sources/analytical36/variants/cogband128,private-reference/de49cd9ae99d8145/analytical36-cogband128.tif,"{""block"":[128,128],""creation_options"":{""blocksize"":128,""compress"":""ZSTD"",""driver"":""COG"",""interleave"":""BAND"",""level"":6,""num_threads"":1,""overviews"":""NONE"",""predictor"":""FLOATING_POINT"",""statistics"":""NO""},""image_structure"":{""COMPRESSION"":""ZSTD"",""INTERLEAVE"":""BAND"",""LAYOUT"":""COG"",""PREDICTOR"":""3""}}",48a34c28caebbb06b5bef0489f7a03cc7e2abc9439086d82050050b32c89b676,cogband128
D,analytical36|D|local,analytical36,311552,2,6454230,10919061,,,,,0.5212161870003911,0.5622636920015793,,native-rsi64,4464831,21f76b0e4fd511d16d660f5c74506f3f30751b3d757e8a48f1b4da640c1804a8,,,311552,2,"[""private-reference/09d004421d3c947d/summary.rsi"",""private-reference/cb12fce7bcfaca0b/summary.rsi""]",6454230,local,4464831,,,,6142678,#/sources/analytical36/variants/cogband128,private-reference/de49cd9ae99d8145/analytical36-cogband128.tif,"{""block"":[128,128],""creation_options"":{""blocksize"":128,""compress"":""ZSTD"",""driver"":""COG"",""interleave"":""BAND"",""level"":6,""num_threads"":1,""overviews"":""NONE"",""predictor"":""FLOATING_POINT"",""statistics"":""NO""},""image_structure"":{""COMPRESSION"":""ZSTD"",""INTERLEAVE"":""BAND"",""LAYOUT"":""COG"",""PREDICTOR"":""3""}}",48a34c28caebbb06b5bef0489f7a03cc7e2abc9439086d82050050b32c89b676,cogband128
D,analytical36|D|local,analytical36,0,0,5770145,10234976,288.6587310000002,1057.172306,486.7170019999999,40.5056220000002,,1.1030888609966496,0.04372965700167697,native-skv-raw,4464831,21f76b0e4fd511d16d660f5c74506f3f30751b3d757e8a48f1b4da640c1804a8,,,0,0,[],5770145,local,4464831,16384,181280,5572481,5770145,#/sources/analytical36/variants/skv,private-reference/c0a7055a2f95081b/analytical36-ordinary.skv,{},3d45f073b7ce684fb30f91786765730f25ec1cacfde39c287e59adfe98dddcac,skv
D,analytical36|D|local,analytical36,0,0,5770145,10234976,288.6587310000002,1057.172306,486.7170019999999,40.5056220000002,,1.1030888609966496,0.04372965700167697,native-skv-summary,4464831,21f76b0e4fd511d16d660f5c74506f3f30751b3d757e8a48f1b4da640c1804a8,,,0,0,[],5770145,local,4464831,16384,181280,5572481,5770145,#/sources/analytical36/variants/skv,private-reference/c0a7055a2f95081b/analytical36-ordinary.skv,{},3d45f073b7ce684fb30f91786765730f25ec1cacfde39c287e59adfe98dddcac,skv
D,analytical36|D|local,analytical36,0,0,4464831,4464831,,,,,,,,native-tiff,4464831,21f76b0e4fd511d16d660f5c74506f3f30751b3d757e8a48f1b4da640c1804a8,,,0,0,[],4464831,local,0,,,,4464831,#/sources/analytical36/variants/ordinary,private-reference/c0f8dc29cd26639f/analytical36-ordinary.tif,"{""block"":[513,16],""image_structure"":{""COMPRESSION"":""DEFLATE"",""INTERLEAVE"":""BAND"",""PREDICTOR"":""3""}}",21f76b0e4fd511d16d660f5c74506f3f30751b3d757e8a48f1b4da640c1804a8,ordinary
D,analytical36|D|local,analytical36,0,0,6142678,10607509,,,,,,0.5622636920015793,,natural-ee,4464831,21f76b0e4fd511d16d660f5c74506f3f30751b3d757e8a48f1b4da640c1804a8,,,0,0,[],6142678,local,4464831,,,,6142678,#/sources/analytical36/variants/cogband128,private-reference/de49cd9ae99d8145/analytical36-cogband128.tif,"{""block"":[128,128],""creation_options"":{""blocksize"":128,""compress"":""ZSTD"",""driver"":""COG"",""interleave"":""BAND"",""level"":6,""num_threads"":1,""overviews"":""NONE"",""predictor"":""FLOATING_POINT"",""statistics"":""NO""},""image_structure"":{""COMPRESSION"":""ZSTD"",""INTERLEAVE"":""BAND"",""LAYOUT"":""COG"",""PREDICTOR"":""3""}}",48a34c28caebbb06b5bef0489f7a03cc7e2abc9439086d82050050b32c89b676,cogband128
A,analytical40-1025x1031|A|http0,analytical40-1025x1031,0,0,26442685,43800432,,,,,,2.0625653070019325,,native-cog,17357747,3d9dc03818d94d02df7f2d8b287f08b8879cba7625c0f6defb827251afcf05e7,,,0,0,[],26442685,http0,17357747,,,,26442685,#/sources/analytical40-1025x1031/variants/cogband128,private-reference/1b663e4da653df89/analytical40-1025x1031-cogband128.tif,"{""block"":[128,128],""creation_options"":{""blocksize"":128,""compress"":""ZSTD"",""driver"":""COG"",""interleave"":""BAND"",""level"":6,""num_threads"":1,""overviews"":""NONE"",""predictor"":""FLOATING_POINT"",""statistics"":""NO""},""image_structure"":{""COMPRESSION"":""ZSTD"",""INTERLEAVE"":""BAND"",""LAYOUT"":""COG"",""PREDICTOR"":""3""}}",94f0e0ea92708461360a1d85c1b489772f86ea7c9b5670c6df749ebb6a814b6b,cogband128
A,analytical40-1025x1031|A|http0,analytical40-1025x1031,195968,2,26638653,43996400,,,,,0.8644069449946983,2.0625653070019325,,native-rsi256,17357747,3d9dc03818d94d02df7f2d8b287f08b8879cba7625c0f6defb827251afcf05e7,,,97984,1,"[""private-reference/2231ea43c1664260/summary.rsi""]",26540669,http0,17357747,,,,26442685,#/sources/analytical40-1025x1031/variants/cogband128,private-reference/1b663e4da653df89/analytical40-1025x1031-cogband128.tif,"{""block"":[128,128],""creation_options"":{""blocksize"":128,""compress"":""ZSTD"",""driver"":""COG"",""interleave"":""BAND"",""level"":6,""num_threads"":1,""overviews"":""NONE"",""predictor"":""FLOATING_POINT"",""statistics"":""NO""},""image_structure"":{""COMPRESSION"":""ZSTD"",""INTERLEAVE"":""BAND"",""LAYOUT"":""COG"",""PREDICTOR"":""3""}}",94f0e0ea92708461360a1d85c1b489772f86ea7c9b5670c6df749ebb6a814b6b,cogband128
A,analytical40-1025x1031|A|http0,analytical40-1025x1031,811648,2,27254333,44612080,,,,,2.205835537999519,2.0625653070019325,,native-rsi64,17357747,3d9dc03818d94d02df7f2d8b287f08b8879cba7625c0f6defb827251afcf05e7,,,405824,1,"[""private-reference/677ca605901aa2f2/summary.rsi""]",26848509,http0,17357747,,,,26442685,#/sources/analytical40-1025x1031/variants/cogband128,private-reference/1b663e4da653df89/analytical40-1025x1031-cogband128.tif,"{""block"":[128,128],""creation_options"":{""blocksize"":128,""compress"":""ZSTD"",""driver"":""COG"",""interleave"":""BAND"",""level"":6,""num_threads"":1,""overviews"":""NONE"",""predictor"":""FLOATING_POINT"",""statistics"":""NO""},""image_structure"":{""COMPRESSION"":""ZSTD"",""INTERLEAVE"":""BAND"",""LAYOUT"":""COG"",""PREDICTOR"":""3""}}",94f0e0ea92708461360a1d85c1b489772f86ea7c9b5670c6df749ebb6a814b6b,cogband128
A,analytical40-1025x1031|A|http0,analytical40-1025x1031,0,0,24731327,42089074,1217.3047070000023,5959.514003,3544.960145999998,174.87127900000084,,6.005890303000342,0.03895012599241454,native-skv-raw,17357747,3d9dc03818d94d02df7f2d8b287f08b8879cba7625c0f6defb827251afcf05e7,,,0,0,[],24731327,http0,17357747,16384,618000,24096943,24731327,#/sources/analytical40-1025x1031/variants/skv,private-reference/0c569b03ddcc497b/analytical40-1025x1031-ordinary.skv,{},8ef7b924ffb874ead19bc66f6b6eee2463a008c0a13eb1541077b78330c3f61f,skv
A,analytical40-1025x1031|A|http0,analytical40-1025x1031,0,0,24731327,42089074,1217.3047070000023,5959.514003,3544.960145999998,174.87127900000084,,6.005890303000342,0.03895012599241454,native-skv-summary,17357747,3d9dc03818d94d02df7f2d8b287f08b8879cba7625c0f6defb827251afcf05e7,,,0,0,[],24731327,http0,17357747,16384,618000,24096943,24731327,#/sources/analytical40-1025x1031/variants/skv,private-reference/0c569b03ddcc497b/analytical40-1025x1031-ordinary.skv,{},8ef7b924ffb874ead19bc66f6b6eee2463a008c0a13eb1541077b78330c3f61f,skv
A,analytical40-1025x1031|A|http0,analytical40-1025x1031,0,0,21771767,39129514,,,,,,2.0424015850003343,,native-tiff,17357747,3d9dc03818d94d02df7f2d8b287f08b8879cba7625c0f6defb827251afcf05e7,,,0,0,[],21771767,http0,17357747,,,,21771767,#/sources/analytical40-1025x1031/variants/band256,private-reference/a265fac83c738aa7/analytical40-1025x1031-band256.tif,"{""block"":[256,256],""creation_options"":[""NUM_THREADS=1"",""TILED=YES"",""BLOCKXSIZE=256"",""BLOCKYSIZE=256"",""COMPRESS=ZSTD"",""ZSTD_LEVEL=6"",""PREDICTOR=3"",""INTERLEAVE=BAND""],""driver"":""GTiff"",""image_structure"":{""COMPRESSION"":""ZSTD"",""INTERLEAVE"":""BAND"",""PREDICTOR"":""3""}}",bd0bde3197446d01bc63d18efeb6774b69f722ecd08db131080b50b0a15e905c,band256
A,analytical40-1025x1031|A|http0,analytical40-1025x1031,0,0,26442685,43800432,,,,,,2.0625653070019325,,natural-ee,17357747,3d9dc03818d94d02df7f2d8b287f08b8879cba7625c0f6defb827251afcf05e7,,,0,0,[],26442685,http0,17357747,,,,26442685,#/sources/analytical40-1025x1031/variants/cogband128,private-reference/1b663e4da653df89/analytical40-1025x1031-cogband128.tif,"{""block"":[128,128],""creation_options"":{""blocksize"":128,""compress"":""ZSTD"",""driver"":""COG"",""interleave"":""BAND"",""level"":6,""num_threads"":1,""overviews"":""NONE"",""predictor"":""FLOATING_POINT"",""statistics"":""NO""},""image_structure"":{""COMPRESSION"":""ZSTD"",""INTERLEAVE"":""BAND"",""LAYOUT"":""COG"",""PREDICTOR"":""3""}}",94f0e0ea92708461360a1d85c1b489772f86ea7c9b5670c6df749ebb6a814b6b,cogband128
A,analytical40-1025x1031|A|local,analytical40-1025x1031,0,0,26442685,43800432,,,,,,2.0625653070019325,,native-cog,17357747,3d9dc03818d94d02df7f2d8b287f08b8879cba7625c0f6defb827251afcf05e7,,,0,0,[],26442685,local,17357747,,,,26442685,#/sources/analytical40-1025x1031/variants/cogband128,private-reference/1b663e4da653df89/analytical40-1025x1031-cogband128.tif,"{""block"":[128,128],""creation_options"":{""blocksize"":128,""compress"":""ZSTD"",""driver"":""COG"",""interleave"":""BAND"",""level"":6,""num_threads"":1,""overviews"":""NONE"",""predictor"":""FLOATING_POINT"",""statistics"":""NO""},""image_structure"":{""COMPRESSION"":""ZSTD"",""INTERLEAVE"":""BAND"",""LAYOUT"":""COG"",""PREDICTOR"":""3""}}",94f0e0ea92708461360a1d85c1b489772f86ea7c9b5670c6df749ebb6a814b6b,cogband128
A,analytical40-1025x1031|A|local,analytical40-1025x1031,195968,2,26638653,43996400,,,,,0.8644069449946983,2.0625653070019325,,native-rsi256,17357747,3d9dc03818d94d02df7f2d8b287f08b8879cba7625c0f6defb827251afcf05e7,,,97984,1,"[""private-reference/2231ea43c1664260/summary.rsi""]",26540669,local,17357747,,,,26442685,#/sources/analytical40-1025x1031/variants/cogband128,private-reference/1b663e4da653df89/analytical40-1025x1031-cogband128.tif,"{""block"":[128,128],""creation_options"":{""blocksize"":128,""compress"":""ZSTD"",""driver"":""COG"",""interleave"":""BAND"",""level"":6,""num_threads"":1,""overviews"":""NONE"",""predictor"":""FLOATING_POINT"",""statistics"":""NO""},""image_structure"":{""COMPRESSION"":""ZSTD"",""INTERLEAVE"":""BAND"",""LAYOUT"":""COG"",""PREDICTOR"":""3""}}",94f0e0ea92708461360a1d85c1b489772f86ea7c9b5670c6df749ebb6a814b6b,cogband128
A,analytical40-1025x1031|A|local,analytical40-1025x1031,811648,2,27254333,44612080,,,,,2.205835537999519,2.0625653070019325,,native-rsi64,17357747,3d9dc03818d94d02df7f2d8b287f08b8879cba7625c0f6defb827251afcf05e7,,,405824,1,"[""private-reference/677ca605901aa2f2/summary.rsi""]",26848509,local,17357747,,,,26442685,#/sources/analytical40-1025x1031/variants/cogband128,private-reference/1b663e4da653df89/analytical40-1025x1031-cogband128.tif,"{""block"":[128,128],""creation_options"":{""blocksize"":128,""compress"":""ZSTD"",""driver"":""COG"",""interleave"":""BAND"",""level"":6,""num_threads"":1,""overviews"":""NONE"",""predictor"":""FLOATING_POINT"",""statistics"":""NO""},""image_structure"":{""COMPRESSION"":""ZSTD"",""INTERLEAVE"":""BAND"",""LAYOUT"":""COG"",""PREDICTOR"":""3""}}",94f0e0ea92708461360a1d85c1b489772f86ea7c9b5670c6df749ebb6a814b6b,cogband128
A,analytical40-1025x1031|A|local,analytical40-1025x1031,0,0,24731327,42089074,1217.3047070000023,5959.514003,3544.960145999998,174.87127900000084,,6.005890303000342,0.03895012599241454,native-skv-raw,17357747,3d9dc03818d94d02df7f2d8b287f08b8879cba7625c0f6defb827251afcf05e7,,,0,0,[],24731327,local,17357747,16384,618000,24096943,24731327,#/sources/analytical40-1025x1031/variants/skv,private-reference/0c569b03ddcc497b/analytical40-1025x1031-ordinary.skv,{},8ef7b924ffb874ead19bc66f6b6eee2463a008c0a13eb1541077b78330c3f61f,skv
A,analytical40-1025x1031|A|local,analytical40-1025x1031,0,0,24731327,42089074,1217.3047070000023,5959.514003,3544.960145999998,174.87127900000084,,6.005890303000342,0.03895012599241454,native-skv-summary,17357747,3d9dc03818d94d02df7f2d8b287f08b8879cba7625c0f6defb827251afcf05e7,,,0,0,[],24731327,local,17357747,16384,618000,24096943,24731327,#/sources/analytical40-1025x1031/variants/skv,private-reference/0c569b03ddcc497b/analytical40-1025x1031-ordinary.skv,{},8ef7b924ffb874ead19bc66f6b6eee2463a008c0a13eb1541077b78330c3f61f,skv
A,analytical40-1025x1031|A|local,analytical40-1025x1031,0,0,21771767,39129514,,,,,,2.0424015850003343,,native-tiff,17357747,3d9dc03818d94d02df7f2d8b287f08b8879cba7625c0f6defb827251afcf05e7,,,0,0,[],21771767,local,17357747,,,,21771767,#/sources/analytical40-1025x1031/variants/band256,private-reference/a265fac83c738aa7/analytical40-1025x1031-band256.tif,"{""block"":[256,256],""creation_options"":[""NUM_THREADS=1"",""TILED=YES"",""BLOCKXSIZE=256"",""BLOCKYSIZE=256"",""COMPRESS=ZSTD"",""ZSTD_LEVEL=6"",""PREDICTOR=3"",""INTERLEAVE=BAND""],""driver"":""GTiff"",""image_structure"":{""COMPRESSION"":""ZSTD"",""INTERLEAVE"":""BAND"",""PREDICTOR"":""3""}}",bd0bde3197446d01bc63d18efeb6774b69f722ecd08db131080b50b0a15e905c,band256
A,analytical40-1025x1031|A|local,analytical40-1025x1031,0,0,26442685,43800432,,,,,,2.0625653070019325,,natural-ee,17357747,3d9dc03818d94d02df7f2d8b287f08b8879cba7625c0f6defb827251afcf05e7,,,0,0,[],26442685,local,17357747,,,,26442685,#/sources/analytical40-1025x1031/variants/cogband128,private-reference/1b663e4da653df89/analytical40-1025x1031-cogband128.tif,"{""block"":[128,128],""creation_options"":{""blocksize"":128,""compress"":""ZSTD"",""driver"":""COG"",""interleave"":""BAND"",""level"":6,""num_threads"":1,""overviews"":""NONE"",""predictor"":""FLOATING_POINT"",""statistics"":""NO""},""image_structure"":{""COMPRESSION"":""ZSTD"",""INTERLEAVE"":""BAND"",""LAYOUT"":""COG"",""PREDICTOR"":""3""}}",94f0e0ea92708461360a1d85c1b489772f86ea7c9b5670c6df749ebb6a814b6b,cogband128
B,analytical40-1025x1031|B|http0,analytical40-1025x1031,0,0,26442685,43800432,,,,,,2.0625653070019325,,native-cog,17357747,3d9dc03818d94d02df7f2d8b287f08b8879cba7625c0f6defb827251afcf05e7,,,0,0,[],26442685,http0,17357747,,,,26442685,#/sources/analytical40-1025x1031/variants/cogband128,private-reference/1b663e4da653df89/analytical40-1025x1031-cogband128.tif,"{""block"":[128,128],""creation_options"":{""blocksize"":128,""compress"":""ZSTD"",""driver"":""COG"",""interleave"":""BAND"",""level"":6,""num_threads"":1,""overviews"":""NONE"",""predictor"":""FLOATING_POINT"",""statistics"":""NO""},""image_structure"":{""COMPRESSION"":""ZSTD"",""INTERLEAVE"":""BAND"",""LAYOUT"":""COG"",""PREDICTOR"":""3""}}",94f0e0ea92708461360a1d85c1b489772f86ea7c9b5670c6df749ebb6a814b6b,cogband128
B,analytical40-1025x1031|B|http0,analytical40-1025x1031,195968,2,26638653,43996400,,,,,0.8644069449946983,2.0625653070019325,,native-rsi256,17357747,3d9dc03818d94d02df7f2d8b287f08b8879cba7625c0f6defb827251afcf05e7,,,97984,1,"[""private-reference/2231ea43c1664260/summary.rsi""]",26540669,http0,17357747,,,,26442685,#/sources/analytical40-1025x1031/variants/cogband128,private-reference/1b663e4da653df89/analytical40-1025x1031-cogband128.tif,"{""block"":[128,128],""creation_options"":{""blocksize"":128,""compress"":""ZSTD"",""driver"":""COG"",""interleave"":""BAND"",""level"":6,""num_threads"":1,""overviews"":""NONE"",""predictor"":""FLOATING_POINT"",""statistics"":""NO""},""image_structure"":{""COMPRESSION"":""ZSTD"",""INTERLEAVE"":""BAND"",""LAYOUT"":""COG"",""PREDICTOR"":""3""}}",94f0e0ea92708461360a1d85c1b489772f86ea7c9b5670c6df749ebb6a814b6b,cogband128
B,analytical40-1025x1031|B|http0,analytical40-1025x1031,811648,2,27254333,44612080,,,,,2.205835537999519,2.0625653070019325,,native-rsi64,17357747,3d9dc03818d94d02df7f2d8b287f08b8879cba7625c0f6defb827251afcf05e7,,,405824,1,"[""private-reference/677ca605901aa2f2/summary.rsi""]",26848509,http0,17357747,,,,26442685,#/sources/analytical40-1025x1031/variants/cogband128,private-reference/1b663e4da653df89/analytical40-1025x1031-cogband128.tif,"{""block"":[128,128],""creation_options"":{""blocksize"":128,""compress"":""ZSTD"",""driver"":""COG"",""interleave"":""BAND"",""level"":6,""num_threads"":1,""overviews"":""NONE"",""predictor"":""FLOATING_POINT"",""statistics"":""NO""},""image_structure"":{""COMPRESSION"":""ZSTD"",""INTERLEAVE"":""BAND"",""LAYOUT"":""COG"",""PREDICTOR"":""3""}}",94f0e0ea92708461360a1d85c1b489772f86ea7c9b5670c6df749ebb6a814b6b,cogband128
B,analytical40-1025x1031|B|http0,analytical40-1025x1031,0,0,24731327,42089074,1217.3047070000023,5959.514003,3544.960145999998,174.87127900000084,,6.005890303000342,0.03895012599241454,native-skv-raw,17357747,3d9dc03818d94d02df7f2d8b287f08b8879cba7625c0f6defb827251afcf05e7,,,0,0,[],24731327,http0,17357747,16384,618000,24096943,24731327,#/sources/analytical40-1025x1031/variants/skv,private-reference/0c569b03ddcc497b/analytical40-1025x1031-ordinary.skv,{},8ef7b924ffb874ead19bc66f6b6eee2463a008c0a13eb1541077b78330c3f61f,skv
B,analytical40-1025x1031|B|http0,analytical40-1025x1031,0,0,24731327,42089074,1217.3047070000023,5959.514003,3544.960145999998,174.87127900000084,,6.005890303000342,0.03895012599241454,native-skv-summary,17357747,3d9dc03818d94d02df7f2d8b287f08b8879cba7625c0f6defb827251afcf05e7,,,0,0,[],24731327,http0,17357747,16384,618000,24096943,24731327,#/sources/analytical40-1025x1031/variants/skv,private-reference/0c569b03ddcc497b/analytical40-1025x1031-ordinary.skv,{},8ef7b924ffb874ead19bc66f6b6eee2463a008c0a13eb1541077b78330c3f61f,skv
B,analytical40-1025x1031|B|http0,analytical40-1025x1031,0,0,21771767,39129514,,,,,,2.0424015850003343,,native-tiff,17357747,3d9dc03818d94d02df7f2d8b287f08b8879cba7625c0f6defb827251afcf05e7,,,0,0,[],21771767,http0,17357747,,,,21771767,#/sources/analytical40-1025x1031/variants/band256,private-reference/a265fac83c738aa7/analytical40-1025x1031-band256.tif,"{""block"":[256,256],""creation_options"":[""NUM_THREADS=1"",""TILED=YES"",""BLOCKXSIZE=256"",""BLOCKYSIZE=256"",""COMPRESS=ZSTD"",""ZSTD_LEVEL=6"",""PREDICTOR=3"",""INTERLEAVE=BAND""],""driver"":""GTiff"",""image_structure"":{""COMPRESSION"":""ZSTD"",""INTERLEAVE"":""BAND"",""PREDICTOR"":""3""}}",bd0bde3197446d01bc63d18efeb6774b69f722ecd08db131080b50b0a15e905c,band256
B,analytical40-1025x1031|B|http0,analytical40-1025x1031,0,0,26442685,43800432,,,,,,2.0625653070019325,,natural-ee,17357747,3d9dc03818d94d02df7f2d8b287f08b8879cba7625c0f6defb827251afcf05e7,,,0,0,[],26442685,http0,17357747,,,,26442685,#/sources/analytical40-1025x1031/variants/cogband128,private-reference/1b663e4da653df89/analytical40-1025x1031-cogband128.tif,"{""block"":[128,128],""creation_options"":{""blocksize"":128,""compress"":""ZSTD"",""driver"":""COG"",""interleave"":""BAND"",""level"":6,""num_threads"":1,""overviews"":""NONE"",""predictor"":""FLOATING_POINT"",""statistics"":""NO""},""image_structure"":{""COMPRESSION"":""ZSTD"",""INTERLEAVE"":""BAND"",""LAYOUT"":""COG"",""PREDICTOR"":""3""}}",94f0e0ea92708461360a1d85c1b489772f86ea7c9b5670c6df749ebb6a814b6b,cogband128
B,analytical40-1025x1031|B|local,analytical40-1025x1031,0,0,26442685,43800432,,,,,,2.0625653070019325,,native-cog,17357747,3d9dc03818d94d02df7f2d8b287f08b8879cba7625c0f6defb827251afcf05e7,,,0,0,[],26442685,local,17357747,,,,26442685,#/sources/analytical40-1025x1031/variants/cogband128,private-reference/1b663e4da653df89/analytical40-1025x1031-cogband128.tif,"{""block"":[128,128],""creation_options"":{""blocksize"":128,""compress"":""ZSTD"",""driver"":""COG"",""interleave"":""BAND"",""level"":6,""num_threads"":1,""overviews"":""NONE"",""predictor"":""FLOATING_POINT"",""statistics"":""NO""},""image_structure"":{""COMPRESSION"":""ZSTD"",""INTERLEAVE"":""BAND"",""LAYOUT"":""COG"",""PREDICTOR"":""3""}}",94f0e0ea92708461360a1d85c1b489772f86ea7c9b5670c6df749ebb6a814b6b,cogband128
B,analytical40-1025x1031|B|local,analytical40-1025x1031,195968,2,26638653,43996400,,,,,0.8644069449946983,2.0625653070019325,,native-rsi256,17357747,3d9dc03818d94d02df7f2d8b287f08b8879cba7625c0f6defb827251afcf05e7,,,97984,1,"[""private-reference/2231ea43c1664260/summary.rsi""]",26540669,local,17357747,,,,26442685,#/sources/analytical40-1025x1031/variants/cogband128,private-reference/1b663e4da653df89/analytical40-1025x1031-cogband128.tif,"{""block"":[128,128],""creation_options"":{""blocksize"":128,""compress"":""ZSTD"",""driver"":""COG"",""interleave"":""BAND"",""level"":6,""num_threads"":1,""overviews"":""NONE"",""predictor"":""FLOATING_POINT"",""statistics"":""NO""},""image_structure"":{""COMPRESSION"":""ZSTD"",""INTERLEAVE"":""BAND"",""LAYOUT"":""COG"",""PREDICTOR"":""3""}}",94f0e0ea92708461360a1d85c1b489772f86ea7c9b5670c6df749ebb6a814b6b,cogband128
B,analytical40-1025x1031|B|local,analytical40-1025x1031,811648,2,27254333,44612080,,,,,2.205835537999519,2.0625653070019325,,native-rsi64,17357747,3d9dc03818d94d02df7f2d8b287f08b8879cba7625c0f6defb827251afcf05e7,,,405824,1,"[""private-reference/677ca605901aa2f2/summary.rsi""]",26848509,local,17357747,,,,26442685,#/sources/analytical40-1025x1031/variants/cogband128,private-reference/1b663e4da653df89/analytical40-1025x1031-cogband128.tif,"{""block"":[128,128],""creation_options"":{""blocksize"":128,""compress"":""ZSTD"",""driver"":""COG"",""interleave"":""BAND"",""level"":6,""num_threads"":1,""overviews"":""NONE"",""predictor"":""FLOATING_POINT"",""statistics"":""NO""},""image_structure"":{""COMPRESSION"":""ZSTD"",""INTERLEAVE"":""BAND"",""LAYOUT"":""COG"",""PREDICTOR"":""3""}}",94f0e0ea92708461360a1d85c1b489772f86ea7c9b5670c6df749ebb6a814b6b,cogband128
B,analytical40-1025x1031|B|local,analytical40-1025x1031,0,0,24731327,42089074,1217.3047070000023,5959.514003,3544.960145999998,174.87127900000084,,6.005890303000342,0.03895012599241454,native-skv-raw,17357747,3d9dc03818d94d02df7f2d8b287f08b8879cba7625c0f6defb827251afcf05e7,,,0,0,[],24731327,local,17357747,16384,618000,24096943,24731327,#/sources/analytical40-1025x1031/variants/skv,private-reference/0c569b03ddcc497b/analytical40-1025x1031-ordinary.skv,{},8ef7b924ffb874ead19bc66f6b6eee2463a008c0a13eb1541077b78330c3f61f,skv
B,analytical40-1025x1031|B|local,analytical40-1025x1031,0,0,24731327,42089074,1217.3047070000023,5959.514003,3544.960145999998,174.87127900000084,,6.005890303000342,0.03895012599241454,native-skv-summary,17357747,3d9dc03818d94d02df7f2d8b287f08b8879cba7625c0f6defb827251afcf05e7,,,0,0,[],24731327,local,17357747,16384,618000,24096943,24731327,#/sources/analytical40-1025x1031/variants/skv,private-reference/0c569b03ddcc497b/analytical40-1025x1031-ordinary.skv,{},8ef7b924ffb874ead19bc66f6b6eee2463a008c0a13eb1541077b78330c3f61f,skv
B,analytical40-1025x1031|B|local,analytical40-1025x1031,0,0,21771767,39129514,,,,,,2.0424015850003343,,native-tiff,17357747,3d9dc03818d94d02df7f2d8b287f08b8879cba7625c0f6defb827251afcf05e7,,,0,0,[],21771767,local,17357747,,,,21771767,#/sources/analytical40-1025x1031/variants/band256,private-reference/a265fac83c738aa7/analytical40-1025x1031-band256.tif,"{""block"":[256,256],""creation_options"":[""NUM_THREADS=1"",""TILED=YES"",""BLOCKXSIZE=256"",""BLOCKYSIZE=256"",""COMPRESS=ZSTD"",""ZSTD_LEVEL=6"",""PREDICTOR=3"",""INTERLEAVE=BAND""],""driver"":""GTiff"",""image_structure"":{""COMPRESSION"":""ZSTD"",""INTERLEAVE"":""BAND"",""PREDICTOR"":""3""}}",bd0bde3197446d01bc63d18efeb6774b69f722ecd08db131080b50b0a15e905c,band256
B,analytical40-1025x1031|B|local,analytical40-1025x1031,0,0,26442685,43800432,,,,,,2.0625653070019325,,natural-ee,17357747,3d9dc03818d94d02df7f2d8b287f08b8879cba7625c0f6defb827251afcf05e7,,,0,0,[],26442685,local,17357747,,,,26442685,#/sources/analytical40-1025x1031/variants/cogband128,private-reference/1b663e4da653df89/analytical40-1025x1031-cogband128.tif,"{""block"":[128,128],""creation_options"":{""blocksize"":128,""compress"":""ZSTD"",""driver"":""COG"",""interleave"":""BAND"",""level"":6,""num_threads"":1,""overviews"":""NONE"",""predictor"":""FLOATING_POINT"",""statistics"":""NO""},""image_structure"":{""COMPRESSION"":""ZSTD"",""INTERLEAVE"":""BAND"",""LAYOUT"":""COG"",""PREDICTOR"":""3""}}",94f0e0ea92708461360a1d85c1b489772f86ea7c9b5670c6df749ebb6a814b6b,cogband128
C,analytical40-1025x1031|C|http0,analytical40-1025x1031,0,0,42018905,59376652,,,,,,2.199848275995464,,native-cog,17357747,3d9dc03818d94d02df7f2d8b287f08b8879cba7625c0f6defb827251afcf05e7,,,0,0,[],42018905,http0,17357747,,,,42018905,#/sources/analytical40-1025x1031/variants/cog128,private-reference/9362b2a99f14f2d2/analytical40-1025x1031-cog128.tif,"{""block"":[128,128],""creation_options"":[""NUM_THREADS=1"",""COMPRESS=ZSTD"",""LEVEL=6"",""PREDICTOR=FLOATING_POINT"",""BLOCKSIZE=128"",""OVERVIEWS=NONE"",""STATISTICS=NO""],""driver"":""COG"",""image_structure"":{""COMPRESSION"":""ZSTD"",""INTERLEAVE"":""PIXEL"",""LAYOUT"":""COG"",""PREDICTOR"":""3""}}",ec5bda67f0587e813f6ac673cfc554dcaef568ca99443fa8abcac2199b8a2368,cog128
C,analytical40-1025x1031|C|http0,analytical40-1025x1031,195968,2,26638653,43996400,,,,,0.8644069449946983,2.0625653070019325,,native-rsi256,17357747,3d9dc03818d94d02df7f2d8b287f08b8879cba7625c0f6defb827251afcf05e7,,,195968,2,"[""private-reference/0be7c1ae81876ecc/summary.rsi"",""private-reference/2231ea43c1664260/summary.rsi""]",26638653,http0,17357747,,,,26442685,#/sources/analytical40-1025x1031/variants/cogband128,private-reference/1b663e4da653df89/analytical40-1025x1031-cogband128.tif,"{""block"":[128,128],""creation_options"":{""blocksize"":128,""compress"":""ZSTD"",""driver"":""COG"",""interleave"":""BAND"",""level"":6,""num_threads"":1,""overviews"":""NONE"",""predictor"":""FLOATING_POINT"",""statistics"":""NO""},""image_structure"":{""COMPRESSION"":""ZSTD"",""INTERLEAVE"":""BAND"",""LAYOUT"":""COG"",""PREDICTOR"":""3""}}",94f0e0ea92708461360a1d85c1b489772f86ea7c9b5670c6df749ebb6a814b6b,cogband128
C,analytical40-1025x1031|C|http0,analytical40-1025x1031,811648,2,27254333,44612080,,,,,2.205835537999519,2.0625653070019325,,native-rsi64,17357747,3d9dc03818d94d02df7f2d8b287f08b8879cba7625c0f6defb827251afcf05e7,,,811648,2,"[""private-reference/1f9b4c1d50890813/summary.rsi"",""private-reference/677ca605901aa2f2/summary.rsi""]",27254333,http0,17357747,,,,26442685,#/sources/analytical40-1025x1031/variants/cogband128,private-reference/1b663e4da653df89/analytical40-1025x1031-cogband128.tif,"{""block"":[128,128],""creation_options"":{""blocksize"":128,""compress"":""ZSTD"",""driver"":""COG"",""interleave"":""BAND"",""level"":6,""num_threads"":1,""overviews"":""NONE"",""predictor"":""FLOATING_POINT"",""statistics"":""NO""},""image_structure"":{""COMPRESSION"":""ZSTD"",""INTERLEAVE"":""BAND"",""LAYOUT"":""COG"",""PREDICTOR"":""3""}}",94f0e0ea92708461360a1d85c1b489772f86ea7c9b5670c6df749ebb6a814b6b,cogband128
C,analytical40-1025x1031|C|http0,analytical40-1025x1031,0,0,24731327,42089074,1217.3047070000023,5959.514003,3544.960145999998,174.87127900000084,,6.005890303000342,0.03895012599241454,native-skv-raw,17357747,3d9dc03818d94d02df7f2d8b287f08b8879cba7625c0f6defb827251afcf05e7,,,0,0,[],24731327,http0,17357747,16384,618000,24096943,24731327,#/sources/analytical40-1025x1031/variants/skv,private-reference/0c569b03ddcc497b/analytical40-1025x1031-ordinary.skv,{},8ef7b924ffb874ead19bc66f6b6eee2463a008c0a13eb1541077b78330c3f61f,skv
C,analytical40-1025x1031|C|http0,analytical40-1025x1031,0,0,24731327,42089074,1217.3047070000023,5959.514003,3544.960145999998,174.87127900000084,,6.005890303000342,0.03895012599241454,native-skv-summary,17357747,3d9dc03818d94d02df7f2d8b287f08b8879cba7625c0f6defb827251afcf05e7,,,0,0,[],24731327,http0,17357747,16384,618000,24096943,24731327,#/sources/analytical40-1025x1031/variants/skv,private-reference/0c569b03ddcc497b/analytical40-1025x1031-ordinary.skv,{},8ef7b924ffb874ead19bc66f6b6eee2463a008c0a13eb1541077b78330c3f61f,skv
C,analytical40-1025x1031|C|http0,analytical40-1025x1031,0,0,21771767,39129514,,,,,,2.0424015850003343,,native-tiff,17357747,3d9dc03818d94d02df7f2d8b287f08b8879cba7625c0f6defb827251afcf05e7,,,0,0,[],21771767,http0,17357747,,,,21771767,#/sources/analytical40-1025x1031/variants/band256,private-reference/a265fac83c738aa7/analytical40-1025x1031-band256.tif,"{""block"":[256,256],""creation_options"":[""NUM_THREADS=1"",""TILED=YES"",""BLOCKXSIZE=256"",""BLOCKYSIZE=256"",""COMPRESS=ZSTD"",""ZSTD_LEVEL=6"",""PREDICTOR=3"",""INTERLEAVE=BAND""],""driver"":""GTiff"",""image_structure"":{""COMPRESSION"":""ZSTD"",""INTERLEAVE"":""BAND"",""PREDICTOR"":""3""}}",bd0bde3197446d01bc63d18efeb6774b69f722ecd08db131080b50b0a15e905c,band256
C,analytical40-1025x1031|C|http0,analytical40-1025x1031,0,0,26442685,43800432,,,,,,2.0625653070019325,,natural-ee,17357747,3d9dc03818d94d02df7f2d8b287f08b8879cba7625c0f6defb827251afcf05e7,,,0,0,[],26442685,http0,17357747,,,,26442685,#/sources/analytical40-1025x1031/variants/cogband128,private-reference/1b663e4da653df89/analytical40-1025x1031-cogband128.tif,"{""block"":[128,128],""creation_options"":{""blocksize"":128,""compress"":""ZSTD"",""driver"":""COG"",""interleave"":""BAND"",""level"":6,""num_threads"":1,""overviews"":""NONE"",""predictor"":""FLOATING_POINT"",""statistics"":""NO""},""image_structure"":{""COMPRESSION"":""ZSTD"",""INTERLEAVE"":""BAND"",""LAYOUT"":""COG"",""PREDICTOR"":""3""}}",94f0e0ea92708461360a1d85c1b489772f86ea7c9b5670c6df749ebb6a814b6b,cogband128
C,analytical40-1025x1031|C|local,analytical40-1025x1031,0,0,26442685,43800432,,,,,,2.0625653070019325,,native-cog,17357747,3d9dc03818d94d02df7f2d8b287f08b8879cba7625c0f6defb827251afcf05e7,,,0,0,[],26442685,local,17357747,,,,26442685,#/sources/analytical40-1025x1031/variants/cogband128,private-reference/1b663e4da653df89/analytical40-1025x1031-cogband128.tif,"{""block"":[128,128],""creation_options"":{""blocksize"":128,""compress"":""ZSTD"",""driver"":""COG"",""interleave"":""BAND"",""level"":6,""num_threads"":1,""overviews"":""NONE"",""predictor"":""FLOATING_POINT"",""statistics"":""NO""},""image_structure"":{""COMPRESSION"":""ZSTD"",""INTERLEAVE"":""BAND"",""LAYOUT"":""COG"",""PREDICTOR"":""3""}}",94f0e0ea92708461360a1d85c1b489772f86ea7c9b5670c6df749ebb6a814b6b,cogband128
C,analytical40-1025x1031|C|local,analytical40-1025x1031,195968,2,26638653,43996400,,,,,0.8644069449946983,2.0625653070019325,,native-rsi256,17357747,3d9dc03818d94d02df7f2d8b287f08b8879cba7625c0f6defb827251afcf05e7,,,195968,2,"[""private-reference/0be7c1ae81876ecc/summary.rsi"",""private-reference/2231ea43c1664260/summary.rsi""]",26638653,local,17357747,,,,26442685,#/sources/analytical40-1025x1031/variants/cogband128,private-reference/1b663e4da653df89/analytical40-1025x1031-cogband128.tif,"{""block"":[128,128],""creation_options"":{""blocksize"":128,""compress"":""ZSTD"",""driver"":""COG"",""interleave"":""BAND"",""level"":6,""num_threads"":1,""overviews"":""NONE"",""predictor"":""FLOATING_POINT"",""statistics"":""NO""},""image_structure"":{""COMPRESSION"":""ZSTD"",""INTERLEAVE"":""BAND"",""LAYOUT"":""COG"",""PREDICTOR"":""3""}}",94f0e0ea92708461360a1d85c1b489772f86ea7c9b5670c6df749ebb6a814b6b,cogband128
C,analytical40-1025x1031|C|local,analytical40-1025x1031,811648,2,27254333,44612080,,,,,2.205835537999519,2.0625653070019325,,native-rsi64,17357747,3d9dc03818d94d02df7f2d8b287f08b8879cba7625c0f6defb827251afcf05e7,,,811648,2,"[""private-reference/1f9b4c1d50890813/summary.rsi"",""private-reference/677ca605901aa2f2/summary.rsi""]",27254333,local,17357747,,,,26442685,#/sources/analytical40-1025x1031/variants/cogband128,private-reference/1b663e4da653df89/analytical40-1025x1031-cogband128.tif,"{""block"":[128,128],""creation_options"":{""blocksize"":128,""compress"":""ZSTD"",""driver"":""COG"",""interleave"":""BAND"",""level"":6,""num_threads"":1,""overviews"":""NONE"",""predictor"":""FLOATING_POINT"",""statistics"":""NO""},""image_structure"":{""COMPRESSION"":""ZSTD"",""INTERLEAVE"":""BAND"",""LAYOUT"":""COG"",""PREDICTOR"":""3""}}",94f0e0ea92708461360a1d85c1b489772f86ea7c9b5670c6df749ebb6a814b6b,cogband128
C,analytical40-1025x1031|C|local,analytical40-1025x1031,0,0,24731327,42089074,1217.3047070000023,5959.514003,3544.960145999998,174.87127900000084,,6.005890303000342,0.03895012599241454,native-skv-raw,17357747,3d9dc03818d94d02df7f2d8b287f08b8879cba7625c0f6defb827251afcf05e7,,,0,0,[],24731327,local,17357747,16384,618000,24096943,24731327,#/sources/analytical40-1025x1031/variants/skv,private-reference/0c569b03ddcc497b/analytical40-1025x1031-ordinary.skv,{},8ef7b924ffb874ead19bc66f6b6eee2463a008c0a13eb1541077b78330c3f61f,skv
C,analytical40-1025x1031|C|local,analytical40-1025x1031,0,0,24731327,42089074,1217.3047070000023,5959.514003,3544.960145999998,174.87127900000084,,6.005890303000342,0.03895012599241454,native-skv-summary,17357747,3d9dc03818d94d02df7f2d8b287f08b8879cba7625c0f6defb827251afcf05e7,,,0,0,[],24731327,local,17357747,16384,618000,24096943,24731327,#/sources/analytical40-1025x1031/variants/skv,private-reference/0c569b03ddcc497b/analytical40-1025x1031-ordinary.skv,{},8ef7b924ffb874ead19bc66f6b6eee2463a008c0a13eb1541077b78330c3f61f,skv
C,analytical40-1025x1031|C|local,analytical40-1025x1031,0,0,21771767,39129514,,,,,,2.0424015850003343,,native-tiff,17357747,3d9dc03818d94d02df7f2d8b287f08b8879cba7625c0f6defb827251afcf05e7,,,0,0,[],21771767,local,17357747,,,,21771767,#/sources/analytical40-1025x1031/variants/band256,private-reference/a265fac83c738aa7/analytical40-1025x1031-band256.tif,"{""block"":[256,256],""creation_options"":[""NUM_THREADS=1"",""TILED=YES"",""BLOCKXSIZE=256"",""BLOCKYSIZE=256"",""COMPRESS=ZSTD"",""ZSTD_LEVEL=6"",""PREDICTOR=3"",""INTERLEAVE=BAND""],""driver"":""GTiff"",""image_structure"":{""COMPRESSION"":""ZSTD"",""INTERLEAVE"":""BAND"",""PREDICTOR"":""3""}}",bd0bde3197446d01bc63d18efeb6774b69f722ecd08db131080b50b0a15e905c,band256
C,analytical40-1025x1031|C|local,analytical40-1025x1031,0,0,26442685,43800432,,,,,,2.0625653070019325,,natural-ee,17357747,3d9dc03818d94d02df7f2d8b287f08b8879cba7625c0f6defb827251afcf05e7,,,0,0,[],26442685,local,17357747,,,,26442685,#/sources/analytical40-1025x1031/variants/cogband128,private-reference/1b663e4da653df89/analytical40-1025x1031-cogband128.tif,"{""block"":[128,128],""creation_options"":{""blocksize"":128,""compress"":""ZSTD"",""driver"":""COG"",""interleave"":""BAND"",""level"":6,""num_threads"":1,""overviews"":""NONE"",""predictor"":""FLOATING_POINT"",""statistics"":""NO""},""image_structure"":{""COMPRESSION"":""ZSTD"",""INTERLEAVE"":""BAND"",""LAYOUT"":""COG"",""PREDICTOR"":""3""}}",94f0e0ea92708461360a1d85c1b489772f86ea7c9b5670c6df749ebb6a814b6b,cogband128
D,analytical40-1025x1031|D|http0,analytical40-1025x1031,0,0,42018905,59376652,,,,,,2.199848275995464,,native-cog,17357747,3d9dc03818d94d02df7f2d8b287f08b8879cba7625c0f6defb827251afcf05e7,,,0,0,[],42018905,http0,17357747,,,,42018905,#/sources/analytical40-1025x1031/variants/cog128,private-reference/9362b2a99f14f2d2/analytical40-1025x1031-cog128.tif,"{""block"":[128,128],""creation_options"":[""NUM_THREADS=1"",""COMPRESS=ZSTD"",""LEVEL=6"",""PREDICTOR=FLOATING_POINT"",""BLOCKSIZE=128"",""OVERVIEWS=NONE"",""STATISTICS=NO""],""driver"":""COG"",""image_structure"":{""COMPRESSION"":""ZSTD"",""INTERLEAVE"":""PIXEL"",""LAYOUT"":""COG"",""PREDICTOR"":""3""}}",ec5bda67f0587e813f6ac673cfc554dcaef568ca99443fa8abcac2199b8a2368,cog128
D,analytical40-1025x1031|D|http0,analytical40-1025x1031,195968,2,26638653,43996400,,,,,0.8644069449946983,2.0625653070019325,,native-rsi256,17357747,3d9dc03818d94d02df7f2d8b287f08b8879cba7625c0f6defb827251afcf05e7,,,195968,2,"[""private-reference/0be7c1ae81876ecc/summary.rsi"",""private-reference/2231ea43c1664260/summary.rsi""]",26638653,http0,17357747,,,,26442685,#/sources/analytical40-1025x1031/variants/cogband128,private-reference/1b663e4da653df89/analytical40-1025x1031-cogband128.tif,"{""block"":[128,128],""creation_options"":{""blocksize"":128,""compress"":""ZSTD"",""driver"":""COG"",""interleave"":""BAND"",""level"":6,""num_threads"":1,""overviews"":""NONE"",""predictor"":""FLOATING_POINT"",""statistics"":""NO""},""image_structure"":{""COMPRESSION"":""ZSTD"",""INTERLEAVE"":""BAND"",""LAYOUT"":""COG"",""PREDICTOR"":""3""}}",94f0e0ea92708461360a1d85c1b489772f86ea7c9b5670c6df749ebb6a814b6b,cogband128
D,analytical40-1025x1031|D|http0,analytical40-1025x1031,811648,2,27254333,44612080,,,,,2.205835537999519,2.0625653070019325,,native-rsi64,17357747,3d9dc03818d94d02df7f2d8b287f08b8879cba7625c0f6defb827251afcf05e7,,,811648,2,"[""private-reference/1f9b4c1d50890813/summary.rsi"",""private-reference/677ca605901aa2f2/summary.rsi""]",27254333,http0,17357747,,,,26442685,#/sources/analytical40-1025x1031/variants/cogband128,private-reference/1b663e4da653df89/analytical40-1025x1031-cogband128.tif,"{""block"":[128,128],""creation_options"":{""blocksize"":128,""compress"":""ZSTD"",""driver"":""COG"",""interleave"":""BAND"",""level"":6,""num_threads"":1,""overviews"":""NONE"",""predictor"":""FLOATING_POINT"",""statistics"":""NO""},""image_structure"":{""COMPRESSION"":""ZSTD"",""INTERLEAVE"":""BAND"",""LAYOUT"":""COG"",""PREDICTOR"":""3""}}",94f0e0ea92708461360a1d85c1b489772f86ea7c9b5670c6df749ebb6a814b6b,cogband128
D,analytical40-1025x1031|D|http0,analytical40-1025x1031,0,0,24731327,42089074,1217.3047070000023,5959.514003,3544.960145999998,174.87127900000084,,6.005890303000342,0.03895012599241454,native-skv-raw,17357747,3d9dc03818d94d02df7f2d8b287f08b8879cba7625c0f6defb827251afcf05e7,,,0,0,[],24731327,http0,17357747,16384,618000,24096943,24731327,#/sources/analytical40-1025x1031/variants/skv,private-reference/0c569b03ddcc497b/analytical40-1025x1031-ordinary.skv,{},8ef7b924ffb874ead19bc66f6b6eee2463a008c0a13eb1541077b78330c3f61f,skv
D,analytical40-1025x1031|D|http0,analytical40-1025x1031,0,0,24731327,42089074,1217.3047070000023,5959.514003,3544.960145999998,174.87127900000084,,6.005890303000342,0.03895012599241454,native-skv-summary,17357747,3d9dc03818d94d02df7f2d8b287f08b8879cba7625c0f6defb827251afcf05e7,,,0,0,[],24731327,http0,17357747,16384,618000,24096943,24731327,#/sources/analytical40-1025x1031/variants/skv,private-reference/0c569b03ddcc497b/analytical40-1025x1031-ordinary.skv,{},8ef7b924ffb874ead19bc66f6b6eee2463a008c0a13eb1541077b78330c3f61f,skv
D,analytical40-1025x1031|D|http0,analytical40-1025x1031,0,0,21771767,39129514,,,,,,2.0424015850003343,,native-tiff,17357747,3d9dc03818d94d02df7f2d8b287f08b8879cba7625c0f6defb827251afcf05e7,,,0,0,[],21771767,http0,17357747,,,,21771767,#/sources/analytical40-1025x1031/variants/band256,private-reference/a265fac83c738aa7/analytical40-1025x1031-band256.tif,"{""block"":[256,256],""creation_options"":[""NUM_THREADS=1"",""TILED=YES"",""BLOCKXSIZE=256"",""BLOCKYSIZE=256"",""COMPRESS=ZSTD"",""ZSTD_LEVEL=6"",""PREDICTOR=3"",""INTERLEAVE=BAND""],""driver"":""GTiff"",""image_structure"":{""COMPRESSION"":""ZSTD"",""INTERLEAVE"":""BAND"",""PREDICTOR"":""3""}}",bd0bde3197446d01bc63d18efeb6774b69f722ecd08db131080b50b0a15e905c,band256
D,analytical40-1025x1031|D|http0,analytical40-1025x1031,0,0,26442685,43800432,,,,,,2.0625653070019325,,natural-ee,17357747,3d9dc03818d94d02df7f2d8b287f08b8879cba7625c0f6defb827251afcf05e7,,,0,0,[],26442685,http0,17357747,,,,26442685,#/sources/analytical40-1025x1031/variants/cogband128,private-reference/1b663e4da653df89/analytical40-1025x1031-cogband128.tif,"{""block"":[128,128],""creation_options"":{""blocksize"":128,""compress"":""ZSTD"",""driver"":""COG"",""interleave"":""BAND"",""level"":6,""num_threads"":1,""overviews"":""NONE"",""predictor"":""FLOATING_POINT"",""statistics"":""NO""},""image_structure"":{""COMPRESSION"":""ZSTD"",""INTERLEAVE"":""BAND"",""LAYOUT"":""COG"",""PREDICTOR"":""3""}}",94f0e0ea92708461360a1d85c1b489772f86ea7c9b5670c6df749ebb6a814b6b,cogband128
D,analytical40-1025x1031|D|local,analytical40-1025x1031,0,0,26442685,43800432,,,,,,2.0625653070019325,,native-cog,17357747,3d9dc03818d94d02df7f2d8b287f08b8879cba7625c0f6defb827251afcf05e7,,,0,0,[],26442685,local,17357747,,,,26442685,#/sources/analytical40-1025x1031/variants/cogband128,private-reference/1b663e4da653df89/analytical40-1025x1031-cogband128.tif,"{""block"":[128,128],""creation_options"":{""blocksize"":128,""compress"":""ZSTD"",""driver"":""COG"",""interleave"":""BAND"",""level"":6,""num_threads"":1,""overviews"":""NONE"",""predictor"":""FLOATING_POINT"",""statistics"":""NO""},""image_structure"":{""COMPRESSION"":""ZSTD"",""INTERLEAVE"":""BAND"",""LAYOUT"":""COG"",""PREDICTOR"":""3""}}",94f0e0ea92708461360a1d85c1b489772f86ea7c9b5670c6df749ebb6a814b6b,cogband128
D,analytical40-1025x1031|D|local,analytical40-1025x1031,195968,2,26638653,43996400,,,,,0.8644069449946983,2.0625653070019325,,native-rsi256,17357747,3d9dc03818d94d02df7f2d8b287f08b8879cba7625c0f6defb827251afcf05e7,,,195968,2,"[""private-reference/0be7c1ae81876ecc/summary.rsi"",""private-reference/2231ea43c1664260/summary.rsi""]",26638653,local,17357747,,,,26442685,#/sources/analytical40-1025x1031/variants/cogband128,private-reference/1b663e4da653df89/analytical40-1025x1031-cogband128.tif,"{""block"":[128,128],""creation_options"":{""blocksize"":128,""compress"":""ZSTD"",""driver"":""COG"",""interleave"":""BAND"",""level"":6,""num_threads"":1,""overviews"":""NONE"",""predictor"":""FLOATING_POINT"",""statistics"":""NO""},""image_structure"":{""COMPRESSION"":""ZSTD"",""INTERLEAVE"":""BAND"",""LAYOUT"":""COG"",""PREDICTOR"":""3""}}",94f0e0ea92708461360a1d85c1b489772f86ea7c9b5670c6df749ebb6a814b6b,cogband128
D,analytical40-1025x1031|D|local,analytical40-1025x1031,811648,2,27254333,44612080,,,,,2.205835537999519,2.0625653070019325,,native-rsi64,17357747,3d9dc03818d94d02df7f2d8b287f08b8879cba7625c0f6defb827251afcf05e7,,,811648,2,"[""private-reference/1f9b4c1d50890813/summary.rsi"",""private-reference/677ca605901aa2f2/summary.rsi""]",27254333,local,17357747,,,,26442685,#/sources/analytical40-1025x1031/variants/cogband128,private-reference/1b663e4da653df89/analytical40-1025x1031-cogband128.tif,"{""block"":[128,128],""creation_options"":{""blocksize"":128,""compress"":""ZSTD"",""driver"":""COG"",""interleave"":""BAND"",""level"":6,""num_threads"":1,""overviews"":""NONE"",""predictor"":""FLOATING_POINT"",""statistics"":""NO""},""image_structure"":{""COMPRESSION"":""ZSTD"",""INTERLEAVE"":""BAND"",""LAYOUT"":""COG"",""PREDICTOR"":""3""}}",94f0e0ea92708461360a1d85c1b489772f86ea7c9b5670c6df749ebb6a814b6b,cogband128
D,analytical40-1025x1031|D|local,analytical40-1025x1031,0,0,24731327,42089074,1217.3047070000023,5959.514003,3544.960145999998,174.87127900000084,,6.005890303000342,0.03895012599241454,native-skv-raw,17357747,3d9dc03818d94d02df7f2d8b287f08b8879cba7625c0f6defb827251afcf05e7,,,0,0,[],24731327,local,17357747,16384,618000,24096943,24731327,#/sources/analytical40-1025x1031/variants/skv,private-reference/0c569b03ddcc497b/analytical40-1025x1031-ordinary.skv,{},8ef7b924ffb874ead19bc66f6b6eee2463a008c0a13eb1541077b78330c3f61f,skv
D,analytical40-1025x1031|D|local,analytical40-1025x1031,0,0,24731327,42089074,1217.3047070000023,5959.514003,3544.960145999998,174.87127900000084,,6.005890303000342,0.03895012599241454,native-skv-summary,17357747,3d9dc03818d94d02df7f2d8b287f08b8879cba7625c0f6defb827251afcf05e7,,,0,0,[],24731327,local,17357747,16384,618000,24096943,24731327,#/sources/analytical40-1025x1031/variants/skv,private-reference/0c569b03ddcc497b/analytical40-1025x1031-ordinary.skv,{},8ef7b924ffb874ead19bc66f6b6eee2463a008c0a13eb1541077b78330c3f61f,skv
D,analytical40-1025x1031|D|local,analytical40-1025x1031,0,0,21771767,39129514,,,,,,2.0424015850003343,,native-tiff,17357747,3d9dc03818d94d02df7f2d8b287f08b8879cba7625c0f6defb827251afcf05e7,,,0,0,[],21771767,local,17357747,,,,21771767,#/sources/analytical40-1025x1031/variants/band256,private-reference/a265fac83c738aa7/analytical40-1025x1031-band256.tif,"{""block"":[256,256],""creation_options"":[""NUM_THREADS=1"",""TILED=YES"",""BLOCKXSIZE=256"",""BLOCKYSIZE=256"",""COMPRESS=ZSTD"",""ZSTD_LEVEL=6"",""PREDICTOR=3"",""INTERLEAVE=BAND""],""driver"":""GTiff"",""image_structure"":{""COMPRESSION"":""ZSTD"",""INTERLEAVE"":""BAND"",""PREDICTOR"":""3""}}",bd0bde3197446d01bc63d18efeb6774b69f722ecd08db131080b50b0a15e905c,band256
D,analytical40-1025x1031|D|local,analytical40-1025x1031,0,0,26442685,43800432,,,,,,2.0625653070019325,,natural-ee,17357747,3d9dc03818d94d02df7f2d8b287f08b8879cba7625c0f6defb827251afcf05e7,,,0,0,[],26442685,local,17357747,,,,26442685,#/sources/analytical40-1025x1031/variants/cogband128,private-reference/1b663e4da653df89/analytical40-1025x1031-cogband128.tif,"{""block"":[128,128],""creation_options"":{""blocksize"":128,""compress"":""ZSTD"",""driver"":""COG"",""interleave"":""BAND"",""level"":6,""num_threads"":1,""overviews"":""NONE"",""predictor"":""FLOATING_POINT"",""statistics"":""NO""},""image_structure"":{""COMPRESSION"":""ZSTD"",""INTERLEAVE"":""BAND"",""LAYOUT"":""COG"",""PREDICTOR"":""3""}}",94f0e0ea92708461360a1d85c1b489772f86ea7c9b5670c6df749ebb6a814b6b,cogband128
A,real-age36|A|http0,real-age36,0,0,27889906,55845288,,,,,,0.6404943719971925,,native-cog,27955382,be5c66b6a352318e81f856f2ece9c93c2c7810a01b20109a1cf7ca38899b4182,,,0,0,[],27889906,http0,27955382,,,,27889906,#/sources/real-age36/variants/cogband128,private-reference/44b359fcd53f8dd4/real-age36-cogband128.tif,"{""block"":[128,128],""creation_options"":{""blocksize"":128,""compress"":""ZSTD"",""driver"":""COG"",""interleave"":""BAND"",""level"":6,""num_threads"":1,""overviews"":""NONE"",""predictor"":""FLOATING_POINT"",""statistics"":""NO""},""image_structure"":{""COMPRESSION"":""ZSTD"",""INTERLEAVE"":""BAND"",""LAYOUT"":""COG"",""PREDICTOR"":""3""}}",63fc201e010ee772e20e07ca0f45b661a4256cfa9682e5e610eca90efa866a32,cogband128
A,real-age36|A|http0,real-age36,138592,2,28028498,55983880,,,,,0.2411603280052077,0.6404943719971925,,native-rsi256,27955382,be5c66b6a352318e81f856f2ece9c93c2c7810a01b20109a1cf7ca38899b4182,,,68896,1,"[""private-reference/607c2d3408414cc2/summary.rsi""]",27958802,http0,27955382,,,,27889906,#/sources/real-age36/variants/cogband128,private-reference/44b359fcd53f8dd4/real-age36-cogband128.tif,"{""block"":[128,128],""creation_options"":{""blocksize"":128,""compress"":""ZSTD"",""driver"":""COG"",""interleave"":""BAND"",""level"":6,""num_threads"":1,""overviews"":""NONE"",""predictor"":""FLOATING_POINT"",""statistics"":""NO""},""image_structure"":{""COMPRESSION"":""ZSTD"",""INTERLEAVE"":""BAND"",""LAYOUT"":""COG"",""PREDICTOR"":""3""}}",63fc201e010ee772e20e07ca0f45b661a4256cfa9682e5e610eca90efa866a32,cogband128
A,real-age36|A|http0,real-age36,258912,2,28148818,56104200,,,,,0.5497104680107441,0.6404943719971925,,native-rsi64,27955382,be5c66b6a352318e81f856f2ece9c93c2c7810a01b20109a1cf7ca38899b4182,,,122656,1,"[""private-reference/0ed47fd8a73125d2/summary.rsi""]",28012562,http0,27955382,,,,27889906,#/sources/real-age36/variants/cogband128,private-reference/44b359fcd53f8dd4/real-age36-cogband128.tif,"{""block"":[128,128],""creation_options"":{""blocksize"":128,""compress"":""ZSTD"",""driver"":""COG"",""interleave"":""BAND"",""level"":6,""num_threads"":1,""overviews"":""NONE"",""predictor"":""FLOATING_POINT"",""statistics"":""NO""},""image_structure"":{""COMPRESSION"":""ZSTD"",""INTERLEAVE"":""BAND"",""LAYOUT"":""COG"",""PREDICTOR"":""3""}}",63fc201e010ee772e20e07ca0f45b661a4256cfa9682e5e610eca90efa866a32,cogband128
A,real-age36|A|http0,real-age36,0,0,28933939,56889321,570.143173,1491.594218,527.2431079999999,39.029775000000036,,1.494648028005031,0.001770639995811507,native-skv-raw,27955382,be5c66b6a352318e81f856f2ece9c93c2c7810a01b20109a1cf7ca38899b4182,,,0,0,[],28933939,http0,27955382,16384,98880,28818675,28933939,#/sources/real-age36/variants/skv,private-reference/a95c27d76940f598/real-age36-ordinary.skv,{},466ccce9ed55b197fd80fae40575bb50b707d78e24a08384fbb8c6cb272eb77f,skv
A,real-age36|A|http0,real-age36,0,0,28933939,56889321,570.143173,1491.594218,527.2431079999999,39.029775000000036,,1.494648028005031,0.001770639995811507,native-skv-summary,27955382,be5c66b6a352318e81f856f2ece9c93c2c7810a01b20109a1cf7ca38899b4182,,,0,0,[],28933939,http0,27955382,16384,98880,28818675,28933939,#/sources/real-age36/variants/skv,private-reference/a95c27d76940f598/real-age36-ordinary.skv,{},466ccce9ed55b197fd80fae40575bb50b707d78e24a08384fbb8c6cb272eb77f,skv
A,real-age36|A|http0,real-age36,0,0,27830980,55786362,,,,,,0.6664572250010679,,native-tiff,27955382,be5c66b6a352318e81f856f2ece9c93c2c7810a01b20109a1cf7ca38899b4182,,,0,0,[],27830980,http0,27955382,,,,27830980,#/sources/real-age36/variants/band256,private-reference/edbd1c200caa6f28/real-age36-band256.tif,"{""block"":[256,256],""creation_options"":[""NUM_THREADS=1"",""TILED=YES"",""BLOCKXSIZE=256"",""BLOCKYSIZE=256"",""COMPRESS=ZSTD"",""ZSTD_LEVEL=6"",""PREDICTOR=3"",""INTERLEAVE=BAND""],""driver"":""GTiff"",""image_structure"":{""COMPRESSION"":""ZSTD"",""INTERLEAVE"":""BAND"",""PREDICTOR"":""3""}}",f7107702e92e1e7365c1b24d593e9fc28a01bb0a86b04c34190b46d64e013f70,band256
A,real-age36|A|http0,real-age36,0,0,27889906,55845288,,,,,,0.6404943719971925,,natural-ee,27955382,be5c66b6a352318e81f856f2ece9c93c2c7810a01b20109a1cf7ca38899b4182,,,0,0,[],27889906,http0,27955382,,,,27889906,#/sources/real-age36/variants/cogband128,private-reference/44b359fcd53f8dd4/real-age36-cogband128.tif,"{""block"":[128,128],""creation_options"":{""blocksize"":128,""compress"":""ZSTD"",""driver"":""COG"",""interleave"":""BAND"",""level"":6,""num_threads"":1,""overviews"":""NONE"",""predictor"":""FLOATING_POINT"",""statistics"":""NO""},""image_structure"":{""COMPRESSION"":""ZSTD"",""INTERLEAVE"":""BAND"",""LAYOUT"":""COG"",""PREDICTOR"":""3""}}",63fc201e010ee772e20e07ca0f45b661a4256cfa9682e5e610eca90efa866a32,cogband128
A,real-age36|A|local,real-age36,0,0,27889906,55845288,,,,,,0.6404943719971925,,native-cog,27955382,be5c66b6a352318e81f856f2ece9c93c2c7810a01b20109a1cf7ca38899b4182,,,0,0,[],27889906,local,27955382,,,,27889906,#/sources/real-age36/variants/cogband128,private-reference/44b359fcd53f8dd4/real-age36-cogband128.tif,"{""block"":[128,128],""creation_options"":{""blocksize"":128,""compress"":""ZSTD"",""driver"":""COG"",""interleave"":""BAND"",""level"":6,""num_threads"":1,""overviews"":""NONE"",""predictor"":""FLOATING_POINT"",""statistics"":""NO""},""image_structure"":{""COMPRESSION"":""ZSTD"",""INTERLEAVE"":""BAND"",""LAYOUT"":""COG"",""PREDICTOR"":""3""}}",63fc201e010ee772e20e07ca0f45b661a4256cfa9682e5e610eca90efa866a32,cogband128
A,real-age36|A|local,real-age36,138592,2,28028498,55983880,,,,,0.2411603280052077,0.6404943719971925,,native-rsi256,27955382,be5c66b6a352318e81f856f2ece9c93c2c7810a01b20109a1cf7ca38899b4182,,,68896,1,"[""private-reference/607c2d3408414cc2/summary.rsi""]",27958802,local,27955382,,,,27889906,#/sources/real-age36/variants/cogband128,private-reference/44b359fcd53f8dd4/real-age36-cogband128.tif,"{""block"":[128,128],""creation_options"":{""blocksize"":128,""compress"":""ZSTD"",""driver"":""COG"",""interleave"":""BAND"",""level"":6,""num_threads"":1,""overviews"":""NONE"",""predictor"":""FLOATING_POINT"",""statistics"":""NO""},""image_structure"":{""COMPRESSION"":""ZSTD"",""INTERLEAVE"":""BAND"",""LAYOUT"":""COG"",""PREDICTOR"":""3""}}",63fc201e010ee772e20e07ca0f45b661a4256cfa9682e5e610eca90efa866a32,cogband128
A,real-age36|A|local,real-age36,258912,2,28148818,56104200,,,,,0.5497104680107441,0.6404943719971925,,native-rsi64,27955382,be5c66b6a352318e81f856f2ece9c93c2c7810a01b20109a1cf7ca38899b4182,,,122656,1,"[""private-reference/0ed47fd8a73125d2/summary.rsi""]",28012562,local,27955382,,,,27889906,#/sources/real-age36/variants/cogband128,private-reference/44b359fcd53f8dd4/real-age36-cogband128.tif,"{""block"":[128,128],""creation_options"":{""blocksize"":128,""compress"":""ZSTD"",""driver"":""COG"",""interleave"":""BAND"",""level"":6,""num_threads"":1,""overviews"":""NONE"",""predictor"":""FLOATING_POINT"",""statistics"":""NO""},""image_structure"":{""COMPRESSION"":""ZSTD"",""INTERLEAVE"":""BAND"",""LAYOUT"":""COG"",""PREDICTOR"":""3""}}",63fc201e010ee772e20e07ca0f45b661a4256cfa9682e5e610eca90efa866a32,cogband128
A,real-age36|A|local,real-age36,0,0,28933939,56889321,570.143173,1491.594218,527.2431079999999,39.029775000000036,,1.494648028005031,0.001770639995811507,native-skv-raw,27955382,be5c66b6a352318e81f856f2ece9c93c2c7810a01b20109a1cf7ca38899b4182,,,0,0,[],28933939,local,27955382,16384,98880,28818675,28933939,#/sources/real-age36/variants/skv,private-reference/a95c27d76940f598/real-age36-ordinary.skv,{},466ccce9ed55b197fd80fae40575bb50b707d78e24a08384fbb8c6cb272eb77f,skv
A,real-age36|A|local,real-age36,0,0,28933939,56889321,570.143173,1491.594218,527.2431079999999,39.029775000000036,,1.494648028005031,0.001770639995811507,native-skv-summary,27955382,be5c66b6a352318e81f856f2ece9c93c2c7810a01b20109a1cf7ca38899b4182,,,0,0,[],28933939,local,27955382,16384,98880,28818675,28933939,#/sources/real-age36/variants/skv,private-reference/a95c27d76940f598/real-age36-ordinary.skv,{},466ccce9ed55b197fd80fae40575bb50b707d78e24a08384fbb8c6cb272eb77f,skv
A,real-age36|A|local,real-age36,0,0,27830980,55786362,,,,,,0.6664572250010679,,native-tiff,27955382,be5c66b6a352318e81f856f2ece9c93c2c7810a01b20109a1cf7ca38899b4182,,,0,0,[],27830980,local,27955382,,,,27830980,#/sources/real-age36/variants/band256,private-reference/edbd1c200caa6f28/real-age36-band256.tif,"{""block"":[256,256],""creation_options"":[""NUM_THREADS=1"",""TILED=YES"",""BLOCKXSIZE=256"",""BLOCKYSIZE=256"",""COMPRESS=ZSTD"",""ZSTD_LEVEL=6"",""PREDICTOR=3"",""INTERLEAVE=BAND""],""driver"":""GTiff"",""image_structure"":{""COMPRESSION"":""ZSTD"",""INTERLEAVE"":""BAND"",""PREDICTOR"":""3""}}",f7107702e92e1e7365c1b24d593e9fc28a01bb0a86b04c34190b46d64e013f70,band256
A,real-age36|A|local,real-age36,0,0,27889906,55845288,,,,,,0.6404943719971925,,natural-ee,27955382,be5c66b6a352318e81f856f2ece9c93c2c7810a01b20109a1cf7ca38899b4182,,,0,0,[],27889906,local,27955382,,,,27889906,#/sources/real-age36/variants/cogband128,private-reference/44b359fcd53f8dd4/real-age36-cogband128.tif,"{""block"":[128,128],""creation_options"":{""blocksize"":128,""compress"":""ZSTD"",""driver"":""COG"",""interleave"":""BAND"",""level"":6,""num_threads"":1,""overviews"":""NONE"",""predictor"":""FLOATING_POINT"",""statistics"":""NO""},""image_structure"":{""COMPRESSION"":""ZSTD"",""INTERLEAVE"":""BAND"",""LAYOUT"":""COG"",""PREDICTOR"":""3""}}",63fc201e010ee772e20e07ca0f45b661a4256cfa9682e5e610eca90efa866a32,cogband128
B,real-age36|B|http0,real-age36,0,0,27889906,55845288,,,,,,0.6404943719971925,,native-cog,27955382,be5c66b6a352318e81f856f2ece9c93c2c7810a01b20109a1cf7ca38899b4182,,,0,0,[],27889906,http0,27955382,,,,27889906,#/sources/real-age36/variants/cogband128,private-reference/44b359fcd53f8dd4/real-age36-cogband128.tif,"{""block"":[128,128],""creation_options"":{""blocksize"":128,""compress"":""ZSTD"",""driver"":""COG"",""interleave"":""BAND"",""level"":6,""num_threads"":1,""overviews"":""NONE"",""predictor"":""FLOATING_POINT"",""statistics"":""NO""},""image_structure"":{""COMPRESSION"":""ZSTD"",""INTERLEAVE"":""BAND"",""LAYOUT"":""COG"",""PREDICTOR"":""3""}}",63fc201e010ee772e20e07ca0f45b661a4256cfa9682e5e610eca90efa866a32,cogband128
B,real-age36|B|http0,real-age36,138592,2,28028498,55983880,,,,,0.2411603280052077,0.6404943719971925,,native-rsi256,27955382,be5c66b6a352318e81f856f2ece9c93c2c7810a01b20109a1cf7ca38899b4182,,,68896,1,"[""private-reference/607c2d3408414cc2/summary.rsi""]",27958802,http0,27955382,,,,27889906,#/sources/real-age36/variants/cogband128,private-reference/44b359fcd53f8dd4/real-age36-cogband128.tif,"{""block"":[128,128],""creation_options"":{""blocksize"":128,""compress"":""ZSTD"",""driver"":""COG"",""interleave"":""BAND"",""level"":6,""num_threads"":1,""overviews"":""NONE"",""predictor"":""FLOATING_POINT"",""statistics"":""NO""},""image_structure"":{""COMPRESSION"":""ZSTD"",""INTERLEAVE"":""BAND"",""LAYOUT"":""COG"",""PREDICTOR"":""3""}}",63fc201e010ee772e20e07ca0f45b661a4256cfa9682e5e610eca90efa866a32,cogband128
B,real-age36|B|http0,real-age36,258912,2,28148818,56104200,,,,,0.5497104680107441,0.6404943719971925,,native-rsi64,27955382,be5c66b6a352318e81f856f2ece9c93c2c7810a01b20109a1cf7ca38899b4182,,,122656,1,"[""private-reference/0ed47fd8a73125d2/summary.rsi""]",28012562,http0,27955382,,,,27889906,#/sources/real-age36/variants/cogband128,private-reference/44b359fcd53f8dd4/real-age36-cogband128.tif,"{""block"":[128,128],""creation_options"":{""blocksize"":128,""compress"":""ZSTD"",""driver"":""COG"",""interleave"":""BAND"",""level"":6,""num_threads"":1,""overviews"":""NONE"",""predictor"":""FLOATING_POINT"",""statistics"":""NO""},""image_structure"":{""COMPRESSION"":""ZSTD"",""INTERLEAVE"":""BAND"",""LAYOUT"":""COG"",""PREDICTOR"":""3""}}",63fc201e010ee772e20e07ca0f45b661a4256cfa9682e5e610eca90efa866a32,cogband128
B,real-age36|B|http0,real-age36,0,0,28933939,56889321,570.143173,1491.594218,527.2431079999999,39.029775000000036,,1.494648028005031,0.001770639995811507,native-skv-raw,27955382,be5c66b6a352318e81f856f2ece9c93c2c7810a01b20109a1cf7ca38899b4182,,,0,0,[],28933939,http0,27955382,16384,98880,28818675,28933939,#/sources/real-age36/variants/skv,private-reference/a95c27d76940f598/real-age36-ordinary.skv,{},466ccce9ed55b197fd80fae40575bb50b707d78e24a08384fbb8c6cb272eb77f,skv
B,real-age36|B|http0,real-age36,0,0,28933939,56889321,570.143173,1491.594218,527.2431079999999,39.029775000000036,,1.494648028005031,0.001770639995811507,native-skv-summary,27955382,be5c66b6a352318e81f856f2ece9c93c2c7810a01b20109a1cf7ca38899b4182,,,0,0,[],28933939,http0,27955382,16384,98880,28818675,28933939,#/sources/real-age36/variants/skv,private-reference/a95c27d76940f598/real-age36-ordinary.skv,{},466ccce9ed55b197fd80fae40575bb50b707d78e24a08384fbb8c6cb272eb77f,skv
B,real-age36|B|http0,real-age36,0,0,27830980,55786362,,,,,,0.6664572250010679,,native-tiff,27955382,be5c66b6a352318e81f856f2ece9c93c2c7810a01b20109a1cf7ca38899b4182,,,0,0,[],27830980,http0,27955382,,,,27830980,#/sources/real-age36/variants/band256,private-reference/edbd1c200caa6f28/real-age36-band256.tif,"{""block"":[256,256],""creation_options"":[""NUM_THREADS=1"",""TILED=YES"",""BLOCKXSIZE=256"",""BLOCKYSIZE=256"",""COMPRESS=ZSTD"",""ZSTD_LEVEL=6"",""PREDICTOR=3"",""INTERLEAVE=BAND""],""driver"":""GTiff"",""image_structure"":{""COMPRESSION"":""ZSTD"",""INTERLEAVE"":""BAND"",""PREDICTOR"":""3""}}",f7107702e92e1e7365c1b24d593e9fc28a01bb0a86b04c34190b46d64e013f70,band256
B,real-age36|B|http0,real-age36,0,0,27889906,55845288,,,,,,0.6404943719971925,,natural-ee,27955382,be5c66b6a352318e81f856f2ece9c93c2c7810a01b20109a1cf7ca38899b4182,,,0,0,[],27889906,http0,27955382,,,,27889906,#/sources/real-age36/variants/cogband128,private-reference/44b359fcd53f8dd4/real-age36-cogband128.tif,"{""block"":[128,128],""creation_options"":{""blocksize"":128,""compress"":""ZSTD"",""driver"":""COG"",""interleave"":""BAND"",""level"":6,""num_threads"":1,""overviews"":""NONE"",""predictor"":""FLOATING_POINT"",""statistics"":""NO""},""image_structure"":{""COMPRESSION"":""ZSTD"",""INTERLEAVE"":""BAND"",""LAYOUT"":""COG"",""PREDICTOR"":""3""}}",63fc201e010ee772e20e07ca0f45b661a4256cfa9682e5e610eca90efa866a32,cogband128
B,real-age36|B|local,real-age36,0,0,27889906,55845288,,,,,,0.6404943719971925,,native-cog,27955382,be5c66b6a352318e81f856f2ece9c93c2c7810a01b20109a1cf7ca38899b4182,,,0,0,[],27889906,local,27955382,,,,27889906,#/sources/real-age36/variants/cogband128,private-reference/44b359fcd53f8dd4/real-age36-cogband128.tif,"{""block"":[128,128],""creation_options"":{""blocksize"":128,""compress"":""ZSTD"",""driver"":""COG"",""interleave"":""BAND"",""level"":6,""num_threads"":1,""overviews"":""NONE"",""predictor"":""FLOATING_POINT"",""statistics"":""NO""},""image_structure"":{""COMPRESSION"":""ZSTD"",""INTERLEAVE"":""BAND"",""LAYOUT"":""COG"",""PREDICTOR"":""3""}}",63fc201e010ee772e20e07ca0f45b661a4256cfa9682e5e610eca90efa866a32,cogband128
B,real-age36|B|local,real-age36,138592,2,28028498,55983880,,,,,0.2411603280052077,0.6404943719971925,,native-rsi256,27955382,be5c66b6a352318e81f856f2ece9c93c2c7810a01b20109a1cf7ca38899b4182,,,68896,1,"[""private-reference/607c2d3408414cc2/summary.rsi""]",27958802,local,27955382,,,,27889906,#/sources/real-age36/variants/cogband128,private-reference/44b359fcd53f8dd4/real-age36-cogband128.tif,"{""block"":[128,128],""creation_options"":{""blocksize"":128,""compress"":""ZSTD"",""driver"":""COG"",""interleave"":""BAND"",""level"":6,""num_threads"":1,""overviews"":""NONE"",""predictor"":""FLOATING_POINT"",""statistics"":""NO""},""image_structure"":{""COMPRESSION"":""ZSTD"",""INTERLEAVE"":""BAND"",""LAYOUT"":""COG"",""PREDICTOR"":""3""}}",63fc201e010ee772e20e07ca0f45b661a4256cfa9682e5e610eca90efa866a32,cogband128
B,real-age36|B|local,real-age36,258912,2,28148818,56104200,,,,,0.5497104680107441,0.6404943719971925,,native-rsi64,27955382,be5c66b6a352318e81f856f2ece9c93c2c7810a01b20109a1cf7ca38899b4182,,,122656,1,"[""private-reference/0ed47fd8a73125d2/summary.rsi""]",28012562,local,27955382,,,,27889906,#/sources/real-age36/variants/cogband128,private-reference/44b359fcd53f8dd4/real-age36-cogband128.tif,"{""block"":[128,128],""creation_options"":{""blocksize"":128,""compress"":""ZSTD"",""driver"":""COG"",""interleave"":""BAND"",""level"":6,""num_threads"":1,""overviews"":""NONE"",""predictor"":""FLOATING_POINT"",""statistics"":""NO""},""image_structure"":{""COMPRESSION"":""ZSTD"",""INTERLEAVE"":""BAND"",""LAYOUT"":""COG"",""PREDICTOR"":""3""}}",63fc201e010ee772e20e07ca0f45b661a4256cfa9682e5e610eca90efa866a32,cogband128
B,real-age36|B|local,real-age36,0,0,28933939,56889321,570.143173,1491.594218,527.2431079999999,39.029775000000036,,1.494648028005031,0.001770639995811507,native-skv-raw,27955382,be5c66b6a352318e81f856f2ece9c93c2c7810a01b20109a1cf7ca38899b4182,,,0,0,[],28933939,local,27955382,16384,98880,28818675,28933939,#/sources/real-age36/variants/skv,private-reference/a95c27d76940f598/real-age36-ordinary.skv,{},466ccce9ed55b197fd80fae40575bb50b707d78e24a08384fbb8c6cb272eb77f,skv
B,real-age36|B|local,real-age36,0,0,28933939,56889321,570.143173,1491.594218,527.2431079999999,39.029775000000036,,1.494648028005031,0.001770639995811507,native-skv-summary,27955382,be5c66b6a352318e81f856f2ece9c93c2c7810a01b20109a1cf7ca38899b4182,,,0,0,[],28933939,local,27955382,16384,98880,28818675,28933939,#/sources/real-age36/variants/skv,private-reference/a95c27d76940f598/real-age36-ordinary.skv,{},466ccce9ed55b197fd80fae40575bb50b707d78e24a08384fbb8c6cb272eb77f,skv
B,real-age36|B|local,real-age36,0,0,27830980,55786362,,,,,,0.6664572250010679,,native-tiff,27955382,be5c66b6a352318e81f856f2ece9c93c2c7810a01b20109a1cf7ca38899b4182,,,0,0,[],27830980,local,27955382,,,,27830980,#/sources/real-age36/variants/band256,private-reference/edbd1c200caa6f28/real-age36-band256.tif,"{""block"":[256,256],""creation_options"":[""NUM_THREADS=1"",""TILED=YES"",""BLOCKXSIZE=256"",""BLOCKYSIZE=256"",""COMPRESS=ZSTD"",""ZSTD_LEVEL=6"",""PREDICTOR=3"",""INTERLEAVE=BAND""],""driver"":""GTiff"",""image_structure"":{""COMPRESSION"":""ZSTD"",""INTERLEAVE"":""BAND"",""PREDICTOR"":""3""}}",f7107702e92e1e7365c1b24d593e9fc28a01bb0a86b04c34190b46d64e013f70,band256
B,real-age36|B|local,real-age36,0,0,27889906,55845288,,,,,,0.6404943719971925,,natural-ee,27955382,be5c66b6a352318e81f856f2ece9c93c2c7810a01b20109a1cf7ca38899b4182,,,0,0,[],27889906,local,27955382,,,,27889906,#/sources/real-age36/variants/cogband128,private-reference/44b359fcd53f8dd4/real-age36-cogband128.tif,"{""block"":[128,128],""creation_options"":{""blocksize"":128,""compress"":""ZSTD"",""driver"":""COG"",""interleave"":""BAND"",""level"":6,""num_threads"":1,""overviews"":""NONE"",""predictor"":""FLOATING_POINT"",""statistics"":""NO""},""image_structure"":{""COMPRESSION"":""ZSTD"",""INTERLEAVE"":""BAND"",""LAYOUT"":""COG"",""PREDICTOR"":""3""}}",63fc201e010ee772e20e07ca0f45b661a4256cfa9682e5e610eca90efa866a32,cogband128
C,real-age36|C|http0,real-age36,0,0,21326870,49282252,,,,,,0.4984444000001531,,native-cog,27955382,be5c66b6a352318e81f856f2ece9c93c2c7810a01b20109a1cf7ca38899b4182,,,0,0,[],21326870,http0,27955382,,,,21326870,#/sources/real-age36/variants/cog128,private-reference/f7d3c77190174923/real-age36-cog128.tif,"{""block"":[128,128],""creation_options"":[""NUM_THREADS=1"",""COMPRESS=ZSTD"",""LEVEL=6"",""PREDICTOR=FLOATING_POINT"",""BLOCKSIZE=128"",""OVERVIEWS=NONE"",""STATISTICS=NO""],""driver"":""COG"",""image_structure"":{""COMPRESSION"":""ZSTD"",""INTERLEAVE"":""PIXEL"",""LAYOUT"":""COG"",""PREDICTOR"":""3""}}",cff794fb965ecc372ab962e426b8b0aa88ea9ec2f7254ef9c4d54450feab0df1,cog128
C,real-age36|C|http0,real-age36,138592,2,21394928,49350310,,,,,0.2963765210006386,0.6566828129871283,,native-rsi256,27955382,be5c66b6a352318e81f856f2ece9c93c2c7810a01b20109a1cf7ca38899b4182,,,138592,2,"[""private-reference/8fcab76f95cf2bb9/summary.rsi"",""private-reference/d6aee2336ef16f2c/summary.rsi""]",21394928,http0,27955382,,,,21256336,#/sources/real-age36/variants/cog256,private-reference/1b81356a3482c101/real-age36-cog256.tif,"{""block"":[256,256],""creation_options"":[""NUM_THREADS=1"",""COMPRESS=ZSTD"",""LEVEL=6"",""PREDICTOR=FLOATING_POINT"",""BLOCKSIZE=256"",""OVERVIEWS=NONE"",""STATISTICS=NO""],""driver"":""COG"",""image_structure"":{""COMPRESSION"":""ZSTD"",""INTERLEAVE"":""PIXEL"",""LAYOUT"":""COG"",""PREDICTOR"":""3""}}",9316c463172c59c5ebead860046bd0dc1e4366f7c4c00b2a033548b1934c191b,cog256
C,real-age36|C|http0,real-age36,258912,2,28148818,56104200,,,,,0.5497104680107441,0.6404943719971925,,native-rsi64,27955382,be5c66b6a352318e81f856f2ece9c93c2c7810a01b20109a1cf7ca38899b4182,,,258912,2,"[""private-reference/9290d9b1a63d6509/summary.rsi"",""private-reference/0ed47fd8a73125d2/summary.rsi""]",28148818,http0,27955382,,,,27889906,#/sources/real-age36/variants/cogband128,private-reference/44b359fcd53f8dd4/real-age36-cogband128.tif,"{""block"":[128,128],""creation_options"":{""blocksize"":128,""compress"":""ZSTD"",""driver"":""COG"",""interleave"":""BAND"",""level"":6,""num_threads"":1,""overviews"":""NONE"",""predictor"":""FLOATING_POINT"",""statistics"":""NO""},""image_structure"":{""COMPRESSION"":""ZSTD"",""INTERLEAVE"":""BAND"",""LAYOUT"":""COG"",""PREDICTOR"":""3""}}",63fc201e010ee772e20e07ca0f45b661a4256cfa9682e5e610eca90efa866a32,cogband128
C,real-age36|C|http0,real-age36,0,0,28933939,56889321,570.143173,1491.594218,527.2431079999999,39.029775000000036,,1.494648028005031,0.001770639995811507,native-skv-raw,27955382,be5c66b6a352318e81f856f2ece9c93c2c7810a01b20109a1cf7ca38899b4182,,,0,0,[],28933939,http0,27955382,16384,98880,28818675,28933939,#/sources/real-age36/variants/skv,private-reference/a95c27d76940f598/real-age36-ordinary.skv,{},466ccce9ed55b197fd80fae40575bb50b707d78e24a08384fbb8c6cb272eb77f,skv
C,real-age36|C|http0,real-age36,0,0,28933939,56889321,570.143173,1491.594218,527.2431079999999,39.029775000000036,,1.494648028005031,0.001770639995811507,native-skv-summary,27955382,be5c66b6a352318e81f856f2ece9c93c2c7810a01b20109a1cf7ca38899b4182,,,0,0,[],28933939,http0,27955382,16384,98880,28818675,28933939,#/sources/real-age36/variants/skv,private-reference/a95c27d76940f598/real-age36-ordinary.skv,{},466ccce9ed55b197fd80fae40575bb50b707d78e24a08384fbb8c6cb272eb77f,skv
C,real-age36|C|http0,real-age36,0,0,27830980,55786362,,,,,,0.6664572250010679,,native-tiff,27955382,be5c66b6a352318e81f856f2ece9c93c2c7810a01b20109a1cf7ca38899b4182,,,0,0,[],27830980,http0,27955382,,,,27830980,#/sources/real-age36/variants/band256,private-reference/edbd1c200caa6f28/real-age36-band256.tif,"{""block"":[256,256],""creation_options"":[""NUM_THREADS=1"",""TILED=YES"",""BLOCKXSIZE=256"",""BLOCKYSIZE=256"",""COMPRESS=ZSTD"",""ZSTD_LEVEL=6"",""PREDICTOR=3"",""INTERLEAVE=BAND""],""driver"":""GTiff"",""image_structure"":{""COMPRESSION"":""ZSTD"",""INTERLEAVE"":""BAND"",""PREDICTOR"":""3""}}",f7107702e92e1e7365c1b24d593e9fc28a01bb0a86b04c34190b46d64e013f70,band256
C,real-age36|C|http0,real-age36,0,0,21326870,49282252,,,,,,0.4984444000001531,,natural-ee,27955382,be5c66b6a352318e81f856f2ece9c93c2c7810a01b20109a1cf7ca38899b4182,,,0,0,[],21326870,http0,27955382,,,,21326870,#/sources/real-age36/variants/cog128,private-reference/f7d3c77190174923/real-age36-cog128.tif,"{""block"":[128,128],""creation_options"":[""NUM_THREADS=1"",""COMPRESS=ZSTD"",""LEVEL=6"",""PREDICTOR=FLOATING_POINT"",""BLOCKSIZE=128"",""OVERVIEWS=NONE"",""STATISTICS=NO""],""driver"":""COG"",""image_structure"":{""COMPRESSION"":""ZSTD"",""INTERLEAVE"":""PIXEL"",""LAYOUT"":""COG"",""PREDICTOR"":""3""}}",cff794fb965ecc372ab962e426b8b0aa88ea9ec2f7254ef9c4d54450feab0df1,cog128
C,real-age36|C|local,real-age36,0,0,27889906,55845288,,,,,,0.6404943719971925,,native-cog,27955382,be5c66b6a352318e81f856f2ece9c93c2c7810a01b20109a1cf7ca38899b4182,,,0,0,[],27889906,local,27955382,,,,27889906,#/sources/real-age36/variants/cogband128,private-reference/44b359fcd53f8dd4/real-age36-cogband128.tif,"{""block"":[128,128],""creation_options"":{""blocksize"":128,""compress"":""ZSTD"",""driver"":""COG"",""interleave"":""BAND"",""level"":6,""num_threads"":1,""overviews"":""NONE"",""predictor"":""FLOATING_POINT"",""statistics"":""NO""},""image_structure"":{""COMPRESSION"":""ZSTD"",""INTERLEAVE"":""BAND"",""LAYOUT"":""COG"",""PREDICTOR"":""3""}}",63fc201e010ee772e20e07ca0f45b661a4256cfa9682e5e610eca90efa866a32,cogband128
C,real-age36|C|local,real-age36,138592,2,28028498,55983880,,,,,0.2411603280052077,0.6404943719971925,,native-rsi256,27955382,be5c66b6a352318e81f856f2ece9c93c2c7810a01b20109a1cf7ca38899b4182,,,138592,2,"[""private-reference/15770bc59d13cb3a/summary.rsi"",""private-reference/607c2d3408414cc2/summary.rsi""]",28028498,local,27955382,,,,27889906,#/sources/real-age36/variants/cogband128,private-reference/44b359fcd53f8dd4/real-age36-cogband128.tif,"{""block"":[128,128],""creation_options"":{""blocksize"":128,""compress"":""ZSTD"",""driver"":""COG"",""interleave"":""BAND"",""level"":6,""num_threads"":1,""overviews"":""NONE"",""predictor"":""FLOATING_POINT"",""statistics"":""NO""},""image_structure"":{""COMPRESSION"":""ZSTD"",""INTERLEAVE"":""BAND"",""LAYOUT"":""COG"",""PREDICTOR"":""3""}}",63fc201e010ee772e20e07ca0f45b661a4256cfa9682e5e610eca90efa866a32,cogband128
C,real-age36|C|local,real-age36,258912,2,28148818,56104200,,,,,0.5497104680107441,0.6404943719971925,,native-rsi64,27955382,be5c66b6a352318e81f856f2ece9c93c2c7810a01b20109a1cf7ca38899b4182,,,258912,2,"[""private-reference/9290d9b1a63d6509/summary.rsi"",""private-reference/0ed47fd8a73125d2/summary.rsi""]",28148818,local,27955382,,,,27889906,#/sources/real-age36/variants/cogband128,private-reference/44b359fcd53f8dd4/real-age36-cogband128.tif,"{""block"":[128,128],""creation_options"":{""blocksize"":128,""compress"":""ZSTD"",""driver"":""COG"",""interleave"":""BAND"",""level"":6,""num_threads"":1,""overviews"":""NONE"",""predictor"":""FLOATING_POINT"",""statistics"":""NO""},""image_structure"":{""COMPRESSION"":""ZSTD"",""INTERLEAVE"":""BAND"",""LAYOUT"":""COG"",""PREDICTOR"":""3""}}",63fc201e010ee772e20e07ca0f45b661a4256cfa9682e5e610eca90efa866a32,cogband128
C,real-age36|C|local,real-age36,0,0,28933939,56889321,570.143173,1491.594218,527.2431079999999,39.029775000000036,,1.494648028005031,0.001770639995811507,native-skv-raw,27955382,be5c66b6a352318e81f856f2ece9c93c2c7810a01b20109a1cf7ca38899b4182,,,0,0,[],28933939,local,27955382,16384,98880,28818675,28933939,#/sources/real-age36/variants/skv,private-reference/a95c27d76940f598/real-age36-ordinary.skv,{},466ccce9ed55b197fd80fae40575bb50b707d78e24a08384fbb8c6cb272eb77f,skv
C,real-age36|C|local,real-age36,0,0,28933939,56889321,570.143173,1491.594218,527.2431079999999,39.029775000000036,,1.494648028005031,0.001770639995811507,native-skv-summary,27955382,be5c66b6a352318e81f856f2ece9c93c2c7810a01b20109a1cf7ca38899b4182,,,0,0,[],28933939,local,27955382,16384,98880,28818675,28933939,#/sources/real-age36/variants/skv,private-reference/a95c27d76940f598/real-age36-ordinary.skv,{},466ccce9ed55b197fd80fae40575bb50b707d78e24a08384fbb8c6cb272eb77f,skv
C,real-age36|C|local,real-age36,0,0,27830980,55786362,,,,,,0.6664572250010679,,native-tiff,27955382,be5c66b6a352318e81f856f2ece9c93c2c7810a01b20109a1cf7ca38899b4182,,,0,0,[],27830980,local,27955382,,,,27830980,#/sources/real-age36/variants/band256,private-reference/edbd1c200caa6f28/real-age36-band256.tif,"{""block"":[256,256],""creation_options"":[""NUM_THREADS=1"",""TILED=YES"",""BLOCKXSIZE=256"",""BLOCKYSIZE=256"",""COMPRESS=ZSTD"",""ZSTD_LEVEL=6"",""PREDICTOR=3"",""INTERLEAVE=BAND""],""driver"":""GTiff"",""image_structure"":{""COMPRESSION"":""ZSTD"",""INTERLEAVE"":""BAND"",""PREDICTOR"":""3""}}",f7107702e92e1e7365c1b24d593e9fc28a01bb0a86b04c34190b46d64e013f70,band256
C,real-age36|C|local,real-age36,0,0,21326870,49282252,,,,,,0.4984444000001531,,natural-ee,27955382,be5c66b6a352318e81f856f2ece9c93c2c7810a01b20109a1cf7ca38899b4182,,,0,0,[],21326870,local,27955382,,,,21326870,#/sources/real-age36/variants/cog128,private-reference/f7d3c77190174923/real-age36-cog128.tif,"{""block"":[128,128],""creation_options"":[""NUM_THREADS=1"",""COMPRESS=ZSTD"",""LEVEL=6"",""PREDICTOR=FLOATING_POINT"",""BLOCKSIZE=128"",""OVERVIEWS=NONE"",""STATISTICS=NO""],""driver"":""COG"",""image_structure"":{""COMPRESSION"":""ZSTD"",""INTERLEAVE"":""PIXEL"",""LAYOUT"":""COG"",""PREDICTOR"":""3""}}",cff794fb965ecc372ab962e426b8b0aa88ea9ec2f7254ef9c4d54450feab0df1,cog128
D,real-age36|D|http0,real-age36,0,0,21326870,49282252,,,,,,0.4984444000001531,,native-cog,27955382,be5c66b6a352318e81f856f2ece9c93c2c7810a01b20109a1cf7ca38899b4182,,,0,0,[],21326870,http0,27955382,,,,21326870,#/sources/real-age36/variants/cog128,private-reference/f7d3c77190174923/real-age36-cog128.tif,"{""block"":[128,128],""creation_options"":[""NUM_THREADS=1"",""COMPRESS=ZSTD"",""LEVEL=6"",""PREDICTOR=FLOATING_POINT"",""BLOCKSIZE=128"",""OVERVIEWS=NONE"",""STATISTICS=NO""],""driver"":""COG"",""image_structure"":{""COMPRESSION"":""ZSTD"",""INTERLEAVE"":""PIXEL"",""LAYOUT"":""COG"",""PREDICTOR"":""3""}}",cff794fb965ecc372ab962e426b8b0aa88ea9ec2f7254ef9c4d54450feab0df1,cog128
D,real-age36|D|http0,real-age36,138592,2,21394928,49350310,,,,,0.2963765210006386,0.6566828129871283,,native-rsi256,27955382,be5c66b6a352318e81f856f2ece9c93c2c7810a01b20109a1cf7ca38899b4182,,,138592,2,"[""private-reference/8fcab76f95cf2bb9/summary.rsi"",""private-reference/d6aee2336ef16f2c/summary.rsi""]",21394928,http0,27955382,,,,21256336,#/sources/real-age36/variants/cog256,private-reference/1b81356a3482c101/real-age36-cog256.tif,"{""block"":[256,256],""creation_options"":[""NUM_THREADS=1"",""COMPRESS=ZSTD"",""LEVEL=6"",""PREDICTOR=FLOATING_POINT"",""BLOCKSIZE=256"",""OVERVIEWS=NONE"",""STATISTICS=NO""],""driver"":""COG"",""image_structure"":{""COMPRESSION"":""ZSTD"",""INTERLEAVE"":""PIXEL"",""LAYOUT"":""COG"",""PREDICTOR"":""3""}}",9316c463172c59c5ebead860046bd0dc1e4366f7c4c00b2a033548b1934c191b,cog256
D,real-age36|D|http0,real-age36,258912,2,28148818,56104200,,,,,0.5497104680107441,0.6404943719971925,,native-rsi64,27955382,be5c66b6a352318e81f856f2ece9c93c2c7810a01b20109a1cf7ca38899b4182,,,258912,2,"[""private-reference/9290d9b1a63d6509/summary.rsi"",""private-reference/0ed47fd8a73125d2/summary.rsi""]",28148818,http0,27955382,,,,27889906,#/sources/real-age36/variants/cogband128,private-reference/44b359fcd53f8dd4/real-age36-cogband128.tif,"{""block"":[128,128],""creation_options"":{""blocksize"":128,""compress"":""ZSTD"",""driver"":""COG"",""interleave"":""BAND"",""level"":6,""num_threads"":1,""overviews"":""NONE"",""predictor"":""FLOATING_POINT"",""statistics"":""NO""},""image_structure"":{""COMPRESSION"":""ZSTD"",""INTERLEAVE"":""BAND"",""LAYOUT"":""COG"",""PREDICTOR"":""3""}}",63fc201e010ee772e20e07ca0f45b661a4256cfa9682e5e610eca90efa866a32,cogband128
D,real-age36|D|http0,real-age36,0,0,28933939,56889321,570.143173,1491.594218,527.2431079999999,39.029775000000036,,1.494648028005031,0.001770639995811507,native-skv-raw,27955382,be5c66b6a352318e81f856f2ece9c93c2c7810a01b20109a1cf7ca38899b4182,,,0,0,[],28933939,http0,27955382,16384,98880,28818675,28933939,#/sources/real-age36/variants/skv,private-reference/a95c27d76940f598/real-age36-ordinary.skv,{},466ccce9ed55b197fd80fae40575bb50b707d78e24a08384fbb8c6cb272eb77f,skv
D,real-age36|D|http0,real-age36,0,0,28933939,56889321,570.143173,1491.594218,527.2431079999999,39.029775000000036,,1.494648028005031,0.001770639995811507,native-skv-summary,27955382,be5c66b6a352318e81f856f2ece9c93c2c7810a01b20109a1cf7ca38899b4182,,,0,0,[],28933939,http0,27955382,16384,98880,28818675,28933939,#/sources/real-age36/variants/skv,private-reference/a95c27d76940f598/real-age36-ordinary.skv,{},466ccce9ed55b197fd80fae40575bb50b707d78e24a08384fbb8c6cb272eb77f,skv
D,real-age36|D|http0,real-age36,0,0,27830980,55786362,,,,,,0.6664572250010679,,native-tiff,27955382,be5c66b6a352318e81f856f2ece9c93c2c7810a01b20109a1cf7ca38899b4182,,,0,0,[],27830980,http0,27955382,,,,27830980,#/sources/real-age36/variants/band256,private-reference/edbd1c200caa6f28/real-age36-band256.tif,"{""block"":[256,256],""creation_options"":[""NUM_THREADS=1"",""TILED=YES"",""BLOCKXSIZE=256"",""BLOCKYSIZE=256"",""COMPRESS=ZSTD"",""ZSTD_LEVEL=6"",""PREDICTOR=3"",""INTERLEAVE=BAND""],""driver"":""GTiff"",""image_structure"":{""COMPRESSION"":""ZSTD"",""INTERLEAVE"":""BAND"",""PREDICTOR"":""3""}}",f7107702e92e1e7365c1b24d593e9fc28a01bb0a86b04c34190b46d64e013f70,band256
D,real-age36|D|http0,real-age36,0,0,21256336,49211718,,,,,,0.6566828129871283,,natural-ee,27955382,be5c66b6a352318e81f856f2ece9c93c2c7810a01b20109a1cf7ca38899b4182,,,0,0,[],21256336,http0,27955382,,,,21256336,#/sources/real-age36/variants/cog256,private-reference/1b81356a3482c101/real-age36-cog256.tif,"{""block"":[256,256],""creation_options"":[""NUM_THREADS=1"",""COMPRESS=ZSTD"",""LEVEL=6"",""PREDICTOR=FLOATING_POINT"",""BLOCKSIZE=256"",""OVERVIEWS=NONE"",""STATISTICS=NO""],""driver"":""COG"",""image_structure"":{""COMPRESSION"":""ZSTD"",""INTERLEAVE"":""PIXEL"",""LAYOUT"":""COG"",""PREDICTOR"":""3""}}",9316c463172c59c5ebead860046bd0dc1e4366f7c4c00b2a033548b1934c191b,cog256
D,real-age36|D|local,real-age36,0,0,27889906,55845288,,,,,,0.6404943719971925,,native-cog,27955382,be5c66b6a352318e81f856f2ece9c93c2c7810a01b20109a1cf7ca38899b4182,,,0,0,[],27889906,local,27955382,,,,27889906,#/sources/real-age36/variants/cogband128,private-reference/44b359fcd53f8dd4/real-age36-cogband128.tif,"{""block"":[128,128],""creation_options"":{""blocksize"":128,""compress"":""ZSTD"",""driver"":""COG"",""interleave"":""BAND"",""level"":6,""num_threads"":1,""overviews"":""NONE"",""predictor"":""FLOATING_POINT"",""statistics"":""NO""},""image_structure"":{""COMPRESSION"":""ZSTD"",""INTERLEAVE"":""BAND"",""LAYOUT"":""COG"",""PREDICTOR"":""3""}}",63fc201e010ee772e20e07ca0f45b661a4256cfa9682e5e610eca90efa866a32,cogband128
D,real-age36|D|local,real-age36,138592,2,28028498,55983880,,,,,0.2411603280052077,0.6404943719971925,,native-rsi256,27955382,be5c66b6a352318e81f856f2ece9c93c2c7810a01b20109a1cf7ca38899b4182,,,138592,2,"[""private-reference/15770bc59d13cb3a/summary.rsi"",""private-reference/607c2d3408414cc2/summary.rsi""]",28028498,local,27955382,,,,27889906,#/sources/real-age36/variants/cogband128,private-reference/44b359fcd53f8dd4/real-age36-cogband128.tif,"{""block"":[128,128],""creation_options"":{""blocksize"":128,""compress"":""ZSTD"",""driver"":""COG"",""interleave"":""BAND"",""level"":6,""num_threads"":1,""overviews"":""NONE"",""predictor"":""FLOATING_POINT"",""statistics"":""NO""},""image_structure"":{""COMPRESSION"":""ZSTD"",""INTERLEAVE"":""BAND"",""LAYOUT"":""COG"",""PREDICTOR"":""3""}}",63fc201e010ee772e20e07ca0f45b661a4256cfa9682e5e610eca90efa866a32,cogband128
D,real-age36|D|local,real-age36,258912,2,28148818,56104200,,,,,0.5497104680107441,0.6404943719971925,,native-rsi64,27955382,be5c66b6a352318e81f856f2ece9c93c2c7810a01b20109a1cf7ca38899b4182,,,258912,2,"[""private-reference/9290d9b1a63d6509/summary.rsi"",""private-reference/0ed47fd8a73125d2/summary.rsi""]",28148818,local,27955382,,,,27889906,#/sources/real-age36/variants/cogband128,private-reference/44b359fcd53f8dd4/real-age36-cogband128.tif,"{""block"":[128,128],""creation_options"":{""blocksize"":128,""compress"":""ZSTD"",""driver"":""COG"",""interleave"":""BAND"",""level"":6,""num_threads"":1,""overviews"":""NONE"",""predictor"":""FLOATING_POINT"",""statistics"":""NO""},""image_structure"":{""COMPRESSION"":""ZSTD"",""INTERLEAVE"":""BAND"",""LAYOUT"":""COG"",""PREDICTOR"":""3""}}",63fc201e010ee772e20e07ca0f45b661a4256cfa9682e5e610eca90efa866a32,cogband128
D,real-age36|D|local,real-age36,0,0,28933939,56889321,570.143173,1491.594218,527.2431079999999,39.029775000000036,,1.494648028005031,0.001770639995811507,native-skv-raw,27955382,be5c66b6a352318e81f856f2ece9c93c2c7810a01b20109a1cf7ca38899b4182,,,0,0,[],28933939,local,27955382,16384,98880,28818675,28933939,#/sources/real-age36/variants/skv,private-reference/a95c27d76940f598/real-age36-ordinary.skv,{},466ccce9ed55b197fd80fae40575bb50b707d78e24a08384fbb8c6cb272eb77f,skv
D,real-age36|D|local,real-age36,0,0,28933939,56889321,570.143173,1491.594218,527.2431079999999,39.029775000000036,,1.494648028005031,0.001770639995811507,native-skv-summary,27955382,be5c66b6a352318e81f856f2ece9c93c2c7810a01b20109a1cf7ca38899b4182,,,0,0,[],28933939,local,27955382,16384,98880,28818675,28933939,#/sources/real-age36/variants/skv,private-reference/a95c27d76940f598/real-age36-ordinary.skv,{},466ccce9ed55b197fd80fae40575bb50b707d78e24a08384fbb8c6cb272eb77f,skv
D,real-age36|D|local,real-age36,0,0,27830980,55786362,,,,,,0.6664572250010679,,native-tiff,27955382,be5c66b6a352318e81f856f2ece9c93c2c7810a01b20109a1cf7ca38899b4182,,,0,0,[],27830980,local,27955382,,,,27830980,#/sources/real-age36/variants/band256,private-reference/edbd1c200caa6f28/real-age36-band256.tif,"{""block"":[256,256],""creation_options"":[""NUM_THREADS=1"",""TILED=YES"",""BLOCKXSIZE=256"",""BLOCKYSIZE=256"",""COMPRESS=ZSTD"",""ZSTD_LEVEL=6"",""PREDICTOR=3"",""INTERLEAVE=BAND""],""driver"":""GTiff"",""image_structure"":{""COMPRESSION"":""ZSTD"",""INTERLEAVE"":""BAND"",""PREDICTOR"":""3""}}",f7107702e92e1e7365c1b24d593e9fc28a01bb0a86b04c34190b46d64e013f70,band256
D,real-age36|D|local,real-age36,0,0,21256336,49211718,,,,,,0.6566828129871283,,natural-ee,27955382,be5c66b6a352318e81f856f2ece9c93c2c7810a01b20109a1cf7ca38899b4182,,,0,0,[],21256336,local,27955382,,,,21256336,#/sources/real-age36/variants/cog256,private-reference/1b81356a3482c101/real-age36-cog256.tif,"{""block"":[256,256],""creation_options"":[""NUM_THREADS=1"",""COMPRESS=ZSTD"",""LEVEL=6"",""PREDICTOR=FLOATING_POINT"",""BLOCKSIZE=256"",""OVERVIEWS=NONE"",""STATISTICS=NO""],""driver"":""COG"",""image_structure"":{""COMPRESSION"":""ZSTD"",""INTERLEAVE"":""PIXEL"",""LAYOUT"":""COG"",""PREDICTOR"":""3""}}",9316c463172c59c5ebead860046bd0dc1e4366f7c4c00b2a033548b1934c191b,cog256
A,worldpop1|A|http0,worldpop1,0,0,18648801,36733442,,,,,,1.677382788999239,,native-cog,18084641,4fe7656da991f01251d78e273a6b44d1408968142deb5c5810f05ba8649417a9,,,0,0,[],18648801,http0,18084641,,,,18648801,#/sources/worldpop1/variants/cogband128,private-reference/e88cccb501a74b7e/worldpop1-cogband128.tif,"{""block"":[128,128],""creation_options"":{""blocksize"":128,""compress"":""ZSTD"",""driver"":""COG"",""interleave"":""BAND"",""level"":6,""num_threads"":1,""overviews"":""NONE"",""predictor"":""FLOATING_POINT"",""statistics"":""NO""},""image_structure"":{""COMPRESSION"":""ZSTD"",""INTERLEAVE"":""BAND"",""LAYOUT"":""COG"",""PREDICTOR"":""3""}}",48c4212a6027a1ebf08ef1a052ee99df4bfd43374d6f3ac60347c44269e7bd53,cogband128
A,worldpop1|A|http0,worldpop1,168424,1,18817225,36901866,,,,,0.9247806049970677,1.677382788999239,,native-rsi256,18084641,4fe7656da991f01251d78e273a6b44d1408968142deb5c5810f05ba8649417a9,,,168424,1,"[""private-reference/4ae248c9595e3828/summary.rsi""]",18817225,http0,18084641,,,,18648801,#/sources/worldpop1/variants/cogband128,private-reference/e88cccb501a74b7e/worldpop1-cogband128.tif,"{""block"":[128,128],""creation_options"":{""blocksize"":128,""compress"":""ZSTD"",""driver"":""COG"",""interleave"":""BAND"",""level"":6,""num_threads"":1,""overviews"":""NONE"",""predictor"":""FLOATING_POINT"",""statistics"":""NO""},""image_structure"":{""COMPRESSION"":""ZSTD"",""INTERLEAVE"":""BAND"",""LAYOUT"":""COG"",""PREDICTOR"":""3""}}",48c4212a6027a1ebf08ef1a052ee99df4bfd43374d6f3ac60347c44269e7bd53,cogband128
A,worldpop1|A|http0,worldpop1,1673224,1,20322025,38406666,,,,,3.116000203008298,1.677382788999239,,native-rsi64,18084641,4fe7656da991f01251d78e273a6b44d1408968142deb5c5810f05ba8649417a9,,,1673224,1,"[""private-reference/ef912eeef9cb1111/summary.rsi""]",20322025,http0,18084641,,,,18648801,#/sources/worldpop1/variants/cogband128,private-reference/e88cccb501a74b7e/worldpop1-cogband128.tif,"{""block"":[128,128],""creation_options"":{""blocksize"":128,""compress"":""ZSTD"",""driver"":""COG"",""interleave"":""BAND"",""level"":6,""num_threads"":1,""overviews"":""NONE"",""predictor"":""FLOATING_POINT"",""statistics"":""NO""},""image_structure"":{""COMPRESSION"":""ZSTD"",""INTERLEAVE"":""BAND"",""LAYOUT"":""COG"",""PREDICTOR"":""3""}}",48c4212a6027a1ebf08ef1a052ee99df4bfd43374d6f3ac60347c44269e7bd53,cogband128
A,worldpop1|A|http0,worldpop1,0,0,22778369,40863010,1211.6595429999977,44250.623314000004,41570.548649999815,185.17876600000133,,44.257377831003396,0.0007762470049783587,native-skv-raw,18084641,4fe7656da991f01251d78e273a6b44d1408968142deb5c5810f05ba8649417a9,,,0,0,[],22778369,http0,18084641,16384,725120,22036865,22778369,#/sources/worldpop1/variants/skv,private-reference/6d33d07aeb0df430/worldpop1-ordinary.skv,{},90229859b1c87b7921ce0445fe6fe8035d2f116fbcca388f5aa09444c1b9bb59,skv
A,worldpop1|A|http0,worldpop1,0,0,22778369,40863010,1211.6595429999977,44250.623314000004,41570.548649999815,185.17876600000133,,44.257377831003396,0.0007762470049783587,native-skv-summary,18084641,4fe7656da991f01251d78e273a6b44d1408968142deb5c5810f05ba8649417a9,,,0,0,[],22778369,http0,18084641,16384,725120,22036865,22778369,#/sources/worldpop1/variants/skv,private-reference/6d33d07aeb0df430/worldpop1-ordinary.skv,{},90229859b1c87b7921ce0445fe6fe8035d2f116fbcca388f5aa09444c1b9bb59,skv
A,worldpop1|A|http0,worldpop1,0,0,18084641,18084641,,,,,,,,native-tiff,18084641,4fe7656da991f01251d78e273a6b44d1408968142deb5c5810f05ba8649417a9,,,0,0,[],18084641,http0,0,,,,18084641,#/sources/worldpop1/variants/ordinary,private-reference/a05bb8bffa87c816/worldpop1-ordinary.tif,"{""block"":[9722,16],""image_structure"":{""COMPRESSION"":""DEFLATE"",""INTERLEAVE"":""BAND"",""PREDICTOR"":""3""}}",4fe7656da991f01251d78e273a6b44d1408968142deb5c5810f05ba8649417a9,ordinary
A,worldpop1|A|http0,worldpop1,0,0,18648801,36733442,,,,,,1.677382788999239,,natural-ee,18084641,4fe7656da991f01251d78e273a6b44d1408968142deb5c5810f05ba8649417a9,,,0,0,[],18648801,http0,18084641,,,,18648801,#/sources/worldpop1/variants/cogband128,private-reference/e88cccb501a74b7e/worldpop1-cogband128.tif,"{""block"":[128,128],""creation_options"":{""blocksize"":128,""compress"":""ZSTD"",""driver"":""COG"",""interleave"":""BAND"",""level"":6,""num_threads"":1,""overviews"":""NONE"",""predictor"":""FLOATING_POINT"",""statistics"":""NO""},""image_structure"":{""COMPRESSION"":""ZSTD"",""INTERLEAVE"":""BAND"",""LAYOUT"":""COG"",""PREDICTOR"":""3""}}",48c4212a6027a1ebf08ef1a052ee99df4bfd43374d6f3ac60347c44269e7bd53,cogband128
A,worldpop1|A|local,worldpop1,0,0,18648801,36733442,,,,,,1.677382788999239,,native-cog,18084641,4fe7656da991f01251d78e273a6b44d1408968142deb5c5810f05ba8649417a9,,,0,0,[],18648801,local,18084641,,,,18648801,#/sources/worldpop1/variants/cogband128,private-reference/e88cccb501a74b7e/worldpop1-cogband128.tif,"{""block"":[128,128],""creation_options"":{""blocksize"":128,""compress"":""ZSTD"",""driver"":""COG"",""interleave"":""BAND"",""level"":6,""num_threads"":1,""overviews"":""NONE"",""predictor"":""FLOATING_POINT"",""statistics"":""NO""},""image_structure"":{""COMPRESSION"":""ZSTD"",""INTERLEAVE"":""BAND"",""LAYOUT"":""COG"",""PREDICTOR"":""3""}}",48c4212a6027a1ebf08ef1a052ee99df4bfd43374d6f3ac60347c44269e7bd53,cogband128
A,worldpop1|A|local,worldpop1,168424,1,18817225,36901866,,,,,0.9247806049970677,1.677382788999239,,native-rsi256,18084641,4fe7656da991f01251d78e273a6b44d1408968142deb5c5810f05ba8649417a9,,,168424,1,"[""private-reference/4ae248c9595e3828/summary.rsi""]",18817225,local,18084641,,,,18648801,#/sources/worldpop1/variants/cogband128,private-reference/e88cccb501a74b7e/worldpop1-cogband128.tif,"{""block"":[128,128],""creation_options"":{""blocksize"":128,""compress"":""ZSTD"",""driver"":""COG"",""interleave"":""BAND"",""level"":6,""num_threads"":1,""overviews"":""NONE"",""predictor"":""FLOATING_POINT"",""statistics"":""NO""},""image_structure"":{""COMPRESSION"":""ZSTD"",""INTERLEAVE"":""BAND"",""LAYOUT"":""COG"",""PREDICTOR"":""3""}}",48c4212a6027a1ebf08ef1a052ee99df4bfd43374d6f3ac60347c44269e7bd53,cogband128
A,worldpop1|A|local,worldpop1,1673224,1,20322025,38406666,,,,,3.116000203008298,1.677382788999239,,native-rsi64,18084641,4fe7656da991f01251d78e273a6b44d1408968142deb5c5810f05ba8649417a9,,,1673224,1,"[""private-reference/ef912eeef9cb1111/summary.rsi""]",20322025,local,18084641,,,,18648801,#/sources/worldpop1/variants/cogband128,private-reference/e88cccb501a74b7e/worldpop1-cogband128.tif,"{""block"":[128,128],""creation_options"":{""blocksize"":128,""compress"":""ZSTD"",""driver"":""COG"",""interleave"":""BAND"",""level"":6,""num_threads"":1,""overviews"":""NONE"",""predictor"":""FLOATING_POINT"",""statistics"":""NO""},""image_structure"":{""COMPRESSION"":""ZSTD"",""INTERLEAVE"":""BAND"",""LAYOUT"":""COG"",""PREDICTOR"":""3""}}",48c4212a6027a1ebf08ef1a052ee99df4bfd43374d6f3ac60347c44269e7bd53,cogband128
A,worldpop1|A|local,worldpop1,0,0,22778369,40863010,1211.6595429999977,44250.623314000004,41570.548649999815,185.17876600000133,,44.257377831003396,0.0007762470049783587,native-skv-raw,18084641,4fe7656da991f01251d78e273a6b44d1408968142deb5c5810f05ba8649417a9,,,0,0,[],22778369,local,18084641,16384,725120,22036865,22778369,#/sources/worldpop1/variants/skv,private-reference/6d33d07aeb0df430/worldpop1-ordinary.skv,{},90229859b1c87b7921ce0445fe6fe8035d2f116fbcca388f5aa09444c1b9bb59,skv
A,worldpop1|A|local,worldpop1,0,0,22778369,40863010,1211.6595429999977,44250.623314000004,41570.548649999815,185.17876600000133,,44.257377831003396,0.0007762470049783587,native-skv-summary,18084641,4fe7656da991f01251d78e273a6b44d1408968142deb5c5810f05ba8649417a9,,,0,0,[],22778369,local,18084641,16384,725120,22036865,22778369,#/sources/worldpop1/variants/skv,private-reference/6d33d07aeb0df430/worldpop1-ordinary.skv,{},90229859b1c87b7921ce0445fe6fe8035d2f116fbcca388f5aa09444c1b9bb59,skv
A,worldpop1|A|local,worldpop1,0,0,18084641,18084641,,,,,,,,native-tiff,18084641,4fe7656da991f01251d78e273a6b44d1408968142deb5c5810f05ba8649417a9,,,0,0,[],18084641,local,0,,,,18084641,#/sources/worldpop1/variants/ordinary,private-reference/a05bb8bffa87c816/worldpop1-ordinary.tif,"{""block"":[9722,16],""image_structure"":{""COMPRESSION"":""DEFLATE"",""INTERLEAVE"":""BAND"",""PREDICTOR"":""3""}}",4fe7656da991f01251d78e273a6b44d1408968142deb5c5810f05ba8649417a9,ordinary
A,worldpop1|A|local,worldpop1,0,0,18648801,36733442,,,,,,1.677382788999239,,natural-ee,18084641,4fe7656da991f01251d78e273a6b44d1408968142deb5c5810f05ba8649417a9,,,0,0,[],18648801,local,18084641,,,,18648801,#/sources/worldpop1/variants/cogband128,private-reference/e88cccb501a74b7e/worldpop1-cogband128.tif,"{""block"":[128,128],""creation_options"":{""blocksize"":128,""compress"":""ZSTD"",""driver"":""COG"",""interleave"":""BAND"",""level"":6,""num_threads"":1,""overviews"":""NONE"",""predictor"":""FLOATING_POINT"",""statistics"":""NO""},""image_structure"":{""COMPRESSION"":""ZSTD"",""INTERLEAVE"":""BAND"",""LAYOUT"":""COG"",""PREDICTOR"":""3""}}",48c4212a6027a1ebf08ef1a052ee99df4bfd43374d6f3ac60347c44269e7bd53,cogband128
B,worldpop1|B|http0,worldpop1,0,0,18648801,36733442,,,,,,1.677382788999239,,native-cog,18084641,4fe7656da991f01251d78e273a6b44d1408968142deb5c5810f05ba8649417a9,,,0,0,[],18648801,http0,18084641,,,,18648801,#/sources/worldpop1/variants/cogband128,private-reference/e88cccb501a74b7e/worldpop1-cogband128.tif,"{""block"":[128,128],""creation_options"":{""blocksize"":128,""compress"":""ZSTD"",""driver"":""COG"",""interleave"":""BAND"",""level"":6,""num_threads"":1,""overviews"":""NONE"",""predictor"":""FLOATING_POINT"",""statistics"":""NO""},""image_structure"":{""COMPRESSION"":""ZSTD"",""INTERLEAVE"":""BAND"",""LAYOUT"":""COG"",""PREDICTOR"":""3""}}",48c4212a6027a1ebf08ef1a052ee99df4bfd43374d6f3ac60347c44269e7bd53,cogband128
B,worldpop1|B|http0,worldpop1,168424,1,18817225,36901866,,,,,0.9247806049970677,1.677382788999239,,native-rsi256,18084641,4fe7656da991f01251d78e273a6b44d1408968142deb5c5810f05ba8649417a9,,,168424,1,"[""private-reference/4ae248c9595e3828/summary.rsi""]",18817225,http0,18084641,,,,18648801,#/sources/worldpop1/variants/cogband128,private-reference/e88cccb501a74b7e/worldpop1-cogband128.tif,"{""block"":[128,128],""creation_options"":{""blocksize"":128,""compress"":""ZSTD"",""driver"":""COG"",""interleave"":""BAND"",""level"":6,""num_threads"":1,""overviews"":""NONE"",""predictor"":""FLOATING_POINT"",""statistics"":""NO""},""image_structure"":{""COMPRESSION"":""ZSTD"",""INTERLEAVE"":""BAND"",""LAYOUT"":""COG"",""PREDICTOR"":""3""}}",48c4212a6027a1ebf08ef1a052ee99df4bfd43374d6f3ac60347c44269e7bd53,cogband128
B,worldpop1|B|http0,worldpop1,1673224,1,20322025,38406666,,,,,3.116000203008298,1.677382788999239,,native-rsi64,18084641,4fe7656da991f01251d78e273a6b44d1408968142deb5c5810f05ba8649417a9,,,1673224,1,"[""private-reference/ef912eeef9cb1111/summary.rsi""]",20322025,http0,18084641,,,,18648801,#/sources/worldpop1/variants/cogband128,private-reference/e88cccb501a74b7e/worldpop1-cogband128.tif,"{""block"":[128,128],""creation_options"":{""blocksize"":128,""compress"":""ZSTD"",""driver"":""COG"",""interleave"":""BAND"",""level"":6,""num_threads"":1,""overviews"":""NONE"",""predictor"":""FLOATING_POINT"",""statistics"":""NO""},""image_structure"":{""COMPRESSION"":""ZSTD"",""INTERLEAVE"":""BAND"",""LAYOUT"":""COG"",""PREDICTOR"":""3""}}",48c4212a6027a1ebf08ef1a052ee99df4bfd43374d6f3ac60347c44269e7bd53,cogband128
B,worldpop1|B|http0,worldpop1,0,0,22778369,40863010,1211.6595429999977,44250.623314000004,41570.548649999815,185.17876600000133,,44.257377831003396,0.0007762470049783587,native-skv-raw,18084641,4fe7656da991f01251d78e273a6b44d1408968142deb5c5810f05ba8649417a9,,,0,0,[],22778369,http0,18084641,16384,725120,22036865,22778369,#/sources/worldpop1/variants/skv,private-reference/6d33d07aeb0df430/worldpop1-ordinary.skv,{},90229859b1c87b7921ce0445fe6fe8035d2f116fbcca388f5aa09444c1b9bb59,skv
B,worldpop1|B|http0,worldpop1,0,0,22778369,40863010,1211.6595429999977,44250.623314000004,41570.548649999815,185.17876600000133,,44.257377831003396,0.0007762470049783587,native-skv-summary,18084641,4fe7656da991f01251d78e273a6b44d1408968142deb5c5810f05ba8649417a9,,,0,0,[],22778369,http0,18084641,16384,725120,22036865,22778369,#/sources/worldpop1/variants/skv,private-reference/6d33d07aeb0df430/worldpop1-ordinary.skv,{},90229859b1c87b7921ce0445fe6fe8035d2f116fbcca388f5aa09444c1b9bb59,skv
B,worldpop1|B|http0,worldpop1,0,0,18084641,18084641,,,,,,,,native-tiff,18084641,4fe7656da991f01251d78e273a6b44d1408968142deb5c5810f05ba8649417a9,,,0,0,[],18084641,http0,0,,,,18084641,#/sources/worldpop1/variants/ordinary,private-reference/a05bb8bffa87c816/worldpop1-ordinary.tif,"{""block"":[9722,16],""image_structure"":{""COMPRESSION"":""DEFLATE"",""INTERLEAVE"":""BAND"",""PREDICTOR"":""3""}}",4fe7656da991f01251d78e273a6b44d1408968142deb5c5810f05ba8649417a9,ordinary
B,worldpop1|B|http0,worldpop1,0,0,18648801,36733442,,,,,,1.677382788999239,,natural-ee,18084641,4fe7656da991f01251d78e273a6b44d1408968142deb5c5810f05ba8649417a9,,,0,0,[],18648801,http0,18084641,,,,18648801,#/sources/worldpop1/variants/cogband128,private-reference/e88cccb501a74b7e/worldpop1-cogband128.tif,"{""block"":[128,128],""creation_options"":{""blocksize"":128,""compress"":""ZSTD"",""driver"":""COG"",""interleave"":""BAND"",""level"":6,""num_threads"":1,""overviews"":""NONE"",""predictor"":""FLOATING_POINT"",""statistics"":""NO""},""image_structure"":{""COMPRESSION"":""ZSTD"",""INTERLEAVE"":""BAND"",""LAYOUT"":""COG"",""PREDICTOR"":""3""}}",48c4212a6027a1ebf08ef1a052ee99df4bfd43374d6f3ac60347c44269e7bd53,cogband128
B,worldpop1|B|local,worldpop1,0,0,18648801,36733442,,,,,,1.677382788999239,,native-cog,18084641,4fe7656da991f01251d78e273a6b44d1408968142deb5c5810f05ba8649417a9,,,0,0,[],18648801,local,18084641,,,,18648801,#/sources/worldpop1/variants/cogband128,private-reference/e88cccb501a74b7e/worldpop1-cogband128.tif,"{""block"":[128,128],""creation_options"":{""blocksize"":128,""compress"":""ZSTD"",""driver"":""COG"",""interleave"":""BAND"",""level"":6,""num_threads"":1,""overviews"":""NONE"",""predictor"":""FLOATING_POINT"",""statistics"":""NO""},""image_structure"":{""COMPRESSION"":""ZSTD"",""INTERLEAVE"":""BAND"",""LAYOUT"":""COG"",""PREDICTOR"":""3""}}",48c4212a6027a1ebf08ef1a052ee99df4bfd43374d6f3ac60347c44269e7bd53,cogband128
B,worldpop1|B|local,worldpop1,168424,1,18817225,36901866,,,,,0.9247806049970677,1.677382788999239,,native-rsi256,18084641,4fe7656da991f01251d78e273a6b44d1408968142deb5c5810f05ba8649417a9,,,168424,1,"[""private-reference/4ae248c9595e3828/summary.rsi""]",18817225,local,18084641,,,,18648801,#/sources/worldpop1/variants/cogband128,private-reference/e88cccb501a74b7e/worldpop1-cogband128.tif,"{""block"":[128,128],""creation_options"":{""blocksize"":128,""compress"":""ZSTD"",""driver"":""COG"",""interleave"":""BAND"",""level"":6,""num_threads"":1,""overviews"":""NONE"",""predictor"":""FLOATING_POINT"",""statistics"":""NO""},""image_structure"":{""COMPRESSION"":""ZSTD"",""INTERLEAVE"":""BAND"",""LAYOUT"":""COG"",""PREDICTOR"":""3""}}",48c4212a6027a1ebf08ef1a052ee99df4bfd43374d6f3ac60347c44269e7bd53,cogband128
B,worldpop1|B|local,worldpop1,1673224,1,20322025,38406666,,,,,3.116000203008298,1.677382788999239,,native-rsi64,18084641,4fe7656da991f01251d78e273a6b44d1408968142deb5c5810f05ba8649417a9,,,1673224,1,"[""private-reference/ef912eeef9cb1111/summary.rsi""]",20322025,local,18084641,,,,18648801,#/sources/worldpop1/variants/cogband128,private-reference/e88cccb501a74b7e/worldpop1-cogband128.tif,"{""block"":[128,128],""creation_options"":{""blocksize"":128,""compress"":""ZSTD"",""driver"":""COG"",""interleave"":""BAND"",""level"":6,""num_threads"":1,""overviews"":""NONE"",""predictor"":""FLOATING_POINT"",""statistics"":""NO""},""image_structure"":{""COMPRESSION"":""ZSTD"",""INTERLEAVE"":""BAND"",""LAYOUT"":""COG"",""PREDICTOR"":""3""}}",48c4212a6027a1ebf08ef1a052ee99df4bfd43374d6f3ac60347c44269e7bd53,cogband128
B,worldpop1|B|local,worldpop1,0,0,22778369,40863010,1211.6595429999977,44250.623314000004,41570.548649999815,185.17876600000133,,44.257377831003396,0.0007762470049783587,native-skv-raw,18084641,4fe7656da991f01251d78e273a6b44d1408968142deb5c5810f05ba8649417a9,,,0,0,[],22778369,local,18084641,16384,725120,22036865,22778369,#/sources/worldpop1/variants/skv,private-reference/6d33d07aeb0df430/worldpop1-ordinary.skv,{},90229859b1c87b7921ce0445fe6fe8035d2f116fbcca388f5aa09444c1b9bb59,skv
B,worldpop1|B|local,worldpop1,0,0,22778369,40863010,1211.6595429999977,44250.623314000004,41570.548649999815,185.17876600000133,,44.257377831003396,0.0007762470049783587,native-skv-summary,18084641,4fe7656da991f01251d78e273a6b44d1408968142deb5c5810f05ba8649417a9,,,0,0,[],22778369,local,18084641,16384,725120,22036865,22778369,#/sources/worldpop1/variants/skv,private-reference/6d33d07aeb0df430/worldpop1-ordinary.skv,{},90229859b1c87b7921ce0445fe6fe8035d2f116fbcca388f5aa09444c1b9bb59,skv
B,worldpop1|B|local,worldpop1,0,0,18084641,18084641,,,,,,,,native-tiff,18084641,4fe7656da991f01251d78e273a6b44d1408968142deb5c5810f05ba8649417a9,,,0,0,[],18084641,local,0,,,,18084641,#/sources/worldpop1/variants/ordinary,private-reference/a05bb8bffa87c816/worldpop1-ordinary.tif,"{""block"":[9722,16],""image_structure"":{""COMPRESSION"":""DEFLATE"",""INTERLEAVE"":""BAND"",""PREDICTOR"":""3""}}",4fe7656da991f01251d78e273a6b44d1408968142deb5c5810f05ba8649417a9,ordinary
B,worldpop1|B|local,worldpop1,0,0,18648801,36733442,,,,,,1.677382788999239,,natural-ee,18084641,4fe7656da991f01251d78e273a6b44d1408968142deb5c5810f05ba8649417a9,,,0,0,[],18648801,local,18084641,,,,18648801,#/sources/worldpop1/variants/cogband128,private-reference/e88cccb501a74b7e/worldpop1-cogband128.tif,"{""block"":[128,128],""creation_options"":{""blocksize"":128,""compress"":""ZSTD"",""driver"":""COG"",""interleave"":""BAND"",""level"":6,""num_threads"":1,""overviews"":""NONE"",""predictor"":""FLOATING_POINT"",""statistics"":""NO""},""image_structure"":{""COMPRESSION"":""ZSTD"",""INTERLEAVE"":""BAND"",""LAYOUT"":""COG"",""PREDICTOR"":""3""}}",48c4212a6027a1ebf08ef1a052ee99df4bfd43374d6f3ac60347c44269e7bd53,cogband128
