ordinal,task_id,dataset,case,regime,round,lane,variant,primary_ms,process_wall_ms,worker_cpu_seconds,process_cpu_seconds,peak_rss_bytes,address_space_limit_bytes,backend,bands,cell,close_ms,consumed_monotonic_ns,engine_create_ms,engine_lifecycle_ms,error,execution_passed,full_serving_bytes,geometry_id,index_open_ms,local_physical_disk_bytes,local_physical_disk_requests,metric__accumulator_reserved_bytes,metric__accumulator_states,metric__band_group_reads,metric__checkpoint_ms,metric__checkpoint_reserved_bytes,metric__compilation_ms,metric__decoded_cache_admission_rejections,metric__decoded_cache_admitted_payload_bytes,metric__decoded_cache_budget_bytes,metric__decoded_cache_evictions,metric__decoded_cache_hit_payload_bytes,metric__decoded_cache_hits,metric__decoded_cache_ms,metric__decoded_cache_resident_bytes,metric__decoded_value_bytes,metric__expression_ms,metric__geometry_bytes,metric__geometry_cache_hits,metric__geometry_compilations,metric__geometry_layout_digest,metric__geometry_tasks,metric__grid_hash_ms,metric__io__index_bytes,metric__io__index_reads,metric__io__raw_bytes,metric__io__raw_reads,metric__io__source_decoded_bytes,metric__io__source_window_reads,metric__io_ms,metric__job_setup_ms,metric__last_window_policy,metric__last_window_policy__executed_edge,metric__last_window_policy__planner_capacity_bound_bytes,metric__last_window_policy__replacement_accepted,metric__last_window_policy__requested_edge,metric__last_window_policy__selected_edge,metric__lazy_source_cache_hits,metric__mask_expression_cells,metric__mask_expression_passes,metric__network_body_bytes,metric__network_get_requests,metric__network_head_requests,metric__network_requests,metric__next_ms,metric__normalization_ms,metric__numeric_results_direct,metric__output_accounting_ms,metric__output_rows,metric__page_assembly_ms,metric__peak_tracked_bytes,metric__persistent,metric__raster_io_calls,metric__raw_band_cell_visits,metric__read_decode_ms,metric__read_window_validation_ms,metric__reducer_identity_builds,metric__reduction_ms,metric__result_assembly_ms,metric__row_direct_spans,metric__row_prefix_builds,metric__row_prefix_input_visits,metric__row_prefix_ranges,metric__row_prefix_rejections,metric__row_range_fallbacks,metric__shared_mask_peak_bytes,metric__shared_range_reductions,metric__source_access__adapter_retained_capacity_bytes,metric__source_access__boundary_read_ahead_enabled,metric__source_access__content_verification_bytes,metric__source_access__content_verification_ms,metric__source_access__decode_band_factor,metric__source_access__decoder_cache_flushes,metric__source_access__decoder_cache_reused_chunks,metric__source_access__format,metric__source_access__format_probe_bytes,metric__source_access__gdal_block_cache,metric__source_access__identity_policy,metric__source_access__invalidated,metric__source_access__kind,metric__source_access__metrics__bootstrap_bytes,metric__source_access__metrics__boundary_prefetch_admissions,metric__source_access__metrics__boundary_prefetch_calls,metric__source_access__metrics__boundary_prefetch_demand_cache_charge_peak_bytes,metric__source_access__metrics__boundary_prefetch_encoded_bytes,metric__source_access__metrics__boundary_prefetch_fetch_ms,metric__source_access__metrics__boundary_prefetch_plan_ms,metric__source_access__metrics__boundary_prefetch_planned_request_savings,metric__source_access__metrics__boundary_prefetch_ranges,metric__source_access__metrics__boundary_prefetch_scratch_bound_bytes,metric__source_access__metrics__coalesced_raw_chunks,metric__source_access__metrics__coalesced_raw_ranges,metric__source_access__metrics__copied_bytes,metric__source_access__metrics__decode_ms,metric__source_access__metrics__decoder_calls,metric__source_access__metrics__directory_bytes,metric__source_access__metrics__directory_pages_prefetched,metric__source_access__metrics__group_restore_ms,metric__source_access__metrics__group_unpack_ms,metric__source_access__metrics__interval_insert_shift_bytes,metric__source_access__metrics__libdeflate_context_peak_bytes,metric__source_access__metrics__logical_bytes,metric__source_access__metrics__logical_reads,metric__source_access__metrics__materialized_cells,metric__source_access__metrics__metadata_decode_ms,metric__source_access__metrics__native_normalized_written_bytes,metric__source_access__metrics__native_output_allocated_bytes,metric__source_access__metrics__native_raw_intermediate_allocated_bytes,metric__source_access__metrics__native_row_scratch_peak_bytes,metric__source_access__metrics__native_window_calls,metric__source_access__metrics__native_window_cells,metric__source_access__metrics__native_window_validation_ms,metric__source_access__metrics__normalization_ms,metric__source_access__metrics__page_cache_evictions,metric__source_access__metrics__page_cache_hits,metric__source_access__metrics__page_cache_peak_bytes,metric__source_access__metrics__predictor_decode_ms,metric__source_access__metrics__predictor_scratch_peak_bytes,metric__source_access__metrics__raw_decoded_bytes,metric__source_access__metrics__raw_encoded_bytes,metric__source_access__metrics__read_ms,metric__source_access__metrics__summary_states_read,metric__source_access__metrics__verified_whole_file_bytes,metric__source_access__metrics_scope,metric__source_access__original_source_opened,metric__source_access__physical_bytes_known,metric__source_access__remote,metric__source_access__remote__accepted_bytes,metric__source_access__remote__cache_capacity_bytes,metric__source_access__remote__cache_contained_hits,metric__source_access__remote__cache_evictions,metric__source_access__remote__cache_hit_bytes,metric__source_access__remote__cache_hits,metric__source_access__remote__cache_misses,metric__source_access__remote__cache_peak_bytes,metric__source_access__remote__cache_resident_bytes,metric__source_access__remote__failed_requests,metric__source_access__remote__get_requests,metric__source_access__remote__head_requests,metric__source_access__remote__received_bytes,metric__source_access__remote__requests,metric__source_access__retained_bound_bytes,metric__source_access__trace_truncated,metric__source_access__transport__authority,metric__source_access__transport__kind,metric__source_access__transport__metrics__accepted_bytes,metric__source_access__transport__metrics__cache_capacity_bytes,metric__source_access__transport__metrics__cache_contained_hits,metric__source_access__transport__metrics__cache_evictions,metric__source_access__transport__metrics__cache_hit_bytes,metric__source_access__transport__metrics__cache_hits,metric__source_access__transport__metrics__cache_misses,metric__source_access__transport__metrics__cache_peak_bytes,metric__source_access__transport__metrics__cache_resident_bytes,metric__source_access__transport__metrics__failed_requests,metric__source_access__transport__metrics__get_requests,metric__source_access__transport__metrics__head_requests,metric__source_access__transport__metrics__received_bytes,metric__source_access__transport__metrics__requests,metric__source_acquisition_ms,metric__source_acquisitions,metric__source_opens,metric__source_summary_records_read,metric__streaming__cache_admission_rejections,metric__streaming__cache_admitted_payload_bytes,metric__streaming__cache_budget_bytes,metric__streaming__cache_entries,metric__streaming__cache_evicted_accounted_bytes,metric__streaming__cache_evictions,metric__streaming__cache_hit_payload_bytes,metric__streaming__cache_hits,metric__streaming__cache_misses,metric__streaming__cache_resident_bytes,metric__streaming__decoded_value_bytes,metric__streaming__decompression_ms,metric__streaming__max_tile_resident_bytes,metric__streaming__network_bytes,metric__streaming__network_get_requests,metric__streaming__network_head_requests,metric__streaming__network_requests,metric__streaming__partition_accounted_bytes,metric__streaming__partition_budget,metric__streaming__physical_read_bytes,metric__streaming__raster_io_calls,metric__streaming__reducer_bound_bytes,metric__streaming__source_window_planner_reservation_bytes,metric__streaming__source_window_policy,metric__streaming__tile_allocation_budget,metric__streaming__tile_size,metric__streaming__tiles_read,metric__streaming__tiles_selected,metric__summarized_polygon_tiles,metric__summary_records_read,metric__timing_ms__aggregation,metric__timing_ms__boundary_planning,metric__timing_ms__boundary_preparation,metric__timing_ms__cache,metric__timing_ms__compilation,metric__timing_ms__index_header_read_validation,metric__timing_ms__index_open_or_revalidate,metric__timing_ms__io,metric__timing_ms__normalization,metric__timing_ms__partition,metric__timing_ms__read_decode,metric__timing_ms__remaining_execution_assembly,metric__timing_ms__scope,metric__timing_ms__source_identity,metric__timing_ms__source_open,metric__timing_ms__source_open_validation,metric__timing_ms__total,metric__timing_ms__validation,metric__transfer_cache_hits,metric__transports__index__etag,metric__transports__index__identity,metric__transports__index__kind,metric__transports__index__metrics__accepted_bytes,metric__transports__index__metrics__cache_capacity_bytes,metric__transports__index__metrics__cache_contained_hits,metric__transports__index__metrics__cache_evictions,metric__transports__index__metrics__cache_hit_bytes,metric__transports__index__metrics__cache_hits,metric__transports__index__metrics__cache_misses,metric__transports__index__metrics__cache_peak_bytes,metric__transports__index__metrics__cache_resident_bytes,metric__transports__index__metrics__failed_requests,metric__transports__index__metrics__get_requests,metric__transports__index__metrics__head_requests,metric__transports__index__metrics__received_bytes,metric__transports__index__metrics__requests,metric__transports__raw,metric__verification_ms,metric__window_policy_fallbacks,metric__window_policy_ms,metric__window_policy_promotions,metric__windows_read,metric__work__application_cache_bytes,metric__work__band_groups,metric__work__boundary_preparation_calls,metric__work__boundary_queue_peak_capacity_bytes,metric__work__boundary_queue_peak_leaves,metric__work__boundary_read_ahead,metric__work__boundary_tiles,metric__work__buffer_bound_bytes,metric__work__candidate_tiles,metric__work__coalesce_raw,metric__work__duplicate_raw_total_bytes,metric__work__eligible_raw_interior_tiles_avoided,metric__work__full_resolution_plan,metric__work__hierarchy_levels,metric__work__index_total_bytes,metric__work__maximum_raw_groups_per_read,metric__work__order_summaries,metric__work__planner_predicate_calls,metric__work__raw_positive_cells,metric__work__raw_tiles,metric__work__read_memory_budget_bytes,metric__work__scheduled_ranges,metric__work__scheduled_summaries,metric__work__summary_cache_hits,metric__work__summary_nodes,metric__work__summary_page_bytes,metric__work__summary_records_read,metric__work__summary_tiles,mode,native_reported_network_body_bytes,native_reported_network_requests,numerical_policy,numerical_validation_passed,pages,query_ms,record_path,server_http_body_bytes,server_http_complete,server_http_get_requests,server_http_head_requests,server_http_primary_body_bytes,server_http_primary_requests,server_http_requests,sink_bytes,sink_ms,sink_sha256,source_bytes,source_interpretation,source_open_ms,source_start_monotonic_ns,strategy,valid,worker_ms,worker_path,worker_sha256,zones
0,real-age36-D-0-local-native-cog,real-age36,D,local,0,native-cog,cogband128,409.9652389999733,532.4661679999849,0.464279738,0.530804,140288000,2147483648,native,36,real-age36|D|local,1.8768390000332147,333766923316,21.559094999986428,433.5959800000069,null,True,27889906,real-age36|D|0,0.0009830000067267974,,,1497376,288,32,0.001503,32768,1.3833449999999998,0,84934656,67108864,7,0,0,0.40107400000000004,66111319,75497472,0.014624999999999997,656416,0,8,91cbd51efde644c68ee88a85ab00825c523ddea07c3f9b7d5eef8af49e1ceb58,16,0.001223,,,,,,,274.24900799999995,0.039184000000000004,,,,,,,0,0,0,0,0,0,0,395.428403,19.874981000000002,0,0.02460799999999999,8,0.00032,337743068,,1152,16788204,183.37782900000002,6.711703999999999,1,118.73706899999998,0.25919099999999995,156168,0,0,0,0,0,0,0,,,,,,,,,,,,,,,,,,,,,,,,,,,,,,,,,,,,,,,,,,,,,,,,,,,,,,,,,,,,,,,,,,,,,,,,,,,,,,,,,,,,,,,,,,,,,0.0018139999999999999,1,0,0,,,,,,,,,,,,,,,,,,,,,,,,,,,,,0,0,,,,,,,,,,,,,,,,,,,0,,,,,,,,,,,,,,,,,,,0.091169,0,0.0,0,32,,,,,,,,,,,,,,,,,,,,,,,,,,,,,,0,0,native_grid_planar_fractional,True,1,397.3045509999906,private-reference/f61951b3b54f8089/00000.json.gz,0,True,0,0,0,0,0,32474,0.5205079999655027,81a155a3efe7badd5a4091ef7d3ea40f66e3dbbe3034ddd6189be08afcdfdce8,27889906,skarve_normalized_f64_v1,12.136350999981005,333356958308,,True,465.52863900001284,private-reference/0bbff2d041b005fa/00000.json.gz,7a54e5ba3025205528e786189295141163de11f666d8b0aa65318ce199707abc,8
1,worldpop1-A-0-local-native-skv-raw,worldpop1,A,local,0,native-skv-raw,skv,27.48741099998142,132.00566599999775,0.080503471,0.131096,68952064,2147483648,native,1,worldpop1|A|local,1.6597480000086762,333927233797,19.227408999995532,48.588654000013776,null,True,22778369,worldpop1|A|0,0.0008619999789516442,,,,,,,,,,,,,,,,,,,,,,,,,,,,,,,,,,,,,,,,,,,,,,,,,,,,,,,,,,,,,,,,,,,,,,False,,,,,,skv,,,,False,,16384,0,0,0,0,0.0,0.0,0,0,0,100,50,0,5.5265249999999995,100,90640,0,0.0,0.0,4800,11584,2084894,62,1638400,0.067469,14745600,14749575,0,0,25,1638400,0.0060529999999999985,10.158899000000002,0,89,90640,3.6543999999999994,65536,8192000,1977870,1.266528,0,0,source_handle_lifetime,False,,,,,,,,,,,,,,,,,9742336,False,pinned_file_stat,local,,,,,,,,,,,,,,,,,,,0,14745600,67108864,25,0,0,0,0,25,14762575,13107200,,590119,0,0,0,0,673248,268435456,,50,14466,0,,67108864,256,25,25,,,1.6738030000000006,,,0.045906999999999996,0.246853,,,24.342245000000002,10.158899000000002,0.256796,12.151748000000003,,,0.011417,0.0,,26.739124,0.009442,,,,,,,,,,,,,,,,,,,,,,,,,,,,,,,,,,,,,,,,,,,,,,,,,,,,,raw,,,native_grid_planar_fractional,True,1,27.049967000039032,private-reference/8346be22506392fb/00001.json.gz,0,True,0,0,0,0,0,161,0.03697699997928794,dfd61dc71363e7bd4be6ab2e28d4f02024cc1dfcf706390a8cb14dfa20bfb7b8,22778369,skarve_normalized_f64_v1,0.3965770000036173,333899746638,,True,80.97494800000504,private-reference/2e52207ceaa9890f/00001.json.gz,526b39584fe90efd99ad45964b55b77b1e73a14b02ff740fae89fa12204de5b9,1
2,real-age36-C-2-http0-native-rsi64,real-age36,C,http0,2,native-rsi64,cogband128,688.7854720000064,825.101396999969,0.601412813,0.675766,118550528,2147483648,native,36,real-age36|C|http0,0.807446000010259,334759081135,21.123337000005904,710.9524130000295,null,True,28148818,real-age36|C|2,0,,,87056,36,56,0.001905,65536,0.472546,0,37158912,67108864,0,0,0,0.37794499999999986,37273544,33030144,0.022868,378592,1,1,1b2f38309333a68103bab29bf48992afc5eec46bb5896562b0311de2551cb0df,64,0.004591,,,,,,,597.3290640000001,0.018474,,,,,,,0,0,0,22179437,455,4,459,665.229619,7.211588999999997,0,0.006386,2,0.000822,201882556,,2016,3037896,575.8319930000002,2.855949,2,21.528785999999997,0.102311,55008,0,0,0,0,0,0,0,,,,,,,,,,,,,,,,,,,,,,,,,,,,,,,,,,,,,,,,,,,,,,,,,,,,,,,,,,,,,,,,,,,,,,,,,,,,,,,,,,,,,,,,,,,,,0.008981,2,0,0,,,,,,,,,,,,,,,,,,,,,,,,,,,,,72,72,,,,,,,,,,,,,,,,,,,558,,,,,,,,,,,,,,,,,,,5.79215,0,0.0,0,56,,,,,,,,,,,,,,,,,,,,,,,,,,,,,index64,22179437,459,native_grid_planar_fractional,True,2,666.0223189999783,private-reference/ca03c5a5df3f9db3/00002.json.gz,22372411,True,545,10,22372411,555,555,4211,0.09366099999397193,78ea1b1d7c574d80aac7cf2fe459d522f8702c4e987f34f246a9977617de8717,27889906,skarve_normalized_f64_v1,22.6657530000125,334070296204,,True,750.3663219999908,private-reference/1027ab4872bcc783/00002.json.gz,469f9a64e761c3d47aa2e9d3574158e12705a1cc069b5a03442b1506196a634c,1
3,real-age36-C-1-local-native-cog,real-age36,C,local,1,native-cog,cogband128,251.7298049999681,361.80790200000956,0.30902447600000005,0.3610289999999998,150892544,2147483648,native,36,real-age36|C|local,6.896744999949078,335138922793,19.53020100000913,278.35120499997856,null,True,27889906,real-age36|C|1,0.0006820000066909415,,,,,,,,,,,,,,,,,,,,,,,,,,,,,,,,,,,,,,,,,,,,,,,,,,,,,,,,,,,,,,,,,,,,,16777216,,0,0.047259999999999996,1,8,0,,0,shared_only_for_identical_data_and_mask_block_footprints_then_flushed_on_transition_or_window_exit,trusted_manifest,,local_original,,,,,,,,,,,,,,,,,,,,,,,,,,,,,,,,,,,,,,,,,,,,,,False,,,,,,,,,,,,,,,,,,,,,,,,,,,,,,,,,,,,,,0,84934656,67108864,6,21237758,2,0,0,8,63713274,75497472,,11798159,0,0,0,0,257088,268435456,,288,377416,0,,67108864,256,8,4,,,14.3117,,,2.317415,0.071967,,,228.17860700000003,17.81657,0.028907,192.71296,,,0.013139999999999999,0.0,,242.873357,0.029087000000000002,,,,,,,,,,,,,,,,,,,,,,,,,,,,,,,,,,,,,,,,,,,,,,,,,,,,,,,,native_grid_planar_fractional,True,1,243.2606589999864,private-reference/28ee4f1fb6b8b114/00003.json.gz,0,True,0,0,0,0,0,4218,0.11389499996994346,90b8e74a54c8732d101857ef774fa9a6f291a71188a73e650c6fecf47092bbd0,27889906,skarve_normalized_f64_v1,8.351151999988815,334887193018,,True,309.25209800000175,private-reference/7e8138bcbde9cf3f/00003.json.gz,7775ed3f033ee96ae7318c95baa93c94012a5ca7e478aaab1235f0877fb0f031,1
4,worldpop1-B-2-http0-native-skv-raw,worldpop1,B,http0,2,native-skv-raw,skv,106.93080799995869,208.08470200000784,0.13389751700000002,0.18652000000000024,70279168,2147483648,native,1,worldpop1|B|http0,0.260657000012543,335368700384,19.39996699996982,126.86767499997131,null,True,22778369,worldpop1|B|2,0.0008220000040637387,,,45576,8,81,0.002034,32768,4.575526,0,11943936,67108864,0,0,0,0.25075699999999995,11998935,10616832,0.012091000000000003,1992496,0,8,d9f73d3fd12438f673af7cffe620b04c9dcbca5f171483f6d96f1c84649c69c7,81,0.001403,,,,,,,85.74204200000001,0.035342,,128,19648,False,128,128,0,0,0,1820225,83,2,85,103.859396,3.4627459999999997,0,0.003777,8,0.000361,330612212,,81,2003838,80.064342,1.8314840000000001,1,12.172147999999995,0.050419,19250,0,0,0,0,0,0,0,,,,,,,,,,,,,,,,,,,,,,,,,,,,,,,,,,,,,,,,,,,,,,,,,,,,,,,,,,,,,,,,,,,,,,,,,,,,,,,,,,,,,,,,,,,,,0.009462,1,0,0,,,,,,,,,,,,,,,,,,,,,,,,,,,,,0,0,,,,,,,,,,,,,,,,,,,0,,,,,,,,,,,,,,,,,,,1.001868,0,0.005993999999999999,0,81,,,,,,,,,,,,,,,,,,,,,,,,,,,,,raw,1820225,85,native_grid_planar_fractional,True,1,104.71831500001372,private-reference/5aa12cfbcf35f186/00004.json.gz,1836609,True,84,2,1836609,86,86,1240,0.045906999957878725,ae861dc4801af35ca6376dd8cf332a700265b4f0daf25e4721ef113acc83f37f,22778369,skarve_normalized_f64_v1,2.162876999989294,335261770438,,True,155.05932899998243,private-reference/b28f6b3e60cda108/00004.json.gz,35d1a9ec424af2837b431fc0df7316657018c06cc3b4cd162ccb98daddfaaab2,8
5,analytical40-1025x1031-D-0-local-native-rsi256,analytical40-1025x1031,D,local,0,native-rsi256,cogband128,1413.3563859999754,1531.469838000021,1.468620363,1.5299610000000001,150405120,2147483648,native,40,analytical40-1025x1031|D|local,6.179290000034143,336899561790,18.619442000044728,1438.3554540000318,null,True,26638653,analytical40-1025x1031|D|0,0,,,833696,320,36,0.002045,65536,1.94281,0,378777600,67108864,29,0,0,11.080471999999995,59645097,336691200,0.019321,1250704,8,8,ef6b09bc67fd03a2bdf45c1df0a3bc4c119631f3320f22b881ed2a41b7eda9d6,18,0.001904,,,,,,,858.3807439999999,0.039271,,,,,,,0,0,0,0,0,0,0,1393.82307,62.94741199999999,0,0.03171399999999999,16,0.000792,203490812,,1440,70238120,718.8290850000002,24.531328,2,531.894755,0.339371,314960,0,0,0,0,0,0,0,,,,,,,,,,,,,,,,,,,,,,,,,,,,,,,,,,,,,,,,,,,,,,,,,,,,,,,,,,,,,,,,,,,,,,,,,,,,,,,,,,,,,,,,,,,,,0.0033280000000000002,2,0,0,,,,,,,,,,,,,,,,,,,,,,,,,,,,,8,8,,,,,,,,,,,,,,,,,,,0,,,,,,,,,,,,,,,,,,,0.361205,0,0.0,0,36,,,,,,,,,,,,,,,,,,,,,,,,,,,,,index256,0,0,native_grid_planar_fractional,True,2,1396.5989120000017,private-reference/3807da27e68e57d6/00005.json.gz,0,True,0,0,0,0,0,32796,0.6166490000509839,a7389146e4f56e6ee457a9ed39c6f9e8a5faf8be467c066635197793e46d52a4,26442685,skarve_normalized_f64_v1,16.134058999966783,335486205063,,True,1469.7165410000252,private-reference/666aa4b5cc560f65/00005.json.gz,08aa4d8392b3487a357fbfbd920fb486968ba5770e0bd71720463c5899bb8d72,8
6,analytical40-1025x1031-B-1-local-native-rsi64,analytical40-1025x1031,B,local,1,native-rsi64,cogband128,53.191338000033284,161.91655900001933,0.103583219,0.16115999999999975,77754368,2147483648,native,1,analytical40-1025x1031|B|local,0.20723699998370648,337088359599,20.287981000024047,73.89155700002448,null,True,27254333,analytical40-1025x1031|B|1,0,,,45576,8,117,0.001604,32768,4.4916789999999995,0,4148928,67108864,0,0,0,0.17290200000000006,4232115,3687936,0.007689,3229744,0,8,0f1296dc7b672672d28d5c50d915c60474f6d116503a106dcf79aea6e94fea27,261,0.0011719999999999999,,,,,,,27.56780000000001,0.045472,,,,,,,0,0,0,0,0,0,0,37.924725,0.6434390000000001,0,0.004061,8,0.000361,204647360,,234,490138,23.26457500000002,0.271081,1,3.6323290000000004,0.034607,9181,0,0,0,0,0,0,0,,,,,,,,,,,,,,,,,,,,,,,,,,,,,,,,,,,,,,,,,,,,,,,,,,,,,,,,,,,,,,,,,,,,,,,,,,,,,,,,,,,,,,,,,,,,,0.001423,1,0,0,,,,,,,,,,,,,,,,,,,,,,,,,,,,,374,199,,,,,,,,,,,,,,,,,,,0,,,,,,,,,,,,,,,,,,,0.198007,0,0.0,0,117,,,,,,,,,,,,,,,,,,,,,,,,,,,,,index64,0,0,native_grid_planar_fractional,True,1,38.715566000007584,private-reference/60be3f9f7ed1cf77/00006.json.gz,0,True,0,0,0,0,0,1041,0.046624999981759174,4f9ba65d57db05a80f1576d13c050ab16b2115cabb8d62b799eea489189b8501,26442685,skarve_normalized_f64_v1,14.423754000006284,337035168302,,True,103.98532300001762,private-reference/cd5894c3cfe1f63a/00006.json.gz,ad6566bfceadd4887ba58a31a6f1b0739c02a158c92a5e801d686cafe243beeb,8
7,analytical36-D-2-local-native-rsi256,analytical36,D,local,2,native-rsi256,cogband128,441.283435999992,563.5709529999531,0.5000068400000001,0.5628069999999998,153382912,2147483648,native,36,analytical36|D|local,7.363149000013891,337650053503,20.614140000020598,469.54311100000723,null,True,6294806,analytical36|D|2,0,,,667776,288,10,0.002265,65536,1.201964,0,85515264,67108864,2,0,0,2.6515739999999997,61940632,76013568,0.006425000000000001,516544,8,8,40ef5ef21b6c88686db68542a6de662f25a748942899c5b46a591d8bef511c5c,5,0.00446,,,,,,,258.637167,0.047637,,,,,,,0,0,0,0,0,0,0,419.930441,16.289220999999998,0,0.028544999999999987,16,0.0006900000000000001,202756660,,360,17286804,221.93190700000002,6.419252000000001,2,158.87876799999998,0.43455,83520,0,0,0,0,0,0,0,,,,,,,,,,,,,,,,,,,,,,,,,,,,,,,,,,,,,,,,,,,,,,,,,,,,,,,,,,,,,,,,,,,,,,,,,,,,,,,,,,,,,,,,,,,,,0.008728999999999999,2,0,0,,,,,,,,,,,,,,,,,,,,,,,,,,,,,0,0,,,,,,,,,,,,,,,,,,,0,,,,,,,,,,,,,,,,,,,0.492059,0,0.0,0,10,,,,,,,,,,,,,,,,,,,,,,,,,,,,,index256,0,0,native_grid_planar_fractional,True,2,422.6107379999462,private-reference/fe91e43142b84907/00007.json.gz,0,True,0,0,0,0,0,29879,0.5175559999770485,4c8f72b841b57deaf9bf2c4afcce533e3b74f4c7b7277eaf902887de2273b3e8,6142678,skarve_normalized_f64_v1,18.149748999974236,337208770217,,True,500.31408800003874,private-reference/06b87806ac499cd0/00007.json.gz,82a725bbe57f365ac339cd318d295534f09cdd5e942a43b655fad85cec34af7a,8
8,analytical36-D-2-local-native-cog,analytical36,D,local,2,native-cog,cogband128,373.19249799998033,499.3561030000251,0.43736425,0.49824,143216640,2147483648,native,36,analytical36|D|local,6.452625999997963,338171535178,23.710348999998132,403.64539799998056,null,True,6142678,analytical36|D|2,0.0011230000040995947,,,1497376,288,36,0.001584,32768,1.017674,0,85515264,67108864,7,0,0,0.52624,66708435,76013568,0.019320000000000004,666976,0,8,ffe7a97fa2f07ec5058551e0ed95c80f9c8135d7786b6a5147d2967b095224d8,18,0.001133,,,,,,,223.31301199999996,0.042524,,,,,,,0,0,0,0,0,0,0,354.488645,15.212463999999995,0,0.024103999999999993,8,0.00031,337753828,,1296,17286804,150.178616,6.178378,1,129.37193800000003,0.238731,158328,0,0,0,0,0,0,0,,,,,,,,,,,,,,,,,,,,,,,,,,,,,,,,,,,,,,,,,,,,,,,,,,,,,,,,,,,,,,,,,,,,,,,,,,,,,,,,,,,,,,,,,,,,,0.001583,1,0,0,,,,,,,,,,,,,,,,,,,,,,,,,,,,,0,0,,,,,,,,,,,,,,,,,,,0,,,,,,,,,,,,,,,,,,,0.056395,0,0.0,0,36,,,,,,,,,,,,,,,,,,,,,,,,,,,,,,0,0,native_grid_planar_fractional,True,1,356.41369800003986,private-reference/7d95460ea7080be5/00008.json.gz,0,True,0,0,0,0,0,29879,0.5136219999712921,4c8f72b841b57deaf9bf2c4afcce533e3b74f4c7b7277eaf902887de2273b3e8,6142678,skarve_normalized_f64_v1,16.26065799996468,337798342891,,True,438.02877699999954,private-reference/681944088c874e2d/00008.json.gz,ea3949aae08cbed6326496986d80ffd46b838257d6c526022cd27e30f363f091,8
9,real-age36-D-0-http0-native-tiff,real-age36,D,http0,0,native-tiff,band256,1300.9351879999826,1422.2261630000048,1.1518882830000001,1.2161030000000004,153481216,2147483648,native,36,real-age36|D|http0,1.8093479999947704,339607972254,21.35157300000401,1324.2892679999727,null,True,27830980,real-age36|D|0,0.0011430000199652568,,,1497376,288,32,0.003728,32768,1.114349,0,84934656,67108864,7,0,0,0.491874,66111319,75497472,0.019181999999999998,656416,0,8,91cbd51efde644c68ee88a85ab00825c523ddea07c3f9b7d5eef8af49e1ceb58,16,0.001604,,,,,,,1157.6527079999994,0.033104,,,,,,,0,0,0,111307458,577,2,579,1280.779696,17.788843999999997,0,0.025766999999999995,8,0.000441,337743068,,1152,16788204,1118.026104,7.480679000000003,1,119.41951899999998,0.44573399999999996,156168,0,0,0,0,0,0,0,,,,,,,,,,,,,,,,,,,,,,,,,,,,,,,,,,,,,,,,,,,,,,,,,,,,,,,,,,,,,,,,,,,,,,,,,,,,,,,,,,,,,,,,,,,,,0.003648,1,0,0,,,,,,,,,,,,,,,,,,,,,,,,,,,,,0,0,,,,,,,,,,,,,,,,,,,1,,,,,,,,,,,,,,,,,,,1.57876,0,0.0,0,32,,,,,,,,,,,,,,,,,,,,,,,,,,,,,,111307458,579,native_grid_planar_fractional,True,1,1282.6304820000018,private-reference/3f7929d7f85adeb1/00009.json.gz,111311479,True,587,4,111311479,591,591,32474,0.503507000018999,81a155a3efe7badd5a4091ef7d3ea40f66e3dbbe3034ddd6189be08afcdfdce8,27830980,skarve_normalized_f64_v1,17.79713000001948,338307037016,,True,1357.6741749999997,private-reference/36bc9d93fdd672fe/00009.json.gz,b6c5cc42843a4873f26f3eae3476d5927a8106e1ce126b343da2d45f7267abdb,8
10,real-age36-A-2-local-native-skv-summary,real-age36,A,local,2,native-skv-summary,skv,7.5550550000116345,111.13338899997416,0.05725593699999999,0.11066800000000043,55939072,2147483648,native,1,real-age36|A|local,0.1181999999744221,339752550042,18.47778400002653,26.36022900003354,null,True,28933939,real-age36|A|2,0.000551000027826376,,,,,,,,,,,,,,,,,,,,,,,,,,,,,,,,,,,,,,,,,,,,,,,,,,,,,,,,,,,,,,,,,,,,,,False,,,,,,skv,,,,False,,16384,0,0,0,0,0.0,0.0,0,0,0,0,0,0,1.6527949999999998,12,74160,0,0.0,0.0,192,11584,699404,22,196608,0.084456,1769472,1771380,0,0,12,196608,0.0017230000000000001,0.39618,0,7,74160,0.7231690000000001,65536,983040,608860,0.493607,4,0,source_handle_lifetime,False,,,,,,,,,,,,,,,,,9742336,False,pinned_file_stat,local,,,,,,,,,,,,,,,,,,,,,67108864,,,,,,,1777620,1572864,,,,,,,,,,,,,,,128,12,,,,,0.0,0.0,,,,,,0.39618,,3.3250330000000003,,,,0.0,,6.471348,,,,,,,,,,,,,,,,,,,,,,,,,,,1,0,0,0,False,12,146889793,21,,,4,False,,,,,,166306,12,,,,,4,,4,4,summary,,,native_grid_planar_fractional,True,1,7.0428689999744165,private-reference/422fa0a910957e70/00010.json.gz,0,True,0,0,0,0,0,146,0.04451799998150818,23ad059059d201f1ebaf83a27fbf945ec9e110f22eaa6ab13fd400ec1b6b2357,28933939,skarve_normalized_f64_v1,0.4633990000115773,339744995037,,True,57.33198299998321,private-reference/7f9167911b69f384/00010.json.gz,99318d206ff5fc6decaf8186e85a4cf497ac2e2b62adf8c045798854ac78f47d,1
11,analytical40-1025x1031-D-1-local-native-rsi64,analytical40-1025x1031,D,local,1,native-rsi64,cogband128,1275.9671129999788,1401.670696999986,1.333192083,1.4007409999999991,143486976,2147483648,native,40,analytical40-1025x1031|D|local,1.9139660000178083,341150648907,24.38063299996429,1302.4744439999836,null,True,27254333,analytical40-1025x1031|D|1,0,,,833696,320,234,0.002074,65536,4.213109,0,165957120,67108864,139,0,0,3.352933000000002,66996945,147517440,0.11435500000000003,3229744,8,8,0f1296dc7b672672d28d5c50d915c60474f6d116503a106dcf79aea6e94fea27,261,0.002345,,,,,,,1093.7630030000007,0.111011,,,,,,,0,0,0,0,0,0,0,1255.163456,26.248989999999996,0,0.030253999999999986,16,0.000701,205469780,,9360,19605520,970.9256490000002,14.664897000000007,2,144.054686,0.37446999999999997,367240,0,0,0,0,0,0,0,,,,,,,,,,,,,,,,,,,,,,,,,,,,,,,,,,,,,,,,,,,,,,,,,,,,,,,,,,,,,,,,,,,,,,,,,,,,,,,,,,,,,,,,,,,,,0.006154,2,0,0,,,,,,,,,,,,,,,,,,,,,,,,,,,,,748,398,,,,,,,,,,,,,,,,,,,0,,,,,,,,,,,,,,,,,,,0.49870600000000004,0,0.0,0,234,,,,,,,,,,,,,,,,,,,,,,,,,,,,,index64,0,0,native_grid_planar_fractional,True,2,1258.2400750000033,private-reference/2667c3f7b1b63a52/00011.json.gz,0,True,0,0,0,0,0,32804,0.6118350000292594,365f94acb67595ceff5b6f6e9b8b49e3e1f3374adb31b96e3eab040965552af1,26442685,skarve_normalized_f64_v1,17.108567999969182,339874681334,,True,1333.6822230000394,private-reference/e694fe6c2294544f/00011.json.gz,259fa125c4c5b2a71720751bbc0acf4b4cf53f3d6b5213b2ae2fefc611880c2f,8
12,analytical40-1025x1031-D-1-local-native-cog,analytical40-1025x1031,D,local,1,native-cog,cogband128,1469.3097269999953,1587.6345529999867,1.523743722,1.5867080000000007,142577664,2147483648,native,40,analytical40-1025x1031|D|local,3.679583999996794,342757461724,19.25074399997584,1492.522772999962,null,True,26442685,analytical40-1025x1031|D|1,0.001612999994904385,,,1663296,320,134,0.002576,32768,3.0602929999999997,0,378455040,67108864,106,0,0,4.744549000000001,65918628,336404480,0.08482999999999995,1799632,0,8,10b73ba3c4f77670ec8a26cf62bfd6c31fe3b17dcf8b0b163b7a9af5a8d178cd,67,0.0013629999999999998,,,,,,,842.0180820000003,0.044425,,,,,,,0,0,0,0,0,0,0,1449.107012,62.05814100000001,0,0.027438999999999995,8,0.00042100000000000004,339052220,,5360,80881680,638.5115139999999,30.21753699999999,1,601.8103209999999,0.445208,670520,0,0,0,0,0,0,0,,,,,,,,,,,,,,,,,,,,,,,,,,,,,,,,,,,,,,,,,,,,,,,,,,,,,,,,,,,,,,,,,,,,,,,,,,,,,,,,,,,,,,,,,,,,,0.0017540000000000001,1,0,0,,,,,,,,,,,,,,,,,,,,,,,,,,,,,0,0,,,,,,,,,,,,,,,,,,,0,,,,,,,,,,,,,,,,,,,0.068216,0,0.0,0,134,,,,,,,,,,,,,,,,,,,,,,,,,,,,,,0,0,native_grid_planar_fractional,True,1,1452.0454549999613,private-reference/ededbb5fa6b4a1b0/00012.json.gz,0,True,0,0,0,0,0,32804,0.5964099999573591,365f94acb67595ceff5b6f6e9b8b49e3e1f3374adb31b96e3eab040965552af1,26442685,skarve_normalized_f64_v1,16.66020599998319,341288151535,,True,1524.268592999988,private-reference/e8d672dc1501dc06/00012.json.gz,f284de7e09152118afe0cd64b162e6f15d38ccfc688a885594423a78ce77bf76,8
13,worldpop1-A-0-http0-native-skv-raw,worldpop1,A,http0,0,native-skv-raw,skv,75.26517100001229,185.68173299996715,0.112914407,0.16809300000000071,72495104,2147483648,native,1,worldpop1|A|http0,2.493866000008893,342967113555,18.313126999998985,96.27036200004113,null,True,22778369,worldpop1|A|0,0.0006820000066909415,,,,,,,,,,,,,,,,,,,,,,,,,,,,,,,,,,,,,,,,,,,,,,,,,,,,,,,,,,,,,,,,,,,,,,False,,,,,,skv,,,,False,,16384,0,0,0,0,0.0,0.0,0,0,0,100,50,0,7.153193999999997,100,131840,14,0.0,0.0,4800,11584,2126094,53,1638400,0.074437,14745600,14749575,0,0,25,1638400,0.013997000000000002,12.097420999999999,0,98,131840,4.933877999999999,65536,8192000,1977870,40.633784999999996,0,0,source_handle_lifetime,False,,,2126094,4194304,0,0,0,0,52,2116366,2116366,0,53,2,2126094,55,9742336,False,strong_etag_conditional_ranges,http,2126094,4194304,0,0,0,0,52,2116366,2116366,0,53,2,2126094,55,,,,,0,14745600,67108864,25,0,0,0,0,25,14762575,13107200,,590119,2109710,52,2,54,673248,268435456,,50,14466,0,,67108864,256,25,25,,,2.089778,,,0.10179200000000001,0.288879,,,68.56359200000001,12.097420999999999,0.42218,53.575318,,,0.713885,0.0,,73.010303,0.016204,,,,,,,,,,,,,,,,,,,,,,,,,,,,,,,,,,,,,,,,,,,,,,,,,,,,,raw,2126094,55,native_grid_planar_fractional,True,1,73.42764300000226,private-reference/70f4662854c08f6a/00013.json.gz,2126094,True,53,2,2126094,55,55,161,0.03427199999350705,dfd61dc71363e7bd4be6ab2e28d4f02024cc1dfcf706390a8cb14dfa20bfb7b8,22778369,skarve_normalized_f64_v1,1.7994980000253236,342891848234,,True,130.08750199998076,private-reference/98a0cdb78e083ce3/00013.json.gz,2aae2f89433a0963d8f7218f45aec9fdbb889731bf9a59b3d41fe4b73b5f7c93,1
14,real-age36-C-2-local-native-rsi64,real-age36,C,local,2,native-rsi64,cogband128,300.18494299997656,422.6089310000134,0.360266498,0.4203779999999995,108187648,2147483648,native,36,real-age36|C|local,1.0258840000005875,343403688845,26.396850000026006,327.892347000045,null,True,28148818,real-age36|C|2,0,,,87056,36,56,0.004219,65536,0.44295399999999996,0,37158912,67108864,0,0,0,0.334563,37273544,33030144,0.022498000000000004,378592,1,1,1b2f38309333a68103bab29bf48992afc5eec46bb5896562b0311de2551cb0df,64,0.0026550000000000002,,,,,,,266.89642600000013,0.028711,,,,,,,0,0,0,0,0,0,0,289.796035,5.977570999999998,0,0.007687,2,0.000882,201883276,,2016,3037896,233.522281,3.045193,2,20.613318999999997,0.08546100000000001,55008,0,0,0,0,0,0,0,,,,,,,,,,,,,,,,,,,,,,,,,,,,,,,,,,,,,,,,,,,,,,,,,,,,,,,,,,,,,,,,,,,,,,,,,,,,,,,,,,,,,,,,,,,,,0.0031869999999999997,2,0,0,,,,,,,,,,,,,,,,,,,,,,,,,,,,,72,72,,,,,,,,,,,,,,,,,,,0,,,,,,,,,,,,,,,,,,,0.35538900000000007,0,0.0,0,56,,,,,,,,,,,,,,,,,,,,,,,,,,,,,index64,0,0,native_grid_planar_fractional,True,2,291.05361599999924,private-reference/69c8245c10429ccc/00014.json.gz,0,True,0,0,0,0,0,4211,0.11750800001664174,78ea1b1d7c574d80aac7cf2fe459d522f8702c4e987f34f246a9977617de8717,27889906,skarve_normalized_f64_v1,9.008166999990408,343103503922,,True,361.8159920000039,private-reference/f77cb34c361d1115/00014.json.gz,e5c1cce28c3ec2789d5d32326f3529a1ab273d67f4c84b57700ed8911f82ee06,1
15,analytical36-D-0-http0-native-tiff,analytical36,D,http0,0,native-tiff,ordinary,880.1186540000003,1000.5243840000162,0.86623909,0.9311480000000003,152608768,2147483648,native,36,analytical36|D|http0,1.103236000005836,344414584162,21.341788999961864,902.790154999991,null,True,4464831,analytical36|D|0,0.0011930000027859933,,,1497376,288,36,0.002575,32768,1.307337,0,85515264,67108864,7,0,0,0.5703779999999999,66708435,76013568,0.019125000000000003,658576,0,8,c26f6ae2c19d5b33bd167e37cf1eb964c233070551772bea959dc7a7bb02b16b,18,0.001192,,,,,,,720.0412070000001,0.046919,,,,,,,0,0,0,4449237,183,2,185,851.835871,16.621863,0,0.031054999999999992,8,0.00048100000000000004,337745456,,1296,17068284,657.21653,7.272198,1,128.443078,0.387399,156924,0,0,0,0,0,0,0,,,,,,,,,,,,,,,,,,,,,,,,,,,,,,,,,,,,,,,,,,,,,,,,,,,,,,,,,,,,,,,,,,,,,,,,,,,,,,,,,,,,,,,,,,,,,0.005672,1,0,0,,,,,,,,,,,,,,,,,,,,,,,,,,,,,0,0,,,,,,,,,,,,,,,,,,,469,,,,,,,,,,,,,,,,,,,1.111643,0,0.0,0,36,,,,,,,,,,,,,,,,,,,,,,,,,,,,,,4449237,185,native_grid_planar_fractional,True,1,854.4740149999939,private-reference/a4ee51a9653673ea/00015.json.gz,4456693,True,196,4,4456693,200,200,28762,0.5094649999932699,a9e2337fccaa006ca4a489ba411cad2a8b91d47a0e971c214c4c67110e4e4f97,4464831,skarve_normalized_f64_v1,25.128451000000496,343534465018,,True,935.1537020000364,private-reference/8a19725e7721df6f/00015.json.gz,42b9056b81d60707fcb28afa1d00e35cb657614aa69e1834a60297db289fe8f7,8
16,real-age36-B-1-local-native-cog,real-age36,B,local,1,native-cog,cogband128,20.372987000030207,140.23705599998948,0.07752224899999999,0.13944899999999905,72114176,2147483648,native,1,real-age36|B|local,0.3651330000025155,344588999024,23.780808999958936,44.729007999990245,null,True,27889906,real-age36|B|1,0.0008320000119965698,,,45576,8,16,0.0034070000000000003,32768,1.090098,0,2359296,67108864,0,0,0,0.037939999999999995,2370416,2097152,0.001552,658864,0,8,f9c804f4bbe2085423ae54bcdc6b2b8b95cb5ec97d5c6a5a659d9c958d71075c,16,0.0012729999999999998,,,,,,,6.5434470000000005,0.036045,,128,7168,False,128,128,0,0,0,0,0,0,0,11.114779,0.448386,0,0.010679999999999993,8,0.000441,336300520,,32,469440,4.789824,0.233212,1,3.2204510000000006,0.085339,4353,0,0,0,0,0,0,0,,,,,,,,,,,,,,,,,,,,,,,,,,,,,,,,,,,,,,,,,,,,,,,,,,,,,,,,,,,,,,,,,,,,,,,,,,,,,,,,,,,,,,,,,,,,,0.001553,1,0,0,,,,,,,,,,,,,,,,,,,,,,,,,,,,,0,0,,,,,,,,,,,,,,,,,,,0,,,,,,,,,,,,,,,,,,,0.057982,0,0.003528,0,16,,,,,,,,,,,,,,,,,,,,,,,,,,,,,,0,0,native_grid_planar_fractional,True,1,11.851749000015843,private-reference/9b4298ef9a8f9649/00016.json.gz,0,True,0,0,0,0,0,1124,0.08047800002941585,a3ba031d3788621800950943579f5eab46d6bdbeb6ec71f27b742a767f11bc3f,27889906,skarve_normalized_f64_v1,8.433153999988008,344568625234,,True,77.84367699997574,private-reference/069700f88e20770e/00016.json.gz,6416c5c298624753ec9d8b82148fe4ba7a7257f0e119342ecaad2efdae1b8575,8
17,analytical40-1025x1031-C-0-http0-native-skv-summary,analytical40-1025x1031,C,http0,0,native-skv-summary,skv,350.7334720000017,476.51503199995204,0.398728198,0.46007400000000054,132210688,2147483648,native,40,analytical40-1025x1031|C|http0,0.677404999976261,345078366475,28.687704999981634,380.5052079999882,null,True,24731327,analytical40-1025x1031|C|0,0.0008420000199294009,,,,,,,,,,,,,,,,,,,,,,,,,,,,,,,,,,,,,,,,,,,,,,,,,,,,,,,,,,,,,,,,,,,,,,True,,,,,,skv,,,,False,,16384,7,9,747036,5202490,16.055909,2.409164,7,7,8388608,1120,28,0,40.721162000000035,1120,527360,56,0.0,0.0,4608000,11584,16148766,44,18350080,0.08054800000000001,165150720,165251716,0,0,28,18350080,0.08601500000000001,32.282957,0,2632,527360,32.18979700000001,65536,91750400,10402532,52.16558999999999,960,0,source_handle_lifetime,False,,,10946276,4194304,14,20,5202490,14,29,4163203,4163203,0,30,2,10946276,32,9742336,False,strong_etag_conditional_ranges,http,10946276,4194304,14,20,5202490,14,29,4163203,4163203,0,30,2,10946276,32,,,,,,,67108864,,,,,,,64927445,146800640,,,,,,,,,,,,,,,128,28,,,,,0.15132400000000004,18.477705,,,,,,32.282957,,149.59729500000003,,,,0.0,,347.01011900000003,,,,,,,,,,,,,,,,,,,,,,,,,,,2,9,716800,2,True,28,147092008,73,,,36,False,,,,,,393242,28,,,,,24,,48,36,summary,10946276,32,native_grid_planar_fractional,True,1,347.6645220000023,private-reference/667b23a362fcd72c/00017.json.gz,10946276,True,30,2,10946276,32,32,4423,0.12545299995281312,96e4df19c2690d62cddac1e7d828f44054cd2c0dff19c8c2f63690a5c5df9d0e,24731327,skarve_normalized_f64_v1,2.9389669999773105,344727633575,,True,414.62236399996755,private-reference/49ae1c1be9953e7b/00017.json.gz,af10acb1747a712c3e6d7ef6cef1ae73f6a51cfcab8118cc9359c241149490fb,1
18,analytical40-1025x1031-D-1-http0-native-tiff,analytical40-1025x1031,D,http0,1,native-tiff,band256,4032.2597059999907,4156.465668999999,3.649369767,3.719436,154398720,2147483648,native,40,analytical40-1025x1031|D|http0,0.6144500000004882,349249898091,20.400946000052045,4053.4769320000237,null,True,21771767,analytical40-1025x1031|D|1,0.001311999994868529,,,1663296,320,134,0.007902,32768,3.122805,0,378455040,67108864,106,0,0,4.165295000000001,65918628,336404480,0.07799799999999998,1799632,0,8,10b73ba3c4f77670ec8a26cf62bfd6c31fe3b17dcf8b0b163b7a9af5a8d178cd,67,0.001473,,,,,,,3392.010280999998,0.046091,,,,,,,0,0,0,42812255,1364,2,1366,4005.249635,62.713474999999995,0,0.028800999999999993,8,0.000441,339052220,,5360,80881680,3203.4836210000017,30.810113,1,605.8582489999997,0.7345430000000001,670520,0,0,0,0,0,0,0,,,,,,,,,,,,,,,,,,,,,,,,,,,,,,,,,,,,,,,,,,,,,,,,,,,,,,,,,,,,,,,,,,,,,,,,,,,,,,,,,,,,,,,,,,,,,0.004758,1,0,0,,,,,,,,,,,,,,,,,,,,,,,,,,,,,0,0,,,,,,,,,,,,,,,,,,,1321,,,,,,,,,,,,,,,,,,,1.555898,0,0.0,0,134,,,,,,,,,,,,,,,,,,,,,,,,,,,,,,42812255,1366,native_grid_planar_fractional,True,1,4007.500477999997,private-reference/ea063661d232a501/00018.json.gz,42820065,True,1373,4,42820065,1377,1377,32804,0.5326090000039585,365f94acb67595ceff5b6f6e9b8b49e3e1f3374adb31b96e3eab040965552af1,21771767,skarve_normalized_f64_v1,24.22129000001405,345217638626,,True,4085.9705490000238,private-reference/84d383308e5f6f71/00018.json.gz,3fcc0203ad5e037c21f315901a03113441a2fc3c0c0a3c842669140eb396e916,8
19,real-age36-D-1-http0-native-rsi64,real-age36,D,http0,1,native-rsi64,cogband128,1143.2056720000219,1260.924550000027,0.982205622,1.0463949999999986,148549632,2147483648,native,36,real-age36|D|http0,1.051430000018172,350551666232,19.510486999990917,1163.9964499999564,null,True,28148818,real-age36|D|1,0,,,667776,288,100,0.0020540000000000003,65536,1.396689,0,66355200,67108864,0,0,0,0.7677929999999997,66559900,58982400,0.044589000000000004,1012288,8,8,cc4f6bda2be4cb9ea379c2eb62d3b6176296f548ca1a6913cd363839f85bef7f,64,0.005119,,,,,,,994.1381879999999,0.048361,,,,,,,0,0,0,29927232,619,4,623,1118.660532,13.112907999999997,0,0.031244999999999985,16,0.000942,203251476,,3600,8494848,950.4069310000003,5.3082080000000005,2,61.24107699999999,0.5154920000000001,160272,0,0,0,0,0,0,0,,,,,,,,,,,,,,,,,,,,,,,,,,,,,,,,,,,,,,,,,,,,,,,,,,,,,,,,,,,,,,,,,,,,,,,,,,,,,,,,,,,,,,,,,,,,,0.021841,2,0,0,,,,,,,,,,,,,,,,,,,,,,,,,,,,,114,72,,,,,,,,,,,,,,,,,,,1186,,,,,,,,,,,,,,,,,,,6.29096,0,0.0,0,100,,,,,,,,,,,,,,,,,,,,,,,,,,,,,index64,29927232,623,native_grid_planar_fractional,True,2,1121.200376000047,private-reference/6f07edd1853a9135/00019.json.gz,30120206,True,709,10,30120206,719,719,32464,0.5255439999700684,5d245bafefa7e2c75db0534640a9a4216d266276c251480c4f58b76cec0d89af,27889906,skarve_normalized_f64_v1,21.475232999989657,349408460960,,True,1196.3440629999695,private-reference/b13ff4c3d498336c/00019.json.gz,3e5f7819e33f8efa58a6cdf994dd214e906e6e643b4b2d12013f5143bf67fedd,8
20,real-age36-D-2-local-native-rsi256,real-age36,D,local,2,native-rsi256,cogband128,374.636425999995,487.53963600000816,0.43263014,0.4870530000000013,150765568,2147483648,native,36,real-age36|D|local,8.292769999968641,351069697148,18.482419999998,401.6437380000184,null,True,28028498,real-age36|D|2,0,,,667776,288,8,0.002435,65536,0.9113209999999999,0,84934656,67108864,2,0,0,2.746483,61353690,75497472,0.004528,513904,8,8,cca1dbf8aba1b32e7fe360e4f1eda26921c04013a21ad4219ce6ad87d5336d78,4,0.0027559999999999998,,,,,,,228.869149,0.049268000000000006,,,,,,,0,0,0,0,0,0,0,363.084213,17.996453,0,0.028727999999999986,16,0.0006709999999999999,202753860,,288,17014824,191.84312400000002,6.279246,2,132.186092,0.35009,83844,0,0,0,0,0,0,0,,,,,,,,,,,,,,,,,,,,,,,,,,,,,,,,,,,,,,,,,,,,,,,,,,,,,,,,,,,,,,,,,,,,,,,,,,,,,,,,,,,,,,,,,,,,,0.004249,2,0,0,,,,,,,,,,,,,,,,,,,,,,,,,,,,,0,0,,,,,,,,,,,,,,,,,,,0,,,,,,,,,,,,,,,,,,,0.47746500000000003,0,0.0,0,8,,,,,,,,,,,,,,,,,,,,,,,,,,,,,index256,0,0,native_grid_planar_fractional,True,2,365.41254499996967,private-reference/caff3e43a60c6a37/00020.json.gz,0,True,0,0,0,0,0,32702,0.5450159999895732,5e6f375cc92abcd9cc8d8fd07e5887c228b07307989a3ae1a94fa98ceb17f110,27889906,skarve_normalized_f64_v1,8.67449600002601,350695060922,,True,432.71147799998744,private-reference/66a5b7d41a7c6d4f/00020.json.gz,d49c9fac926dc1693864ac9b05e2f150f4c821052b5ece6f81408359dfb831b6,8
21,real-age36-C-0-http0-native-rsi256,real-age36,C,http0,0,native-rsi256,cog256,434.3670549999956,551.9562489999998,0.470008624,0.5295860000000019,195825664,2147483648,native,36,real-age36|C|http0,7.835700999976325,351635433644,18.773934999956055,461.1815459999775,null,True,21394928,real-age36|C|0,0,,,87056,36,8,0.003868,65536,0.26803899999999997,0,84934656,67108864,2,0,0,1.405073,61353690,75497472,0.004959,146752,1,1,aafd0b81bec9e3b13f37a5e9f250765fdc65f4c70ddb44910492888f3d65696e,4,0.004468,,,,,,,344.32167899999996,0.023015,,,,,,,0,0,0,42505656,20,4,24,412.281822,16.354705000000003,0,0.008107,2,0.000912,201650728,,288,8139600,307.16261099999997,6.3563849999999995,2,59.94543099999999,0.143342,34056,0,0,0,0,0,0,0,,,,,,,,,,,,,,,,,,,,,,,,,,,,,,,,,,,,,,,,,,,,,,,,,,,,,,,,,,,,,,,,,,,,,,,,,,,,,,,,,,,,,,,,,,,,,0.01037,2,0,0,,,,,,,,,,,,,,,,,,,,,,,,,,,,,0,0,,,,,,,,,,,,,,,,,,,0,,,,,,,,,,,,,,,,,,,6.963068,0,0.0,0,8,,,,,,,,,,,,,,,,,,,,,,,,,,,,,index256,42505656,24,native_grid_planar_fractional,True,2,413.3310139999935,private-reference/eb1c45eb8406fde9/00021.json.gz,42644486,True,38,10,42644486,48,48,4175,0.13987599999154554,780a6c2345077f08330b1cda863d7d67a9083da4d58afbad480fce62deb92723,21256336,skarve_normalized_f64_v1,20.889912000029653,351201066318,,True,491.9452290000095,private-reference/a2143ccfc7cd02a1/00021.json.gz,c5e3d6caa160b8291c18168fee3f6c29d9cbd2f1b0c0dc6ccff3489fb43179ea,1
22,real-age36-B-1-local-native-rsi256,real-age36,B,local,1,native-rsi256,cogband128,20.037725000008777,133.6161869999728,0.07909302299999998,0.13318999999999903,72572928,2147483648,native,1,real-age36|B|local,0.4582600000162529,351801488983,23.693770999955177,44.4704599999568,null,True,28028498,real-age36|B|1,0,,,45576,8,4,0.002164,32768,0.862293,0,2359296,67108864,0,0,0,0.012343,2362076,2097152,0.0008910000000000001,508960,0,8,dbe8074b538a4294b0c061f28d875077d1a3a016859b6176695269a9aaad1cae,4,0.0012330000000000002,,,,,,,6.630532,0.037233,,,,,,,0,0,0,0,0,0,0,10.949874999999999,0.47109499999999993,0,0.004829999999999999,8,0.00038,201926564,,8,469440,5.489331,0.307424,1,3.142532,0.07427500000000001,2318,0,0,0,0,0,0,0,,,,,,,,,,,,,,,,,,,,,,,,,,,,,,,,,,,,,,,,,,,,,,,,,,,,,,,,,,,,,,,,,,,,,,,,,,,,,,,,,,,,,,,,,,,,,0.001493,1,0,0,,,,,,,,,,,,,,,,,,,,,,,,,,,,,0,0,,,,,,,,,,,,,,,,,,,0,,,,,,,,,,,,,,,,,,,0.166898,0,0.0,0,4,,,,,,,,,,,,,,,,,,,,,,,,,,,,,index256,0,0,native_grid_planar_fractional,True,1,11.643125999967197,private-reference/f52a98c228975364/00022.json.gz,0,True,0,0,0,0,0,1124,0.06163199998354685,a3ba031d3788621800950943579f5eab46d6bdbeb6ec71f27b742a767f11bc3f,27889906,skarve_normalized_f64_v1,8.327768000015112,351781451248,,True,79.13374399998929,private-reference/6462bd06aa4bb346/00022.json.gz,4a6c7dbd7d21fd72a11353220af461743679f691941e3d3a26f2ed3d891e566e,8
23,real-age36-C-2-http0-native-skv-summary,real-age36,C,http0,2,native-skv-summary,skv,204.40097499999865,319.3025310000053,0.25038146099999997,0.3098549999999989,126930944,2147483648,native,36,real-age36|C|http0,4.952061999972557,352125263777,19.676822000008087,229.22804900002802,null,True,28933939,real-age36|C|2,0.0015329999882851553,,,,,,,,,,,,,,,,,,,,,,,,,,,,,,,,,,,,,,,,,,,,,,,,,,,,,,,,,,,,,,,,,,,,,,True,,,,,,skv,,,,False,,16384,4,5,3998950,14879047,28.895,1.1667919999999998,4,4,8388608,432,12,0,41.47437400000003,432,98880,10,0.0,0.0,248832,11584,36820785,19,7077888,0.079676,63700992,63733140,0,0,12,7077888,0.030016999999999995,14.277692,0,862,98880,13.08326900000001,65536,35389440,21826474,58.53923799999999,144,0,source_handle_lifetime,False,,,21941738,4194304,8,7,14879047,8,10,3998950,3587401,0,11,2,21941738,13,9742336,False,strong_etag_conditional_ranges,http,21941738,4194304,8,7,14879047,8,10,3998950,3587401,0,11,2,21941738,13,,,,,,,67108864,,,,,,,63740916,56623104,,,,,,,,,,,,,,,128,12,,,,,0.056259,30.069938999999998,,,,,,14.277692,,107.86286600000001,,,,0.0,,201.324275,,,,,,,,,,,,,,,,,,,,,,,,,,,2,5,698368,2,True,12,147071268,21,,,4,False,,,,,,166306,12,,,,,4,,8,4,summary,21941738,13,native_grid_planar_fractional,True,1,202.0435879999809,private-reference/c2a86c3c886acfe2/00023.json.gz,21941738,True,11,2,21941738,13,13,4211,0.16818099999227343,78ea1b1d7c574d80aac7cf2fe459d522f8702c4e987f34f246a9977617de8717,28933939,skarve_normalized_f64_v1,2.1816220000232533,351920862471,,True,259.31638500003373,private-reference/3829341ff457835f/00023.json.gz,875c21265efab723daaa0913f416709e9ac5c18bc0255dbb13881800c7996c09,1
24,real-age36-A-1-http0-natural-ee,real-age36,A,http0,1,natural-ee,cogband128,31.014980000009018,300.16031700000667,0.17252536599999999,0.24851699999999965,88944640,2147483648,upstream,1,real-age36|A|http0,0.14703900001222792,352434471883,,33.4201329999928,null,True,27889906,real-age36|A|1,,,,,,,,,,,,,,,,,,,,,,,,,,,,,,,,,,,,,,,,,,,,,,,,,,,,,,,,,,,,,,,,,,,,,,,,,,,,,,,,,,,,,,,,,,,,,,,,,,,,,,,,,,,,,,,,,,,,,,,,,,,,,,,,,,,,,,,,,,,,,,,,,,,,,,,,,,,,,,,,,,,,,,,,,,,,,,,,,,,,,,,,,,,,,,,,,,,,,,,,,,,,,,,,,,,,,,,,,,,,,,,,,,,,,,,,,,,,,,,,,,,,,,,,,,,,,,,,,,,,,,,,,,feature-sequential,,,exactextract_fractional_v030,True,,20.48453800000516,private-reference/86c3c92c969b1260/00024.json.gz,819200,True,2,1,819200,3,3,148,0.07939599998962876,4d62e4062d54a3b3f202150e9892b26049136785f9eb263d04be6f8ff37df14f,27889906,,10.447538999983408,352403456913,,True,223.59286500000053,private-reference/3a58c97f7bb5355c/00024.json.gz,bcaad00f1c57e364f84a857e0d1b63a2c447e0d0651f8f4703df3220e17f22eb,1
25,worldpop1-A-2-http0-native-rsi64,worldpop1,A,http0,2,native-rsi64,cogband128,60.40277900001456,170.12631500000452,0.10108292599999999,0.15593900000000005,71319552,2147483648,native,1,worldpop1|A|http0,0.7168779999915387,352643510584,20.33867500000497,81.66171299995995,null,True,20322025,worldpop1|A|2,2.778441000032217,,,,,,,,,,,,,,,,,,,,,,,,,196560,3,0,0,2359296,64,,,,,,,,,,,,,,,,,,,,,,,True,,,,,,,,,,,,,,,,16777216,,0,1.379629,1,64,0,,0,shared_only_for_identical_data_and_mask_block_footprints_then_flushed_on_transition_or_window_exit,trusted_manifest,,http_original,,,,,,,,,,,,,,,,,,,,,,,,,,,,,,,,,,,,,,,,,,,,,,True,,487457,4194304,19,0,480033,51,35,491937,491937,0,35,5,487457,40,,,,,,,,,,,,,,,,,,,,,,,,,,,,,,,,,,,,,,,,,,,,,,,,,,,,,,,,,,0.001012,0.541228,,,,,44.97641,exclusive partition of this query call; source post-validation is in remaining execution; FFI envelope and transport subspans are not added to this partition,,,0.570846,46.089496000000004,,,"""a700cc9d65c64ee3b93835d82d56b3594f2821579bd20722c70ceadcdf21bc9b""",,http,262096,0,0,0,0,0,4,0,0,0,4,3,262096,7,,,,,,,65520,,,,,,64,5502017,289,True,0,225,False,1,1673224,1,False,1,65442,64,134217728,0,0,222,225,65536,,225,index64,487457,40,native_grid_planar_fractional,True,1,46.77407100001574,private-reference/d5561db14d1e87f7/00025.json.gz,749553,True,39,8,749553,47,47,159,0.05818500000032145,6b7c811950dafd49b0dace02d8ad09319150a5be646200d1e519d5ed02b8ce8d,18648801,skarve_normalized_f64_v1,10.785239000028923,352583107414,,True,114.98906200000647,private-reference/b596eb53dccfb632/00025.json.gz,77741a75cf00db0e5731ef408dd85eef6e2b6195c33ae4ba2b0b74a72e56d453,1
26,analytical36-A-2-http0-native-rsi256,analytical36,A,http0,2,native-rsi256,cogband128,53.75283200004333,162.9243560000191,0.09753819500000001,0.1526689999999995,76447744,2147483648,native,1,analytical36|A|http0,0.6427559999906407,352828500348,20.659206000004815,75.37425300000677,null,True,6294806,analytical36|A|2,2.9755559999671277,,,,,,,,,,,,,,,,,,,,,,,,,0,0,0,0,2359296,4,,,,,,,,,,,,,,,,,,,,,,,True,,,,,,,,,,,,,,,,16777216,,0,1.552622,1,4,0,,0,shared_only_for_identical_data_and_mask_block_footprints_then_flushed_on_transition_or_window_exit,trusted_manifest,,http_original,,,,,,,,,,,,,,,,,,,,,,,,,,,,,,,,,,,,,,,,,,,,,,True,,176552,4194304,13,0,6912,19,25,179752,179752,0,25,5,176552,30,,,,,,,,,,,,,,,,,,,,,,,,,,,,,,,,,,,,,,,,,,,,,,,,,,,,,,,,,,0.000301,0.490209,,,,,26.284142000000003,exclusive partition of this query call; source post-validation is in remaining execution; FFI envelope and transport subspans are not added to this partition,,,0.5026400000000001,27.277292000000003,,,"""12bafe8966fab9f50aeaf31592b0c88e2ab6bb37bd6b4bf340fa717541d78a28""",,http,65536,0,0,0,0,0,1,0,0,0,1,3,65536,4,,,,,,,0,,,,,,4,8963137,4,True,0,0,False,1,74944,1,False,1,235704,4,134217728,0,0,0,0,65536,,0,index256,176552,30,native_grid_planar_fractional,True,1,27.71029900003441,private-reference/272423041044ed84/00026.json.gz,242088,True,26,8,242088,34,34,141,0.04261899999846719,74bd9cb0f1e396b15bb77e6772dbe47601b4bc5fe3cd426185623312b8b04943,6142678,skarve_normalized_f64_v1,23.017502000016066,352774748417,,True,107.3912630000109,private-reference/58a7ceadac3325c9/00026.json.gz,4cf7db9ac6552ae1ff4f84a4a5a83c2049f92a77fab2bb2aff61ef5a81fa98c7,1
27,worldpop1-A-2-http0-native-skv-raw,worldpop1,A,http0,2,native-skv-raw,skv,77.99113199996555,187.95996099999002,0.117023522,0.1709789999999991,72400896,2147483648,native,1,worldpop1|A|http0,1.9914239999820893,353037256727,20.360105999998268,100.54361300001347,null,True,22778369,worldpop1|A|2,0.0006000000212225132,,,,,,,,,,,,,,,,,,,,,,,,,,,,,,,,,,,,,,,,,,,,,,,,,,,,,,,,,,,,,,,,,,,,,,False,,,,,,skv,,,,False,,16384,0,0,0,0,0.0,0.0,0,0,0,100,50,0,7.370709000000001,100,131840,14,0.0,0.0,4800,11584,2126094,53,1638400,0.083796,14745600,14749575,0,0,25,1638400,0.013463000000000001,13.517935999999997,0,98,131840,5.485543999999999,65536,8192000,1977870,41.329661,0,0,source_handle_lifetime,False,,,2126094,4194304,0,0,0,0,52,2116366,2116366,0,53,2,2126094,55,9742336,False,strong_etag_conditional_ranges,http,2126094,4194304,0,0,0,0,52,2116366,2116366,0,53,2,2126094,55,,,,,0,14745600,67108864,25,0,0,0,0,25,14762575,13107200,,590119,2109710,52,2,54,677280,268435456,,50,14466,0,,67108864,256,25,25,,,2.08404,,,0.10025599999999998,0.28447500000000003,,,71.08687400000001,13.517935999999997,0.417354,54.91157499999999,,,0.486021,0.0,,75.60131200000001,0.014733,,,,,,,,,,,,,,,,,,,,,,,,,,,,,,,,,,,,,,,,,,,,,,,,,,,,,raw,2126094,55,native_grid_planar_fractional,True,1,76.12048699996876,private-reference/91bd71294b8be4f4/00027.json.gz,2126094,True,53,2,2126094,55,55,159,0.035281999998915126,6b7c811950dafd49b0dace02d8ad09319150a5be646200d1e519d5ed02b8ce8d,22778369,skarve_normalized_f64_v1,1.8311299999709263,352959265324,,True,133.57079800005067,private-reference/d19b2c3d85846599/00027.json.gz,ff1112352c2d20d3e9d95cd58d97887672cd6b066ff9be3d0bd86139d56bfff6,1
28,real-age36-C-1-http0-native-rsi64,real-age36,C,http0,1,native-rsi64,cogband128,728.8330239999823,840.1034149999873,0.633033842,0.6893759999999993,118984704,2147483648,native,36,real-age36|C|http0,0.8691660000295087,353895625556,21.557430000029854,751.6345450000017,null,True,28148818,real-age36|C|1,0,,,87056,36,56,0.002752,65536,0.442666,0,37158912,67108864,0,0,0,0.45572899999999994,37273544,33030144,0.02756700000000001,376768,1,1,93acc07fe4a27658b6949c523920462b2795a99503a6fa2fd1728995f2178ac4,64,0.004303,,,,,,,638.8848720000001,0.019127,,,,,,,0,0,0,22179437,455,4,459,705.412812,7.066479,0,0.008969999999999999,2,0.000882,201880732,,2016,2917008,615.94006,3.4407,2,21.422312,0.165347,54144,0,0,0,0,0,0,0,,,,,,,,,,,,,,,,,,,,,,,,,,,,,,,,,,,,,,,,,,,,,,,,,,,,,,,,,,,,,,,,,,,,,,,,,,,,,,,,,,,,,,,,,,,,,0.009759,2,0,0,,,,,,,,,,,,,,,,,,,,,,,,,,,,,72,72,,,,,,,,,,,,,,,,,,,558,,,,,,,,,,,,,,,,,,,6.362252999999999,0,0.0,0,56,,,,,,,,,,,,,,,,,,,,,,,,,,,,,index64,22179437,459,native_grid_planar_fractional,True,2,706.7144829999847,private-reference/dd05abc4082d0ad0/00028.json.gz,22372411,True,545,10,22372411,555,555,4218,0.11561200000187455,90b8e74a54c8732d101857ef774fa9a6f291a71188a73e650c6fecf47092bbd0,27889906,skarve_normalized_f64_v1,21.998413999995137,353166792612,,True,783.4961539999767,private-reference/e488d02409cc2c01/00028.json.gz,de57f9e8bb6bbed12ebda2d4736be2ccb0288ad2afed466a3e19206fbcce958d,1
29,analytical40-1025x1031-A-1-http0-natural-ee,analytical40-1025x1031,A,http0,1,natural-ee,cogband128,54.23292900002252,245.93044100004136,0.167941581,0.23972000000000193,94171136,2147483648,upstream,1,analytical40-1025x1031|A|http0,0.20008799998549875,354148780691,,56.09232699998756,null,True,26442685,analytical40-1025x1031|A|1,,,,,,,,,,,,,,,,,,,,,,,,,,,,,,,,,,,,,,,,,,,,,,,,,,,,,,,,,,,,,,,,,,,,,,,,,,,,,,,,,,,,,,,,,,,,,,,,,,,,,,,,,,,,,,,,,,,,,,,,,,,,,,,,,,,,,,,,,,,,,,,,,,,,,,,,,,,,,,,,,,,,,,,,,,,,,,,,,,,,,,,,,,,,,,,,,,,,,,,,,,,,,,,,,,,,,,,,,,,,,,,,,,,,,,,,,,,,,,,,,,,,,,,,,,,,,,,,,,,,,,,,,,feature-sequential,,,exactextract_fractional_v030,True,,37.380348999988655,private-reference/3814847a375518b4/00029.json.gz,704512,True,4,1,704512,5,5,139,0.10433300002432588,451dfeae45214ac378d3aecb3f11bc86164235dc48ef1b1afa5f2199081821a5,26442685,,16.74308300005123,354094547482,,True,170.63094399998135,private-reference/5df1de347d2fe4e4/00029.json.gz,1019c4c72b6e5be77386e8b0ac32bfa25d92b5d038901604547258d3d56f4768,1
30,real-age36-B-0-http0-native-rsi64,real-age36,B,http0,0,native-rsi64,cogband128,74.39828700000817,182.59019399999943,0.10787708499999998,0.16337400000000102,74088448,2147483648,native,1,real-age36|B|http0,0.3688670000201455,354367984031,19.997823000039716,94.97486300000446,null,True,28148818,real-age36|B|0,0,,,45576,8,50,0.001582,32768,1.765423,0,1843200,67108864,0,0,0,0.15932399999999997,1877950,1638400,0.007929999999999996,1009360,0,8,9183aa469c6a75b89e78ea979bcf42593374249f3620b5ec2e793c311cb4c951,64,0.0021720000000000003,,,,,,,30.033779999999997,0.031928000000000005,,,,,,,0,0,0,781420,17,2,19,58.926894,0.4523010000000001,0,0.004333999999999999,8,0.00046,202426584,,100,232867,28.25755899999999,0.28462699999999996,1,1.9310569999999996,0.042076999999999996,4427,0,0,0,0,0,0,0,,,,,,,,,,,,,,,,,,,,,,,,,,,,,,,,,,,,,,,,,,,,,,,,,,,,,,,,,,,,,,,,,,,,,,,,,,,,,,,,,,,,,,,,,,,,,0.003493,1,0,0,,,,,,,,,,,,,,,,,,,,,,,,,,,,,57,36,,,,,,,,,,,,,,,,,,,35,,,,,,,,,,,,,,,,,,,2.884955,0,0.0,0,50,,,,,,,,,,,,,,,,,,,,,,,,,,,,,index64,781420,19,native_grid_planar_fractional,True,1,59.529378000036104,private-reference/d849281fde05d422/00030.json.gz,875027,True,62,5,875027,67,67,1126,0.05611000000271815,e5be80f35647b04d8164614e8b572f17a141c185e6dbc1b2ec94c2f8a04c4630,27889906,skarve_normalized_f64_v1,14.808597000012469,354293585964,,True,126.79828900002121,private-reference/3c004c97d7778866/00030.json.gz,1f01904de1addc9b8882e270a9c6fdd23912ffe4ebe1695155e6d9500c99a2bb,8
31,analytical36-A-1-local-native-skv-summary,analytical36,A,local,1,native-skv-summary,skv,6.277950999958648,117.68566700004612,0.059159447000000004,0.11697699999999855,55824384,2147483648,native,1,analytical36|A|local,0.10147999995524515,354506677615,18.86571499994716,25.442409999982374,null,True,5770145,analytical36|A|1,0.0004309999894758221,,,,,,,,,,,,,,,,,,,,,,,,,,,,,,,,,,,,,,,,,,,,,,,,,,,,,,,,,,,,,,,,,,,,,,False,,,,,,skv,,,,False,,16384,0,0,0,0,0.0,0.0,0,0,0,0,0,0,0.8905260000000002,12,90640,0,0.0,0.0,192,11584,220605,24,196608,0.081422,1769472,1771572,0,0,12,196608,0.0026430000000000004,0.335626,0,5,90640,0.694917,65536,983040,113581,0.294598,4,0,source_handle_lifetime,False,,,,,,,,,,,,,,,,,9742336,False,pinned_file_stat,local,,,,,,,,,,,,,,,,,,,,,67108864,,,,,,,1777812,1572864,,,,,,,,,,,,,,,128,12,,,,,0.0,0.0,,,,,,0.335626,,2.2165350000000004,,,,0.0,,5.543251,,,,,,,,,,,,,,,,,,,,,,,,,,,1,0,0,0,False,12,146889793,25,,,4,False,,,,,,166779,12,,,,,4,,4,4,summary,,,native_grid_planar_fractional,True,1,5.803389999982755,private-reference/3eb9d2cb6c14e617/00031.json.gz,0,True,0,0,0,0,0,142,0.04063599999426515,2396f5f00370dce99e7cb635589e0cea5188c4efa1d3b49f8b67a31975ca64dc,5770145,skarve_normalized_f64_v1,0.4304609999508102,354500399694,,True,59.127947999968455,private-reference/deedfae7b2dcc314/00031.json.gz,3f9d48fb4072ede63bca8de0515c6dd3ded3aec9c9b9eb5bd564bea3fd77d3e5,1
32,real-age36-B-1-http0-native-tiff,real-age36,B,http0,1,native-tiff,band256,36.911223000004156,152.38826500001323,0.08592549099999999,0.1461490000000012,75100160,2147483648,native,1,real-age36|B|http0,0.6197090000341632,354666962619,20.13972200001035,57.96854800001938,null,True,27830980,real-age36|B|1,0.0010309999538549164,,,45576,8,4,0.0028320000000000003,32768,1.8221029999999998,0,2359296,67108864,0,0,0,0.02316,2362076,2097152,0.0018509999999999998,508960,0,16,dbe8074b538a4294b0c061f28d875077d1a3a016859b6176695269a9aaad1cae,4,0.001121,,,,,,,12.544509999999999,0.034921,,256,7168,True,128,256,0,0,0,777465,5,2,7,19.452734,0.480155,0,0.005745000000000001,8,0.000671,336809480,,8,469440,11.595749999999999,0.230716,1,3.365551,0.065258,2318,0,0,0,0,0,0,0,,,,,,,,,,,,,,,,,,,,,,,,,,,,,,,,,,,,,,,,,,,,,,,,,,,,,,,,,,,,,,,,,,,,,,,,,,,,,,,,,,,,,,,,,,,,,0.004074,1,0,0,,,,,,,,,,,,,,,,,,,,,,,,,,,,,0,0,,,,,,,,,,,,,,,,,,,1,,,,,,,,,,,,,,,,,,,1.5031569999999999,0,0.005455000000000001,1,4,,,,,,,,,,,,,,,,,,,,,,,,,,,,,,777465,7,native_grid_planar_fractional,True,1,20.21811299999854,private-reference/c277cd0b2d0f9543/00032.json.gz,781486,True,15,4,781486,19,19,1124,0.050305000002026645,a3ba031d3788621800950943579f5eab46d6bdbeb6ec71f27b742a767f11bc3f,27830980,skarve_normalized_f64_v1,16.638671999999133,354630051766,,True,91.88234800001283,private-reference/393fade7d3181822/00032.json.gz,a440734e84929d6fd9dcf942fd75429b5b8e512eca879de81693a0d3005a6959,8
33,analytical40-1025x1031-B-2-http0-native-rsi64,analytical40-1025x1031,B,http0,2,native-rsi64,cogband128,209.4845920000239,316.8029450000063,0.191711784,0.24781099999999867,79851520,2147483648,native,1,analytical40-1025x1031|B|http0,0.42736900002182665,355002147683,18.850979000035295,228.9854140000216,null,True,27254333,analytical40-1025x1031|B|2,0,,,45576,8,117,0.002542,32768,4.213292,0,4148928,67108864,0,0,0,0.3914340000000001,4232115,3687936,0.023093000000000013,3236896,0,8,e6d5ce6757f597b4aaeb2c0c68bca5303ef231a3ccc31db62e9d9c5875e79137,261,0.001961,,,,,,,67.21172800000001,0.033099,,,,,,,0,0,0,508706,53,2,55,185.720899,0.7112379999999999,0,0.004542999999999999,8,0.000871,204654172,,234,488605,63.75125199999999,0.34487500000000015,1,4.122537000000001,0.054639,9183,0,0,0,0,0,0,0,,,,,,,,,,,,,,,,,,,,,,,,,,,,,,,,,,,,,,,,,,,,,,,,,,,,,,,,,,,,,,,,,,,,,,,,,,,,,,,,,,,,,,,,,,,,,0.003343,1,0,0,,,,,,,,,,,,,,,,,,,,,,,,,,,,,374,199,,,,,,,,,,,,,,,,,,,66,,,,,,,,,,,,,,,,,,,2.713598,0,0.0,0,117,,,,,,,,,,,,,,,,,,,,,,,,,,,,,index64,508706,55,native_grid_planar_fractional,True,1,186.55494000000772,private-reference/cdfe6e17d3fe2fbb/00033.json.gz,747462,True,260,5,747462,265,265,1030,0.04598000003852576,cb135e0acf4431712e46430ec4145f49eb75a5a19587633d55a73e6626e276f1,26442685,skarve_normalized_f64_v1,22.879236999983732,354792662981,,True,260.3443500000253,private-reference/a53b7312877478b8/00033.json.gz,6d4e8eb8a6097f8aa5dbf369633a527b7a4d6f448bccc68a794d84e3727deb45,8
34,analytical40-1025x1031-B-1-local-native-rsi256,analytical40-1025x1031,B,local,1,native-rsi256,cogband128,63.31394500000442,180.07418199999847,0.116477316,0.17925100000000072,82722816,2147483648,native,1,analytical40-1025x1031|B|local,1.7857739999840305,355195857170,18.459618000008504,83.79101100001662,null,True,26638653,analytical40-1025x1031|B|1,0,,,45576,8,18,0.009188,32768,1.921564,0,9469440,67108864,0,0,0,0.08943799999999999,9482238,8417280,0.0038120000000000003,1253776,0,8,1edbfc837a86376667b9fa2d03bd3146438c230bf188a17e2c6631ab6633b432,18,0.0012610000000000002,,,,,,,30.992799,0.043408999999999996,,,,,,,0,0,0,0,0,0,0,46.702098,1.484821,0,0.010889999999999995,8,0.00064,202671396,,36,1759898,26.603454,0.5400170000000001,1,13.014166999999999,0.076627,7887,0,0,0,0,0,0,0,,,,,,,,,,,,,,,,,,,,,,,,,,,,,,,,,,,,,,,,,,,,,,,,,,,,,,,,,,,,,,,,,,,,,,,,,,,,,,,,,,,,,,,,,,,,,0.001982,1,0,0,,,,,,,,,,,,,,,,,,,,,,,,,,,,,4,4,,,,,,,,,,,,,,,,,,,0,,,,,,,,,,,,,,,,,,,0.234366,0,0.0,0,18,,,,,,,,,,,,,,,,,,,,,,,,,,,,,index256,0,0,native_grid_planar_fractional,True,1,48.03461699998479,private-reference/46b553f421bcf4c9/00034.json.gz,0,True,0,0,0,0,0,1041,0.17802600001459723,4f9ba65d57db05a80f1576d13c050ab16b2115cabb8d62b799eea489189b8501,26442685,skarve_normalized_f64_v1,15.082797000047776,355132536779,,True,116.84051800000361,private-reference/d07030a93447e678/00034.json.gz,50c7684ab5715f0afa43d5bda29547017c1f06c25ea5c78e8ce2469ab4855b08,8
35,analytical36-A-0-local-native-rsi64,analytical36,A,local,0,native-rsi64,cogband128,23.660935999998856,138.14128399997117,0.078192908,0.13778299999999888,72364032,2147483648,native,1,analytical36|A|local,0.22590800000443778,355354263144,21.010922000016308,45.08926400001201,null,True,6454230,analytical36|A|0,0.39315500004022397,,,,,,,,,,,,,,,,,,,,,,,,,16128,24,0,0,1032192,28,,,,,,,,,,,,,,,,,,,,,,,True,,,,,,,,,,,,,,,,16777216,,0,0.046091,1,28,0,,0,shared_only_for_identical_data_and_mask_block_footprints_then_flushed_on_transition_or_window_exit,trusted_manifest,,local_original,,,,,,,,,,,,,,,,,,,,,,,,,,,,,,,,,,,,,,,,,,,,,,False,,,,,,,,,,,,,,,,,,,,,,,,,,,,,,,,,,,,,,,,,,,,,,,,,,,,,,,,,,,,,,,,,,,,,,,,,0.00064,0.013342,,,,,7.158212000000001,exclusive partition of this query call; source post-validation is in remaining execution; FFI envelope and transport subspans are not added to this partition,,,0.020428,7.192622,,,,2096:708327:146176:1789305352:446154671:1789305352:446154671,local,,,,,,,,,,,,,,,,,,,,,0,,,,,,28,1242177,73,True,0,36,False,5,146176,1,False,0,82458,28,134217728,0,0,0,24,0,,36,index64,,,native_grid_planar_fractional,True,1,7.876130999989073,private-reference/54477a4bffab5e4b/00035.json.gz,0,True,0,0,0,0,0,142,0.08378400002584385,1f5800e6da13026f5dcd51f66d3119f4d36ecd81f15e95f6dc5bc29682e31b2a,6142678,skarve_normalized_f64_v1,15.293444000008094,355330601948,,True,78.16543100000217,private-reference/eac8e94584692833/00035.json.gz,dbe8ff227f4e0665b83c3372f6260b734c05c3bc0df126559b208da36a9740f3,1
36,analytical40-1025x1031-D-2-http0-natural-ee,analytical40-1025x1031,D,http0,2,natural-ee,cogband128,1595.7523830000468,1798.2469199999969,1.616723183,1.7057240000000036,231428096,2147483648,upstream,40,analytical40-1025x1031|D|http0,0.49288799999658295,357136691166,,1597.9089339999746,null,True,26442685,analytical40-1025x1031|D|2,,,,,,,,,,,,,,,,,,,,,,,,,,,,,,,,,,,,,,,,,,,,,,,,,,,,,,,,,,,,,,,,,,,,,,,,,,,,,,,,,,,,,,,,,,,,,,,,,,,,,,,,,,,,,,,,,,,,,,,,,,,,,,,,,,,,,,,,,,,,,,,,,,,,,,,,,,,,,,,,,,,,,,,,,,,,,,,,,,,,,,,,,,,,,,,,,,,,,,,,,,,,,,,,,,,,,,,,,,,,,,,,,,,,,,,,,,,,,,,,,,,,,,,,,,,,,,,,,,,,,,,,,,raster-sequential,,,exactextract_fractional_v030,True,,1577.896667999994,private-reference/e285b018c1ee8406/00036.json.gz,27114429,True,177,1,27114429,178,178,32096,0.5575280000016392,3e0fe05ebd8c7ac7448d6cf32ba8623aa93d61616c2069f0f8da25a20c500f5a,26442685,,17.294972000001962,355540938862,,True,1708.3225920000018,private-reference/537aa4c40630c5ec/00036.json.gz,34abbfd36514fabf799b97c99ae27980fcb6a39a1a11829d541f8fbbc7bd4d5d,8
37,analytical36-D-2-http0-natural-ee,analytical36,D,http0,2,natural-ee,cogband128,370.28719500000307,572.8935989999968,0.480732933,0.5634479999999975,192561152,2147483648,upstream,36,analytical36|D|http0,1.007637999975941,357737868331,,372.9393060000348,null,True,6142678,analytical36|D|2,,,,,,,,,,,,,,,,,,,,,,,,,,,,,,,,,,,,,,,,,,,,,,,,,,,,,,,,,,,,,,,,,,,,,,,,,,,,,,,,,,,,,,,,,,,,,,,,,,,,,,,,,,,,,,,,,,,,,,,,,,,,,,,,,,,,,,,,,,,,,,,,,,,,,,,,,,,,,,,,,,,,,,,,,,,,,,,,,,,,,,,,,,,,,,,,,,,,,,,,,,,,,,,,,,,,,,,,,,,,,,,,,,,,,,,,,,,,,,,,,,,,,,,,,,,,,,,,,,,,,,,,,,raster-sequential,,,exactextract_fractional_v030,True,,352.97313799998165,private-reference/311208287ec8581a/00037.json.gz,6142678,True,7,1,6142678,8,8,29909,0.5461569999738458,d907a547c5ca03c1053229a5dd349429f62b8bbc78cc3a4a3d8c7bb2510efb36,6142678,,16.765075000023444,357367581216,,True,487.2831890000384,private-reference/a0bb8ac616edefbe/00037.json.gz,d3de3d856690c4efeaf8588ce854952d76aed1e3703dd3c800d3b6b8a218bb43,8
38,analytical36-D-0-http0-native-skv-summary,analytical36,D,http0,0,native-skv-summary,skv,250.6622029999903,368.71950600004766,0.29920189700000005,0.3588110000000029,130740224,2147483648,native,36,analytical36|D|http0,2.505953000024874,358155089029,23.057055999970544,276.4298069999995,null,True,5770145,analytical36|D|0,0.000982000017302198,,,1497376,288,18,0.002355,32768,1.1869800000000001,0,85515264,67108864,4,0,0,0.356195,64336242,76013568,0.010379000000000001,658576,0,8,c26f6ae2c19d5b33bd167e37cf1eb964c233070551772bea959dc7a7bb02b16b,18,0.000982,,,,,,,135.56568399999998,0.035896000000000004,,,,,,,0,0,0,5616903,20,2,22,246.207832,18.766059,0,0.07291400000000003,8,0.00045,330710576,,18,14708988,110.74593799999998,5.590439999999998,1,107.180012,0.6508050000000001,138492,0,0,0,0,0,0,0,,,,,,,,,,,,,,,,,,,,,,,,,,,,,,,,,,,,,,,,,,,,,,,,,,,,,,,,,,,,,,,,,,,,,,,,,,,,,,,,,,,,,,,,,,,,,0.008797000000000001,1,0,8,,,,,,,,,,,,,,,,,,,,,,,,,,,,,4,8,,,,,,,,,,,,,,,,,,,0,,,,,,,,,,,,,,,,,,,1.029069,0,0.0,0,18,,,,,,,,,,,,,,,,,,,,,,,,,,,,,summary,5616903,22,native_grid_planar_fractional,True,1,248.48651700000346,private-reference/d19b42fa23141ff3/00038.json.gz,5633287,True,21,2,5633287,23,23,28762,0.47964099996988807,a9e2337fccaa006ca4a489ba411cad2a8b91d47a0e971c214c4c67110e4e4f97,5770145,skarve_normalized_f64_v1,1.692076999972869,357904427047,,True,308.6284010000213,private-reference/72e01b0ea899ec11/00038.json.gz,6fa5696a4d11909970ede6dd15e888e2f07ec7c396d75c29047f178fdcef43d3,8
39,analytical36-A-1-local-natural-ee,analytical36,A,local,1,natural-ee,cogband128,27.317429999982323,205.95911200001638,0.137347686,0.20508399999999938,86515712,2147483648,upstream,1,analytical36|A|local,0.10367099997665719,358376450454,,29.51199999995424,null,True,6142678,analytical36|A|1,,,,,,,,,,,,,,,,,,,,,,,,,,,,,,,,,,,,,,,,,,,,,,,,,,,,,,,,,,,,,,,,,,,,,,,,,,,,,,,,,,,,,,,,,,,,,,,,,,,,,,,,,,,,,,,,,,,,,,,,,,,,,,,,,,,,,,,,,,,,,,,,,,,,,,,,,,,,,,,,,,,,,,,,,,,,,,,,,,,,,,,,,,,,,,,,,,,,,,,,,,,,,,,,,,,,,,,,,,,,,,,,,,,,,,,,,,,,,,,,,,,,,,,,,,,,,,,,,,,,,,,,,,feature-sequential,,,exactextract_fractional_v030,True,,13.145113000007314,private-reference/0e579486a59e0c77/00039.json.gz,0,True,0,0,0,0,0,141,0.06919800000559917,1e433265c03295eca5ceb20cbc0b38d33bd28b57d855fbc41a1114bfbe7ce614,6142678,,14.100134999978309,358349133554,,True,137.60805600003323,private-reference/5cd94576cf8e0116/00039.json.gz,1a7c31981bc0dc1a489541165086902ea0139e90af50b8e662c2fb47e85dcf5b,1
40,analytical40-1025x1031-D-2-http0-native-rsi256,analytical40-1025x1031,D,http0,2,native-rsi256,cogband128,3098.4302800000023,3224.764143000016,2.451329505,2.520647999999998,161349632,2147483648,native,40,analytical40-1025x1031|D|http0,0.8463180000148895,361614826800,22.50562199998285,3122.3186029999965,null,True,26638653,analytical40-1025x1031|D|2,0,,,833696,320,36,0.011016999999999999,65536,2.15619,0,378777600,67108864,29,0,0,9.091573999999992,59645097,336691200,0.028189999999999993,1261984,8,8,142aeb0bbdb4757d3a9836280c97c2fb8bba9d3b4b018a7bd875f9893f0d6c7f,18,0.003968,,,,,,,2515.8807999999995,0.041997,,,,,,,0,0,0,26130246,2736,4,2740,3068.553701,67.534967,0,0.032480999999999996,16,0.0014129999999999998,203501256,,1440,70334600,2361.960211,34.42567699999999,2,533.6347780000001,0.7638739999999999,316440,0,0,0,0,0,0,0,,,,,,,,,,,,,,,,,,,,,,,,,,,,,,,,,,,,,,,,,,,,,,,,,,,,,,,,,,,,,,,,,,,,,,,,,,,,,,,,,,,,,,,,,,,,,0.012373,2,0,0,,,,,,,,,,,,,,,,,,,,,,,,,,,,,8,8,,,,,,,,,,,,,,,,,,,0,,,,,,,,,,,,,,,,,,,5.5239460000000005,0,0.0,0,36,,,,,,,,,,,,,,,,,,,,,,,,,,,,,index256,26130246,2740,native_grid_planar_fractional,True,2,3072.1556579999856,private-reference/3dc8010c7cdef2c6/00040.json.gz,26283278,True,2760,10,26283278,2770,2770,32004,0.585742999987815,fe4788941186043b47c3c938b8e03aec929f13596245599f1e8a159efe982361,26442685,skarve_normalized_f64_v1,25.68064500002265,358516396880,,True,3154.950453999959,private-reference/466898da068b0782/00040.json.gz,f4f510d3dd766ae67a77139f5c5239664b39055d6fb5234837d0e61030fabeb8,8
41,analytical40-1025x1031-C-2-local-native-tiff,analytical40-1025x1031,C,local,2,native-tiff,band256,931.8481780000525,1054.123249999975,0.99533893,1.054079999999999,149479424,2147483648,native,40,analytical40-1025x1031|C|local,8.73847600001909,362727751838,22.38161399998262,963.2719190000216,null,True,21771767,analytical40-1025x1031|C|2,0.0020430000517990266,,,,,,,,,,,,,,,,,,,,,,,,,,,,,,,,,,,,,,,,,,,,,,,,,,,,,,,,,,,,,,,,,,,,,16777216,,0,0.196321,1,48,0,,0,shared_only_for_identical_data_and_mask_block_footprints_then_flushed_on_transition_or_window_exit,trusted_manifest,,local_original,,,,,,,,,,,,,,,,,,,,,,,,,,,,,,,,,,,,,,,,,,,,,,False,,,,,,,,,,,,,,,,,,,,,,,,,,,,,,,,,,,,,,0,377487360,67108864,8,316811120,40,0,0,48,60766560,335544320,,10028743,0,0,0,0,630624,268435456,,1280,418896,0,,67108864,256,48,16,,,82.68770999999998,,,13.591645000000002,0.22983199999999998,,,830.5347259999998,66.05869100000001,0.230192,660.3109739999999,,,0.029414,0.0,,914.509863,0.054481,,,,,,,,,,,,,,,,,,,,,,,,,,,,,,,,,,,,,,,,,,,,,,,,,,,,,,,,native_grid_planar_fractional,True,1,915.0798399999758,private-reference/429ad8df9a9f3cf2/00041.json.gz,0,True,0,0,0,0,0,4392,0.10761999999431282,ac14431e595cf0df4b69f51d7c381c2086f1ac292aa6ad1c1b6b84ce03955fd4,21771767,skarve_normalized_f64_v1,16.653578000045854,361795904292,,True,995.018038000012,private-reference/71f342056144b56e/00041.json.gz,26143cd90aa86d2ba8e010786b3bc7636aa3a2604235a065eee3f57310e8e19b,1
42,worldpop1-B-1-local-native-cog,worldpop1,B,local,1,native-cog,cogband128,56.05422299998963,167.92021899999554,0.10765490900000001,0.16727900000000062,82210816,2147483648,native,1,worldpop1|B|local,1.0609600000179853,362920037290,18.975682000018423,76.40420699999595,null,True,18648801,worldpop1|B|1,0.00107199997501084,,,45576,8,81,0.002514,32768,3.7154560000000005,0,11943936,67108864,0,0,0,0.126435,12000231,10616832,0.004957000000000003,1988464,0,8,01b3f1289f4fcd2c7c71f983a2978189e2af30bdbd9b8234b21645775f8c1d83,81,0.001582,,,,,,,32.97786499999999,0.068561,,128,19648,False,128,128,0,0,0,0,0,0,0,47.339962,2.5802549999999997,0,0.004986999999999999,8,0.000471,337643072,,162,2005684,25.110606,1.6142009999999998,1,10.397860999999999,0.056685,19246,0,0,0,0,0,0,0,,,,,,,,,,,,,,,,,,,,,,,,,,,,,,,,,,,,,,,,,,,,,,,,,,,,,,,,,,,,,,,,,,,,,,,,,,,,,,,,,,,,,,,,,,,,,0.002123,1,0,0,,,,,,,,,,,,,,,,,,,,,,,,,,,,,0,0,,,,,,,,,,,,,,,,,,,0,,,,,,,,,,,,,,,,,,,0.045358,0,0.009333000000000001,0,81,,,,,,,,,,,,,,,,,,,,,,,,,,,,,,0,0,native_grid_planar_fractional,True,1,48.2824659999892,private-reference/b2afbc8530b9ee70/00042.json.gz,0,True,0,0,0,0,0,1252,0.08184099999652972,79dbde3afe02fa0d6e9c2b3d91f1fb6242b60b501526a087660dbfa96451303f,18648801,skarve_normalized_f64_v1,7.683707000012419,362863983788,,True,107.96459799996683,private-reference/639927b0ffe0d83c/00042.json.gz,7b9fcdf354465e38fc713e9e0da391263e6f0e0c83e7aadb90e4682715fd93ef,8
43,analytical40-1025x1031-B-2-local-natural-ee,analytical40-1025x1031,B,local,2,natural-ee,cogband128,77.81256300000905,276.19957000001705,0.197960459,0.27568000000000126,94101504,2147483648,upstream,1,analytical40-1025x1031|B|local,0.6832210000311534,363194888850,,80.02009899996665,null,True,26442685,analytical40-1025x1031|B|2,,,,,,,,,,,,,,,,,,,,,,,,,,,,,,,,,,,,,,,,,,,,,,,,,,,,,,,,,,,,,,,,,,,,,,,,,,,,,,,,,,,,,,,,,,,,,,,,,,,,,,,,,,,,,,,,,,,,,,,,,,,,,,,,,,,,,,,,,,,,,,,,,,,,,,,,,,,,,,,,,,,,,,,,,,,,,,,,,,,,,,,,,,,,,,,,,,,,,,,,,,,,,,,,,,,,,,,,,,,,,,,,,,,,,,,,,,,,,,,,,,,,,,,,,,,,,,,,,,,,,,,,,,raster-sequential,,,exactextract_fractional_v030,True,,62.0702749999964,private-reference/4af5d9af0c48e566/00043.json.gz,0,True,0,0,0,0,0,1030,0.111764999985553,4fb92fd9a9503b4da2d4c54c66d7e222f9aad63cb0542eb2d163bca7efa53d14,26442685,,15.625326000019868,363117075816,,True,198.08025300000054,private-reference/8ae846808f839d46/00043.json.gz,64817167ec4579d5cff2378308c0d34401b8e768085fee317154c1b395d4b4e8,8
44,analytical40-1025x1031-B-0-local-native-skv-raw,analytical40-1025x1031,B,local,0,native-skv-raw,skv,34.75826900000811,145.17541600002914,0.08690590000000001,0.1444100000000006,64651264,2147483648,native,1,analytical40-1025x1031|B|local,0.12037799996278409,363377926726,20.32726999999568,55.50178599997935,null,True,24731327,analytical40-1025x1031|B|0,0.0004000000330961484,,,45576,8,67,0.001893,32768,3.01504,0,9461376,67108864,0,0,0,0.10340399999999995,9507941,8410112,0.004267000000000002,1796464,0,8,306c40a2d8671545e1d51db4612ee3740a1a31d9dfa6f66422309f0cd8743037,67,0.001342,,,,,,,15.355169,0.04016,,128,16960,False,128,128,0,0,0,0,0,0,0,33.462934,1.5765219999999995,0,0.005228,8,0.00039999999999999996,330413048,,67,2018097,12.700396999999995,0.5453960000000001,1,14.769793000000002,0.053971,16748,0,0,0,0,0,0,0,,,,,,,,,,,,,,,,,,,,,,,,,,,,,,,,,,,,,,,,,,,,,,,,,,,,,,,,,,,,,,,,,,,,,,,,,,,,,,,,,,,,,,,,,,,,,0.005108,1,0,0,,,,,,,,,,,,,,,,,,,,,,,,,,,,,0,0,,,,,,,,,,,,,,,,,,,0,,,,,,,,,,,,,,,,,,,0.060008000000000006,0,0.007582,0,67,,,,,,,,,,,,,,,,,,,,,,,,,,,,,raw,0,0,native_grid_planar_fractional,True,1,34.188357000005,private-reference/4e97a34de5e09049/00044.json.gz,0,True,0,0,0,0,0,1045,0.048551000020324864,e385de722110847164317a15def49987a963ed2c14cbed05e1ad8a49c4ea6240,24731327,skarve_normalized_f64_v1,0.5176949999849967,363343169638,,True,87.21938799999407,private-reference/ee118f9e543bc94e/00044.json.gz,86d9fa21b3b6e65605296fe3f6a356d32b27330f6113506b38f98371afff331d,8
45,real-age36-D-1-http0-natural-ee,real-age36,D,http0,1,natural-ee,cog256,387.5025570000048,608.0958580000129,0.49417799100000004,0.5976750000000024,207851520,2147483648,upstream,36,real-age36|D|http0,1.5608619999625262,363953278282,,390.63067700004694,null,True,21256336,real-age36|D|1,,,,,,,,,,,,,,,,,,,,,,,,,,,,,,,,,,,,,,,,,,,,,,,,,,,,,,,,,,,,,,,,,,,,,,,,,,,,,,,,,,,,,,,,,,,,,,,,,,,,,,,,,,,,,,,,,,,,,,,,,,,,,,,,,,,,,,,,,,,,,,,,,,,,,,,,,,,,,,,,,,,,,,,,,,,,,,,,,,,,,,,,,,,,,,,,,,,,,,,,,,,,,,,,,,,,,,,,,,,,,,,,,,,,,,,,,,,,,,,,,,,,,,,,,,,,,,,,,,,,,,,,,,raster-sequential,,,exactextract_fractional_v030,True,,376.542814000004,private-reference/b20c7448d5865600/00045.json.gz,21256336,True,5,1,21256336,6,6,32034,1.09702700001435,daf87aac2814215117912774a0c3b3daf3304f3563cc0d5cf6dc6d2c4bc54fa3,21256336,,9.85332200002631,363565774434,,True,504.1829620000158,private-reference/0caf3e205b781260/00045.json.gz,99f2a44b3bb0cbfb6506b6433f0790b1bc3f7dd450144d0161137249cec112d7,8
46,real-age36-B-2-local-native-skv-summary,real-age36,B,local,2,native-skv-summary,skv,11.382338000032632,121.13775400001714,0.065373798,0.12019499999999539,56778752,2147483648,native,1,real-age36|B|local,0.13828400000193142,364145550708,23.150046000012026,34.96777699996301,null,True,28933939,real-age36|B|2,0.0008509999815942138,,,45576,8,16,0.002624,32768,1.875204,0,2359296,67108864,0,0,0,0.025453999999999997,2370160,2097152,0.0010620000000000004,664432,0,8,141b322b011ae0b08bb16788da619152254bb789b26cad4c288d379965e27b86,16,0.0014320000000000001,,,,,,,5.110562999999999,0.039428000000000005,,,,,,,0,0,0,0,0,0,0,10.101631,0.4848150000000001,0,0.004877999999999999,8,0.010505,329264080,,16,407098,4.2878300000000005,0.224711,1,2.859006,0.051585,3865,0,0,0,0,0,0,0,,,,,,,,,,,,,,,,,,,,,,,,,,,,,,,,,,,,,,,,,,,,,,,,,,,,,,,,,,,,,,,,,,,,,,,,,,,,,,,,,,,,,,,,,,,,,0.005849,1,0,4,,,,,,,,,,,,,,,,,,,,,,,,,,,,,4,4,,,,,,,,,,,,,,,,,,,0,,,,,,,,,,,,,,,,,,,0.050274,0,0.0,0,16,,,,,,,,,,,,,,,,,,,,,,,,,,,,,summary,0,0,native_grid_planar_fractional,True,1,10.776946000021326,private-reference/10c6bbb267aa7161/00046.json.gz,0,True,0,0,0,0,0,1129,0.06302299999561001,fba1d5ef79886e5e7200884dceab42f930764eafb8fbd4698b34106f15ed3623,28933939,skarve_normalized_f64_v1,0.5374120000283256,364134169070,,True,65.97324199998411,private-reference/667323e3afc4743e/00046.json.gz,a6d2a0ff422326a51940caf2a8959d6245f98edf61bb47ca794d6245297202ef,8
47,analytical36-B-1-local-natural-ee,analytical36,B,local,1,natural-ee,cogband128,37.70009200002278,227.54558099995847,0.151086551,0.22696499999999986,90296320,2147483648,upstream,1,analytical36|B|local,0.20373000000972752,364367506395,,39.47622000004003,null,True,6142678,analytical36|B|1,,,,,,,,,,,,,,,,,,,,,,,,,,,,,,,,,,,,,,,,,,,,,,,,,,,,,,,,,,,,,,,,,,,,,,,,,,,,,,,,,,,,,,,,,,,,,,,,,,,,,,,,,,,,,,,,,,,,,,,,,,,,,,,,,,,,,,,,,,,,,,,,,,,,,,,,,,,,,,,,,,,,,,,,,,,,,,,,,,,,,,,,,,,,,,,,,,,,,,,,,,,,,,,,,,,,,,,,,,,,,,,,,,,,,,,,,,,,,,,,,,,,,,,,,,,,,,,,,,,,,,,,,,raster-sequential,,,exactextract_fractional_v030,True,,23.572696999963227,private-reference/3483060e65413829/00047.json.gz,0,True,0,0,0,0,0,1029,0.12314099996046934,2ca937b78bfccddbffbbd4730b209559a30d640f7e417bb5f4250cef9c0d4bc1,6142678,,14.000437999982296,364329805632,,True,151.25651800002515,private-reference/d87eb00dfcb9f496/00047.json.gz,84f33cab11bf01fbbf19fd7af24dd283b1fc1d26c187299c2c6c2f158e476a10,8
48,analytical36-D-2-http0-native-rsi64,analytical36,D,http0,2,native-rsi64,cogband128,1066.2930099999812,1188.4164310000074,0.9112623329999999,0.9783340000000003,147587072,2147483648,native,36,analytical36|D|http0,2.7433910000240758,365580948132,20.688627999959408,1090.0371569999834,null,True,6454230,analytical36|D|2,0,,,667776,288,104,0.004025,65536,1.42497,0,65463552,67108864,0,0,0,0.8992260000000003,65706392,58189824,0.052386000000000016,1018528,8,8,1eb1e9ced1cffe58c84399e68de436938f671ea4d883f90e0a32f554e679767f,67,0.0048070000000000005,,,,,,,901.0524509999999,0.037244,,,,,,,0,0,0,5992290,653,4,657,1033.6599489999999,11.438796000000002,0,0.039388,16,0.001201,203257900,,3744,8734356,851.4604939999998,5.536351,2,67.997567,0.425193,161640,0,0,0,0,0,0,0,,,,,,,,,,,,,,,,,,,,,,,,,,,,,,,,,,,,,,,,,,,,,,,,,,,,,,,,,,,,,,,,,,,,,,,,,,,,,,,,,,,,,,,,,,,,,0.07474,2,0,0,,,,,,,,,,,,,,,,,,,,,,,,,,,,,116,74,,,,,,,,,,,,,,,,,,,1226,,,,,,,,,,,,,,,,,,,6.341152999999999,0,0.0,0,104,,,,,,,,,,,,,,,,,,,,,,,,,,,,,index64,5992290,657,native_grid_planar_fractional,True,2,1036.6786239999897,private-reference/ab26edb510c06f21/00048.json.gz,6193026,True,743,10,6193026,753,753,29879,0.5251320000070336,4c8f72b841b57deaf9bf2c4afcce533e3b74f4c7b7277eaf902887de2273b3e8,6142678,skarve_normalized_f64_v1,29.083124999999654,364514655153,,True,1120.9187090000228,private-reference/398ac75f51f85c40/00048.json.gz,42cb76c5c2883be2f758717ecd1a82760f9cf5ef6c16a71d709e4d26c6a35078,8
49,analytical36-C-1-local-native-skv-summary,analytical36,C,local,1,native-skv-summary,skv,156.0633529999791,277.4858439999548,0.21623486500000003,0.2768240000000013,118263808,2147483648,native,36,analytical36|C|local,1.4411299999892435,365902343305,23.57406699997,181.28253999998378,null,True,5770145,analytical36|C|1,0.0006010000106471125,,,,,,,,,,,,,,,,,,,,,,,,,,,,,,,,,,,,,,,,,,,,,,,,,,,,,,,,,,,,,,,,,,,,,,False,,,,,,skv,,,,False,,16384,0,0,0,0,0.0,0.0,0,0,0,432,12,0,18.92518000000002,432,90640,0,0.0,0.0,248832,11584,4184431,24,7077888,0.086467,63700992,63740052,0,0,12,7077888,0.021892,15.466911999999997,0,565,90640,14.248535999999998,65536,35389440,4077407,4.712416,144,0,source_handle_lifetime,False,,,,,,,,,,,,,,,,,9742336,False,pinned_file_stat,local,,,,,,,,,,,,,,,,,,,,,67108864,,,,,,,63747828,56623104,,,,,,,,,,,,,,,128,12,,,,,0.0,0.0,,,,,,15.466911999999997,,91.25751199999999,,,,0.0,,154.827089,,,,,,,,,,,,,,,,,,,,,,,,,,,2,0,0,0,False,12,147071268,25,,,4,False,,,,,,166779,12,,,,,4,,8,4,summary,,,native_grid_planar_fractional,True,1,155.47622099995806,private-reference/703abdc5d75218a5/00049.json.gz,0,True,0,0,0,0,0,4010,0.1104220000343048,b377ff7f69c2e6aff33c3a6c22dcb9c59ccc16b052e6610bb89b8b3f1b16adba,5770145,skarve_normalized_f64_v1,0.47239399998488807,365746280202,,True,216.5493050000009,private-reference/43e531063e5ae5dd/00049.json.gz,f9566f8845203b0699b9f4b08f9259be8f453af841604c18f6e56b075ae71628,1
50,real-age36-B-0-http0-natural-ee,real-age36,B,http0,0,natural-ee,cogband128,33.251154999959454,204.51103799996417,0.134973377,0.19965700000000197,92147712,2147483648,upstream,1,real-age36|B|http0,0.10080799995648704,366114243653,,34.90799200000083,null,True,27889906,real-age36|B|0,,,,,,,,,,,,,,,,,,,,,,,,,,,,,,,,,,,,,,,,,,,,,,,,,,,,,,,,,,,,,,,,,,,,,,,,,,,,,,,,,,,,,,,,,,,,,,,,,,,,,,,,,,,,,,,,,,,,,,,,,,,,,,,,,,,,,,,,,,,,,,,,,,,,,,,,,,,,,,,,,,,,,,,,,,,,,,,,,,,,,,,,,,,,,,,,,,,,,,,,,,,,,,,,,,,,,,,,,,,,,,,,,,,,,,,,,,,,,,,,,,,,,,,,,,,,,,,,,,,,,,,,,,raster-sequential,,,exactextract_fractional_v030,True,,24.1544770000246,private-reference/9f364feebec56ba3/00050.json.gz,819200,True,2,1,819200,3,3,1109,0.07742299999335955,d5f8b888f500fb427b5e2a08edbf1e199d051be046255641ee309071af302e7a,27889906,,9.01651099997025,366080992709,,True,136.64902699997583,private-reference/a8d02bbaf6a31a2f/00050.json.gz,70fd98b626eda96b36cee138841373771365a8e36b7e84fc5162a82e7427f474,8
51,analytical40-1025x1031-D-2-http0-native-cog,analytical40-1025x1031,D,http0,2,native-cog,cog128,1701.9595090000053,1834.1582200000062,1.699473266,1.776487999999997,156549120,2147483648,native,40,analytical40-1025x1031|D|http0,3.999564000025657,367957627493,18.92639999999801,1725.1236609999978,null,True,42018905,analytical40-1025x1031|D|2,0.0008209999577957205,,,1663296,320,134,0.028862,32768,3.09272,0,378455040,67108864,106,0,0,5.394656000000005,65918628,336404480,0.09002199999999996,1806688,0,8,d2590882b47ebea8c43f2a2bd72f6cfeea252037828b6e02a92fb686ab2d50d4,67,0.000981,,,,,,,1072.9427979999996,0.041381,,,,,,,0,0,0,41632597,68,2,70,1676.1946669999998,62.361799,0,0.053508,8,0.000501,339059360,,5360,80820360,912.2153660000002,22.869444000000012,1,596.0966340000001,0.457867,670520,0,0,0,0,0,0,0,,,,,,,,,,,,,,,,,,,,,,,,,,,,,,,,,,,,,,,,,,,,,,,,,,,,,,,,,,,,,,,,,,,,,,,,,,,,,,,,,,,,,,,,,,,,,0.004226,1,0,0,,,,,,,,,,,,,,,,,,,,,,,,,,,,,0,0,,,,,,,,,,,,,,,,,,,67,,,,,,,,,,,,,,,,,,,1.5914389999999998,0,0.0,0,134,,,,,,,,,,,,,,,,,,,,,,,,,,,,,,41632597,70,native_grid_planar_fractional,True,1,1679.816069000026,private-reference/d9c8811708bffff8/00051.json.gz,41640249,True,75,4,41640249,79,79,32004,0.6656789999510693,fe4788941186043b47c3c938b8e03aec929f13596245599f1e8a159efe982361,42018905,skarve_normalized_f64_v1,21.459574999994402,366255667934,,True,1756.170420999979,private-reference/0dd99ff2c347f65d/00051.json.gz,68d27c234fd282f99a457b01931e3d0f00e58a5b83d9cef503a812ce0f54df55,8
52,analytical36-B-1-local-native-tiff,analytical36,B,local,1,native-tiff,band256,32.334047000006194,164.9413920000029,0.103865341,0.16391100000000236,75804672,2147483648,native,1,analytical36|B|local,0.5181540000194218,368176101043,28.883158999974512,62.06596199996284,null,True,5078720,analytical36|B|1,0.00173299997641152,,,45576,8,5,0.002414,32768,1.8165600000000004,0,2375424,67108864,0,0,0,0.022837,2378979,2111488,0.001021,511168,0,16,d4bd1a5dea09d3f7def9241c1251866253189fe02efcf68a0a96ab80b8c77b46,5,0.0021339999999999996,,,,,,,6.925261,0.06559999999999999,,256,7552,True,128,256,0,0,0,0,0,0,0,12.717694999999999,0.377968,0,0.0047469999999999995,8,0.000391,336814288,,10,477274,5.819617000000001,0.13590699999999997,1,3.65663,0.06059099999999999,2307,0,0,0,0,0,0,0,,,,,,,,,,,,,,,,,,,,,,,,,,,,,,,,,,,,,,,,,,,,,,,,,,,,,,,,,,,,,,,,,,,,,,,,,,,,,,,,,,,,,,,,,,,,,0.00556,1,0,0,,,,,,,,,,,,,,,,,,,,,,,,,,,,,0,0,,,,,,,,,,,,,,,,,,,0,,,,,,,,,,,,,,,,,,,0.095059,0,0.00645,1,5,,,,,,,,,,,,,,,,,,,,,,,,,,,,,,0,0,native_grid_planar_fractional,True,1,13.634343999967768,private-reference/7497673205e3356f/00052.json.gz,0,True,0,0,0,0,0,1028,0.11879800001679541,d12c50ef5f2eb483307595d687307a30b603990fff77734d225f99dfee78473e,5078720,skarve_normalized_f64_v1,18.573583000033977,368143767917,,True,104.21923600000582,private-reference/f93bc3856bc90a47/00052.json.gz,1972d0025e1f387bc106606e8ba8cb831b4d9ee449444ec56a43e7819961b246,8
53,analytical36-C-2-local-native-tiff,analytical36,C,local,2,native-tiff,band256,245.18836100003227,376.2138740000296,0.309772826,0.37573799999999835,151490560,2147483648,native,36,analytical36|C|local,9.961567000004834,368552271553,20.174052000015763,275.5257370000095,null,True,5078720,analytical36|C|2,0.0010020000331678602,,,,,,,,,,,,,,,,,,,,,,,,,,,,,,,,,,,,,,,,,,,,,,,,,,,,,,,,,,,,,,,,,,,,,16777216,,0,0.04765,1,12,0,,0,shared_only_for_identical_data_and_mask_block_footprints_then_flushed_on_transition_or_window_exit,trusted_manifest,,local_original,,,,,,,,,,,,,,,,,,,,,,,,,,,,,,,,,,,,,,,,,,,,,,False,,,,,,,,,,,,,,,,,,,,,,,,,,,,,,,,,,,,,,0,84934656,67108864,10,20058510,2,0,0,12,64897318,75497472,,10028743,0,0,0,0,261408,268435456,,288,377416,0,,67108864,256,12,4,,,17.356644,,,2.4962779999999998,0.116124,,,210.045087,15.828241,0.069607,174.16382899999996,,,0.016537,0.0,,227.967534,0.039155,,,,,,,,,,,,,,,,,,,,,,,,,,,,,,,,,,,,,,,,,,,,,,,,,,,,,,,,native_grid_planar_fractional,True,1,228.616637000016,private-reference/ab898d8e61f50bcc/00053.json.gz,0,True,0,0,0,0,0,4006,0.14096499995730483,8fbff0b61c68af05158cd4dfde5b7131f1151eedff44ed4c69d74f02fa43b918,5078720,skarve_normalized_f64_v1,16.422996000017065,368307082540,,True,309.7286390000136,private-reference/a1becd90a9578b6d/00053.json.gz,9f89998d460c519628af86f6cd128d94ea2f7fa24df0d63ae9ea5141a320e5f3,1
54,analytical36-D-2-http0-native-tiff,analytical36,D,http0,2,native-tiff,ordinary,850.7610229999614,972.8421600000274,0.839899767,0.9083299999999994,152702976,2147483648,native,36,analytical36|D|http0,1.0742259999574344,369546592662,20.326485999987653,872.3573720000104,null,True,4464831,analytical36|D|2,0.0020839999592681124,,,1497376,288,36,0.002104,32768,1.039183,0,85515264,67108864,7,0,0,0.6704559999999997,66708435,76013568,0.02442500000000001,666976,0,8,ffe7a97fa2f07ec5058551e0ed95c80f9c8135d7786b6a5147d2967b095224d8,18,0.000861,,,,,,,685.4739779999999,0.044344,,,,,,,0,0,0,4449237,183,2,185,821.4484520000001,15.690630000000002,0,0.023695999999999995,8,0.00035,337753828,,1296,17286804,616.122495,10.78996,1,132.92238499999996,0.292952,158328,0,0,0,0,0,0,0,,,,,,,,,,,,,,,,,,,,,,,,,,,,,,,,,,,,,,,,,,,,,,,,,,,,,,,,,,,,,,,,,,,,,,,,,,,,,,,,,,,,,,,,,,,,,0.004608,1,0,0,,,,,,,,,,,,,,,,,,,,,,,,,,,,,0,0,,,,,,,,,,,,,,,,,,,469,,,,,,,,,,,,,,,,,,,1.195942,0,0.0,0,36,,,,,,,,,,,,,,,,,,,,,,,,,,,,,,4449237,185,native_grid_planar_fractional,True,1,823.4072509999919,private-reference/258183e157696a34/00054.json.gz,4456693,True,196,4,4456693,200,200,29879,0.4819740000243655,4c8f72b841b57deaf9bf2c4afcce533e3b74f4c7b7277eaf902887de2273b3e8,4464831,skarve_normalized_f64_v1,26.865937999957623,368695831990,,True,903.9490540000088,private-reference/bfce3c28ba2249b5/00054.json.gz,54455de40df286b8e2935a00a8e95c0731061756be6e93cabb96585c1194a845,8
55,analytical36-B-1-local-native-skv-raw,analytical36,B,local,1,native-skv-raw,skv,10.321472999976322,119.78569100000414,0.06375969000000001,0.11877499999999941,56520704,2147483648,native,1,analytical36|B|local,0.12942200004317783,369704724726,20.26432999997496,31.017566000002716,null,True,5770145,analytical36|B|1,0.0008709999974598759,,,45576,8,18,0.0013030000000000001,32768,1.465948,0,2375424,67108864,0,0,0,0.023284999999999993,2387934,2111488,0.0011809999999999998,660976,0,8,55fae16001e91e77d565559d82f70bd8f181df86ff6de7de5fa0cf640b046bde,18,0.001153,,,,,,,4.0561229999999995,0.056521,,128,7552,False,128,128,0,0,0,0,0,0,0,9.164239,0.45105900000000004,0,0.00415,8,0.00033999999999999997,329268240,,18,477274,3.339023,0.13639500000000002,1,3.4533289999999996,0.03270700000000001,4372,0,0,0,0,0,0,0,,,,,,,,,,,,,,,,,,,,,,,,,,,,,,,,,,,,,,,,,,,,,,,,,,,,,,,,,,,,,,,,,,,,,,,,,,,,,,,,,,,,,,,,,,,,,0.007354,1,0,0,,,,,,,,,,,,,,,,,,,,,,,,,,,,,0,0,,,,,,,,,,,,,,,,,,,0,,,,,,,,,,,,,,,,,,,0.06307299999999999,0,0.003546,0,18,,,,,,,,,,,,,,,,,,,,,,,,,,,,,raw,0,0,native_grid_planar_fractional,True,1,9.778629999971145,private-reference/37b4c963c93e6e8f/00055.json.gz,0,True,0,0,0,0,0,1028,0.05980800000315867,d12c50ef5f2eb483307595d687307a30b603990fff77734d225f99dfee78473e,5770145,skarve_normalized_f64_v1,0.47755600002119536,369694403022,,True,64.2335550000439,private-reference/70a40ec24c7c7b8f/00055.json.gz,a58c5bca24ae889df4313958f625230a2c0c2ba21604bbbbf36ac2951323fbd2,8
56,worldpop1-B-2-http0-native-rsi256,worldpop1,B,http0,2,native-rsi256,cogband128,117.85022999998773,231.48195400000304,0.150429494,0.20826399999999978,87416832,2147483648,native,1,worldpop1|B|http0,2.47088500003656,369951518921,18.948152000007212,139.47414300002947,null,True,18817225,worldpop1|B|2,0,,,45576,8,23,0.002074,32768,2.390698,0,13565952,67108864,0,0,0,0.18891100000000005,13581937,12058624,0.017791,1421296,0,8,5f36a69894fe302b5b00dd48a8b8a200ab22af4219d2a2f32dc5216dd78369dc,25,0.001883,,,,,,,85.23949600000002,0.031696999999999996,,,,,,,0,0,0,1653085,48,2,50,104.74883899999999,3.4116479999999996,0,0.004698,8,0.000411,202839000,,46,1086334,76.937827,1.977485,1,5.966504999999999,0.065859,7894,0,0,0,0,0,0,0,,,,,,,,,,,,,,,,,,,,,,,,,,,,,,,,,,,,,,,,,,,,,,,,,,,,,,,,,,,,,,,,,,,,,,,,,,,,,,,,,,,,,,,,,,,,,0.002244,1,0,0,,,,,,,,,,,,,,,,,,,,,,,,,,,,,14,9,,,,,,,,,,,,,,,,,,,0,,,,,,,,,,,,,,,,,,,3.243756,0,0.0,0,23,,,,,,,,,,,,,,,,,,,,,,,,,,,,,index256,1653085,50,native_grid_planar_fractional,True,1,105.44644699996297,private-reference/c1f1da2ee30fe87d/00056.json.gz,1720293,True,59,5,1720293,64,64,1240,0.06416499996930725,ae861dc4801af35ca6376dd8cf332a700265b4f0daf25e4721ef113acc83f37f,18648801,skarve_normalized_f64_v1,12.333637000040198,369833667980,,True,173.2383069999628,private-reference/262a3db972c45e1f/00056.json.gz,57a12e7335fb113161cce43d25f56d0853851c40723609bd93070497ac9ef5e2,8
57,worldpop1-A-0-local-native-tiff,worldpop1,A,local,0,native-tiff,ordinary,728.6214009999981,846.9926650000161,0.787226748,0.8456490000000016,93827072,2147483648,native,1,worldpop1|A|local,2.1130540000058318,370814771927,21.58074400000487,752.5114689999555,null,True,18084641,worldpop1|A|0,0.0018529999579186551,,,,,,,,,,,,,,,,,,,,,,,,,,,,,,,,,,,,,,,,,,,,,,,,,,,,,,,,,,,,,,,,,,,,,16777216,,0,0.064135,1,25,0,,0,shared_only_for_identical_data_and_mask_block_footprints_then_flushed_on_transition_or_window_exit,trusted_manifest,,local_original,,,,,,,,,,,,,,,,,,,,,,,,,,,,,,,,,,,,,,,,,,,,,,False,,,,,,,,,,,,,,,,,,,,,,,,,,,,,,,,,,,,,,0,14745600,67108864,25,0,0,0,0,25,14762975,13107200,,590135,0,0,0,0,673248,268435456,,50,14466,0,,67108864,256,25,25,,,1.9877859999999998,,,0.164232,0.28569100000000003,,,715.5750380000001,3.668048,0.269483,683.565536,,,0.013013,0.0,,718.5587869999999,0.03929,,,,,,,,,,,,,,,,,,,,,,,,,,,,,,,,,,,,,,,,,,,,,,,,,,,,,,,,native_grid_planar_fractional,True,1,718.9143219999892,private-reference/c6b8dbeebcedac12/00057.json.gz,0,True,0,0,0,0,0,161,0.05937599996741483,dfd61dc71363e7bd4be6ab2e28d4f02024cc1dfcf706390a8cb14dfa20bfb7b8,18084641,skarve_normalized_f64_v1,9.640099000023383,370086150096,,True,787.911317999999,private-reference/26fc82cd1d297a6e/00057.json.gz,fa35f1c573f0e6f88b45fe9bee6df59adca612e3d86a6c89e8005ea1f704bf56,1
58,analytical40-1025x1031-D-0-local-native-cog,analytical40-1025x1031,D,local,0,native-cog,cogband128,1507.3559079999654,1629.5768460000204,1.5619981170000001,1.6287939999999992,142942208,2147483648,native,40,analytical40-1025x1031|D|local,3.93442399996502,372451738476,19.182016999991447,1530.6725269999788,null,True,26442685,analytical40-1025x1031|D|0,0.0019130000055156415,,,1663296,320,134,0.002875,32768,2.7371689999999997,0,378455040,67108864,106,0,0,4.432117000000003,65918628,336404480,0.07850300000000002,1796464,0,8,306c40a2d8671545e1d51db4612ee3740a1a31d9dfa6f66422309f0cd8743037,67,0.001463,,,,,,,877.4296469999999,0.044499000000000004,,,,,,,0,0,0,0,0,0,0,1489.4507720000001,62.68985199999999,0,0.028318999999999997,8,0.00043099999999999996,339049116,,5360,80723880,669.2612120000003,26.525207,1,607.2440819999999,0.42378699999999997,669920,0,0,0,0,0,0,0,,,,,,,,,,,,,,,,,,,,,,,,,,,,,,,,,,,,,,,,,,,,,,,,,,,,,,,,,,,,,,,,,,,,,,,,,,,,,,,,,,,,,,,,,,,,,0.0018729999999999999,1,0,0,,,,,,,,,,,,,,,,,,,,,,,,,,,,,0,0,,,,,,,,,,,,,,,,,,,0,,,,,,,,,,,,,,,,,,,0.061009,0,0.0,0,134,,,,,,,,,,,,,,,,,,,,,,,,,,,,,,0,0,native_grid_planar_fractional,True,1,1491.8102699999736,private-reference/7f110a80c91536cb/00058.json.gz,0,True,0,0,0,0,0,32796,0.5965529999798491,a7389146e4f56e6ee457a9ed39c6f9e8a5faf8be467c066635197793e46d52a4,26442685,skarve_normalized_f64_v1,14.942713999971602,370944382277,,True,1562.2866669999667,private-reference/a9d8b836a24b00ba/00058.json.gz,7497af44e1dd1c960a404e0bb0a766f62fa1ac1764ddb2cbc4e3752a6587f4be,8
59,analytical36-D-0-http0-natural-ee,analytical36,D,http0,0,natural-ee,cogband128,391.14548000003424,607.991544000015,0.511571467,0.6008940000000038,192618496,2147483648,upstream,36,analytical36|D|http0,1.0949389999836967,373063860366,,394.90198400000054,null,True,6142678,analytical36|D|0,,,,,,,,,,,,,,,,,,,,,,,,,,,,,,,,,,,,,,,,,,,,,,,,,,,,,,,,,,,,,,,,,,,,,,,,,,,,,,,,,,,,,,,,,,,,,,,,,,,,,,,,,,,,,,,,,,,,,,,,,,,,,,,,,,,,,,,,,,,,,,,,,,,,,,,,,,,,,,,,,,,,,,,,,,,,,,,,,,,,,,,,,,,,,,,,,,,,,,,,,,,,,,,,,,,,,,,,,,,,,,,,,,,,,,,,,,,,,,,,,,,,,,,,,,,,,,,,,,,,,,,,,,raster-sequential,,,exactextract_fractional_v030,True,,370.42037300000175,private-reference/2be0103d67cf6c4b/00059.json.gz,6142678,True,7,1,6142678,8,8,28795,0.5105189999881077,0b7fb4855aad96400178819893079dcf2c9f872567bb566bdc24bcd50b71a047,6142678,,20.210752000025423,372672715656,,True,518.1503219999968,private-reference/d3a4be38a3da3319/00059.json.gz,f207068fe0d6db69b1abaf958974a7ba22fc00f0c715710038d6a83156268131,8
60,real-age36-B-0-http0-native-rsi256,real-age36,B,http0,0,native-rsi256,cogband128,45.8496480000008,159.33028200004173,0.09048318,0.14940399999999698,74915840,2147483648,native,1,real-age36|B|http0,0.6162269999663295,373278138855,19.817882000040754,66.50476000004346,null,True,28028498,real-age36|B|0,0,,,45576,8,4,0.002074,32768,1.119222,0,2359296,67108864,0,0,0,0.026448,2362076,2097152,0.001523,506848,0,8,c859d602742ba024432d30760df34387827163bb060e9c2d286f0b370e4e4c49,4,0.003677,,,,,,,20.048824,0.057923,,,,,,,0,0,0,781420,17,2,19,28.781376,0.43994199999999994,0,0.005459999999999998,8,0.000491,201924072,,8,466339,19.004883,0.212007,1,3.502802,0.060118000000000005,2310,0,0,0,0,0,0,0,,,,,,,,,,,,,,,,,,,,,,,,,,,,,,,,,,,,,,,,,,,,,,,,,,,,,,,,,,,,,,,,,,,,,,,,,,,,,,,,,,,,,,,,,,,,,0.003546,1,0,0,,,,,,,,,,,,,,,,,,,,,,,,,,,,,0,0,,,,,,,,,,,,,,,,,,,1,,,,,,,,,,,,,,,,,,,3.792135,0,0.0,0,4,,,,,,,,,,,,,,,,,,,,,,,,,,,,,index256,781420,19,native_grid_planar_fractional,True,1,29.471754999974564,private-reference/a1517a147754da89/00060.json.gz,850835,True,26,5,850835,31,31,1126,0.06273200000350698,e5be80f35647b04d8164614e8b572f17a141c185e6dbc1b2ec94c2f8a04c4630,27889906,skarve_normalized_f64_v1,16.309662000026037,373232289458,,True,99.99484600001551,private-reference/d413d41fd459ee89/00060.json.gz,ad8e454e85c07c502e3676754368c31d0d41accd7ad2ec939bbf68a5bdf0706d,8
61,analytical40-1025x1031-C-1-local-native-rsi256,analytical40-1025x1031,C,local,1,native-rsi256,cogband128,883.0347090000146,1006.1922379999828,0.937921383,1.0052880000000002,148914176,2147483648,native,40,analytical40-1025x1031|C|local,0.30548299997690265,374296561875,21.949156999994557,905.4849770000146,null,True,26638653,analytical40-1025x1031|C|1,0,,,107796,40,24,0.0031360000000000003,65536,0.778977,0,283115520,67108864,19,0,0,9.403815000000005,58994955,251658240,0.017810000000000003,410368,1,1,12dca11e59397b7258842c937af1c5aa5844589e08c81a67c319a4da0e440b82,16,0.0030759999999999997,,,,,,,650.0473129999998,0.030023,,,,,,,0,0,0,0,0,0,0,863.937162,51.255784000000006,0,0.008865,2,0.000811,201915256,,960,29035320,527.7812739999999,25.710521,2,211.49599099999998,0.09574099999999999,118240,0,0,0,0,0,0,0,,,,,,,,,,,,,,,,,,,,,,,,,,,,,,,,,,,,,,,,,,,,,,,,,,,,,,,,,,,,,,,,,,,,,,,,,,,,,,,,,,,,,,,,,,,,,0.003977,2,0,0,,,,,,,,,,,,,,,,,,,,,,,,,,,,,8,8,,,,,,,,,,,,,,,,,,,0,,,,,,,,,,,,,,,,,,,0.659923,0,0.0,0,24,,,,,,,,,,,,,,,,,,,,,,,,,,,,,index256,0,0,native_grid_planar_fractional,True,2,865.1600949999647,private-reference/5d0d2e40736414e6/00061.json.gz,0,True,0,0,0,0,0,4415,0.09590099995193668,f799effb4e1b125bfdbf5c1f92cca3183010ea1d50e09b9a30517254f539ca7d,26442685,skarve_normalized_f64_v1,17.773884000007456,373413527306,,True,938.3596189999821,private-reference/c8956fe6e0a085b4/00061.json.gz,6c6cc1acb82edb38e69323426ad62c57801302d619c312271ed09b4a4dc18417,1
62,analytical36-B-0-http0-native-rsi64,analytical36,B,http0,0,native-rsi64,cogband128,76.81749500000024,188.40654199999562,0.11337549799999999,0.16871400000000136,76050432,2147483648,native,1,analytical36|B|http0,0.3562829999737005,374512732411,24.442435999958434,101.81102999996483,null,True,6454230,analytical36|B|0,0,,,45576,8,52,0.002164,32768,1.371658,0,1818432,67108864,0,0,0,0.1459789999999999,1855404,1616384,0.006074000000000001,1009552,0,8,a25e6da6338304144e655a9af291f372183e55407ac12be1714188e941a0a89c,67,0.002124,,,,,,,25.925057000000002,0.050039,,,,,,,0,0,0,170854,20,2,22,53.678111,0.3311199999999999,0,0.004649,8,0.000571,202427004,,104,236551,24.598563999999996,0.15316899999999997,1,1.9831159999999997,0.055759,4439,0,0,0,0,0,0,0,,,,,,,,,,,,,,,,,,,,,,,,,,,,,,,,,,,,,,,,,,,,,,,,,,,,,,,,,,,,,,,,,,,,,,,,,,,,,,,,,,,,,,,,,,,,,0.005169,1,0,0,,,,,,,,,,,,,,,,,,,,,,,,,,,,,58,37,,,,,,,,,,,,,,,,,,,34,,,,,,,,,,,,,,,,,,,3.377783,0,0.0,0,52,,,,,,,,,,,,,,,,,,,,,,,,,,,,,index64,170854,22,native_grid_planar_fractional,True,1,54.62565499999528,private-reference/3c0324e5c3d371cb/00062.json.gz,268262,True,65,5,268262,70,70,1018,0.062159999970390345,ca14ceabda820a34951c21e56b493ed8c56bd09015c599a5760be04ef843460e,6142678,skarve_normalized_f64_v1,22.122677000027124,374435915057,,True,132.7150490000122,private-reference/fb993afdc22fada1/00062.json.gz,1d043e8dc03f9f22a89e0c8f4175482d476cc1f3422c2baa0741ec29849b2cd2,8
63,worldpop1-A-2-local-native-skv-summary,worldpop1,A,local,2,native-skv-summary,skv,11.515873999996984,126.79569699997728,0.07184776400000001,0.12635199999999713,58380288,2147483648,native,1,worldpop1|A|local,0.10282300002018019,374656920603,24.260427000001528,36.072138000008636,null,True,22778369,worldpop1|A|2,0.00066100000140068,,,,,,,,,,,,,,,,,,,,,,,,,,,,,,,,,,,,,,,,,,,,,,,,,,,,,,,,,,,,,,,,,,,,,,False,,,,,,skv,,,,False,,16384,0,0,0,0,0.0,0.0,0,0,0,0,0,0,2.8895839999999997,32,107120,0,0.0,0.0,2352,11584,660687,46,524288,0.066258,4718592,4723680,0,0,32,524288,0.005560999999999998,0.949287,0,38,107120,2.0655240000000004,65536,2621440,537183,1.2649239999999995,19,0,source_handle_lifetime,False,,,,,,,,,,,,,,,,,9742336,False,pinned_file_stat,local,,,,,,,,,,,,,,,,,,,,,67108864,,,,,,,4740320,4194304,,,,,,,,,,,,,,,128,32,,,,,0.0,0.0,,,,,,0.949287,,6.961299999999999,,,,0.0,,10.807646,,,,,,,,,,,,,,,,,,,,,,,,,,,1,0,0,0,False,32,146889793,127,,,49,False,,,,,,184226,32,,,,,19,,19,49,summary,,,native_grid_planar_fractional,True,1,11.100565999981882,private-reference/128c05ad547854ed/00063.json.gz,0,True,0,0,0,0,0,159,0.03887900004428957,6b7c811950dafd49b0dace02d8ad09319150a5be646200d1e519d5ed02b8ce8d,22778369,skarve_normalized_f64_v1,0.37230099997032085,374645404618,,True,71.87444300001289,private-reference/0093740ef3261181/00063.json.gz,5757ccba0b0a803feddc03cfec7c689db67b7f8b8b52d2dc8ed28927e71ff82f,1
64,real-age36-D-2-http0-natural-ee,real-age36,D,http0,2,natural-ee,cog256,404.7621689999801,600.9245309999756,0.502116347,0.5885359999999977,207724544,2147483648,upstream,36,real-age36|D|http0,1.3962369999944713,375240805417,,407.7560130000393,null,True,21256336,real-age36|D|2,,,,,,,,,,,,,,,,,,,,,,,,,,,,,,,,,,,,,,,,,,,,,,,,,,,,,,,,,,,,,,,,,,,,,,,,,,,,,,,,,,,,,,,,,,,,,,,,,,,,,,,,,,,,,,,,,,,,,,,,,,,,,,,,,,,,,,,,,,,,,,,,,,,,,,,,,,,,,,,,,,,,,,,,,,,,,,,,,,,,,,,,,,,,,,,,,,,,,,,,,,,,,,,,,,,,,,,,,,,,,,,,,,,,,,,,,,,,,,,,,,,,,,,,,,,,,,,,,,,,,,,,,,raster-sequential,,,exactextract_fractional_v030,True,,394.8904920000018,private-reference/1a02926725a22ea9/00064.json.gz,21256336,True,5,1,21256336,6,6,32661,0.6566750000160937,9f7eb1d16bd9620333d93bedf55bf12fcf47662ec5a27c9142a10fc0799c44b9,21256336,,9.208779999994476,374836041975,,True,514.0171879999684,private-reference/5a32477450f33643/00064.json.gz,273c654e9c74f0c017f348bf56233f07ee3965499b53d01364fe8f7d272715fc,8
65,analytical36-D-0-http0-native-skv-raw,analytical36,D,http0,0,native-skv-raw,skv,285.3111530000092,406.34436799996365,0.32879576699999996,0.39212100000000305,130473984,2147483648,native,36,analytical36|D|http0,2.775455999994847,375694557214,20.000010999979168,308.356678999985,null,True,5770145,analytical36|D|0,0.0016430000187028782,,,1497376,288,18,0.0016530000000000002,32768,1.561541,0,85515264,67108864,4,0,0,0.40573999999999993,64336242,76013568,0.007555000000000001,658576,0,8,c26f6ae2c19d5b33bd167e37cf1eb964c233070551772bea959dc7a7bb02b16b,18,0.0008619999999999999,,,,,,,150.67399399999996,0.042926,,128,7552,False,128,128,0,0,0,5616903,20,2,22,279.53303600000004,19.254387,0,0.026055999999999996,8,0.000341,330718128,,18,17068284,125.655137,5.266628,1,124.86524600000001,0.43729699999999994,156924,0,0,0,0,0,0,0,,,,,,,,,,,,,,,,,,,,,,,,,,,,,,,,,,,,,,,,,,,,,,,,,,,,,,,,,,,,,,,,,,,,,,,,,,,,,,,,,,,,,,,,,,,,,0.012632,1,0,0,,,,,,,,,,,,,,,,,,,,,,,,,,,,,0,0,,,,,,,,,,,,,,,,,,,0,,,,,,,,,,,,,,,,,,,1.4365169999999998,0,0.010178,0,18,,,,,,,,,,,,,,,,,,,,,,,,,,,,,raw,5616903,22,native_grid_planar_fractional,True,1,281.76617899998746,private-reference/4986b3b9f6c66b49/00065.json.gz,5633287,True,21,2,5633287,23,23,28762,0.5187309999996614,a9e2337fccaa006ca4a489ba411cad2a8b91d47a0e971c214c4c67110e4e4f97,5770145,skarve_normalized_f64_v1,3.0208539999989625,375409246512,,True,342.328713000029,private-reference/893c43f840a1127d/00065.json.gz,d94f93b55cbaf64d93a8899207e9f07a3ab1c5fd0ff16fe69089b22aeb62fd0e,8
66,real-age36-B-1-http0-native-skv-summary,real-age36,B,http0,1,native-skv-summary,skv,30.28823699997929,147.9671139999823,0.08262071700000001,0.13961199999999963,59269120,2147483648,native,1,real-age36|B|http0,0.3290590000233351,375880225879,25.16872199998943,56.10027400001627,null,True,28933939,real-age36|B|1,0.0009819999604587792,,,45576,8,16,0.0029349999999999997,32768,1.180502,0,2359296,67108864,0,0,0,0.06505500000000002,2370160,2097152,0.003407,658864,0,8,f9c804f4bbe2085423ae54bcdc6b2b8b95cb5ec97d5c6a5a659d9c958d71075c,16,0.001042,,,,,,,20.838216,0.0395,,,,,,,0,0,0,902599,18,2,20,26.528782,0.554344,0,0.00615,8,0.000471,329258472,,16,403904,19.936104,0.251096,1,3.0324919999999995,0.082788,3841,0,0,0,0,0,0,0,,,,,,,,,,,,,,,,,,,,,,,,,,,,,,,,,,,,,,,,,,,,,,,,,,,,,,,,,,,,,,,,,,,,,,,,,,,,,,,,,,,,,,,,,,,,,0.009266,1,0,4,,,,,,,,,,,,,,,,,,,,,,,,,,,,,4,4,,,,,,,,,,,,,,,,,,,0,,,,,,,,,,,,,,,,,,,1.2443179999999998,0,0.0,0,16,,,,,,,,,,,,,,,,,,,,,,,,,,,,,summary,902599,20,native_grid_planar_fractional,True,1,27.38027099996998,private-reference/2ea4636f98147a4d/00066.json.gz,918983,True,19,2,918983,21,21,1124,0.09902499999725478,a3ba031d3788621800950943579f5eab46d6bdbeb6ec71f27b742a767f11bc3f,28933939,skarve_normalized_f64_v1,2.8021779999676255,375849937682,,True,90.55918000001384,private-reference/3738eb2f30b5c89c/00066.json.gz,8666a8f43da5cb854f2d4b9667fcdfcf04ac5ca893934859a74562c0b0b4b5ea,8
67,analytical36-D-1-http0-native-skv-summary,analytical36,D,http0,1,native-skv-summary,skv,275.158083000008,401.05603399996426,0.32227241500000003,0.3881289999999993,130359296,2147483648,native,36,analytical36|D|http0,1.0500930000034714,376291577203,23.251754000000346,299.7550229999888,null,True,5770145,analytical36|D|1,0.001503000021330081,,,1497376,288,18,0.002053,32768,1.234964,0,85515264,67108864,4,0,0,0.418248,64336242,76013568,0.011472,660976,0,8,55fae16001e91e77d565559d82f70bd8f181df86ff6de7de5fa0cf640b046bde,18,0.001152,,,,,,,151.453463,0.056322,,,,,,,0,0,0,5616903,20,2,22,269.705169,19.213366,0,0.029807999999999994,8,0.000501,330712868,,18,14822568,125.243975,6.450786000000001,1,115.00150600000002,0.365971,138960,0,0,0,0,0,0,0,,,,,,,,,,,,,,,,,,,,,,,,,,,,,,,,,,,,,,,,,,,,,,,,,,,,,,,,,,,,,,,,,,,,,,,,,,,,,,,,,,,,,,,,,,,,,0.013321,1,0,8,,,,,,,,,,,,,,,,,,,,,,,,,,,,,4,8,,,,,,,,,,,,,,,,,,,0,,,,,,,,,,,,,,,,,,,1.05139,0,0.0,0,18,,,,,,,,,,,,,,,,,,,,,,,,,,,,,summary,5616903,22,native_grid_planar_fractional,True,1,272.1748160000175,private-reference/20b8f27e40fe9a6b/00067.json.gz,5633287,True,21,2,5633287,23,23,28867,0.5203329999972084,59b57f77bcbfc3eeb1e510375e2bb4e8862f43dfc1abc1a2806921a6fa4d3ee3,5770145,skarve_normalized_f64_v1,2.4558530000149403,376016419931,,True,334.72641100001965,private-reference/1c754804d3a6a2dd/00067.json.gz,66db7db841adbe9fbe0069ddf0de7177283e8177904419fa281bb30c34787ac9,8
68,analytical40-1025x1031-A-2-http0-native-rsi256,analytical40-1025x1031,A,http0,2,native-rsi256,cogband128,87.36079100003735,197.81143200003726,0.12466353499999999,0.1785470000000018,77316096,2147483648,native,1,analytical40-1025x1031|A|http0,0.5157249999570013,376522037160,22.25220799999761,110.3249250000431,null,True,26638653,analytical40-1025x1031|A|2,2.5193870000066454,,,,,,,,,,,,,,,,,,,,,,,,,32448,1,0,0,7077888,12,,,,,,,,,,,,,,,,,,,,,,,True,,,,,,,,,,,,,,,,16777216,,0,1.20277,1,12,0,,0,shared_only_for_identical_data_and_mask_block_footprints_then_flushed_on_transition_or_window_exit,trusted_manifest,,http_original,,,,,,,,,,,,,,,,,,,,,,,,,,,,,,,,,,,,,,,,,,,,,,True,,513919,4194304,13,0,7604,19,57,521215,521215,0,57,5,513919,62,,,,,,,,,,,,,,,,,,,,,,,,,,,,,,,,,,,,,,,,,,,,,,,,,,,,,,,,,,0.000531,0.452802,,,,,62.476049,exclusive partition of this query call; source post-validation is in remaining execution; FFI envelope and transport subspans are not added to this partition,,,0.541878,63.47126,,,"""4e3042fb1506a990ab466287bf1d514e06a2b789ab1d81393f157866e226defb""",,http,97984,0,0,0,0,0,2,0,0,0,2,3,97984,5,,,,,,,32448,,,,,,12,8963137,16,True,0,4,False,1,97984,1,False,1,732856,12,134217728,0,0,3,4,65536,,4,index256,513919,62,native_grid_planar_fractional,True,1,63.91203300000825,private-reference/63ad1aa1430abdae/00068.json.gz,611903,True,59,8,611903,67,67,140,0.04017600002725885,0804bf71bee4a10cb67390656e5058e365f08886d4b412c8d3417e8204a98c13,26442685,skarve_normalized_f64_v1,20.884478000027684,376434676410,,True,143.30804399997987,private-reference/caf2aa81d0d1f21e/00068.json.gz,05f19bedf4b8b852e2214bf7d5c28d7219c7317ae77ed1ff2a032a1914456c99,1
69,analytical40-1025x1031-D-1-local-natural-ee,analytical40-1025x1031,D,local,1,natural-ee,cogband128,1369.8959989999935,1582.051989999968,1.498388292,1.580483000000001,210677760,2147483648,upstream,40,analytical40-1025x1031|D|local,5.1217239999914455,378088885802,,1376.7638410000131,null,True,26442685,analytical40-1025x1031|D|1,,,,,,,,,,,,,,,,,,,,,,,,,,,,,,,,,,,,,,,,,,,,,,,,,,,,,,,,,,,,,,,,,,,,,,,,,,,,,,,,,,,,,,,,,,,,,,,,,,,,,,,,,,,,,,,,,,,,,,,,,,,,,,,,,,,,,,,,,,,,,,,,,,,,,,,,,,,,,,,,,,,,,,,,,,,,,,,,,,,,,,,,,,,,,,,,,,,,,,,,,,,,,,,,,,,,,,,,,,,,,,,,,,,,,,,,,,,,,,,,,,,,,,,,,,,,,,,,,,,,,,,,,,raster-sequential,,,exactextract_fractional_v030,True,,1354.5414579999715,private-reference/cde0a2840495fcd2/00069.json.gz,0,True,0,0,0,0,0,33371,0.6085789999588087,97563799ebaf285ba83fd57e3c32f51fb4da97b3c55ce06083989dba564af187,26442685,,14.742022999996607,376718989723,,True,1499.3660899999668,private-reference/4741687195945622/00069.json.gz,973fbc34b9884f3e4ebcb8ebb0cb257681f95236dbc6405c5bb3ca3897591492,8
70,worldpop1-A-0-http0-native-tiff,worldpop1,A,http0,0,native-tiff,ordinary,764.2267329999868,882.4214680000182,0.810586056,0.8713830000000016,99909632,2147483648,native,1,worldpop1|A|http0,0.9797379999554323,379019477524,22.663950999969984,788.3021069999927,null,True,18084641,worldpop1|A|0,0.002196000025378453,,,,,,,,,,,,,,,,,,,,,,,,,,,,,,,,,,,,,,,,,,,,,,,,,,,,,,,,,,,,,,,,,,,,,16777216,,0,1.3744969999999999,1,25,0,,0,shared_only_for_identical_data_and_mask_block_footprints_then_flushed_on_transition_or_window_exit,trusted_manifest,,http_original,,,,,,,,,,,,,,,,,,,,,,,,,,,,,,,,,,,,,,,,,,,,,,True,,6729504,4194304,7,13,26889933,34,15,3950560,2780864,0,15,4,6729504,19,,,,,,,,,,,,,,,,,,,,,,,0,14745600,67108864,25,0,0,0,0,25,14762975,13107200,,590135,6727995,7,2,9,673248,268435456,,50,14466,0,,67108864,256,25,25,,,1.925154,,,0.15103100000000003,0.29016600000000004,,,743.641459,3.203702,0.47538,713.3595909999999,,,0.5149450000000001,0.0,,748.196007,0.027206,,,,,,,,,,,,,,,,,,,,,,,,,,,,,,,,,,,,,,,,,,,,,,,,,,,,,,6729504,19,native_grid_planar_fractional,True,1,748.504185999991,private-reference/3dfdc6979ef92896/00070.json.gz,6729504,True,15,4,6729504,19,19,161,0.03786100000979786,dfd61dc71363e7bd4be6ab2e28d4f02024cc1dfcf706390a8cb14dfa20bfb7b8,18084641,skarve_normalized_f64_v1,15.678281000020888,378255252957,,True,820.9375019999925,private-reference/2b037f345b82953e/00070.json.gz,5c36bec96254e95e3f6d2c30eba7a620058a42e53e83a95ac745313ba223a9d2,1
71,worldpop1-A-1-http0-native-cog,worldpop1,A,http0,1,native-cog,cogband128,101.26717399998597,217.09699699999874,0.139059979,0.19733299999999332,87801856,2147483648,native,1,worldpop1|A|http0,2.0771769999896605,379266967565,19.035819000009724,122.66293600004019,null,True,18648801,worldpop1|A|1,0.001473999986956187,,,,,,,,,,,,,,,,,,,,,,,,,,,,,,,,,,,,,,,,,,,,,,,,,,,,,,,,,,,,,,,,,,,,,16777216,,0,1.538023,1,25,0,,0,shared_only_for_identical_data_and_mask_block_footprints_then_flushed_on_transition_or_window_exit,trusted_manifest,,http_original,,,,,,,,,,,,,,,,,,,,,,,,,,,,,,,,,,,,,,,,,,,,,,True,,1783941,4194304,19,0,844,19,53,1790725,1790725,0,53,4,1783941,57,,,,,,,,,,,,,,,,,,,,,,,0,14745600,67108864,25,0,0,0,0,25,14762975,13107200,,590135,1782917,52,2,54,675072,268435456,,50,14466,0,,67108864,256,25,25,,,1.9510219999999996,,,0.104931,0.30458999999999997,,,85.380112,3.0844670000000005,0.358649,77.676338,,,0.5611820000000001,0.0,,89.559515,0.026704000000000002,,,,,,,,,,,,,,,,,,,,,,,,,,,,,,,,,,,,,,,,,,,,,,,,,,,,,,1783941,57,native_grid_planar_fractional,True,1,89.8799430000281,private-reference/10642c807904ed8d/00071.json.gz,1783941,True,53,4,1783941,57,57,160,0.036878000003071065,bfb4cbec95ce9af2e5355642ae1e36dee8e8afba00ebe3df1a5c7789d9b91c7f,18648801,skarve_normalized_f64_v1,11.344719000021541,379165700862,,True,158.41994700002715,private-reference/71a3aed995121672/00071.json.gz,5588c8bab0163e934717b66acb49dbfc51e12f9c5c9457d9d21d5ac1a61af73c,1
72,real-age36-C-2-http0-native-tiff,real-age36,C,http0,2,native-tiff,band256,538.9822979999508,657.2124790000089,0.46464282799999995,0.5241250000000051,155234304,2147483648,native,36,real-age36|C|http0,8.128101000011156,379937662147,19.951212000023588,567.2561320000113,null,True,27830980,real-age36|C|2,0.0007120000304894347,,,,,,,,,,,,,,,,,,,,,,,,,,,,,,,,,,,,,,,,,,,,,,,,,,,,,,,,,,,,,,,,,,,,,16777216,,0,1.253324,1,12,0,,0,shared_only_for_identical_data_and_mask_block_footprints_then_flushed_on_transition_or_window_exit,trusted_manifest,,http_original,,,,,,,,,,,,,,,,,,,,,,,,,,,,,,,,,,,,,,,,,,,,,,True,,27832003,4194304,10,132,4579,19,155,4193160,4135889,0,155,4,27832003,159,,,,,,,,,,,,,,,,,,,,,,,0,84934656,67108864,10,18878174,2,0,0,12,66075350,75497472,,9438575,27827982,145,2,147,258864,268435456,,288,377416,0,,67108864,256,12,4,,,22.391042000000002,,,2.3938500000000005,0.07242299999999999,,,495.4615329999999,17.256414,0.035074,463.47757700000005,,,0.42555000000000004,0.0,,519.430095,0.02054,,,,,,,,,,,,,,,,,,,,,,,,,,,,,,,,,,,,,,,,,,,,,,,,,,,,,,27832003,159,native_grid_planar_fractional,True,1,519.9922110000443,private-reference/16750692d4846004/00072.json.gz,27832003,True,155,4,27832003,159,159,4211,0.10068099999216429,78ea1b1d7c574d80aac7cf2fe459d522f8702c4e987f34f246a9977617de8717,27830980,skarve_normalized_f64_v1,18.88554900000372,379398680150,,True,597.1328800000038,private-reference/86676ec15e16564d/00072.json.gz,5709811033dde5432a3fa47b219d807be902e5e4e61c07fefac08f2394c4851c,1
73,real-age36-C-0-local-native-rsi64,real-age36,C,local,0,native-rsi64,cogband128,303.73131099997863,418.07040000003326,0.35643964499999997,0.41739199999999954,108183552,2147483648,native,36,real-age36|C|local,0.5327619999775379,380385440981,18.738095999992765,323.1937439999797,null,True,28148818,real-age36|C|0,0,,,87056,36,56,0.0025239999999999998,65536,0.43443600000000004,0,37158912,67108864,0,0,0,0.3260799999999999,37273544,33030144,0.017798000000000005,375136,1,1,c680b21de60ba6c59d80ceb55e3318e747caa46387748ca725d558b2127b301d,64,0.003365,,,,,,,272.75462999999996,0.023991000000000002,,,,,,,0,0,0,0,0,0,0,294.415078,5.867821000000001,0,0.006371,2,0.000722,201879832,,2016,2831184,239.64045600000003,2.855132000000001,2,18.894122000000003,0.057386999999999994,53280,0,0,0,0,0,0,0,,,,,,,,,,,,,,,,,,,,,,,,,,,,,,,,,,,,,,,,,,,,,,,,,,,,,,,,,,,,,,,,,,,,,,,,,,,,,,,,,,,,,,,,,,,,,0.003105,2,0,0,,,,,,,,,,,,,,,,,,,,,,,,,,,,,72,72,,,,,,,,,,,,,,,,,,,0,,,,,,,,,,,,,,,,,,,0.511046,0,0.0,0,56,,,,,,,,,,,,,,,,,,,,,,,,,,,,,index64,0,0,native_grid_planar_fractional,True,2,295.5413469999826,private-reference/ffda4694f3a70398/00073.json.gz,0,True,0,0,0,0,0,4175,0.09416000000328495,780a6c2345077f08330b1cda863d7d67a9083da4d58afbad480fce62deb92723,27889906,skarve_normalized_f64_v1,8.092067999996289,380081709590,,True,356.7640090000168,private-reference/9fa2df49c590c464/00073.json.gz,914eea0ba20196e423a53700155e60aceb67e80b8d80b90a8ad7f24889bc0f6e,1
74,analytical40-1025x1031-C-0-http0-native-cog,analytical40-1025x1031,C,http0,0,native-cog,cog128,2022.1590419999984,2151.544745000024,2.048852812,2.118983,168153088,2147483648,native,40,analytical40-1025x1031|C|http0,2.8207259999817325,382546599535,19.529403999968054,2044.7075280000035,null,True,42018905,analytical40-1025x1031|C|0,0.0008619999789516442,,,,,,,,,,,,,,,,,,,,,,,,,,,,,,,,,,,,,,,,,,,,,,,,,,,,,,,,,,,,,,,,,,,,,16777216,,0,1.073751,40,64,0,,0,shared_only_for_identical_data_and_mask_block_footprints_then_flushed_on_transition_or_window_exit,trusted_manifest,,http_original,,,,,,,,,,,,,,,,,,,,,,,,,,,,,,,,,,,,,,,,,,,,,,True,,41524206,4194304,13,37,124546667,115,40,4061511,4061511,0,40,4,41524206,44,,,,,,,,,,,,,,,,,,,,,,,0,377487360,67108864,11,313277827,53,0,0,64,64308029,335544320,,6489271,41516554,33,2,35,626880,268435456,,1280,418896,0,,67108864,256,64,16,,,79.038238,,,1.8167679999999997,0.148251,,,1920.3538120000005,64.107561,0.147069,1741.3783640000004,,,0.621193,0.0,,2001.8366420000002,0.022017,,,,,,,,,,,,,,,,,,,,,,,,,,,,,,,,,,,,,,,,,,,,,,,,,,,,,,41524206,44,native_grid_planar_fractional,True,1,2002.4224229999845,private-reference/7b87e4d860f45731/00074.json.gz,41524206,True,40,4,41524206,44,44,4423,0.12267799996834583,96e4df19c2690d62cddac1e7d828f44054cd2c0dff19c8c2f63690a5c5df9d0e,42018905,skarve_normalized_f64_v1,19.608773000015844,380524440042,,True,2080.8949799999823,private-reference/62df108f6bb7729e/00074.json.gz,f7e710de833dbb308d5e6e9ecf9c4b4cc69f6c89585839dc2388633f8e22e8ae,1
75,analytical40-1025x1031-D-1-local-native-skv-summary,analytical40-1025x1031,D,local,1,native-skv-summary,skv,622.460923999995,741.4534389999972,0.677589764,0.7400389999999959,127148032,2147483648,native,40,analytical40-1025x1031|D|local,0.3146409999885691,383331633066,21.10617599998932,644.0807779999886,null,True,24731327,analytical40-1025x1031|D|1,0.0006810000172663422,,,1663296,320,51,0.001102,32768,3.0581389999999997,0,284083200,67108864,37,0,0,1.6962119999999992,65907890,252518400,0.02247600000000001,1799632,0,8,10b73ba3c4f77670ec8a26cf62bfd6c31fe3b17dcf8b0b163b7a9af5a8d178cd,67,0.001061,,,,,,,281.24756699999995,0.045806999999999994,,,,,,,0,0,0,0,0,0,0,619.465373,50.805327,0,0.02647399999999999,8,0.00033099999999999997,332017340,,51,42870800,209.44957700000006,18.022496999999998,1,330.646133,0.277991,373560,0,0,0,0,0,0,0,,,,,,,,,,,,,,,,,,,,,,,,,,,,,,,,,,,,,,,,,,,,,,,,,,,,,,,,,,,,,,,,,,,,,,,,,,,,,,,,,,,,,,,,,,,,,0.005108,1,0,74,,,,,,,,,,,,,,,,,,,,,,,,,,,,,58,74,,,,,,,,,,,,,,,,,,,0,,,,,,,,,,,,,,,,,,,0.05378,0,0.0,0,51,,,,,,,,,,,,,,,,,,,,,,,,,,,,,summary,0,0,native_grid_planar_fractional,True,1,621.414915999992,private-reference/7b7fed31a2d09c13/00075.json.gz,0,True,0,0,0,0,0,32804,0.5479860000150438,365f94acb67595ceff5b6f6e9b8b49e3e1f3374adb31b96e3eab040965552af1,24731327,skarve_normalized_f64_v1,0.49461700001529607,382709171981,,True,678.0072310000378,private-reference/76573fbcd9393d69/00075.json.gz,03a17369c29eeba594f2bd2ac224af25deeddded22a3caacce6e88a8e8140cef,8
76,real-age36-C-0-local-natural-ee,real-age36,C,local,0,natural-ee,cog128,232.91605700001128,424.44660400002476,0.343504223,0.42377900000000324,167546880,2147483648,upstream,36,real-age36|C|local,1.1284450000061952,383761831735,,235.61013800002684,null,True,21326870,real-age36|C|0,,,,,,,,,,,,,,,,,,,,,,,,,,,,,,,,,,,,,,,,,,,,,,,,,,,,,,,,,,,,,,,,,,,,,,,,,,,,,,,,,,,,,,,,,,,,,,,,,,,,,,,,,,,,,,,,,,,,,,,,,,,,,,,,,,,,,,,,,,,,,,,,,,,,,,,,,,,,,,,,,,,,,,,,,,,,,,,,,,,,,,,,,,,,,,,,,,,,,,,,,,,,,,,,,,,,,,,,,,,,,,,,,,,,,,,,,,,,,,,,,,,,,,,,,,,,,,,,,,,,,,,,,,feature-sequential,,,exactextract_fractional_v030,True,,225.58015499998874,private-reference/4e972a358b254804/00076.json.gz,0,True,0,0,0,0,0,4178,0.17559700000902012,3c0c6ef35d1902920a9365f7c441613a6af9bfb441a6e8a82e63ea7f292f8b8f,21326870,,7.154877000004944,383528915047,,True,343.70931600000176,private-reference/d5e38eff0e675f96/00076.json.gz,7eb75e7b378bb9374d8c1f5ff15982ab112b075edcc81f64a3fc4bf77ccf3da6,1
77,analytical36-A-1-http0-native-rsi64,analytical36,A,http0,1,native-rsi64,cogband128,45.440335999956005,167.4085159999663,0.09925911199999998,0.15771500000000316,74018816,2147483648,native,1,analytical36|A|http0,0.642283999980009,383971301219,26.50032700000793,72.86484200000132,null,True,6454230,analytical36|A|1,2.318983999998636,,,,,,,,,,,,,,,,,,,,,,,,,65184,1,0,0,1032192,28,,,,,,,,,,,,,,,,,,,,,,,True,,,,,,,,,,,,,,,,16777216,,0,1.6053199999999999,1,28,0,,0,shared_only_for_identical_data_and_mask_block_footprints_then_flushed_on_transition_or_window_exit,trusted_manifest,,http_original,,,,,,,,,,,,,,,,,,,,,,,,,,,,,,,,,,,,,,,,,,,,,,True,,134987,4194304,13,0,172627,35,21,137675,137675,0,21,5,134987,26,,,,,,,,,,,,,,,,,,,,,,,,,,,,,,,,,,,,,,,,,,,,,,,,,,,,,,,,,,0.0006810000000000001,0.449198,,,,,19.374520999999998,exclusive partition of this query call; source post-validation is in remaining execution; FFI envelope and transport subspans are not added to this partition,,,0.497747,20.322146999999998,,,"""52db90103ed0ca41326a525e2aa9b42772a87dfb269cba5a3593928d8d8c127c""",,http,130720,0,0,0,0,0,2,0,0,0,2,3,130720,5,,,,,,,65184,,,,,,28,5502017,64,True,0,36,False,1,146176,1,False,1,84859,28,134217728,0,0,35,36,65536,,36,index64,134987,26,native_grid_planar_fractional,True,1,20.771394999997028,private-reference/5fe91b27c2364199/00077.json.gz,265707,True,23,8,265707,31,31,142,0.06099200004427985,2396f5f00370dce99e7cb635589e0cea5188c4efa1d3b49f8b67a31975ca64dc,6142678,skarve_normalized_f64_v1,22.280978999958734,383925860953,,True,108.6168960000009,private-reference/c2b7ba0c59fed75b/00077.json.gz,d859efd84f99286a698ff866add7fc9545d999d0616df95ebafb3f63572aef52,1
78,real-age36-A-1-http0-native-tiff,real-age36,A,http0,1,native-tiff,band256,30.832943000007162,149.44654100003163,0.084383259,0.14326099999999542,75018240,2147483648,native,1,real-age36|A|http0,0.8030170000097314,384142361950,23.589275000006182,55.51157800005058,null,True,27830980,real-age36|A|1,0.0007610000238855719,,,,,,,,,,,,,,,,,,,,,,,,,,,,,,,,,,,,,,,,,,,,,,,,,,,,,,,,,,,,,,,,,,,,,16777216,,0,1.536063,1,4,0,,0,shared_only_for_identical_data_and_mask_block_footprints_then_flushed_on_transition_or_window_exit,trusted_manifest,,http_original,,,,,,,,,,,,,,,,,,,,,,,,,,,,,,,,,,,,,,,,,,,,,,True,,781486,4194304,10,0,4579,19,15,783406,783406,0,15,4,781486,19,,,,,,,,,,,,,,,,,,,,,,,0,2359296,67108864,4,0,0,0,0,4,2362076,2097152,,590135,777465,5,2,7,257088,268435456,,8,14466,0,,67108864,256,4,4,,,0.46749899999999994,,,0.017429,0.074436,,,12.451377,0.459265,0.054481999999999996,11.58798,,,0.480491,0.0,,14.191301999999999,0.020795,,,,,,,,,,,,,,,,,,,,,,,,,,,,,,,,,,,,,,,,,,,,,,,,,,,,,,781486,19,native_grid_planar_fractional,True,1,14.518234999968627,private-reference/8e2266f5df7db7ff/00078.json.gz,781486,True,15,4,781486,19,19,147,0.059399999997822306,9b3de538e6269d30bc4fc33ff1fa2d1806352d652f4413ee5b2984b345d15f82,27830980,skarve_normalized_f64_v1,16.249878999985867,384111529517,,True,90.03315500001463,private-reference/a1abc4f524483370/00078.json.gz,bddca7e4dd515dfc4e4c4c3c01d59e6000e1b3073122ef13835b0a76114b1e30,1
79,analytical36-B-0-http0-natural-ee,analytical36,B,http0,0,natural-ee,cogband128,40.88756400000193,235.3549479999515,0.16036844,0.22957099999999997,93679616,2147483648,upstream,1,analytical36|B|http0,0.17407399997182438,384384444604,,42.58663199999546,null,True,6142678,analytical36|B|0,,,,,,,,,,,,,,,,,,,,,,,,,,,,,,,,,,,,,,,,,,,,,,,,,,,,,,,,,,,,,,,,,,,,,,,,,,,,,,,,,,,,,,,,,,,,,,,,,,,,,,,,,,,,,,,,,,,,,,,,,,,,,,,,,,,,,,,,,,,,,,,,,,,,,,,,,,,,,,,,,,,,,,,,,,,,,,,,,,,,,,,,,,,,,,,,,,,,,,,,,,,,,,,,,,,,,,,,,,,,,,,,,,,,,,,,,,,,,,,,,,,,,,,,,,,,,,,,,,,,,,,,,,raster-sequential,,,exactextract_fractional_v030,True,,24.05493999998498,private-reference/a8d5da1de7ad6b31/00079.json.gz,196608,True,2,1,196608,3,3,1024,0.1257619999819326,d17b82f30332391f8a55e369af156179b5a46795a0c9f9a4ab352319aaa5117a,6142678,,16.702524000038466,384343556268,,True,161.7490959999941,private-reference/1b984ea82b5f3225/00079.json.gz,92b8a76ea23bcb2d31a4f40935763bcd89895c9f2813b96b7f283f3bba3bcb82,8
80,analytical36-D-2-local-native-skv-summary,analytical36,D,local,2,native-skv-summary,skv,247.66815000003817,373.3937240000387,0.307508687,0.3724460000000036,124370944,2147483648,native,36,analytical36|D|local,0.58125100002826,384786696341,25.965014999997038,274.41952099997025,null,True,5770145,analytical36|D|2,0.0005010000450056395,,,1497376,288,18,0.0013930000000000001,32768,1.196329,0,85515264,67108864,4,0,0,0.34224400000000005,64336242,76013568,0.008865,666976,0,8,ffe7a97fa2f07ec5058551e0ed95c80f9c8135d7786b6a5147d2967b095224d8,18,0.0008619999999999999,,,,,,,130.121239,0.043623,,,,,,,0,0,0,0,0,0,0,244.307411,18.568153000000002,0,0.024911999999999993,8,0.00033,330718948,,18,14927508,105.214078,5.530352000000001,1,111.96546000000001,0.283158,139896,0,0,0,0,0,0,0,,,,,,,,,,,,,,,,,,,,,,,,,,,,,,,,,,,,,,,,,,,,,,,,,,,,,,,,,,,,,,,,,,,,,,,,,,,,,,,,,,,,,,,,,,,,,0.004778,1,0,8,,,,,,,,,,,,,,,,,,,,,,,,,,,,,4,8,,,,,,,,,,,,,,,,,,,0,,,,,,,,,,,,,,,,,,,0.044735,0,0.0,0,18,,,,,,,,,,,,,,,,,,,,,,,,,,,,,summary,0,0,native_grid_planar_fractional,True,1,246.67276100001345,private-reference/cc8373de995aebf5/00080.json.gz,0,True,0,0,0,0,0,29879,0.5514000000061969,4c8f72b841b57deaf9bf2c4afcce533e3b74f4c7b7277eaf902887de2273b3e8,5770145,skarve_normalized_f64_v1,0.4389910000099917,384539027379,,True,307.9704390000302,private-reference/ed72b9f3583be801/00080.json.gz,9ed90009f504e32b164ff8c511868a1279b739f8b0fdaacd66c3745389f1c0b0,8
81,real-age36-B-0-local-native-cog,real-age36,B,local,0,native-cog,cogband128,21.48944099997152,131.6105900000366,0.071473219,0.13085000000000235,72376320,2147483648,native,1,real-age36|B|local,0.18032899998843277,384946647420,19.228983000004973,41.109972000015205,null,True,27889906,real-age36|B|0,0.0012929999684274662,,,45576,8,16,0.002005,32768,1.389519,0,2359296,67108864,0,0,0,0.05109299999999999,2370416,2097152,0.002205,656416,0,8,91cbd51efde644c68ee88a85ab00825c523ddea07c3f9b7d5eef8af49e1ceb58,16,0.001212,,,,,,,7.361649000000001,0.039487999999999995,,128,7168,False,128,128,0,0,0,0,0,0,0,12.728681,0.48636700000000005,0,0.004518999999999999,8,0.00031,336298056,,32,466339,5.5407259999999985,0.241864,1,3.730803999999999,0.047616,4338,0,0,0,0,0,0,0,,,,,,,,,,,,,,,,,,,,,,,,,,,,,,,,,,,,,,,,,,,,,,,,,,,,,,,,,,,,,,,,,,,,,,,,,,,,,,,,,,,,,,,,,,,,,0.001794,1,0,0,,,,,,,,,,,,,,,,,,,,,,,,,,,,,0,0,,,,,,,,,,,,,,,,,,,0,,,,,,,,,,,,,,,,,,,0.070266,0,0.005993999999999999,0,16,,,,,,,,,,,,,,,,,,,,,,,,,,,,,,0,0,native_grid_planar_fractional,True,1,13.34598900001538,private-reference/c1188abb8cc37488/00081.json.gz,0,True,0,0,0,0,0,1126,0.04534999999350475,e5be80f35647b04d8164614e8b572f17a141c185e6dbc1b2ec94c2f8a04c4630,27889906,skarve_normalized_f64_v1,8.093271000007007,384925157769,,True,71.82832500001268,private-reference/8aa39021544778ce/00081.json.gz,a966740242bd4a35d29b52c19627c3dc1bf41de4daecd8832d47a6295353af61,8
82,real-age36-D-1-http0-native-rsi256,real-age36,D,http0,1,native-rsi256,cog256,525.1430810000102,646.0647880000465,0.562670478,0.6255069999999918,195596288,2147483648,native,36,real-age36|D|http0,8.075618000020768,385600507270,19.207364999999754,552.6412510000114,null,True,21394928,real-age36|D|1,0,,,667776,288,8,0.002736,65536,0.8472980000000001,0,84934656,67108864,2,0,0,1.600603,61353690,75497472,0.006385,508960,8,8,dbe8074b538a4294b0c061f28d875077d1a3a016859b6176695269a9aaad1cae,4,0.0035780000000000005,,,,,,,347.4128790000001,0.03607,,,,,,,0,0,0,42505656,20,4,24,500.665975,16.022877,0,0.031000999999999983,16,0.000892,202748148,,288,16899840,309.566255,6.966344000000001,2,145.261412,0.39036299999999996,83448,0,0,0,0,0,0,0,,,,,,,,,,,,,,,,,,,,,,,,,,,,,,,,,,,,,,,,,,,,,,,,,,,,,,,,,,,,,,,,,,,,,,,,,,,,,,,,,,,,,,,,,,,,,0.00929,2,0,0,,,,,,,,,,,,,,,,,,,,,,,,,,,,,0,0,,,,,,,,,,,,,,,,,,,0,,,,,,,,,,,,,,,,,,,6.127763,0,0.0,0,8,,,,,,,,,,,,,,,,,,,,,,,,,,,,,index256,42505656,24,native_grid_planar_fractional,True,2,502.92740699995875,private-reference/9e6b4b3619a970fc/00082.json.gz,42644486,True,38,10,42644486,48,48,32464,0.6577170000241495,5d245bafefa7e2c75db0534640a9a4216d266276c251480c4f58b76cec0d89af,21256336,skarve_normalized_f64_v1,21.55317599999762,385075364750,,True,582.677388000036,private-reference/91b087ec252d963d/00082.json.gz,2ea866e427dc5761f3a5567f85e34719c8a5c1a2737ea277a2fbc304d360a22f,8
83,analytical40-1025x1031-D-0-http0-native-skv-summary,analytical40-1025x1031,D,http0,0,native-skv-summary,skv,671.8057410000142,788.7166329999786,0.701693976,0.7632990000000035,133758976,2147483648,native,40,analytical40-1025x1031|D|http0,0.9030819999793493,386424373821,20.994666000035522,693.9102960000127,null,True,24731327,analytical40-1025x1031|D|0,0.0012219999803164683,,,1663296,320,51,0.001494,32768,3.44522,0,284083200,67108864,37,0,0,1.3484879999999997,65907890,252518400,0.029149,1796464,0,8,306c40a2d8671545e1d51db4612ee3740a1a31d9dfa6f66422309f0cd8743037,67,0.001373,,,,,,,336.2176390000001,0.034276,,,,,,,0,0,0,18383783,58,2,60,666.355541,52.82152099999998,0,0.02630099999999999,8,0.00039999999999999996,332014236,,51,42713000,263.889492,17.819692000000003,1,319.84867199999997,0.766835,372960,0,0,0,0,0,0,0,,,,,,,,,,,,,,,,,,,,,,,,,,,,,,,,,,,,,,,,,,,,,,,,,,,,,,,,,,,,,,,,,,,,,,,,,,,,,,,,,,,,,,,,,,,,,0.009521000000000002,1,0,74,,,,,,,,,,,,,,,,,,,,,,,,,,,,,58,74,,,,,,,,,,,,,,,,,,,0,,,,,,,,,,,,,,,,,,,1.246559,0,0.0,0,51,,,,,,,,,,,,,,,,,,,,,,,,,,,,,summary,18383783,60,native_grid_planar_fractional,True,1,668.7579580000147,private-reference/540b0c25d212776a/00083.json.gz,18400167,True,59,2,18400167,61,61,32796,0.6873519999999189,a7389146e4f56e6ee457a9ed39c6f9e8a5faf8be467c066635197793e46d52a4,24731327,skarve_normalized_f64_v1,2.354948999993667,385752567860,,True,726.789803000031,private-reference/e0be4956a71d54e3/00083.json.gz,525867e5f062a0772c5af0bffe2820d73dcc2040a19046b00224fe8f85ae1f4e,8
84,real-age36-A-0-http0-native-cog,real-age36,A,http0,0,native-cog,cogband128,37.47882400000435,151.99782500002357,0.08473597499999999,0.1428629999999984,74326016,2147483648,native,1,real-age36|A|http0,1.0046450000231744,386603914484,21.341695999979038,60.0398299999938,null,True,27889906,real-age36|A|0,0.0007119999736460159,,,,,,,,,,,,,,,,,,,,,,,,,,,,,,,,,,,,,,,,,,,,,,,,,,,,,,,,,,,,,,,,,,,,,16777216,,0,1.174941,1,4,0,,0,shared_only_for_identical_data_and_mask_block_footprints_then_flushed_on_transition_or_window_exit,trusted_manifest,,http_original,,,,,,,,,,,,,,,,,,,,,,,,,,,,,,,,,,,,,,,,,,,,,,True,,785299,4194304,14,0,5551,21,25,788499,788499,0,25,4,785299,29,,,,,,,,,,,,,,,,,,,,,,,0,2359296,67108864,4,0,0,0,0,4,2362076,2097152,,590135,781420,17,2,19,255696,268435456,,8,14466,0,,67108864,256,4,4,,,0.463937,,,0.01799,0.074545,,,21.042755999999997,0.539394,0.04532,19.716059,,,0.608686,0.0,,23.545216,0.022109,,,,,,,,,,,,,,,,,,,,,,,,,,,,,,,,,,,,,,,,,,,,,,,,,,,,,,785299,29,native_grid_planar_fractional,True,1,23.963331000004473,private-reference/422136cd5ba203f0/00084.json.gz,785299,True,25,4,785299,29,29,147,0.07907499997372724,6940c6944641a1780ca8953cc3717b93b8d469d79cc0c9210e4197c0ed319f97,27889906,skarve_normalized_f64_v1,13.42941199999359,386566435660,,True,93.32641999998259,private-reference/50a714e105023c83/00084.json.gz,97eec87dca25d90080c357298f27a509bfec41119ffffb89cc5755e1bf473487,1
85,analytical40-1025x1031-A-0-local-native-cog,analytical40-1025x1031,A,local,0,native-cog,cogband128,43.047610000030545,163.37067800003524,0.10112774400000002,0.16249400000000236,82391040,2147483648,native,1,analytical40-1025x1031|A|local,1.7669229999910385,386785140342,20.898557000009532,65.93781800000897,null,True,26442685,analytical40-1025x1031|A|0,0.0008609999895270448,,,,,,,,,,,,,,,,,,,,,,,,,,,,,,,,,,,,,,,,,,,,,,,,,,,,,,,,,,,,,,,,,,,,,16777216,,0,0.0496,1,16,0,,0,shared_only_for_identical_data_and_mask_block_footprints_then_flushed_on_transition_or_window_exit,trusted_manifest,,local_original,,,,,,,,,,,,,,,,,,,,,,,,,,,,,,,,,,,,,,,,,,,,,,False,,,,,,,,,,,,,,,,,,,,,,,,,,,,,,,,,,,,,,0,9437184,67108864,16,0,0,0,0,16,9448560,8388608,,590151,0,0,0,0,626880,268435456,,32,14466,0,,67108864,256,16,16,,,1.996231,,,0.04890699999999999,0.14481,,,25.445366,1.421438,0.121168,21.594868000000005,,,0.013099,0.0,,27.914812,0.030567,,,,,,,,,,,,,,,,,,,,,,,,,,,,,,,,,,,,,,,,,,,,,,,,,,,,,,,,native_grid_planar_fractional,True,1,28.194120000023304,private-reference/302fa615b321a3ad/00085.json.gz,0,True,0,0,0,0,0,138,0.04124099996261066,3f59ba840b4903208d287a79769eca9f94b99b8f0f86dc5aa31ecb2e9525ce8d,26442685,skarve_normalized_f64_v1,14.80728699999645,386742092602,,True,101.55063999997083,private-reference/2b42b7db5bb24f2f/00085.json.gz,0363f50186a77e370c441d90501ab3b944a38acf2cbd284f8588f800c547e8e9,1
86,analytical40-1025x1031-C-0-local-native-skv-summary,analytical40-1025x1031,C,local,0,native-skv-summary,skv,306.50535799998124,424.0261950000104,0.360083186,0.4230829999999983,125706240,2147483648,native,40,analytical40-1025x1031|C|local,0.9718410000232325,387221047063,19.48660599998675,327.2060199999487,null,True,24731327,analytical40-1025x1031|C|0,0.000622000015937374,,,,,,,,,,,,,,,,,,,,,,,,,,,,,,,,,,,,,,,,,,,,,,,,,,,,,,,,,,,,,,,,,,,,,,False,,,,,,skv,,,,False,,16384,0,0,0,0,0.0,0.0,0,0,0,1120,28,0,41.178258000000056,1120,354320,0,0.0,0.0,4608000,11584,10773236,72,18350080,0.098168,165150720,165251716,0,0,28,18350080,0.057108,32.529452000000006,0,2037,354320,34.14418800000003,65536,91750400,10402532,6.2319960000000005,960,0,source_handle_lifetime,False,,,,,,,,,,,,,,,,,9742336,False,pinned_file_stat,local,,,,,,,,,,,,,,,,,,,,,67108864,,,,,,,64927445,146800640,,,,,,,,,,,,,,,128,28,,,,,0.0,0.0,,,,,,32.529452000000006,,147.00423500000002,,,,0.0,,305.18906499999997,,,,,,,,,,,,,,,,,,,,,,,,,,,2,0,0,0,False,28,147092008,73,,,36,False,,,,,,393242,28,,,,,24,,48,36,summary,,,native_grid_planar_fractional,True,1,305.8274370000049,private-reference/9925a95be3166d78/00086.json.gz,0,True,0,0,0,0,0,4423,0.11149700003443286,96e4df19c2690d62cddac1e7d828f44054cd2c0dff19c8c2f63690a5c5df9d0e,24731327,skarve_normalized_f64_v1,0.5619440000259601,386914542007,,True,360.5849610000291,private-reference/1c321ee4094b21f5/00086.json.gz,1cff2f5a4b5342321e4ea655eff24732917e41855e7d25903e0c323a560e1ebb,1
87,real-age36-A-1-local-native-skv-summary,real-age36,A,local,1,native-skv-summary,skv,9.347418000004382,118.48549299998012,0.060684741,0.11760300000000257,56053760,2147483648,native,1,real-age36|A|local,0.1125690000094437,387362666196,19.313202999967416,28.97423499996421,null,True,28933939,real-age36|A|1,0.0004709999643637275,,,,,,,,,,,,,,,,,,,,,,,,,,,,,,,,,,,,,,,,,,,,,,,,,,,,,,,,,,,,,,,,,,,,,,False,,,,,,skv,,,,False,,16384,0,0,0,0,0.0,0.0,0,0,0,0,0,0,1.999915,12,74160,0,0.0,0.0,192,11584,699404,22,196608,0.085109,1769472,1771380,0,0,12,196608,0.004339999999999999,0.9695459999999999,0,7,74160,0.9747269999999999,65536,983040,608860,0.503011,4,0,source_handle_lifetime,False,,,,,,,,,,,,,,,,,9742336,False,pinned_file_stat,local,,,,,,,,,,,,,,,,,,,,,67108864,,,,,,,1777620,1572864,,,,,,,,,,,,,,,128,12,,,,,0.0,0.0,,,,,,0.9695459999999999,,4.103241,,,,0.0,,8.522162,,,,,,,,,,,,,,,,,,,,,,,,,,,1,0,0,0,False,12,146889793,21,,,4,False,,,,,,162948,12,,,,,4,,4,4,summary,,,native_grid_planar_fractional,True,1,8.85670200000277,private-reference/cce14f6afccb5abc/00087.json.gz,0,True,0,0,0,0,0,147,0.05056200001263278,9b3de538e6269d30bc4fc33ff1fa2d1806352d652f4413ee5b2984b345d15f82,28933939,skarve_normalized_f64_v1,0.43630499999380845,387353318869,,True,61.124847999963094,private-reference/63c04c1f838849e1/00087.json.gz,0ed6164aaaf01587060cee76feda4a3ad7d035819e94777e47031d5de034401e,1
88,analytical40-1025x1031-C-0-local-native-cog,analytical40-1025x1031,C,local,0,native-cog,cogband128,958.7771649999581,1074.8775470000282,1.017555373,1.0738689999999949,149032960,2147483648,native,40,analytical40-1025x1031|C|local,8.030464999990272,388445822016,19.039175999978397,986.044177999986,null,True,26442685,analytical40-1025x1031|C|0,0.0009220000265486306,,,,,,,,,,,,,,,,,,,,,,,,,,,,,,,,,,,,,,,,,,,,,,,,,,,,,,,,,,,,,,,,,,,,,16777216,,0,0.048226000000000005,1,32,0,,0,shared_only_for_identical_data_and_mask_block_footprints_then_flushed_on_transition_or_window_exit,trusted_manifest,,local_original,,,,,,,,,,,,,,,,,,,,,,,,,,,,,,,,,,,,,,,,,,,,,,False,,,,,,,,,,,,,,,,,,,,,,,,,,,,,,,,,,,,,,0,377487360,67108864,5,318572757,27,0,0,32,58994955,335544320,,11798479,0,0,0,0,626880,268435456,,1280,418896,0,,67108864,256,32,16,,,79.52190900000001,,,12.299896,0.142826,,,862.8878770000002,61.846059,0.120837,712.835594,,,0.01367,0.0,,943.3126910000001,0.0316,,,,,,,,,,,,,,,,,,,,,,,,,,,,,,,,,,,,,,,,,,,,,,,,,,,,,,,,native_grid_planar_fractional,True,1,943.9463859999933,private-reference/195157ec01f1c5fe/00088.json.gz,0,True,0,0,0,0,0,4423,0.15602400003444927,96e4df19c2690d62cddac1e7d828f44054cd2c0dff19c8c2f63690a5c5df9d0e,26442685,skarve_normalized_f64_v1,14.669714999968164,387487044761,,True,1018.1046899999728,private-reference/9b0d337ee768535f/00088.json.gz,7eabb57c26bf4aa0a19ad697fc7840b228d8a5f66a6330aa2f0ffc599733d25d,1
89,analytical40-1025x1031-C-0-local-native-rsi256,analytical40-1025x1031,C,local,0,native-rsi256,cogband128,927.7492019999727,1046.4622510000368,0.989227697,1.0457640000000055,149012480,2147483648,native,40,analytical40-1025x1031|C|local,7.6182030000495615,389512437978,22.1047719999774,957.7749179999842,null,True,26638653,analytical40-1025x1031|C|0,0,,,107796,40,24,0.002945,65536,0.576732,0,283115520,67108864,19,0,0,8.931511999999996,58994955,251658240,0.015076999999999998,409312,1,1,c6e555216e5f1beda78a51657d7312b2da1a21ab0b39b088c384ecf4171afd34,16,0.0026449999999999998,,,,,,,684.9098890000001,0.024423,,,,,,,0,0,0,0,0,0,0,910.063148,47.86671699999999,0,0.008145,2,0.0006709999999999999,201914220,,960,28836880,569.6925899999999,20.823412,2,223.24318899999997,0.100426,117760,0,0,0,0,0,0,0,,,,,,,,,,,,,,,,,,,,,,,,,,,,,,,,,,,,,,,,,,,,,,,,,,,,,,,,,,,,,,,,,,,,,,,,,,,,,,,,,,,,,,,,,,,,,0.005339,2,0,0,,,,,,,,,,,,,,,,,,,,,,,,,,,,,8,8,,,,,,,,,,,,,,,,,,,0,,,,,,,,,,,,,,,,,,,0.5758300000000001,0,0.0,0,24,,,,,,,,,,,,,,,,,,,,,,,,,,,,,index256,0,0,native_grid_planar_fractional,True,2,911.0986530000105,private-reference/a3d6888dd5cdb8bb/00089.json.gz,0,True,0,0,0,0,0,4423,0.14898099999527403,96e4df19c2690d62cddac1e7d828f44054cd2c0dff19c8c2f63690a5c5df9d0e,26442685,skarve_normalized_f64_v1,16.497469999990244,388584688816,,True,989.5098970000049,private-reference/afb60d2ead8139dd/00089.json.gz,ac2de454779d80bb0da4a832a81b2964d2e554e7a03ccd4b348ef2dd2e868736,1
90,worldpop1-B-1-local-native-rsi64,worldpop1,B,local,1,native-rsi64,cogband128,50.56550500000867,159.6259490000307,0.101008548,0.1589609999999979,75657216,2147483648,native,1,worldpop1|B|local,0.3563949999829674,389697716176,18.902331999981925,70.02596600000288,null,True,20322025,worldpop1|B|1,0,,,45576,8,127,0.002704,32768,4.9036539999999995,0,4681728,67108864,0,0,0,0.1711610000000001,4769993,4161536,0.0073820000000000005,3446656,0,8,bb78a7ba5140f35e9abc4d0ee01d768d06c86d152a6c8a1d1ad6768bb44dbc55,289,0.001443,,,,,,,33.026721999999985,0.038748000000000005,,,,,,,0,0,0,0,0,0,0,41.881561999999995,1.0321150000000001,0,0.004808000000000001,8,0.00043099999999999996,204864736,,254,248500,27.67982799999999,0.7512580000000001,1,1.4780800000000007,0.06453300000000001,7705,0,0,0,0,0,0,0,,,,,,,,,,,,,,,,,,,,,,,,,,,,,,,,,,,,,,,,,,,,,,,,,,,,,,,,,,,,,,,,,,,,,,,,,,,,,,,,,,,,,,,,,,,,,0.001313,1,0,0,,,,,,,,,,,,,,,,,,,,,,,,,,,,,429,225,,,,,,,,,,,,,,,,,,,0,,,,,,,,,,,,,,,,,,,0.203526,0,0.0,0,127,,,,,,,,,,,,,,,,,,,,,,,,,,,,,index64,0,0,native_grid_planar_fractional,True,1,42.8038600000491,private-reference/47f2faf8c154bced/00090.json.gz,0,True,0,0,0,0,0,1252,0.06445300004997989,79dbde3afe02fa0d6e9c2b3d91f1fb6242b60b501526a087660dbfa96451303f,18648801,skarve_normalized_f64_v1,7.690210000021125,389647150220,,True,101.32254500001636,private-reference/07116d4b26c3847b/00090.json.gz,d6427f2beaf6c296b5c89a0fce712cd653a9b7ec62fd0247df206eda74555080,8
91,analytical40-1025x1031-C-1-http0-native-skv-summary,analytical40-1025x1031,C,http0,1,native-skv-summary,skv,335.4158859999643,448.3239909999952,0.375486119,0.43568799999999896,133128192,2147483648,native,40,analytical40-1025x1031|C|http0,0.6573109999976623,390161275906,19.094561999963844,355.3694629999882,null,True,24731327,analytical40-1025x1031|C|1,0.006260000020574807,,,,,,,,,,,,,,,,,,,,,,,,,,,,,,,,,,,,,,,,,,,,,,,,,,,,,,,,,,,,,,,,,,,,,,True,,,,,,skv,,,,False,,16384,7,9,747036,5202490,14.364609999999999,2.3322990000000003,7,7,8388608,1120,28,0,39.687487000000004,1120,527360,56,0.0,0.0,4608000,11584,16148766,44,18350080,0.119659,165150720,165251716,0,0,28,18350080,0.083814,31.556824999999993,0,2632,527360,32.28166700000002,65536,91750400,10402532,47.522189000000004,960,0,source_handle_lifetime,False,,,10946276,4194304,14,20,5202490,14,29,4163203,4163203,0,30,2,10946276,32,9742336,False,strong_etag_conditional_ranges,http,10946276,4194304,14,20,5202490,14,29,4163203,4163203,0,30,2,10946276,32,,,,,,,67108864,,,,,,,64927445,146800640,,,,,,,,,,,,,,,128,28,,,,,0.134314,16.709684000000003,,,,,,31.556824999999993,,145.28912199999996,,,,0.0,,331.218794,,,,,,,,,,,,,,,,,,,,,,,,,,,2,9,729088,2,True,28,147092008,73,,,36,False,,,,,,398203,28,,,,,24,,48,36,summary,10946276,32,native_grid_planar_fractional,True,1,332.09743899999467,private-reference/a4ec5e1be0f16220/00091.json.gz,10946276,True,30,2,10946276,32,32,4415,0.10453300001245225,f799effb4e1b125bfdbf5c1f92cca3183010ea1d50e09b9a30517254f539ca7d,24731327,skarve_normalized_f64_v1,3.199999999992542,389825860191,,True,387.811121000027,private-reference/7814cadc9b396f6f/00091.json.gz,15ac2ff83aef44d3cfad650642f4fa304360e8195eb1e7f12826ac1605f57f7c,1
92,worldpop1-A-2-local-native-rsi64,worldpop1,A,local,2,native-rsi64,cogband128,24.720627000021977,137.59878299998718,0.079647953,0.13664400000000398,69222400,2147483648,native,1,worldpop1|A|local,0.17382400000087728,390332344615,23.72871000000032,49.25720299996783,null,True,20322025,worldpop1|A|2,0.3432620000012321,,,,,,,,,,,,,,,,,,,,,,,,,3456,48,0,0,2359296,64,,,,,,,,,,,,,,,,,,,,,,,True,,,,,,,,,,,,,,,,16777216,,0,0.083697,1,64,0,,0,shared_only_for_identical_data_and_mask_block_footprints_then_flushed_on_transition_or_window_exit,trusted_manifest,,local_original,,,,,,,,,,,,,,,,,,,,,,,,,,,,,,,,,,,,,,,,,,,,,,False,,,,,,,,,,,,,,,,,,,,,,,,,,,,,,,,,,,,,,,,,,,,,,,,,,,,,,,,,,,,,,,,,,,,,,,,,0.000351,0.00585,,,,,16.113499000000004,exclusive partition of this query call; source post-validation is in remaining execution; FFI envelope and transport subspans are not added to this partition,,,0.012071,16.131771,,,,2096:708384:1673224:1789305417:881534163:1789305417:881534163,local,,,,,,,,,,,,,,,,,,,,,0,,,,,,64,1242177,255,True,0,225,False,9,1673224,1,False,0,65442,64,134217728,0,0,0,48,0,,225,index64,,,native_grid_planar_fractional,True,1,16.499314999975923,private-reference/d7088086a22178d5/00092.json.gz,0,True,0,0,0,0,0,159,0.039488999959758075,6b7c811950dafd49b0dace02d8ad09319150a5be646200d1e519d5ed02b8ce8d,18648801,skarve_normalized_f64_v1,7.832191000034072,390307628606,,True,80.12937699999156,private-reference/02475816978ecea6/00092.json.gz,ba92de6f9955e1a4be68c64d613f50ccb1516de3eaf104729d39c65fb6560a13,1
93,analytical36-D-2-local-natural-ee,analytical36,D,local,2,natural-ee,cogband128,366.0691009999937,558.4624520000148,0.475634919,0.5579869999999971,184123392,2147483648,upstream,36,analytical36|D|local,1.6378590000272197,390876607947,,369.289010999978,null,True,6142678,analytical36|D|2,,,,,,,,,,,,,,,,,,,,,,,,,,,,,,,,,,,,,,,,,,,,,,,,,,,,,,,,,,,,,,,,,,,,,,,,,,,,,,,,,,,,,,,,,,,,,,,,,,,,,,,,,,,,,,,,,,,,,,,,,,,,,,,,,,,,,,,,,,,,,,,,,,,,,,,,,,,,,,,,,,,,,,,,,,,,,,,,,,,,,,,,,,,,,,,,,,,,,,,,,,,,,,,,,,,,,,,,,,,,,,,,,,,,,,,,,,,,,,,,,,,,,,,,,,,,,,,,,,,,,,,,,,raster-sequential,,,exactextract_fractional_v030,True,,351.6049919999773,private-reference/91e7fb23b96fb5cd/00093.json.gz,0,True,0,0,0,0,0,29909,0.5458460000227205,d907a547c5ca03c1053229a5dd349429f62b8bbc78cc3a4a3d8c7bb2510efb36,6142678,,13.913683999987825,390510538856,,True,475.76092700001027,private-reference/3a34081a1f0f0176/00093.json.gz,cad83bec50205a2c502f8aa04e47317b77637dc5449c05f13d0f79fc948fd984,8
94,worldpop1-A-2-local-natural-ee,worldpop1,A,local,2,natural-ee,cogband128,40.94041500002277,233.25452200003838,0.15807935,0.23252899999999244,89276416,2147483648,upstream,1,worldpop1|A|local,0.42863999999553926,391140715665,,43.00000099999579,null,True,18648801,worldpop1|A|2,,,,,,,,,,,,,,,,,,,,,,,,,,,,,,,,,,,,,,,,,,,,,,,,,,,,,,,,,,,,,,,,,,,,,,,,,,,,,,,,,,,,,,,,,,,,,,,,,,,,,,,,,,,,,,,,,,,,,,,,,,,,,,,,,,,,,,,,,,,,,,,,,,,,,,,,,,,,,,,,,,,,,,,,,,,,,,,,,,,,,,,,,,,,,,,,,,,,,,,,,,,,,,,,,,,,,,,,,,,,,,,,,,,,,,,,,,,,,,,,,,,,,,,,,,,,,,,,,,,,,,,,,,feature-sequential,,,exactextract_fractional_v030,True,,33.48324799998181,private-reference/1bf579b9caba1b21/00094.json.gz,0,True,0,0,0,0,0,161,0.05663900003582967,382b88ae3b6d9d964ba9309e4bb8a7302c07c9b059acd0374ce07d7295c2a074,18648801,,7.397593000007419,391099775210,,True,158.25753699999723,private-reference/32c8d9012b681981/00094.json.gz,b8f675182de5ccc7b5a3da6a3b331105bc11ca6210c3f0c1399f4084f78540a6,1
95,analytical40-1025x1031-B-0-local-native-rsi256,analytical40-1025x1031,B,local,0,native-rsi256,cogband128,57.436799000015526,172.97622600000295,0.116341364,0.1725760000000065,82694144,2147483648,native,1,analytical40-1025x1031|B|local,1.1817289999953573,391351372267,23.50727900000038,82.45743799994898,null,True,26638653,analytical40-1025x1031|B|0,0,,,45576,8,18,0.0017430000000000002,32768,1.826558,0,9469440,67108864,0,0,0,0.07787200000000001,9482238,8417280,0.003818,1250704,0,8,ef6b09bc67fd03a2bdf45c1df0a3bc4c119631f3320f22b881ed2a41b7eda9d6,18,0.001022,,,,,,,26.572796999999998,0.038006000000000005,,,,,,,0,0,0,0,0,0,0,41.534506,1.6007319999999998,0,0.004105999999999999,8,0.000321,202668388,,36,1755953,22.135139,0.5314819999999999,1,12.707559,0.037967,7874,0,0,0,0,0,0,0,,,,,,,,,,,,,,,,,,,,,,,,,,,,,,,,,,,,,,,,,,,,,,,,,,,,,,,,,,,,,,,,,,,,,,,,,,,,,,,,,,,,,,,,,,,,,0.001232,1,0,0,,,,,,,,,,,,,,,,,,,,,,,,,,,,,4,4,,,,,,,,,,,,,,,,,,,0,,,,,,,,,,,,,,,,,,,0.17093899999999998,0,0.0,0,18,,,,,,,,,,,,,,,,,,,,,,,,,,,,,index256,0,0,native_grid_planar_fractional,True,1,42.125771999963035,private-reference/3c14f0016407c891/00095.json.gz,0,True,0,0,0,0,0,1045,0.04798399999117464,e385de722110847164317a15def49987a963ed2c14cbed05e1ad8a49c4ea6240,26442685,skarve_normalized_f64_v1,15.25840499999731,391293936430,,True,116.37004799996475,private-reference/0752116a5b8cc19e/00095.json.gz,7c227e588bc18c0f7f4f98c15c96605d6d65a10f7ef8dcdab524300966145d5c,8
96,real-age36-D-0-http0-native-skv-raw,real-age36,D,http0,0,native-skv-raw,skv,347.44143199998234,460.1564929999995,0.380047068,0.43321399999999954,134746112,2147483648,native,36,real-age36|D|http0,8.746578000000227,391824689164,19.281098000021757,375.6812480000349,null,True,28933939,real-age36|D|0,0.0008920000027501374,,,1497376,288,16,0.001673,32768,1.174176,0,84934656,67108864,4,0,0,0.29328699999999996,63740916,75497472,0.008414999999999999,656416,0,8,91cbd51efde644c68ee88a85ab00825c523ddea07c3f9b7d5eef8af49e1ceb58,16,0.001402,,,,,,,220.91351600000002,0.039650000000000005,,128,7168,False,128,128,0,0,0,28917555,18,2,20,343.050454,17.824700000000004,0,0.02585499999999999,8,0.000351,330715356,,16,16788204,195.94666999999998,6.7386099999999995,1,118.761781,0.333524,156168,0,0,0,0,0,0,0,,,,,,,,,,,,,,,,,,,,,,,,,,,,,,,,,,,,,,,,,,,,,,,,,,,,,,,,,,,,,,,,,,,,,,,,,,,,,,,,,,,,,,,,,,,,,0.009156000000000001,1,0,0,,,,,,,,,,,,,,,,,,,,,,,,,,,,,0,0,,,,,,,,,,,,,,,,,,,0,,,,,,,,,,,,,,,,,,,1.420037,0,0.006642,0,16,,,,,,,,,,,,,,,,,,,,,,,,,,,,,raw,28917555,20,native_grid_planar_fractional,True,1,344.9327689999677,private-reference/835fbb01696b4c90/00096.json.gz,28933939,True,19,2,28933939,21,21,32474,0.5145099999595004,81a155a3efe7badd5a4091ef7d3ea40f66e3dbbe3034ddd6189be08afcdfdce8,28933939,skarve_normalized_f64_v1,1.9907469999793648,391477247792,,True,406.6317550000349,private-reference/3c1102420b217380/00096.json.gz,691578e3822295893cd40cf28b29137fa650ba0845d0b16932cb46caba53c273,8
97,real-age36-C-2-local-native-skv-summary,real-age36,C,local,2,native-skv-summary,skv,157.91861400003881,274.1498220000267,0.216208585,0.27364800000000145,119488512,2147483648,native,36,real-age36|C|local,3.341897999973753,392127741439,20.612615999993977,182.0944460000078,null,True,28933939,real-age36|C|2,0.0006409999855350179,,,,,,,,,,,,,,,,,,,,,,,,,,,,,,,,,,,,,,,,,,,,,,,,,,,,,,,,,,,,,,,,,,,,,,False,,,,,,skv,,,,False,,16384,0,0,0,0,0.0,0.0,0,0,0,432,12,0,41.55967400000002,432,74160,0,0.0,0.0,248832,11584,21917018,22,7077888,0.081863,63700992,63733140,0,0,12,7077888,0.011511999999999998,13.490903000000001,0,567,74160,12.739103000000002,65536,35389440,21826474,13.404240000000001,144,0,source_handle_lifetime,False,,,,,,,,,,,,,,,,,9742336,False,pinned_file_stat,local,,,,,,,,,,,,,,,,,,,,,67108864,,,,,,,63740916,56623104,,,,,,,,,,,,,,,128,12,,,,,0.0,0.0,,,,,,13.490903000000001,,101.35575899999999,,,,0.0,,156.80616799999999,,,,,,,,,,,,,,,,,,,,,,,,,,,2,0,0,0,False,12,147071268,21,,,4,False,,,,,,166306,12,,,,,4,,8,4,summary,,,native_grid_planar_fractional,True,1,157.370243999992,private-reference/66f3f819fc8612e9/00097.json.gz,0,True,0,0,0,0,0,4211,0.10528500001782959,78ea1b1d7c574d80aac7cf2fe459d522f8702c4e987f34f246a9977617de8717,28933939,skarve_normalized_f64_v1,0.43879800000468094,391969823065,,True,216.2783109999964,private-reference/7d95253e1fc9e2cd/00097.json.gz,6b05e0e4c5d6ee6f943f9fbbe121bcb0bc2a72c4bd05da88442295199236a265,1
98,analytical36-A-1-http0-native-skv-summary,analytical36,A,http0,1,native-skv-summary,skv,19.20552699999689,127.50366599999552,0.06615400999999999,0.12205000000000155,57712640,2147483648,native,1,analytical36|A|http0,0.3564479999909054,392281021336,19.86893400004419,39.645565000000715,null,True,5770145,analytical36|A|1,0.000982000017302198,,,,,,,,,,,,,,,,,,,,,,,,,,,,,,,,,,,,,,,,,,,,,,,,,,,,,,,,,,,,,,,,,,,,,,True,,,,,,skv,,,,False,,16384,0,5,0,0,0.0,1.9314440000000004,0,0,0,0,0,0,0.6738409999999999,12,131840,14,0.0,0.0,192,11584,261805,15,196608,0.081112,1769472,1771572,0,0,12,196608,0.007863,0.39560100000000004,0,20,131840,0.651331,65536,983040,113581,11.052558,4,0,source_handle_lifetime,False,,,261805,4194304,0,0,0,0,14,247213,247213,0,15,2,261805,17,9742336,False,strong_etag_conditional_ranges,http,261805,4194304,0,0,0,0,14,247213,247213,0,15,2,261805,17,,,,,,,67108864,,,,,,,1777812,1572864,,,,,,,,,,,,,,,128,12,,,,,0.025763999999999995,1.9338680000000001,,,,,,0.39560100000000004,,10.100083,,,,0.0,,17.150265,,,,,,,,,,,,,,,,,,,,,,,,,,,1,5,710656,2,True,12,146889793,25,,,4,False,,,,,,166779,12,,,,,4,,4,4,summary,261805,17,native_grid_planar_fractional,True,1,17.45035099997949,private-reference/2bde395af6d1f8e9/00098.json.gz,261805,True,15,2,261805,17,17,142,0.043476000030295836,2396f5f00370dce99e7cb635589e0cea5188c4efa1d3b49f8b67a31975ca64dc,5770145,skarve_normalized_f64_v1,1.7065709999997125,392261815559,,True,71.25982299999123,private-reference/2f6ba06818089065/00098.json.gz,09d2d5396744898f544d6fbe06e0532e4400939062cb2c36c403a80405111e5c,1
99,analytical40-1025x1031-D-2-local-native-rsi64,analytical40-1025x1031,D,local,2,native-rsi64,cogband128,1240.1065910000284,1362.7889609999784,1.2944481799999998,1.3615080000000006,143888384,2147483648,native,40,analytical40-1025x1031|D|local,2.178688000014972,393655335609,20.303603000002113,1262.8016159999902,null,True,27254333,analytical40-1025x1031|D|2,0,,,833696,320,234,0.003107,65536,4.322624,0,165957120,67108864,139,0,0,3.251310999999999,66996945,147517440,0.10785499999999995,3236896,8,8,e6d5ce6757f597b4aaeb2c0c68bca5303ef231a3ccc31db62e9d9c5875e79137,261,0.0028659999999999996,,,,,,,1056.4926279999997,0.037747,,,,,,,0,0,0,0,0,0,0,1219.7375299999999,26.454437000000006,0,0.03190499999999999,16,0.000802,205477016,,9360,19544200,943.9846319999996,12.898724000000009,2,145.33475399999998,0.371162,367320,0,0,0,0,0,0,0,,,,,,,,,,,,,,,,,,,,,,,,,,,,,,,,,,,,,,,,,,,,,,,,,,,,,,,,,,,,,,,,,,,,,,,,,,,,,,,,,,,,,,,,,,,,,0.006875999999999999,2,0,0,,,,,,,,,,,,,,,,,,,,,,,,,,,,,748,398,,,,,,,,,,,,,,,,,,,0,,,,,,,,,,,,,,,,,,,0.6288199999999999,0,0.0,0,234,,,,,,,,,,,,,,,,,,,,,,,,,,,,,index64,0,0,native_grid_planar_fractional,True,2,1222.8075560000207,private-reference/ac6263bf5e302d15/00099.json.gz,0,True,0,0,0,0,0,32004,0.6013189999976021,fe4788941186043b47c3c938b8e03aec929f13596245599f1e8a159efe982361,26442685,skarve_normalized_f64_v1,16.691312000034486,392415228165,,True,1295.1695209999912,private-reference/f4c579a99ec10336/00099.json.gz,bab6daeb4916f37c1b3fb59b646f8724667e6004a112181ff5a425e7416d962f,8
100,analytical36-D-1-local-native-skv-summary,analytical36,D,local,1,native-skv-summary,skv,234.11493600002586,361.9433629999662,0.28958638400000003,0.36091899999999555,124424192,2147483648,native,36,analytical36|D|local,0.7137650000004214,394036764076,22.982314999978826,258.0713719999608,null,True,5770145,analytical36|D|1,0.0006419999749596172,,,1497376,288,18,0.0019060000000000001,32768,1.6571059999999997,0,85515264,67108864,4,0,0,0.34959799999999996,64336242,76013568,0.010629999999999997,660976,0,8,55fae16001e91e77d565559d82f70bd8f181df86ff6de7de5fa0cf640b046bde,18,0.0012330000000000002,,,,,,,114.23104000000001,0.061637000000000004,,,,,,,0,0,0,0,0,0,0,230.697095,17.969407999999994,0,0.025803,8,0.00042100000000000004,330712868,,18,14822568,88.517255,6.778797000000001,1,112.960933,0.6422680000000001,138960,0,0,0,0,0,0,0,,,,,,,,,,,,,,,,,,,,,,,,,,,,,,,,,,,,,,,,,,,,,,,,,,,,,,,,,,,,,,,,,,,,,,,,,,,,,,,,,,,,,,,,,,,,,0.005284,1,0,8,,,,,,,,,,,,,,,,,,,,,,,,,,,,,4,8,,,,,,,,,,,,,,,,,,,0,,,,,,,,,,,,,,,,,,,0.044932,0,0.0,0,18,,,,,,,,,,,,,,,,,,,,,,,,,,,,,summary,0,0,native_grid_planar_fractional,True,1,233.12723999998752,private-reference/7697858a1d953e43/00100.json.gz,0,True,0,0,0,0,0,28867,0.5265769999596159,59b57f77bcbfc3eeb1e510375e2bb4e8862f43dfc1abc1a2806921a6fa4d3ee3,5770145,skarve_normalized_f64_v1,0.45623600004773834,393802648428,,True,290.16071799998144,private-reference/5d799b0329be5b67/00100.json.gz,e08fc241ff694a73fa61f65e83f61abbd4fe6c63417e0dda4d5a7ba3a067d67e,8
101,real-age36-D-0-http0-natural-ee,real-age36,D,http0,0,natural-ee,cog256,365.0369590000082,574.588107000011,0.4794610690000001,0.566988000000002,207990784,2147483648,upstream,36,real-age36|D|http0,1.1680849999606835,394613225616,,368.3440410000003,null,True,21256336,real-age36|D|0,,,,,,,,,,,,,,,,,,,,,,,,,,,,,,,,,,,,,,,,,,,,,,,,,,,,,,,,,,,,,,,,,,,,,,,,,,,,,,,,,,,,,,,,,,,,,,,,,,,,,,,,,,,,,,,,,,,,,,,,,,,,,,,,,,,,,,,,,,,,,,,,,,,,,,,,,,,,,,,,,,,,,,,,,,,,,,,,,,,,,,,,,,,,,,,,,,,,,,,,,,,,,,,,,,,,,,,,,,,,,,,,,,,,,,,,,,,,,,,,,,,,,,,,,,,,,,,,,,,,,,,,,,raster-sequential,,,exactextract_fractional_v030,True,,354.5388209999487,private-reference/e2f8632e940d169e/00101.json.gz,21256336,True,5,1,21256336,6,6,31962,0.5277700000192453,f86d32e1655a2779231e9821b5cf4ca4c73724d90befa3b18b76b5e4ada88330,21256336,,9.966938999980357,394248189278,,True,486.63820299998406,private-reference/be5bfab14f933c5f/00101.json.gz,b5501adb33833750e4778853203e3b7fc4d2568d389996c6a2b6fb750829549e,8
102,real-age36-C-0-local-native-rsi256,real-age36,C,local,0,native-rsi256,cogband128,303.6294700000326,429.35499100002517,0.36643640099999997,0.4281620000000075,150310912,2147483648,native,36,real-age36|C|local,7.796023000025798,395094324271,21.401449999984834,333.03436400001374,null,True,28028498,real-age36|C|0,0,,,87056,36,8,0.002105,65536,0.243316,0,84934656,67108864,2,0,0,2.7440819999999997,61353690,75497472,0.005955,146752,1,1,aafd0b81bec9e3b13f37a5e9f250765fdc65f4c70ddb44910492888f3d65696e,4,0.0030879999999999996,,,,,,,233.43224999999998,0.023895,,,,,,,0,0,0,0,0,0,0,293.467508,17.765777999999997,0,0.007447999999999999,2,0.000732,201651456,,288,8139600,195.38819399999997,7.375804,2,58.829010999999994,0.142188,34056,0,0,0,0,0,0,0,,,,,,,,,,,,,,,,,,,,,,,,,,,,,,,,,,,,,,,,,,,,,,,,,,,,,,,,,,,,,,,,,,,,,,,,,,,,,,,,,,,,,,,,,,,,,0.003048,2,0,0,,,,,,,,,,,,,,,,,,,,,,,,,,,,,0,0,,,,,,,,,,,,,,,,,,,0,,,,,,,,,,,,,,,,,,,0.608325,0,0.0,0,8,,,,,,,,,,,,,,,,,,,,,,,,,,,,,index256,0,0,native_grid_planar_fractional,True,2,294.4632159999969,private-reference/0ce5840333532e1e/00102.json.gz,0,True,0,0,0,0,0,4175,0.09797299998126618,780a6c2345077f08330b1cda863d7d67a9083da4d58afbad480fce62deb92723,27889906,skarve_normalized_f64_v1,9.065383999995902,394790694651,,True,367.1089649999999,private-reference/ac48685151a3b4e4/00102.json.gz,70f593467bab7370ac1a3c42a4da39e664a6d7e6bab4746b7b2723b9b6870239,1
103,real-age36-A-1-local-native-rsi256,real-age36,A,local,1,native-rsi256,cogband128,21.731979999970008,130.1249539999958,0.07094820000000002,0.12926699999999158,72261632,2147483648,native,1,real-age36|A|local,0.2702580000004673,395254634224,18.099242000005233,40.321336999966206,null,True,28028498,real-age36|A|1,0.2674419999948441,,,,,,,,,,,,,,,,,,,,,,,,,0,0,0,0,2359296,4,,,,,,,,,,,,,,,,,,,,,,,True,,,,,,,,,,,,,,,,16777216,,0,0.049998,1,4,0,,0,shared_only_for_identical_data_and_mask_block_footprints_then_flushed_on_transition_or_window_exit,trusted_manifest,,local_original,,,,,,,,,,,,,,,,,,,,,,,,,,,,,,,,,,,,,,,,,,,,,,False,,,,,,,,,,,,,,,,,,,,,,,,,,,,,,,,,,,,,,,,,,,,,,,,,,,,,,,,,,,,,,,,,,,,,,,,,0.00012100000000000001,0.008478000000000001,,,,,13.369953,exclusive partition of this query call; source post-validation is in remaining execution; FFI envelope and transport subspans are not added to this partition,,,0.017176999999999998,13.395729000000001,,,,2096:708359:68896:1789305358:633881851:1789305358:633881851,local,,,,,,,,,,,,,,,,,,,,,0,,,,,,4,4703297,5,True,0,0,False,2,68896,1,False,0,228484,4,134217728,0,0,0,0,0,,0,index256,,,native_grid_planar_fractional,True,1,13.694487999998728,private-reference/c79a302950df0c0e/00103.json.gz,0,True,0,0,0,0,0,147,0.06418899999971472,9b3de538e6269d30bc4fc33ff1fa2d1806352d652f4413ee5b2984b345d15f82,27889906,skarve_normalized_f64_v1,7.698754999978519,395232901674,,True,71.3853319999771,private-reference/86e87ac0a2373830/00103.json.gz,5f6ad6d8aeca68bdf138244c16a36562ca96f0f2b3f3cc8e26a714d35978891f,1
104,analytical40-1025x1031-A-1-http0-native-skv-summary,analytical40-1025x1031,A,http0,1,native-skv-summary,skv,41.72676700000011,151.11276300001464,0.085459194,0.14023800000000364,61050880,2147483648,native,1,analytical40-1025x1031|A|http0,0.3090220000103727,395425368767,21.100987000011173,63.34413700000141,null,True,24731327,analytical40-1025x1031|A|1,0.0008709999974598759,,,,,,,,,,,,,,,,,,,,,,,,,,,,,,,,,,,,,,,,,,,,,,,,,,,,,,,,,,,,,,,,,,,,,,True,,,,,,skv,,,,False,,16384,0,9,0,0,0.0,1.8615859999999997,0,0,0,0,0,0,1.7203030000000001,28,527360,56,0.0,0.0,2880,11584,809090,37,458752,0.082258,4128768,4133668,0,0,28,458752,0.014299000000000003,0.955567,0,58,527360,1.6046049999999998,65536,2293760,265346,25.893721999999997,24,0,source_handle_lifetime,False,,,809090,4194304,0,0,0,0,36,797314,797314,0,37,2,809090,39,9742336,False,strong_etag_conditional_ranges,http,809090,4194304,0,0,0,0,36,797314,797314,0,37,2,809090,39,,,,,,,67108864,,,,,,,4148228,3670016,,,,,,,,,,,,,,,128,28,,,,,0.057013999999999995,1.866718,,,,,,0.955567,,25.692886999999995,,,,0.0,,38.816506000000004,,,,,,,,,,,,,,,,,,,,,,,,,,,1,9,729088,2,True,28,146889793,73,,,36,False,,,,,,398203,28,,,,,24,,24,36,summary,809090,39,native_grid_planar_fractional,True,1,39.34188800002403,private-reference/f21d3aa506a4ff51/00104.json.gz,809090,True,37,2,809090,39,39,140,0.05793600001879895,acf0aa5bd7bc7b148855f79ff60ed369d76381ee8c619a1294380c8c784c473a,24731327,skarve_normalized_f64_v1,2.320358000019951,395383641489,,True,95.95037899998715,private-reference/3465862a15d09c2d/00104.json.gz,0eab2bca27fb7e2885e70568bcdc67a4bc3da1b51b97c1fa785fa89d3d33fbbe,1
105,analytical36-C-1-local-native-tiff,analytical36,C,local,1,native-tiff,band256,251.07594299998937,372.9417719999901,0.313112615,0.37179899999999577,151744512,2147483648,native,36,analytical36|C|local,8.580961000006937,395814141638,20.70638999998664,280.5987749999872,null,True,5078720,analytical36|C|1,0.0011230000040995947,,,,,,,,,,,,,,,,,,,,,,,,,,,,,,,,,,,,,,,,,,,,,,,,,,,,,,,,,,,,,,,,,,,,,16777216,,0,0.04573,1,12,0,,0,shared_only_for_identical_data_and_mask_block_footprints_then_flushed_on_transition_or_window_exit,trusted_manifest,,local_original,,,,,,,,,,,,,,,,,,,,,,,,,,,,,,,,,,,,,,,,,,,,,,False,,,,,,,,,,,,,,,,,,,,,,,,,,,,,,,,,,,,,,0,84934656,67108864,10,20058510,2,0,0,12,64897318,75497472,,10028743,0,0,0,0,259632,268435456,,288,377416,0,,67108864,256,12,4,,,17.760130999999998,,,2.463349,0.07596499999999999,,,217.749101,14.767738999999999,0.030997999999999998,184.832744,,,0.019382,0.0,,235.96626500000002,0.043354,,,,,,,,,,,,,,,,,,,,,,,,,,,,,,,,,,,,,,,,,,,,,,,,,,,,,,,,native_grid_planar_fractional,True,1,236.37559000002284,private-reference/1027d2cfba22b55f/00105.json.gz,0,True,0,0,0,0,0,4010,0.10278199999902426,b377ff7f69c2e6aff33c3a6c22dcb9c59ccc16b052e6610bb89b8b3f1b16adba,5078720,skarve_normalized_f64_v1,14.59228900000653,395563065816,,True,313.6446610000121,private-reference/ac6544ca84f52652/00105.json.gz,9bb8df82c39aac5b627b31870e0ac913c4d4526e58cde289426625381896eabc,1
106,real-age36-B-2-http0-native-skv-raw,real-age36,B,http0,2,native-skv-raw,skv,29.775678000021344,134.76641699998027,0.07569536099999999,0.12783999999999907,59043840,2147483648,native,1,real-age36|B|http0,0.3150290000348832,395981415704,20.152805000009266,50.44845399999076,null,True,28933939,real-age36|B|2,0.000972000009369367,,,45576,8,16,0.001794,32768,1.144864,0,2359296,67108864,0,0,0,0.072337,2370160,2097152,0.004510999999999999,664432,0,8,141b322b011ae0b08bb16788da619152254bb789b26cad4c288d379965e27b86,16,0.001423,,,,,,,20.063252000000002,0.039205000000000004,,128,7168,False,128,128,0,0,0,902599,18,2,20,27.177561,0.6636089999999999,0,0.004469,8,0.000321,329271248,,16,472634,18.954293,0.34236,1,4.49022,0.049008,4377,0,0,0,0,0,0,0,,,,,,,,,,,,,,,,,,,,,,,,,,,,,,,,,,,,,,,,,,,,,,,,,,,,,,,,,,,,,,,,,,,,,,,,,,,,,,,,,,,,,,,,,,,,,0.009850999999999999,1,0,0,,,,,,,,,,,,,,,,,,,,,,,,,,,,,0,0,,,,,,,,,,,,,,,,,,,0,,,,,,,,,,,,,,,,,,,1.299685,0,0.0028669999999999998,0,16,,,,,,,,,,,,,,,,,,,,,,,,,,,,,raw,902599,20,native_grid_planar_fractional,True,1,27.72352099998443,private-reference/b441ae7d382dd1ec/00106.json.gz,918983,True,19,2,918983,21,21,1129,0.0459990000081234,fba1d5ef79886e5e7200884dceab42f930764eafb8fbd4698b34106f15ed3623,28933939,skarve_normalized_f64_v1,2.0011260000387665,395951639987,,True,82.26232099997333,private-reference/1171439ed97465f1/00106.json.gz,f939282be5c463980611ea16ab0c6e968e94cd2e18cfe7715c4a051dd0b86b27,8
107,worldpop1-B-1-local-native-tiff,worldpop1,B,local,1,native-tiff,ordinary,1148.303339999984,1254.186226999991,1.198345571,1.253099000000006,86495232,2147483648,native,1,worldpop1|B|local,0.159303000032196,397254505796,19.26753100002543,1167.9422409999916,null,True,18084641,worldpop1|B|1,0.001382999982979527,,,45576,8,81,0.001643,32768,3.186299,0,11943936,67108864,0,0,0,0.5302769999999998,12000231,10616832,0.050197000000000006,1988464,0,8,01b3f1289f4fcd2c7c71f983a2978189e2af30bdbd9b8234b21645775f8c1d83,81,0.001073,,,,,,,1124.9553609999998,0.03706,,128,19648,False,128,128,0,0,0,0,0,0,0,1140.023141,2.8473490000000012,0,0.004089,8,0.000321,337643072,,162,2005684,1079.2961899999998,1.8335160000000004,1,11.263827000000004,0.043002,19246,0,0,0,0,0,0,0,,,,,,,,,,,,,,,,,,,,,,,,,,,,,,,,,,,,,,,,,,,,,,,,,,,,,,,,,,,,,,,,,,,,,,,,,,,,,,,,,,,,,,,,,,,,,0.001573,1,0,0,,,,,,,,,,,,,,,,,,,,,,,,,,,,,0,0,,,,,,,,,,,,,,,,,,,0,,,,,,,,,,,,,,,,,,,0.041749999999999995,0,0.0064540000000000005,0,81,,,,,,,,,,,,,,,,,,,,,,,,,,,,,,0,0,native_grid_planar_fractional,True,1,1140.7219189999864,private-reference/581d564f3c30f8ee/00107.json.gz,0,True,0,0,0,0,0,1252,0.04950599998210237,79dbde3afe02fa0d6e9c2b3d91f1fb6242b60b501526a087660dbfa96451303f,18084641,skarve_normalized_f64_v1,7.527115000016238,396106202667,,True,1199.0851429999907,private-reference/b7839be2244db3c5/00107.json.gz,17357c4208dfe7dd9c9294339ff8d81b44eb431d64da9049694e467ac4a362db,8
108,analytical36-B-2-http0-native-cog,analytical36,B,http0,2,native-cog,cogband128,49.34902500002636,164.92054799999778,0.09313213000000001,0.1555659999999932,76570624,2147483648,native,1,analytical36|B|http0,0.6982659999721363,397437247647,18.322083999976257,68.58157099998152,null,True,6142678,analytical36|B|2,0.0017439999737689504,,,45576,8,18,0.002245,32768,1.33509,0,2375424,67108864,0,0,0,0.052679000000000024,2388222,2111488,0.0034699999999999996,666976,0,8,ffe7a97fa2f07ec5058551e0ed95c80f9c8135d7786b6a5147d2967b095224d8,18,0.001103,,,,,,,18.903481000000006,0.034475,,128,7552,False,128,128,0,0,0,170854,20,2,22,25.601703999999998,0.412376,0,0.0046029999999999995,8,0.00042100000000000004,336309200,,36,480189,17.808314999999997,0.17348,1,4.030353999999999,0.078827,4398,0,0,0,0,0,0,0,,,,,,,,,,,,,,,,,,,,,,,,,,,,,,,,,,,,,,,,,,,,,,,,,,,,,,,,,,,,,,,,,,,,,,,,,,,,,,,,,,,,,,,,,,,,,0.003728,1,0,0,,,,,,,,,,,,,,,,,,,,,,,,,,,,,0,0,,,,,,,,,,,,,,,,,,,0,,,,,,,,,,,,,,,,,,,1.0762129999999999,0,0.005391,0,18,,,,,,,,,,,,,,,,,,,,,,,,,,,,,,170854,22,native_grid_planar_fractional,True,1,26.416737000033663,private-reference/59a9d23742230d85/00108.json.gz,177862,True,27,4,177862,31,31,1060,0.059308000004421046,d465def57fae7479bd4c661eef066e439ba015c938a58cc0d5ff214af3707011,6142678,skarve_normalized_f64_v1,22.86432200003219,397387898442,,True,102.073143000041,private-reference/abd4a636cbd34416/00108.json.gz,2cd12738d9a8c78252e34f185b016f7bea209520353c4a30529a96db665f9e6c,8
109,real-age36-A-1-http0-native-rsi256,real-age36,A,http0,1,native-rsi256,cogband128,43.38614100004179,154.72602900001675,0.088787939,0.1446380000000076,76234752,2147483648,native,1,real-age36|A|http0,0.6747630000063509,397615611994,21.27603700000691,65.53828399995609,null,True,28028498,real-age36|A|1,2.535544000011214,,,,,,,,,,,,,,,,,,,,,,,,,0,0,0,0,2359296,4,,,,,,,,,,,,,,,,,,,,,,,True,,,,,,,,,,,,,,,,16777216,,0,1.204546,1,4,0,,0,shared_only_for_identical_data_and_mask_block_footprints_then_flushed_on_transition_or_window_exit,trusted_manifest,,http_original,,,,,,,,,,,,,,,,,,,,,,,,,,,,,,,,,,,,,,,,,,,,,,True,,785299,4194304,14,0,5551,21,25,788499,788499,0,25,5,785299,30,,,,,,,,,,,,,,,,,,,,,,,,,,,,,,,,,,,,,,,,,,,,,,,,,,,,,,,,,,0.000491,0.477595,,,,,24.845531,exclusive partition of this query call; source post-validation is in remaining execution; FFI envelope and transport subspans are not added to this partition,,,0.504074,25.827691,,,"""091f046af989d2e07f67cd82ac0afe28fe916e179f13ee202d7d9eff93e6733d""",,http,65536,0,0,0,0,0,1,0,0,0,1,3,65536,4,,,,,,,0,,,,,,4,8963137,4,True,0,0,False,1,68896,1,False,1,228484,4,134217728,0,0,0,0,65536,,0,index256,785299,30,native_grid_planar_fractional,True,1,26.223121000043648,private-reference/db1c63d9d47fd72d/00109.json.gz,850835,True,26,8,850835,34,34,147,0.05809499998576939,9b3de538e6269d30bc4fc33ff1fa2d1806352d652f4413ee5b2984b345d15f82,27889906,skarve_normalized_f64_v1,14.56249700004264,397572225402,,True,98.3637869999825,private-reference/fc7548330c3df5c2/00109.json.gz,76b18e055633a041a2280ca97b0b1da8233555afae21076df9f7e70d6b690aaa,1
110,analytical40-1025x1031-B-0-http0-native-cog,analytical40-1025x1031,B,http0,0,native-cog,cogband128,121.4640329999952,237.18700699998863,0.155266427,0.2140279999999919,84570112,2147483648,native,1,analytical40-1025x1031|B|http0,0.5010419999962323,397876101406,23.75048300001481,145.92375399996627,null,True,26442685,analytical40-1025x1031|B|0,0.0017440000306123693,,,45576,8,67,0.0022340000000000003,32768,2.848134,0,9461376,67108864,0,0,0,0.24948400000000007,9509013,8410112,0.012005000000000005,1796464,0,8,306c40a2d8671545e1d51db4612ee3740a1a31d9dfa6f66422309f0cd8743037,67,0.0012929999999999999,,,,,,,75.935792,0.037752,,128,16960,False,128,128,0,0,0,674603,69,2,71,97.641515,1.7735140000000005,0,0.004468,8,0.00043099999999999996,337447928,,134,2018097,71.99923199999998,0.655097,1,17.455066999999996,0.06263500000000001,16748,0,0,0,0,0,0,0,,,,,,,,,,,,,,,,,,,,,,,,,,,,,,,,,,,,,,,,,,,,,,,,,,,,,,,,,,,,,,,,,,,,,,,,,,,,,,,,,,,,,,,,,,,,,0.003738,1,0,0,,,,,,,,,,,,,,,,,,,,,,,,,,,,,0,0,,,,,,,,,,,,,,,,,,,0,,,,,,,,,,,,,,,,,,,1.0107140000000001,0,0.009000000000000001,0,67,,,,,,,,,,,,,,,,,,,,,,,,,,,,,,674603,71,native_grid_planar_fractional,True,1,98.61575200000061,private-reference/f2e8b782d5c95c33/00110.json.gz,682255,True,76,4,682255,80,80,1045,0.1240359999883367,e385de722110847164317a15def49987a963ed2c14cbed05e1ad8a49c4ea6240,26442685,skarve_normalized_f64_v1,22.71606800002246,397754636762,,True,177.98433799998747,private-reference/4545a6b0dad5ab8b/00110.json.gz,2b3e34b0ac23131467edd9122b3b246f1f3f2ac6565b27003b14070daf07c29b,8
111,analytical40-1025x1031-C-0-local-native-skv-raw,analytical40-1025x1031,C,local,0,native-skv-raw,skv,507.23863299998584,625.7742039999812,0.5688456390000001,0.6246289999999988,125956096,2147483648,native,40,analytical40-1025x1031|C|local,8.052092000014,398520714420,22.19786800003476,537.6829380000459,null,True,24731327,analytical40-1025x1031|C|0,0.000891000013325538,,,,,,,,,,,,,,,,,,,,,,,,,,,,,,,,,,,,,,,,,,,,,,,,,,,,,,,,,,,,,,,,,,,,,,False,,,,,,skv,,,,False,,16384,0,0,0,0,0.0,0.0,0,0,0,2560,32,0,90.06356200000018,2560,370800,0,0.0,0.0,3686400,11584,24194087,78,41943040,0.123514,377487360,377545072,0,0,16,41943040,0.047041,161.71261699999997,0,2515,370800,73.03828899999995,65536,209715200,23806903,14.503516000000001,0,0,source_handle_lifetime,False,,,,,,,,,,,,,,,,,9742336,False,pinned_file_stat,local,,,,,,,,,,,,,,,,,,,0,377487360,67108864,2,330361010,14,0,0,16,47194430,335544320,,23596703,0,0,0,0,626880,268435456,,32,418896,0,,67108864,256,16,16,,,79.07874300000002,,,3.0952599999999992,0.20636100000000002,,,425.83692899999994,161.71261699999997,0.240374,232.382152,,,0.012887999999999998,0.0,,505.96196199999997,0.010883,,,,,,,,,,,,,,,,,,,,,,,,,,,,,,,,,,,,,,,,,,,,,,,,,,,,,raw,,,native_grid_planar_fractional,True,1,506.62628200001336,private-reference/3915da75adc69e9b/00111.json.gz,0,True,0,0,0,0,0,4423,0.11117799999738054,96e4df19c2690d62cddac1e7d828f44054cd2c0dff19c8c2f63690a5c5df9d0e,24731327,skarve_normalized_f64_v1,0.4972940000129711,398013475407,,True,569.5181809999781,private-reference/d44116c389ae5af8/00111.json.gz,26ffefc9f8f12519cacc537c4304c4208ccc683f01d64ea462ff239445a67674,1
112,analytical36-D-1-http0-natural-ee,analytical36,D,http0,1,natural-ee,cogband128,374.98319700000593,583.6531630000081,0.48970270399999993,0.5763590000000036,192626688,2147483648,upstream,36,analytical36|D|http0,1.2327329999948233,399106195492,,378.02187299996604,null,True,6142678,analytical36|D|1,,,,,,,,,,,,,,,,,,,,,,,,,,,,,,,,,,,,,,,,,,,,,,,,,,,,,,,,,,,,,,,,,,,,,,,,,,,,,,,,,,,,,,,,,,,,,,,,,,,,,,,,,,,,,,,,,,,,,,,,,,,,,,,,,,,,,,,,,,,,,,,,,,,,,,,,,,,,,,,,,,,,,,,,,,,,,,,,,,,,,,,,,,,,,,,,,,,,,,,,,,,,,,,,,,,,,,,,,,,,,,,,,,,,,,,,,,,,,,,,,,,,,,,,,,,,,,,,,,,,,,,,,,raster-sequential,,,exactextract_fractional_v030,True,,356.6649820000407,private-reference/438bcf525721d0a4/00112.json.gz,6142678,True,7,1,6142678,8,8,28949,0.5515940000009323,ce23df575eadd0d0064350b63eb0854158c21a3a9c71d6bb99e4be2111d86fc8,6142678,,17.76288299998896,398731212596,,True,495.7878750000191,private-reference/846bebae7d14d9c7/00112.json.gz,9524a075829e4c777a5cc2f0e2872f55cbbaef425911806e7523c72b5cb66b88,8
113,real-age36-B-2-local-native-rsi256,real-age36,B,local,2,native-rsi256,cogband128,20.60163100003365,134.57827500002395,0.074292625,0.1338480000000004,72417280,2147483648,native,1,real-age36|B|local,0.3479199999674165,399297402493,20.982770999978584,42.13659699996697,null,True,28028498,real-age36|B|2,0,,,45576,8,4,0.001534,32768,0.941263,0,2359296,67108864,0,0,0,0.024631000000000004,2362076,2097152,0.001061,513904,0,8,cca1dbf8aba1b32e7fe360e4f1eda26921c04013a21ad4219ce6ad87d5336d78,4,0.0018139999999999999,,,,,,,7.240687,0.048774,,,,,,,0,0,0,0,0,0,0,11.929155,0.44697000000000003,0,0.0041069999999999995,8,0.00033,201931548,,8,472634,5.963609,0.21440700000000001,1,3.392457,0.054378,2329,0,0,0,0,0,0,0,,,,,,,,,,,,,,,,,,,,,,,,,,,,,,,,,,,,,,,,,,,,,,,,,,,,,,,,,,,,,,,,,,,,,,,,,,,,,,,,,,,,,,,,,,,,,0.002735,1,0,0,,,,,,,,,,,,,,,,,,,,,,,,,,,,,0,0,,,,,,,,,,,,,,,,,,,0,,,,,,,,,,,,,,,,,,,0.227534,0,0.0,0,4,,,,,,,,,,,,,,,,,,,,,,,,,,,,,index256,0,0,native_grid_planar_fractional,True,1,12.5444140000468,private-reference/d9b4e241b6d1952c/00113.json.gz,0,True,0,0,0,0,0,1129,0.04422399996428794,fba1d5ef79886e5e7200884dceab42f930764eafb8fbd4698b34106f15ed3623,27889906,skarve_normalized_f64_v1,8.008291999999528,399276800852,,True,74.60813699998425,private-reference/7e5ad17ed795837e/00113.json.gz,7174f95123f28bc77e21ef4d1a94c9bae87ecc1dde7d7f2df3f3d9b30dab6baa,8
114,worldpop1-B-2-local-natural-ee,worldpop1,B,local,2,natural-ee,cogband128,185.95738999999867,391.156613000021,0.303096036,0.39046100000000195,130048000,2147483648,upstream,1,worldpop1|B|local,5.069397999989178,399675527038,,192.75025399997503,null,True,18648801,worldpop1|B|2,,,,,,,,,,,,,,,,,,,,,,,,,,,,,,,,,,,,,,,,,,,,,,,,,,,,,,,,,,,,,,,,,,,,,,,,,,,,,,,,,,,,,,,,,,,,,,,,,,,,,,,,,,,,,,,,,,,,,,,,,,,,,,,,,,,,,,,,,,,,,,,,,,,,,,,,,,,,,,,,,,,,,,,,,,,,,,,,,,,,,,,,,,,,,,,,,,,,,,,,,,,,,,,,,,,,,,,,,,,,,,,,,,,,,,,,,,,,,,,,,,,,,,,,,,,,,,,,,,,,,,,,,,raster-sequential,,,exactextract_fractional_v030,True,,179.17574799997738,private-reference/ea00b915603c9ce0/00114.json.gz,0,True,0,0,0,0,0,1245,0.08625300000630887,495cbc6e9882845b333fcdf2b32dfd7ca2efe7aaec71ff57f4913516320b0116,18648801,,6.6923009999868555,399489569549,,True,303.37160400000585,private-reference/fc32acc8b131ec1e/00114.json.gz,2c3b9479b10887d66e15b3f163d5f49115f41fbdf2dbb50f55e7b9fe3741f811,8
115,real-age36-C-0-http0-native-tiff,real-age36,C,http0,0,native-tiff,band256,441.033066999978,556.483811000021,0.438613657,0.49605600000000294,154943488,2147483648,native,36,real-age36|C|http0,7.709281000018109,400283900696,18.371229000024414,467.307016999996,null,True,27830980,real-age36|C|0,0.0008019999881980766,,,,,,,,,,,,,,,,,,,,,,,,,,,,,,,,,,,,,,,,,,,,,,,,,,,,,,,,,,,,,,,,,,,,,16777216,,0,1.374535,1,12,0,,0,shared_only_for_identical_data_and_mask_block_footprints_then_flushed_on_transition_or_window_exit,trusted_manifest,,http_original,,,,,,,,,,,,,,,,,,,,,,,,,,,,,,,,,,,,,,,,,,,,,,True,,27832003,4194304,10,132,4579,19,155,4193160,4135889,0,155,4,27832003,159,,,,,,,,,,,,,,,,,,,,,,,0,84934656,67108864,10,18878174,2,0,0,12,66075350,75497472,,9438575,27827982,145,2,147,255696,268435456,,288,377416,0,,67108864,256,12,4,,,14.44638,,,2.139892,0.07388600000000001,,,408.10168600000003,17.577730000000003,0.057953,376.682818,,,0.600608,0.0,,424.41539700000004,0.022177000000000002,,,,,,,,,,,,,,,,,,,,,,,,,,,,,,,,,,,,,,,,,,,,,,,,,,,,,,27832003,159,native_grid_planar_fractional,True,1,425.11286400002746,private-reference/9f2355649ff97c45/00115.json.gz,27832003,True,155,4,27832003,159,159,4175,0.11111500003835317,780a6c2345077f08330b1cda863d7d67a9083da4d58afbad480fce62deb92723,27830980,skarve_normalized_f64_v1,15.803906999963147,399842867689,,True,498.5851619999835,private-reference/b39faded0aa2be88/00115.json.gz,b76b7df3d3a7f4f921092571b7cde6b8490fd904f2b96d9f6b423689b3f79fde,1
116,analytical40-1025x1031-C-1-local-native-skv-summary,analytical40-1025x1031,C,local,1,native-skv-summary,skv,307.14308199998186,427.676163000001,0.366208362,0.42675199999999336,125784064,2147483648,native,40,analytical40-1025x1031|C|local,0.9424859999853652,400742343110,21.911275999968893,330.19766899997194,null,True,24731327,analytical40-1025x1031|C|1,0.0004510000053414842,,,,,,,,,,,,,,,,,,,,,,,,,,,,,,,,,,,,,,,,,,,,,,,,,,,,,,,,,,,,,,,,,,,,,,False,,,,,,skv,,,,False,,16384,0,0,0,0,0.0,0.0,0,0,0,1120,28,0,41.203850999999965,1120,354320,0,0.0,0.0,4608000,11584,10773236,72,18350080,0.086964,165150720,165251716,0,0,28,18350080,0.06404199999999999,32.237355,0,2037,354320,35.18553599999999,65536,91750400,10402532,5.275022000000004,960,0,source_handle_lifetime,False,,,,,,,,,,,,,,,,,9742336,False,pinned_file_stat,local,,,,,,,,,,,,,,,,,,,,,67108864,,,,,,,64927445,146800640,,,,,,,,,,,,,,,128,28,,,,,0.0,0.0,,,,,,32.237355,,130.52470300000002,,,,0.0,,306.042622,,,,,,,,,,,,,,,,,,,,,,,,,,,2,0,0,0,False,28,147092008,73,,,36,False,,,,,,398203,28,,,,,24,,48,36,summary,,,native_grid_planar_fractional,True,1,306.5851609999868,private-reference/584b4ae775b17ea8/00116.json.gz,0,True,0,0,0,0,0,4415,0.110774000006586,f799effb4e1b125bfdbf5c1f92cca3183010ea1d50e09b9a30517254f539ca7d,24731327,skarve_normalized_f64_v1,0.4436390000250867,400435200078,,True,366.710237999996,private-reference/a77597c2f20e1cbe/00116.json.gz,a4f4492fe1356b75ed0952026dbed9e62d562aedc3eeba64a7c33f99481bf3cf,1
117,real-age36-A-1-http0-native-rsi64,real-age36,A,http0,1,native-rsi64,cogband128,40.4793949999771,154.38238399997317,0.08641505299999999,0.14449100000000215,71581696,2147483648,native,1,real-age36|A|http0,0.6232480000107898,400922929818,20.11164199996074,61.42885399998477,null,True,28148818,real-age36|A|1,2.2589779999862003,,,,,,,,,,,,,,,,,,,,,,,,,57120,1,0,0,1032192,28,,,,,,,,,,,,,,,,,,,,,,,True,,,,,,,,,,,,,,,,16777216,,0,1.3113160000000001,1,28,0,,0,shared_only_for_identical_data_and_mask_block_footprints_then_flushed_on_transition_or_window_exit,trusted_manifest,,http_original,,,,,,,,,,,,,,,,,,,,,,,,,,,,,,,,,,,,,,,,,,,,,,True,,597170,4194304,14,0,795543,37,21,599858,599858,0,21,5,597170,26,,,,,,,,,,,,,,,,,,,,,,,,,,,,,,,,,,,,,,,,,,,,,,,,,,,,,,,,,,0.000752,0.481537,,,,,22.44079,exclusive partition of this query call; source post-validation is in remaining execution; FFI envelope and transport subspans are not added to this partition,,,0.524415,23.447494,,,"""6a583ffc5fecb3ac56d2ae09c204e46c5abf8540d110df78d9a2d72311a1299c""",,http,122656,0,0,0,0,0,2,0,0,0,2,3,122656,5,,,,,,,57120,,,,,,28,5502017,64,True,0,36,False,1,122656,1,False,1,81028,28,134217728,0,0,35,36,65536,,36,index64,597170,26,native_grid_planar_fractional,True,1,23.749264999992192,private-reference/e8a95088e18067d1/00117.json.gz,719826,True,23,8,719826,31,31,147,0.03651600002285704,9b3de538e6269d30bc4fc33ff1fa2d1806352d652f4413ee5b2984b345d15f82,27889906,skarve_normalized_f64_v1,14.429835999976603,400882450272,,True,95.92956300002697,private-reference/a673aea6a215b88a/00117.json.gz,6519aad022e333b731c937a82433a213888da5436c82df5d9ae81ac482e3777f,1
118,analytical40-1025x1031-A-2-local-native-skv-raw,analytical40-1025x1031,A,local,2,native-skv-raw,skv,17.298519000007673,120.8529580000004,0.068195423,0.12010200000000282,63840256,2147483648,native,1,analytical40-1025x1031|A|local,1.1154229999874588,401071724143,17.83231600001045,36.43749899998738,null,True,24731327,analytical40-1025x1031|A|2,0.0007919999802652455,,,,,,,,,,,,,,,,,,,,,,,,,,,,,,,,,,,,,,,,,,,,,,,,,,,,,,,,,,,,,,,,,,,,,,False,,,,,,skv,,,,False,,16384,0,0,0,0,0.0,0.0,0,0,0,0,0,0,2.3620599999999996,64,354320,0,0.0,0.0,2304,11584,977905,108,1048576,0.08469700000000001,9437184,9439984,0,0,16,1048576,0.005019,5.904058000000001,0,21,354320,2.5835960000000004,65536,5242880,607201,1.1678780000000002,0,0,source_handle_lifetime,False,,,,,,,,,,,,,,,,,9742336,False,pinned_file_stat,local,,,,,,,,,,,,,,,,,,,0,9437184,67108864,16,0,0,0,0,16,9448304,8388608,,590135,0,0,0,0,630624,268435456,,64,14466,0,,67108864,256,16,16,,,2.013342,,,0.028999999999999995,0.20122099999999998,,,13.731241000000002,5.904058000000001,0.24903099999999997,7.146165999999999,,,0.011535,0.0,,16.420052000000002,0.009881000000000001,,,,,,,,,,,,,,,,,,,,,,,,,,,,,,,,,,,,,,,,,,,,,,,,,,,,,raw,,,native_grid_planar_fractional,True,1,16.81825499997558,private-reference/89aef34ea3ea21fb/00118.json.gz,0,True,0,0,0,0,0,140,0.036776999991161574,0804bf71bee4a10cb67390656e5058e365f08886d4b412c8d3417e8204a98c13,24731327,skarve_normalized_f64_v1,0.4396290000272529,401054425624,,True,68.52816199995004,private-reference/f6237cce26cc1663/00118.json.gz,c0f0db25c72ac1799ce3f52cbb75eba26f3862a950894b1ec8a89cb120311370,1
119,worldpop1-B-0-local-native-cog,worldpop1,B,local,0,native-cog,cogband128,57.53438400000732,170.09667700000364,0.107941794,0.16954599999999687,82337792,2147483648,native,1,worldpop1|B|local,0.9666409999908865,401256431027,18.32358500001874,77.02457900001036,null,True,18648801,worldpop1|B|0,0.0007019999657131848,,,45576,8,81,0.0019939999999999997,32768,3.827876,0,11943936,67108864,0,0,0,0.15929400000000002,12000231,10616832,0.009045000000000003,2002288,0,8,e7d0e5383425d7088b1559a961fb2c4f4a6dfcfdb2d8164f0bcb85491c397714,81,0.001093,,,,,,,33.678111,0.037749,,128,19648,False,128,128,0,0,0,0,0,0,0,48.755854,2.6631559999999994,0,0.004692,8,0.00037099999999999996,337656860,,162,2001118,24.929723999999993,1.8066930000000005,1,10.968178000000002,0.06886099999999999,19549,0,0,0,0,0,0,0,,,,,,,,,,,,,,,,,,,,,,,,,,,,,,,,,,,,,,,,,,,,,,,,,,,,,,,,,,,,,,,,,,,,,,,,,,,,,,,,,,,,,,,,,,,,,0.001463,1,0,0,,,,,,,,,,,,,,,,,,,,,,,,,,,,,0,0,,,,,,,,,,,,,,,,,,,0,,,,,,,,,,,,,,,,,,,0.035012999999999996,0,0.009850000000000001,0,81,,,,,,,,,,,,,,,,,,,,,,,,,,,,,,0,0,native_grid_planar_fractional,True,1,49.319424000032086,private-reference/a62725fbd6d4e540/00119.json.gz,0,True,0,0,0,0,0,1258,0.04788000001099135,4a6cd2a5f470531511575f9777b40a41556bbc3b42879e046e29fc5ae511a873,18648801,skarve_normalized_f64_v1,8.162902000037775,401198896953,,True,108.06219400001282,private-reference/6a9c3ff27e25b7d1/00119.json.gz,d2991130d19f2f37bb26da3521d5042ae874664f0b856b944a5b336a7a5618cd,8
120,real-age36-D-0-http0-native-skv-summary,real-age36,D,http0,0,native-skv-summary,skv,300.54363900001135,422.27676599998176,0.350688163,0.415887000000005,134742016,2147483648,native,36,real-age36|D|http0,4.960426000025109,401685166039,19.64542299998584,325.421174999974,null,True,28933939,real-age36|D|0,0.0010119999842572724,,,1497376,288,16,0.002495,32768,1.162411,0,84934656,67108864,4,0,0,0.251853,63740916,75497472,0.008097,656416,0,8,91cbd51efde644c68ee88a85ab00825c523ddea07c3f9b7d5eef8af49e1ceb58,16,0.009089,,,,,,,190.63370899999993,0.040675,,,,,,,0,0,0,28917555,18,2,20,296.000468,17.680755,0,0.028501999999999993,8,0.000351,330708188,,16,14428908,166.57444499999997,6.029229,1,101.758199,0.35061200000000003,137736,0,0,0,0,0,0,0,,,,,,,,,,,,,,,,,,,,,,,,,,,,,,,,,,,,,,,,,,,,,,,,,,,,,,,,,,,,,,,,,,,,,,,,,,,,,,,,,,,,,,,,,,,,,0.00958,1,0,8,,,,,,,,,,,,,,,,,,,,,,,,,,,,,4,8,,,,,,,,,,,,,,,,,,,0,,,,,,,,,,,,,,,,,,,1.641657,0,0.0,0,16,,,,,,,,,,,,,,,,,,,,,,,,,,,,,summary,28917555,20,native_grid_planar_fractional,True,1,298.0923540000049,private-reference/b996113229676417/00120.json.gz,28933939,True,19,2,28933939,21,21,32474,0.516469999979563,81a155a3efe7badd5a4091ef7d3ea40f66e3dbbe3034ddd6189be08afcdfdce8,28933939,skarve_normalized_f64_v1,1.9308159999695818,401384622671,,True,356.7355980000002,private-reference/26eaa0074d6d7ae5/00120.json.gz,d19ec3caec71e19bde0a9c5a55ddf9229e23a98f41098b694e25393aeccbde4c,8
121,analytical40-1025x1031-D-0-http0-native-cog,analytical40-1025x1031,D,http0,0,native-cog,cog128,1644.8382389999665,1766.3825299999871,1.665176958,1.7312049999999886,156794880,2147483648,native,40,analytical40-1025x1031|D|http0,1.724650000028305,403482263170,19.28106499997284,1666.0489209999696,null,True,42018905,analytical40-1025x1031|D|0,0.0012530000503829797,,,1663296,320,134,0.001643,32768,3.9516220000000004,0,378455040,67108864,106,0,0,2.914560999999998,65918628,336404480,0.06642899999999997,1796464,0,8,306c40a2d8671545e1d51db4612ee3740a1a31d9dfa6f66422309f0cd8743037,67,0.0012419999999999998,,,,,,,1004.9936609999993,0.045234,,,,,,,0,0,0,41632597,68,2,70,1620.644264,61.991399999999985,0,0.026404999999999994,8,0.000341,339049116,,5360,80723880,866.845634,23.14620000000001,1,608.7118620000003,0.31322900000000004,669920,0,0,0,0,0,0,0,,,,,,,,,,,,,,,,,,,,,,,,,,,,,,,,,,,,,,,,,,,,,,,,,,,,,,,,,,,,,,,,,,,,,,,,,,,,,,,,,,,,,,,,,,,,,0.004169,1,0,0,,,,,,,,,,,,,,,,,,,,,,,,,,,,,0,0,,,,,,,,,,,,,,,,,,,67,,,,,,,,,,,,,,,,,,,1.191497,0,0.0,0,134,,,,,,,,,,,,,,,,,,,,,,,,,,,,,,41632597,70,native_grid_planar_fractional,True,1,1623.2337330000064,private-reference/b576d11c72347d5b/00121.json.gz,41640249,True,75,4,41640249,79,79,32796,0.5519540000022971,a7389146e4f56e6ee457a9ed39c6f9e8a5faf8be467c066635197793e46d52a4,42018905,skarve_normalized_f64_v1,21.047352999971736,401837424850,,True,1699.9337989999503,private-reference/57ca9cef75504cc3/00121.json.gz,e9f36a694f4fd0862e4b75a5b5d2840761f2de126c08a0996d7647e7ee8cb5b7,8
122,real-age36-A-0-local-native-rsi256,real-age36,A,local,0,native-rsi256,cogband128,22.043091999989883,127.81478599998763,0.07337054300000001,0.12698700000001395,72392704,2147483648,native,1,real-age36|A|local,0.3745660000049611,403650763838,18.554913999992095,41.16915099996277,null,True,28028498,real-age36|A|0,0.263766999978543,,,,,,,,,,,,,,,,,,,,,,,,,0,0,0,0,2359296,4,,,,,,,,,,,,,,,,,,,,,,,True,,,,,,,,,,,,,,,,16777216,,0,0.046556,1,4,0,,0,shared_only_for_identical_data_and_mask_block_footprints_then_flushed_on_transition_or_window_exit,trusted_manifest,,local_original,,,,,,,,,,,,,,,,,,,,,,,,,,,,,,,,,,,,,,,,,,,,,,False,,,,,,,,,,,,,,,,,,,,,,,,,,,,,,,,,,,,,,,,,,,,,,,,,,,,,,,,,,,,,,,,,,,,,,,,,9.099999999999999e-05,0.008006,,,,,13.284675,exclusive partition of this query call; source post-validation is in remaining execution; FFI envelope and transport subspans are not added to this partition,,,0.016875,13.309647,,,,2096:708359:68896:1789305358:633881851:1789305358:633881851,local,,,,,,,,,,,,,,,,,,,,,0,,,,,,4,4703297,5,True,0,0,False,2,68896,1,False,0,226100,4,134217728,0,0,0,0,0,,0,index256,,,native_grid_planar_fractional,True,1,13.68667799999912,private-reference/e52031901d9e40f1/00122.json.gz,0,True,0,0,0,0,0,147,0.07953499999757696,6940c6944641a1780ca8953cc3717b93b8d469d79cc0c9210e4197c0ed319f97,27889906,skarve_normalized_f64_v1,8.004926000012347,403628718931,,True,73.74181599999474,private-reference/b6b1d01eaff3743d/00122.json.gz,b4a66fa213e7fce318fb9a498acd086847a396e796be5294ebbd01b8fef28905,1
123,analytical40-1025x1031-A-0-http0-native-rsi256,analytical40-1025x1031,A,http0,0,native-rsi256,cogband128,82.07373900000903,192.18139499997733,0.11339585099999999,0.17245099999999525,77185024,2147483648,native,1,analytical40-1025x1031|A|http0,0.5316169999787235,403857181508,18.79183699998066,101.59216699997842,null,True,26638653,analytical40-1025x1031|A|0,2.154926000002888,,,,,,,,,,,,,,,,,,,,,,,,,32448,1,0,0,7077888,12,,,,,,,,,,,,,,,,,,,,,,,True,,,,,,,,,,,,,,,,16777216,,0,1.310925,1,12,0,,0,shared_only_for_identical_data_and_mask_block_footprints_then_flushed_on_transition_or_window_exit,trusted_manifest,,http_original,,,,,,,,,,,,,,,,,,,,,,,,,,,,,,,,,,,,,,,,,,,,,,True,,513919,4194304,13,0,7604,19,57,521215,521215,0,57,5,513919,62,,,,,,,,,,,,,,,,,,,,,,,,,,,,,,,,,,,,,,,,,,,,,,,,,,,,,,,,,,0.000441,0.444347,,,,,57.30109499999999,exclusive partition of this query call; source post-validation is in remaining execution; FFI envelope and transport subspans are not added to this partition,,,0.49737900000000007,58.243261999999994,,,"""4e3042fb1506a990ab466287bf1d514e06a2b789ab1d81393f157866e226defb""",,http,97984,0,0,0,0,0,2,0,0,0,2,3,97984,5,,,,,,,32448,,,,,,12,8963137,16,True,0,4,False,1,97984,1,False,1,720922,12,134217728,0,0,3,4,65536,,4,index256,513919,62,native_grid_planar_fractional,True,1,58.702909999965414,private-reference/d9fb0d5694aaf6da/00123.json.gz,611903,True,59,8,611903,67,67,138,0.03850000001648368,3f59ba840b4903208d287a79769eca9f94b99b8f0f86dc5aa31ecb2e9525ce8d,26442685,skarve_normalized_f64_v1,21.17223400000512,403775107538,,True,132.79757499998368,private-reference/286615c469b8bf20/00123.json.gz,e11bdd0c129e561e46843aa8aec521dc596a4c248376bc779c53b9f3e119df71,1
124,analytical40-1025x1031-C-0-local-natural-ee,analytical40-1025x1031,C,local,0,natural-ee,cogband128,892.7551979999748,1108.9274579999824,1.015695257,1.1072740000000039,207519744,2147483648,upstream,40,analytical40-1025x1031|C|local,3.9999649999913345,404952362396,,898.4473710000316,null,True,26442685,analytical40-1025x1031|C|0,,,,,,,,,,,,,,,,,,,,,,,,,,,,,,,,,,,,,,,,,,,,,,,,,,,,,,,,,,,,,,,,,,,,,,,,,,,,,,,,,,,,,,,,,,,,,,,,,,,,,,,,,,,,,,,,,,,,,,,,,,,,,,,,,,,,,,,,,,,,,,,,,,,,,,,,,,,,,,,,,,,,,,,,,,,,,,,,,,,,,,,,,,,,,,,,,,,,,,,,,,,,,,,,,,,,,,,,,,,,,,,,,,,,,,,,,,,,,,,,,,,,,,,,,,,,,,,,,,,,,,,,,,feature-sequential,,,exactextract_fractional_v030,True,,878.0545280000069,private-reference/14b88efe5b69f738/00124.json.gz,0,True,0,0,0,0,0,4418,0.30410499999788954,fddc498dd77b70bce8ae5f3db7792b0686f8d6a222791e877a462bb1a8ebc6fa,26442685,,14.346311999986483,404059591687,,True,1016.2517320000006,private-reference/e16b47c0a6356df0/00124.json.gz,40af58499304b9bbd21370acf927ee9b22cc234705eb91134ac04c8dc1b81ec1,1
125,analytical40-1025x1031-C-2-http0-native-skv-summary,analytical40-1025x1031,C,http0,2,native-skv-summary,skv,342.69162000003917,473.3499889999848,0.381149629,0.45568099999999845,132603904,2147483648,native,40,analytical40-1025x1031|C|http0,0.5375380000032237,405468649271,20.0674310000295,363.51949700002706,null,True,24731327,analytical40-1025x1031|C|2,0.0012630000014723919,,,,,,,,,,,,,,,,,,,,,,,,,,,,,,,,,,,,,,,,,,,,,,,,,,,,,,,,,,,,,,,,,,,,,,True,,,,,,skv,,,,False,,16384,7,9,747036,5202490,17.278029,2.6773400000000005,7,7,8388608,1120,28,0,41.52205299999998,1120,527360,56,0.0,0.0,4608000,11584,16148766,44,18350080,0.071838,165150720,165251716,0,0,28,18350080,0.09469600000000002,32.099209,0,2632,527360,33.70911199999999,65536,91750400,10402532,53.543096000000006,960,0,source_handle_lifetime,False,,,10946276,4194304,14,20,5202490,14,29,4163203,4163203,0,30,2,10946276,32,9742336,False,strong_etag_conditional_ranges,http,10946276,4194304,14,20,5202490,14,29,4163203,4163203,0,30,2,10946276,32,,,,,,,67108864,,,,,,,64927445,146800640,,,,,,,,,,,,,,,128,28,,,,,0.13337000000000004,19.973325000000003,,,,,,32.099209,,149.830945,,,,0.0,,339.359115,,,,,,,,,,,,,,,,,,,,,,,,,,,2,9,735232,2,True,28,147092008,73,,,36,False,,,,,,405176,28,,,,,24,,48,36,summary,10946276,32,native_grid_planar_fractional,True,1,340.1011689999791,private-reference/309deda84e0d4293/00125.json.gz,10946276,True,30,2,10946276,32,32,4392,0.14195200003541686,ac14431e595cf0df4b69f51d7c381c2086f1ac292aa6ad1c1b6b84ce03955fd4,24731327,skarve_normalized_f64_v1,2.4437000000148146,405125957671,,True,398.33827399996835,private-reference/602116ded15af592/00125.json.gz,ca27d2531f1779ed9191e494ccf1d274b5a603e55209fdfb83af3559d451ba46,1
126,analytical36-A-0-http0-native-rsi64,analytical36,A,http0,0,native-rsi64,cogband128,44.880460000001676,157.56291500002817,0.088111783,0.14836699999999325,74067968,2147483648,native,1,analytical36|A|http0,0.46580200000789773,405674858032,19.509535999986838,65.05284299998948,null,True,6454230,analytical36|A|0,2.4872669999922437,,,,,,,,,,,,,,,,,,,,,,,,,65184,1,0,0,1032192,28,,,,,,,,,,,,,,,,,,,,,,,True,,,,,,,,,,,,,,,,16777216,,0,1.355174,1,28,0,,0,shared_only_for_identical_data_and_mask_block_footprints_then_flushed_on_transition_or_window_exit,trusted_manifest,,http_original,,,,,,,,,,,,,,,,,,,,,,,,,,,,,,,,,,,,,,,,,,,,,,True,,134987,4194304,13,0,172627,35,21,137675,137675,0,21,5,134987,26,,,,,,,,,,,,,,,,,,,,,,,,,,,,,,,,,,,,,,,,,,,,,,,,,,,,,,,,,,0.000782,0.459333,,,,,18.392111999999997,exclusive partition of this query call; source post-validation is in remaining execution; FFI envelope and transport subspans are not added to this partition,,,0.527243,19.379469999999998,,,"""52db90103ed0ca41326a525e2aa9b42772a87dfb269cba5a3593928d8d8c127c""",,http,130720,0,0,0,0,0,2,0,0,0,2,3,130720,5,,,,,,,65184,,,,,,28,5502017,64,True,0,36,False,1,146176,1,False,1,82458,28,134217728,0,0,35,36,65536,,36,index64,134987,26,native_grid_planar_fractional,True,1,19.676099999969665,private-reference/131b88482b47c1b2/00126.json.gz,265707,True,23,8,265707,31,31,142,0.034130000017285056,1f5800e6da13026f5dcd51f66d3119f4d36ecd81f15e95f6dc5bc29682e31b2a,6142678,skarve_normalized_f64_v1,22.677461000000676,405629977782,,True,96.62260700002889,private-reference/ffe7695b6b17557a/00126.json.gz,afaacdde5394c0ab4a41baeb65519c9a895f1ffc7f829f99e713c460c832f495,1
127,analytical40-1025x1031-B-2-local-native-rsi256,analytical40-1025x1031,B,local,2,native-rsi256,cogband128,57.86450199997262,172.87324000000126,0.112596378,0.17233600000000138,82505728,2147483648,native,1,analytical40-1025x1031|B|local,1.229083999987779,405868112011,19.93343199995934,79.29538600001251,null,True,26638653,analytical40-1025x1031|B|2,0,,,45576,8,18,0.0016330000000000001,32768,1.88264,0,9469440,67108864,0,0,0,0.05904899999999999,9482238,8417280,0.002947,1261984,0,8,142aeb0bbdb4757d3a9836280c97c2fb8bba9d3b4b018a7bd875f9893f0d6c7f,18,0.001212,,,,,,,27.403586999999998,0.037356,,,,,,,0,0,0,0,0,0,0,42.107717,1.4724210000000002,0,0.004307999999999999,8,0.000301,202679688,,36,1758365,23.188376999999992,0.539794,1,12.353955000000001,0.036977,7911,0,0,0,0,0,0,0,,,,,,,,,,,,,,,,,,,,,,,,,,,,,,,,,,,,,,,,,,,,,,,,,,,,,,,,,,,,,,,,,,,,,,,,,,,,,,,,,,,,,,,,,,,,,0.001162,1,0,0,,,,,,,,,,,,,,,,,,,,,,,,,,,,,4,4,,,,,,,,,,,,,,,,,,,0,,,,,,,,,,,,,,,,,,,0.21949899999999997,0,0.0,0,18,,,,,,,,,,,,,,,,,,,,,,,,,,,,,index256,0,0,native_grid_planar_fractional,True,1,42.66176999999516,private-reference/e54fd14ec1b7b623/00127.json.gz,0,True,0,0,0,0,0,1030,0.04485099998419173,cb135e0acf4431712e46430ec4145f49eb75a5a19587633d55a73e6626e276f1,26442685,skarve_normalized_f64_v1,15.153319999967607,405810248412,,True,112.64459599999554,private-reference/6859999785015137/00127.json.gz,ce8d765adc4d678f43191892780eb836acd6c463df936cf55cabd3f4dfba50c2,8
128,real-age36-D-0-local-native-skv-raw,real-age36,D,local,0,native-skv-raw,skv,314.18776199996046,436.0118289999946,0.372203925,0.4350990000000081,125685760,2147483648,native,36,real-age36|D|local,3.3852230000093186,406318947178,22.69062200002736,340.46915700002955,null,True,28933939,real-age36|D|0,0.0007819999723324145,,,1497376,288,16,0.0016539999999999999,32768,1.162406,0,84934656,67108864,4,0,0,0.31983599999999995,63740916,75497472,0.011994999999999999,656416,0,8,91cbd51efde644c68ee88a85ab00825c523ddea07c3f9b7d5eef8af49e1ceb58,16,0.001183,,,,,,,190.27967199999998,0.038970000000000005,,128,7168,False,128,128,0,0,0,0,0,0,0,311.150822,18.790081000000004,0,0.024049999999999995,8,0.000341,330715356,,16,16788204,164.189552,6.370418999999999,1,118.989831,0.25417,156168,0,0,0,0,0,0,0,,,,,,,,,,,,,,,,,,,,,,,,,,,,,,,,,,,,,,,,,,,,,,,,,,,,,,,,,,,,,,,,,,,,,,,,,,,,,,,,,,,,,,,,,,,,,0.00485,1,0,0,,,,,,,,,,,,,,,,,,,,,,,,,,,,,0,0,,,,,,,,,,,,,,,,,,,0,,,,,,,,,,,,,,,,,,,0.065193,0,0.006482999999999999,0,16,,,,,,,,,,,,,,,,,,,,,,,,,,,,,raw,0,0,native_grid_planar_fractional,True,1,313.2324690000132,private-reference/01113fac8019cf83/00128.json.gz,0,True,0,0,0,0,0,32474,0.5316180000249915,81a155a3efe7badd5a4091ef7d3ea40f66e3dbbe3034ddd6189be08afcdfdce8,28933939,skarve_normalized_f64_v1,0.41973899999447895,406004758805,,True,372.59315800002923,private-reference/830ff461e29c2675/00128.json.gz,355c4a40babb77cb333f7d51af44dbb1e81d5ccf21bd77e00d2da2c318ae3b67,8
129,real-age36-D-2-http0-native-skv-raw,real-age36,D,http0,2,native-skv-raw,skv,331.3272259999849,449.65284699998165,0.380382425,0.44047999999999377,134873088,2147483648,native,36,real-age36|D|http0,5.470541000022422,406789606671,20.51067399997919,357.5061549999532,null,True,28933939,real-age36|D|2,0.0008410000305048015,,,1497376,288,16,0.001995,32768,1.709035,0,84934656,67108864,4,0,0,0.34509399999999996,63740916,75497472,0.008856999999999999,664432,0,8,141b322b011ae0b08bb16788da619152254bb789b26cad4c288d379965e27b86,16,0.001423,,,,,,,202.33909899999998,0.041415,,128,7168,False,128,128,0,0,0,28917555,18,2,20,326.582712,18.826065000000003,0,0.024902999999999995,8,0.000501,330723428,,16,17014824,175.90334000000001,7.143069000000001,1,120.07218499999998,0.33435099999999995,157572,0,0,0,0,0,0,0,,,,,,,,,,,,,,,,,,,,,,,,,,,,,,,,,,,,,,,,,,,,,,,,,,,,,,,,,,,,,,,,,,,,,,,,,,,,,,,,,,,,,,,,,,,,,0.009219,1,0,0,,,,,,,,,,,,,,,,,,,,,,,,,,,,,0,0,,,,,,,,,,,,,,,,,,,0,,,,,,,,,,,,,,,,,,,1.6484070000000002,0,0.00956,0,16,,,,,,,,,,,,,,,,,,,,,,,,,,,,,raw,28917555,20,native_grid_planar_fractional,True,1,328.89196500002527,private-reference/5e864e39886c8074/00129.json.gz,28933939,True,19,2,28933939,21,21,32702,0.5394279999677565,5e6f375cc92abcd9cc8d8fd07e5887c228b07307989a3ae1a94fa98ceb17f110,28933939,skarve_normalized_f64_v1,1.8914730000005875,406458278503,,True,389.1681110000036,private-reference/c954585f354d7a94/00129.json.gz,d94996b178fad20aad482f131f9b098243f8074f071c1f02a82175522b2674e9,8
130,worldpop1-B-2-http0-native-rsi64,worldpop1,B,http0,2,native-rsi64,cogband128,224.94022400002223,335.6270249999511,0.20243458599999997,0.26033600000000945,78413824,2147483648,native,1,worldpop1|B|http0,0.44893500000853237,407160166312,19.784261000040715,245.37140200004615,null,True,20322025,worldpop1|B|2,0,,,45576,8,129,0.0028959999999999997,32768,4.725924,0,4755456,67108864,0,0,0,0.40465300000000026,4845111,4227072,0.021517,3444976,0,8,296d9fed976d6ac6e3f4c55efb2f2e63630be203e8be2d36355c7f10059b0570,289,0.002074,,,,,,,81.950885,0.033789,,,,,,,0,0,0,1119855,59,2,61,212.269128,1.3657349999999995,0,0.004269999999999999,8,0.0006619999999999999,204862680,,258,275326,76.94376699999998,0.8258750000000001,1,2.1998049999999996,0.048898000000000004,8134,0,0,0,0,0,0,0,,,,,,,,,,,,,,,,,,,,,,,,,,,,,,,,,,,,,,,,,,,,,,,,,,,,,,,,,,,,,,,,,,,,,,,,,,,,,,,,,,,,,,,,,,,,,0.002676,1,0,0,,,,,,,,,,,,,,,,,,,,,,,,,,,,,422,225,,,,,,,,,,,,,,,,,,,72,,,,,,,,,,,,,,,,,,,3.426559,0,0.0,0,129,,,,,,,,,,,,,,,,,,,,,,,,,,,,,index64,1119855,61,native_grid_planar_fractional,True,1,213.23688900002935,private-reference/5dacdf7c95e4ec3e/00130.json.gz,1202615,True,286,5,1202615,291,291,1240,0.12378200000284778,ae861dc4801af35ca6376dd8cf332a700265b4f0daf25e4721ef113acc83f37f,18648801,skarve_normalized_f64_v1,11.535612999978184,406935225658,,True,277.35501600000134,private-reference/cc5978bcdf0b26a8/00130.json.gz,23b6f5aecec0ed2c8a6c7560ac94611f3aa59f9a83b5fa119279bb571c6f3d4d,8
131,worldpop1-A-1-local-native-skv-raw,worldpop1,A,local,1,native-skv-raw,skv,30.911702000025798,147.58453199999622,0.090045651,0.1465120000000013,68952064,2147483648,native,1,worldpop1|A|local,1.9491800000537296,407338756328,22.469209000007595,55.62696499998765,null,True,22778369,worldpop1|A|1,0.001283000017338054,,,,,,,,,,,,,,,,,,,,,,,,,,,,,,,,,,,,,,,,,,,,,,,,,,,,,,,,,,,,,,,,,,,,,,False,,,,,,skv,,,,False,,16384,0,0,0,0,0.0,0.0,0,0,0,100,50,0,5.301779999999999,100,90640,0,0.0,0.0,4800,11584,2084894,62,1638400,0.084201,14745600,14749575,0,0,25,1638400,0.0076300000000000005,11.272443999999998,0,89,90640,3.8979379999999986,65536,8192000,1977870,3.428717,0,0,source_handle_lifetime,False,,,,,,,,,,,,,,,,,9742336,False,pinned_file_stat,local,,,,,,,,,,,,,,,,,,,0,14745600,67108864,25,0,0,0,0,25,14762575,13107200,,590119,0,0,0,0,675072,268435456,,50,14466,0,,67108864,256,25,25,,,1.721293,,,0.049131,0.256542,,,27.017920000000004,11.272443999999998,0.285742,13.453613,,,0.01497,0.0,,29.460324999999997,0.012526,,,,,,,,,,,,,,,,,,,,,,,,,,,,,,,,,,,,,,,,,,,,,,,,,,,,,raw,,,native_grid_planar_fractional,True,1,29.82008899999755,private-reference/c4a36823102cb194/00131.json.gz,0,True,0,0,0,0,0,160,0.03802700001642734,bfb4cbec95ce9af2e5355642ae1e36dee8e8afba00ebe3df1a5c7789d9b91c7f,22778369,skarve_normalized_f64_v1,1.048545000003287,407307845528,,True,90.56453499999861,private-reference/056378a1c3287245/00131.json.gz,4b493c616968f352d0e6cc61cf1ce743d5c393e9ca7558426a2e2b5f797fef9a,1
132,worldpop1-A-2-http0-native-tiff,worldpop1,A,http0,2,native-tiff,ordinary,774.4480009999961,887.3533290000069,0.8176899630000001,0.8774959999999936,100036608,2147483648,native,1,worldpop1|A|http0,3.037831999961327,408242168714,18.657807000010962,796.4296819999959,null,True,18084641,worldpop1|A|2,0.001081999982943671,,,,,,,,,,,,,,,,,,,,,,,,,,,,,,,,,,,,,,,,,,,,,,,,,,,,,,,,,,,,,,,,,,,,,16777216,,0,1.728931,1,25,0,,0,shared_only_for_identical_data_and_mask_block_footprints_then_flushed_on_transition_or_window_exit,trusted_manifest,,http_original,,,,,,,,,,,,,,,,,,,,,,,,,,,,,,,,,,,,,,,,,,,,,,True,,6729504,4194304,7,13,26889933,34,15,3950560,2780864,0,15,4,6729504,19,,,,,,,,,,,,,,,,,,,,,,,0,14745600,67108864,25,0,0,0,0,25,14762975,13107200,,590135,6727995,7,2,9,677280,268435456,,50,14466,0,,67108864,256,25,25,,,1.9438770000000003,,,0.15805100000000005,0.145306,,,752.259072,3.799049,0.274148,720.022309,,,0.454775,0.0,,756.68076,0.021393,,,,,,,,,,,,,,,,,,,,,,,,,,,,,,,,,,,,,,,,,,,,,,,,,,,,,,6729504,19,native_grid_planar_fractional,True,1,757.063057000039,private-reference/95b05146f87736c7/00132.json.gz,6729504,True,15,4,6729504,19,19,159,0.07409099998767488,6b7c811950dafd49b0dace02d8ad09319150a5be646200d1e519d5ed02b8ce8d,18084641,skarve_normalized_f64_v1,17.303348999973878,407467720883,,True,827.1820889999617,private-reference/980480acc5fa6f51/00132.json.gz,7c16918b4fe5a12792b1dfc870ec9eb431ce533abc75f3653744269e1e54f760,1
133,real-age36-B-2-local-native-tiff,real-age36,B,local,2,native-tiff,band256,21.807292999994843,137.69489899999598,0.07551229400000001,0.1369359999999915,73117696,2147483648,native,1,real-age36|B|local,0.5218089999630138,408408813389,22.147250999978496,44.679995000024064,null,True,27830980,real-age36|B|2,0.0010119999842572724,,,45576,8,4,0.002385,32768,1.6121100000000002,0,2359296,67108864,0,0,0,0.015421999999999998,2362076,2097152,0.001102,513904,0,16,cca1dbf8aba1b32e7fe360e4f1eda26921c04013a21ad4219ce6ad87d5336d78,4,0.001373,,,,,,,7.58249,0.035723,,256,7168,True,128,256,0,0,0,0,0,0,0,12.726334000000001,0.440142,0,0.005032999999999999,8,0.000521,336820032,,8,472634,6.466778,0.209144,1,3.2941910000000005,0.083558,2329,0,0,0,0,0,0,0,,,,,,,,,,,,,,,,,,,,,,,,,,,,,,,,,,,,,,,,,,,,,,,,,,,,,,,,,,,,,,,,,,,,,,,,,,,,,,,,,,,,,,,,,,,,,0.001403,1,0,0,,,,,,,,,,,,,,,,,,,,,,,,,,,,,0,0,,,,,,,,,,,,,,,,,,,0,,,,,,,,,,,,,,,,,,,0.062026,0,0.004749,1,4,,,,,,,,,,,,,,,,,,,,,,,,,,,,,,0,0,native_grid_planar_fractional,True,1,13.435743000002276,private-reference/8ef9e88fb012bd57/00133.json.gz,0,True,0,0,0,0,0,1129,0.06735700003446254,fba1d5ef79886e5e7200884dceab42f930764eafb8fbd4698b34106f15ed3623,27830980,skarve_normalized_f64_v1,8.298452000019552,408387005004,,True,75.90162299999292,private-reference/86fda8c1aa3bd120/00133.json.gz,0d6378f99af1c8bafa6eede709a2ac31784579e26a268369748bce1873027abf,8
134,analytical40-1025x1031-A-1-http0-native-rsi64,analytical40-1025x1031,A,http0,1,native-rsi64,cogband128,65.92445600000474,182.31784199997492,0.10718589599999999,0.16765100000000643,74199040,2147483648,native,1,analytical40-1025x1031|A|http0,0.6120909999935975,408617916173,21.79946500001506,88.62493800000948,null,True,27254333,analytical40-1025x1031|A|1,3.251123000040934,,,,,,,,,,,,,,,,,,,,,,,,,259584,4,0,0,2211840,60,,,,,,,,,,,,,,,,,,,,,,,True,,,,,,,,,,,,,,,,16777216,,0,1.649497,1,60,0,,0,shared_only_for_identical_data_and_mask_block_footprints_then_flushed_on_transition_or_window_exit,trusted_manifest,,http_original,,,,,,,,,,,,,,,,,,,,,,,,,,,,,,,,,,,,,,,,,,,,,,True,,306316,4194304,13,0,339618,51,37,311052,311052,0,37,5,306316,42,,,,,,,,,,,,,,,,,,,,,,,,,,,,,,,,,,,,,,,,,,,,,,,,,,,,,,,,,,0.000701,0.464474,,,,,40.036145999999995,exclusive partition of this query call; source post-validation is in remaining execution; FFI envelope and transport subspans are not added to this partition,,,0.423889,40.92521,,,"""2ddb06a67f6192bee560462b0c5cc1ff3f28fd5b48217e6a344ebb4ce72c9580""",,http,325120,0,0,0,0,0,5,0,0,0,5,3,325120,8,,,,,,,64896,,,,,,60,5502017,256,True,0,196,False,1,405824,1,False,1,185211,60,134217728,0,0,192,196,65536,,196,index64,306316,42,native_grid_planar_fractional,True,1,41.63986899999372,private-reference/bac36c0f618a7b21/00134.json.gz,631436,True,42,8,631436,50,50,140,0.05537200001981546,acf0aa5bd7bc7b148855f79ff60ed369d76381ee8c619a1294380c8c784c473a,26442685,skarve_normalized_f64_v1,20.96883199999411,408551992018,,True,121.46303499997657,private-reference/8ffe8992dd76e925/00134.json.gz,576c83b2a8e15adb934bfe64dbbf0830870da83b4552f52547ef8611c44ffa95,1
135,worldpop1-A-2-local-native-cog,worldpop1,A,local,2,native-cog,cogband128,56.78985200000852,183.0207479999899,0.111791067,0.18220599999999365,84615168,2147483648,native,1,worldpop1|A|local,2.1059649999983776,408810957782,19.06241499995076,78.17597399997567,null,True,18648801,worldpop1|A|2,0.005059999978129781,,,,,,,,,,,,,,,,,,,,,,,,,,,,,,,,,,,,,,,,,,,,,,,,,,,,,,,,,,,,,,,,,,,,,16777216,,0,0.062657,1,25,0,,0,shared_only_for_identical_data_and_mask_block_footprints_then_flushed_on_transition_or_window_exit,trusted_manifest,,local_original,,,,,,,,,,,,,,,,,,,,,,,,,,,,,,,,,,,,,,,,,,,,,,False,,,,,,,,,,,,,,,,,,,,,,,,,,,,,,,,,,,,,,0,14745600,67108864,25,0,0,0,0,25,14762975,13107200,,590135,0,0,0,0,677280,268435456,,50,14466,0,,67108864,256,25,25,,,1.8899679999999996,,,0.082128,0.325561,,,46.53039200000002,3.4056900000000003,0.22504600000000002,37.677432,,,0.018046999999999997,0.0,,49.25466,0.038377,,,,,,,,,,,,,,,,,,,,,,,,,,,,,,,,,,,,,,,,,,,,,,,,,,,,,,,,native_grid_planar_fractional,True,1,49.58873600003244,private-reference/f0d25b7c4d3729d9/00135.json.gz,0,True,0,0,0,0,0,159,0.03896900000199821,6b7c811950dafd49b0dace02d8ad09319150a5be646200d1e519d5ed02b8ce8d,18648801,skarve_normalized_f64_v1,7.152186999974219,408754167609,,True,112.15234799999507,private-reference/eeb81629e68a8d64/00135.json.gz,14ad83cc29ffde329ad06e44a086e03b0eefdc0c22a8f82cfa476be5b2860e69,1
136,worldpop1-B-2-http0-native-tiff,worldpop1,B,http0,2,native-tiff,ordinary,1257.9838749999794,1371.9657669999492,1.302190195,1.3637290000000064,92934144,2147483648,native,1,worldpop1|B|http0,0.9416729999998097,410216821262,20.137003000002096,1279.2631920000304,null,True,18084641,worldpop1|B|2,0.0009419999855708738,,,45576,8,81,0.0073100000000000005,32768,3.6243380000000003,0,11943936,67108864,0,0,0,0.7116869999999998,12000231,10616832,0.04726700000000001,1992496,0,8,d9f73d3fd12438f673af7cffe620b04c9dcbca5f171483f6d96f1c84649c69c7,81,0.001482,,,,,,,1223.2442379999995,0.041267000000000005,,128,19648,False,128,128,0,0,0,6033857,11,2,13,1241.8509,3.0319399999999996,0,0.010432999999999994,8,0.0013009999999999999,337647092,,162,2003838,1170.492437,1.890769,1,11.477647000000005,0.327746,19250,0,0,0,0,0,0,0,,,,,,,,,,,,,,,,,,,,,,,,,,,,,,,,,,,,,,,,,,,,,,,,,,,,,,,,,,,,,,,,,,,,,,,,,,,,,,,,,,,,,,,,,,,,,0.005548,1,0,0,,,,,,,,,,,,,,,,,,,,,,,,,,,,,0,0,,,,,,,,,,,,,,,,,,,72,,,,,,,,,,,,,,,,,,,2.560171,0,0.009143,0,81,,,,,,,,,,,,,,,,,,,,,,,,,,,,,,6033857,13,native_grid_planar_fractional,True,1,1243.357016999994,private-reference/ebd04dfd3961780c/00136.json.gz,6035366,True,19,4,6035366,23,23,1240,0.1256140000123196,ae861dc4801af35ca6376dd8cf332a700265b4f0daf25e4721ef113acc83f37f,18084641,skarve_normalized_f64_v1,14.494625999986965,408958837086,,True,1310.0511170000004,private-reference/caa50376cd600ff5/00136.json.gz,c99c30a95b279adbe025b51a880da9856904d28e0e2d8d4a9e7e7dde716f0051,8
137,real-age36-C-0-local-native-tiff,real-age36,C,local,0,native-tiff,band256,301.9497810000189,415.45162099998834,0.358267931,0.41461799999999016,150179840,2147483648,native,36,real-age36|C|local,7.974916000023313,410654957065,18.54739899999913,328.680635000012,null,True,27830980,real-age36|C|0,0.0012219999803164683,,,,,,,,,,,,,,,,,,,,,,,,,,,,,,,,,,,,,,,,,,,,,,,,,,,,,,,,,,,,,,,,,,,,,16777216,,0,0.08658,1,12,0,,0,shared_only_for_identical_data_and_mask_block_footprints_then_flushed_on_transition_or_window_exit,trusted_manifest,,local_original,,,,,,,,,,,,,,,,,,,,,,,,,,,,,,,,,,,,,,,,,,,,,,False,,,,,,,,,,,,,,,,,,,,,,,,,,,,,,,,,,,,,,0,84934656,67108864,10,20057966,2,0,0,12,64895558,75497472,,10028471,0,0,0,0,255696,268435456,,288,377416,0,,67108864,256,12,4,,,20.861662999999997,,,2.333903,0.071189,,,272.349105,17.27445,0.02898,236.16136400000005,,,0.016002,0.0,,293.68535499999996,0.029651,,,,,,,,,,,,,,,,,,,,,,,,,,,,,,,,,,,,,,,,,,,,,,,,,,,,,,,,native_grid_planar_fractional,True,1,294.1907849999552,private-reference/4a381b21f48edc2d/00137.json.gz,0,True,0,0,0,0,0,4175,0.14286700002230646,780a6c2345077f08330b1cda863d7d67a9083da4d58afbad480fce62deb92723,27830980,skarve_normalized_f64_v1,7.610461000012947,410353007333,,True,358.52199300001075,private-reference/4b9d067f02f1bfae/00137.json.gz,fdafc3e1a8c1ce338cd3e6b6094482f45660b19ab4a953987c265c52703041a1,1
138,analytical40-1025x1031-C-1-local-native-skv-raw,analytical40-1025x1031,C,local,1,native-skv-raw,skv,461.83217800000875,577.5217450000127,0.520152465,0.5765660000000139,125931520,2147483648,native,40,analytical40-1025x1031|C|local,7.800868000003902,411252442236,18.801221999979134,488.6310200000139,null,True,24731327,analytical40-1025x1031|C|1,0.0006210000265127746,,,,,,,,,,,,,,,,,,,,,,,,,,,,,,,,,,,,,,,,,,,,,,,,,,,,,,,,,,,,,,,,,,,,,,False,,,,,,skv,,,,False,,16384,0,0,0,0,0.0,0.0,0,0,0,2560,32,0,90.04990799999975,2560,370800,0,0.0,0.0,3686400,11584,24194087,78,41943040,0.083475,377487360,377545072,0,0,16,41943040,0.04091600000000001,130.20839499999997,0,2515,370800,73.42176800000009,65536,209715200,23806903,13.286807000000005,0,0,source_handle_lifetime,False,,,,,,,,,,,,,,,,,9742336,False,pinned_file_stat,local,,,,,,,,,,,,,,,,,,,0,377487360,67108864,2,330361010,14,0,0,16,47194430,335544320,,23596703,0,0,0,0,628560,268435456,,32,418896,0,,67108864,256,16,16,,,79.267053,,,3.186998999999999,0.196511,,,380.461141,130.20839499999997,0.227133,222.31790099999998,,,0.011125,0.0,,460.683006,0.009193,,,,,,,,,,,,,,,,,,,,,,,,,,,,,,,,,,,,,,,,,,,,,,,,,,,,,raw,,,native_grid_planar_fractional,True,1,461.2789669999984,private-reference/a6332c0c2bb33f48/00138.json.gz,0,True,0,0,0,0,0,4415,0.11509899997008688,f799effb4e1b125bfdbf5c1f92cca3183010ea1d50e09b9a30517254f539ca7d,24731327,skarve_normalized_f64_v1,0.4344179999975495,410790610008,,True,520.379486999957,private-reference/4edf59fb836929f8/00138.json.gz,98d51d7505f3b551cb4c64e33dee046c637cf51fbe59023475862e787ab4f76e,1
139,real-age36-C-1-http0-native-tiff,real-age36,C,http0,1,native-tiff,band256,436.14848900000425,557.2370689999957,0.434302615,0.49351799999999457,155410432,2147483648,native,36,real-age36|C|http0,7.676978999995754,411831364272,21.898201999988487,465.9277309999652,null,True,27830980,real-age36|C|1,0.000990999978967011,,,,,,,,,,,,,,,,,,,,,,,,,,,,,,,,,,,,,,,,,,,,,,,,,,,,,,,,,,,,,,,,,,,,,16777216,,0,1.237623,1,12,0,,0,shared_only_for_identical_data_and_mask_block_footprints_then_flushed_on_transition_or_window_exit,trusted_manifest,,http_original,,,,,,,,,,,,,,,,,,,,,,,,,,,,,,,,,,,,,,,,,,,,,,True,,27832003,4194304,10,132,4579,19,155,4193160,4135889,0,155,4,27832003,159,,,,,,,,,,,,,,,,,,,,,,,0,84934656,67108864,10,18878174,2,0,0,12,66075350,75497472,,9438575,27827982,145,2,147,257088,268435456,,288,377416,0,,67108864,256,12,4,,,19.310918,,,2.4895899999999997,0.07428299999999999,,,396.433867,17.248961000000005,0.06737299999999999,363.315004,,,0.753132,0.0,,417.669418,0.026206,,,,,,,,,,,,,,,,,,,,,,,,,,,,,,,,,,,,,,,,,,,,,,,,,,,,,,27832003,159,native_grid_planar_fractional,True,1,418.63371799996685,private-reference/b6454bfce63435d8/00139.json.gz,27832003,True,155,4,27832003,159,159,4218,0.16486600003418062,90b8e74a54c8732d101857ef774fa9a6f291a71188a73e650c6fecf47092bbd0,27830980,skarve_normalized_f64_v1,17.343226000036793,411395215081,,True,497.48056999999335,private-reference/637c74d443d83625/00139.json.gz,2cc693492227b9c6a6a9ee85b5f573e9cb5a0dbf03fb8ae666335534b29f0728,1
140,analytical36-C-0-local-native-rsi64,analytical36,C,local,0,native-rsi64,cogband128,305.68306499998243,424.10026100003506,0.36267962899999995,0.4231099999999941,110989312,2147483648,native,36,analytical36|C|local,0.5999020000331257,412291802648,24.36380099999269,330.8481579999807,null,True,6454230,analytical36|C|0,0,,,87056,36,56,0.003026,65536,0.44343699999999997,0,37158912,67108864,0,0,0,0.34013,37289672,33030144,0.022827999999999994,378592,1,1,ea7ba983d35940aac8d7b3c1678f262dbb087eb7855928770d6ed0b2790cc843,64,0.0028840000000000003,,,,,,,264.658751,0.023252000000000002,,,,,,,0,0,0,0,0,0,0,289.842804,5.780360000000002,0,0.008664,2,0.0009010000000000001,201883332,,2016,2968488,230.36394900000002,3.046504000000001,2,22.632786000000003,0.103346,55296,0,0,0,0,0,0,0,,,,,,,,,,,,,,,,,,,,,,,,,,,,,,,,,,,,,,,,,,,,,,,,,,,,,,,,,,,,,,,,,,,,,,,,,,,,,,,,,,,,,,,,,,,,,0.003856,2,0,0,,,,,,,,,,,,,,,,,,,,,,,,,,,,,72,72,,,,,,,,,,,,,,,,,,,0,,,,,,,,,,,,,,,,,,,0.621127,0,0.0,0,56,,,,,,,,,,,,,,,,,,,,,,,,,,,,,index64,0,0,native_grid_planar_fractional,True,2,290.8617130000266,private-reference/1f9cb1f685b191fd/00140.json.gz,0,True,0,0,0,0,0,4000,0.09124100000690305,d899d2044a51304c17e4b8f724741943ca7c4792a86bf0124c26ca94bd8d8315,6142678,skarve_normalized_f64_v1,14.726354000003994,411986119702,,True,363.1101910000325,private-reference/71574aca29ef4a72/00140.json.gz,e35df5be95daa3e8dcf3103eeb16595d555ce52bea84ea05a53122a7255f8292,1
141,analytical40-1025x1031-C-1-http0-native-skv-raw,analytical40-1025x1031,C,http0,1,native-skv-raw,skv,523.0549870000232,635.6688010000084,0.556386596,0.6180949999999967,133038080,2147483648,native,40,analytical40-1025x1031|C|http0,0.27791000002252986,412949568072,18.404768999971566,541.9326530000035,null,True,24731327,analytical40-1025x1031|C|1,0.0009319999776380428,,,,,,,,,,,,,,,,,,,,,,,,,,,,,,,,,,,,,,,,,,,,,,,,,,,,,,,,,,,,,,,,,,,,,,False,,,,,,skv,,,,False,,16384,0,0,0,0,0.0,0.0,0,0,0,2560,32,0,91.90697800000008,2560,395520,42,0.0,0.0,3686400,11584,24218807,39,41943040,0.07501899999999999,377487360,377545072,0,0,16,41943040,0.05779299999999999,133.446642,0,2554,395520,73.44860400000005,65536,209715200,23806903,69.461795,0,0,source_handle_lifetime,False,,,24218807,4194304,0,33,0,0,38,3858519,3723326,0,39,2,24218807,41,9742336,False,strong_etag_conditional_ranges,http,24218807,4194304,0,33,0,0,38,3858519,3723326,0,39,2,24218807,41,,,,,0,377487360,67108864,2,330361010,14,0,0,16,47194430,335544320,,23596703,24202423,38,2,40,628560,268435456,,32,418896,0,,67108864,256,16,16,,,78.925246,,,3.3306280000000017,0.196109,,,439.3631060000001,133.446642,0.238514,279.021302,,,0.510619,0.0,,520.440321,0.011994000000000001,,,,,,,,,,,,,,,,,,,,,,,,,,,,,,,,,,,,,,,,,,,,,,,,,,,,,raw,24218807,41,native_grid_planar_fractional,True,1,521.0685959999637,private-reference/a1d0e7cdd0f08373/00141.json.gz,24218807,True,39,2,24218807,41,41,4415,0.10558900004298266,f799effb4e1b125bfdbf5c1f92cca3183010ea1d50e09b9a30517254f539ca7d,24731327,skarve_normalized_f64_v1,1.8767039999829649,412426513035,,True,573.5005290000004,private-reference/07769bbb6291287a/00141.json.gz,6dd828339a36a6b79f72238eac7a2229153eb6c4d75652e7aca21e64cfa560cd,1
142,real-age36-D-0-local-natural-ee,real-age36,D,local,0,natural-ee,cog256,320.6865989999983,515.1670320000221,0.44014235599999996,0.5144190000000037,188080128,2147483648,upstream,36,real-age36|D|local,2.084306999961427,413476636309,,324.584295999955,null,True,21256336,real-age36|D|0,,,,,,,,,,,,,,,,,,,,,,,,,,,,,,,,,,,,,,,,,,,,,,,,,,,,,,,,,,,,,,,,,,,,,,,,,,,,,,,,,,,,,,,,,,,,,,,,,,,,,,,,,,,,,,,,,,,,,,,,,,,,,,,,,,,,,,,,,,,,,,,,,,,,,,,,,,,,,,,,,,,,,,,,,,,,,,,,,,,,,,,,,,,,,,,,,,,,,,,,,,,,,,,,,,,,,,,,,,,,,,,,,,,,,,,,,,,,,,,,,,,,,,,,,,,,,,,,,,,,,,,,,,raster-sequential,,,exactextract_fractional_v030,True,,312.402029999987,private-reference/6bc9597799fc36a7/00142.json.gz,0,True,0,0,0,0,0,31962,0.5282160000206204,f86d32e1655a2779231e9821b5cf4ca4c73724d90befa3b18b76b5e4ada88330,21256336,,7.752936000031241,413155949901,,True,440.4098260000069,private-reference/03a0afd16438f9f1/00142.json.gz,1bdb67a17409dad839969fdced6a818214abe2c5641e3c41c2b808003a8541cd,8
143,analytical40-1025x1031-A-1-local-natural-ee,analytical40-1025x1031,A,local,1,natural-ee,cogband128,42.55052799999248,228.10995899999398,0.155693664,0.22741400000001022,90079232,2147483648,upstream,1,analytical40-1025x1031|A|local,0.5619020000153796,413735966860,,45.11402899998984,null,True,26442685,analytical40-1025x1031|A|1,,,,,,,,,,,,,,,,,,,,,,,,,,,,,,,,,,,,,,,,,,,,,,,,,,,,,,,,,,,,,,,,,,,,,,,,,,,,,,,,,,,,,,,,,,,,,,,,,,,,,,,,,,,,,,,,,,,,,,,,,,,,,,,,,,,,,,,,,,,,,,,,,,,,,,,,,,,,,,,,,,,,,,,,,,,,,,,,,,,,,,,,,,,,,,,,,,,,,,,,,,,,,,,,,,,,,,,,,,,,,,,,,,,,,,,,,,,,,,,,,,,,,,,,,,,,,,,,,,,,,,,,,,feature-sequential,,,exactextract_fractional_v030,True,,28.406251999967935,private-reference/ae1aee250db47710/00143.json.gz,0,True,0,0,0,0,0,139,0.05823499998314219,451dfeae45214ac378d3aecb3f11bc86164235dc48ef1b1afa5f2199081821a5,26442685,,14.082924000035746,413693416332,,True,155.90641500000402,private-reference/e2c7fd74af823157/00143.json.gz,d0c67c6c66c7e387aac582b711161f9db01f39dae85df1bddb26cda1e20d44b6,1
144,analytical36-C-2-http0-native-rsi64,analytical36,C,http0,2,native-rsi64,cogband128,669.7523720000049,782.7240279999614,0.579446693,0.6395939999999882,117354496,2147483648,native,36,analytical36|C|http0,0.8287749999453808,414549620307,20.634905999997954,691.4081519999513,null,True,6454230,analytical36|C|2,0,,,87056,36,56,0.002164,65536,0.5354760000000001,0,37158912,67108864,0,0,0,0.5034609999999999,37289672,33030144,0.025750999999999993,382048,1,1,63bcac4cb2663ab73304a35507a42086b9b9aacae5e5e0819201c2392ade3006,64,0.003266,,,,,,,565.5952580000001,0.021682999999999997,,,,,,,0,0,0,4458695,437,4,441,638.681702,6.511192000000003,0,0.006974,2,0.000792,201886052,,2016,3176928,541.403399,2.7208469999999996,2,24.681612000000005,0.11111,57024,0,0,0,0,0,0,0,,,,,,,,,,,,,,,,,,,,,,,,,,,,,,,,,,,,,,,,,,,,,,,,,,,,,,,,,,,,,,,,,,,,,,,,,,,,,,,,,,,,,,,,,,,,,0.011602000000000001,2,0,0,,,,,,,,,,,,,,,,,,,,,,,,,,,,,72,72,,,,,,,,,,,,,,,,,,,578,,,,,,,,,,,,,,,,,,,6.113173999999999,0,0.0,0,56,,,,,,,,,,,,,,,,,,,,,,,,,,,,,index64,4458695,441,native_grid_planar_fractional,True,2,639.5976939999741,private-reference/2db094f49d6f746c/00144.json.gz,4657927,True,525,10,4657927,535,535,4006,0.08948600003577667,8fbff0b61c68af05158cd4dfde5b7131f1151eedff44ed4c69d74f02fa43b918,6142678,skarve_normalized_f64_v1,30.05999999999176,413879868025,,True,722.1957319999888,private-reference/a70c66173c461f96/00144.json.gz,7ced74793373a7a9eeb65db5fa9bf97023e660a2304c290481382e121c5ab2f0,1
145,worldpop1-A-0-local-native-skv-summary,worldpop1,A,local,0,native-skv-summary,skv,11.68345399997861,117.50680300002614,0.062351434000000004,0.11706800000000328,58523648,2147483648,native,1,worldpop1|A|local,0.13927499998089843,414707684210,19.121110000014596,31.183051000027717,null,True,22778369,worldpop1|A|0,0.000831999955153151,,,,,,,,,,,,,,,,,,,,,,,,,,,,,,,,,,,,,,,,,,,,,,,,,,,,,,,,,,,,,,,,,,,,,,False,,,,,,skv,,,,False,,16384,0,0,0,0,0.0,0.0,0,0,0,0,0,0,3.044296,32,107120,0,0.0,0.0,2352,11584,660687,46,524288,0.067884,4718592,4723680,0,0,32,524288,0.006264,1.005072,0,38,107120,2.122611,65536,2621440,537183,0.62712,19,0,source_handle_lifetime,False,,,,,,,,,,,,,,,,,9742336,False,pinned_file_stat,local,,,,,,,,,,,,,,,,,,,,,67108864,,,,,,,4740320,4194304,,,,,,,,,,,,,,,128,32,,,,,0.0,0.0,,,,,,1.005072,,6.618989,,,,0.0,,10.842845,,,,,,,,,,,,,,,,,,,,,,,,,,,1,0,0,0,False,32,146889793,127,,,49,False,,,,,,172340,32,,,,,19,,19,49,summary,,,native_grid_planar_fractional,True,1,11.230671000021175,private-reference/0f16028fb09e3d66/00145.json.gz,0,True,0,0,0,0,0,161,0.04505900000140173,dfd61dc71363e7bd4be6ab2e28d4f02024cc1dfcf706390a8cb14dfa20bfb7b8,22778369,skarve_normalized_f64_v1,0.4027449999739474,414696000636,,True,62.39530800002058,private-reference/6a51bf1e2cd0f4e2/00145.json.gz,ddf885e19ea6de509d7a0ac5e5d023a2cd10bd760328e17809b5c30fcb4a2566,1
146,analytical36-D-2-http0-native-skv-raw,analytical36,D,http0,2,native-skv-raw,skv,282.9863160000059,390.1995509999665,0.322370116,0.37915900000000136,130736128,2147483648,native,36,analytical36|D|http0,1.264857999956348,415111370506,18.343816000026436,302.7962650000404,null,True,5770145,analytical36|D|2,0.000551000027826376,,,1497376,288,18,0.001513,32768,1.158989,0,85515264,67108864,4,0,0,0.268008,64336242,76013568,0.007723000000000001,666976,0,8,ffe7a97fa2f07ec5058551e0ed95c80f9c8135d7786b6a5147d2967b095224d8,18,0.0008320000000000001,,,,,,,146.667755,0.03532,,128,7552,False,128,128,0,0,0,5616903,20,2,22,278.869801,19.159076999999996,0,0.023845999999999992,8,0.000401,330726500,,18,17286804,122.351774,4.789941999999999,1,128.95893900000002,0.271575,158328,0,0,0,0,0,0,0,,,,,,,,,,,,,,,,,,,,,,,,,,,,,,,,,,,,,,,,,,,,,,,,,,,,,,,,,,,,,,,,,,,,,,,,,,,,,,,,,,,,,,,,,,,,,0.009218,1,0,0,,,,,,,,,,,,,,,,,,,,,,,,,,,,,0,0,,,,,,,,,,,,,,,,,,,0,,,,,,,,,,,,,,,,,,,0.9942250000000001,0,0.006543,0,18,,,,,,,,,,,,,,,,,,,,,,,,,,,,,raw,5616903,22,native_grid_planar_fractional,True,1,280.84124800000154,private-reference/017aa0c97819beaf/00146.json.gz,5633287,True,21,2,5633287,23,23,29879,0.48933200002920785,4c8f72b841b57deaf9bf2c4afcce533e3b74f4c7b7277eaf902887de2273b3e8,5770145,skarve_normalized_f64_v1,1.6526800000065123,414828384310,,True,332.9886829999964,private-reference/5a42844eb25d2603/00146.json.gz,6337db169b734e18f165362f9afa468d45780f5ecbfb5509edbc1bf378d27791,8
147,worldpop1-A-0-local-natural-ee,worldpop1,A,local,0,natural-ee,cogband128,40.03326399998741,231.94642300001078,0.158413637,0.23111299999999346,88633344,2147483648,upstream,1,worldpop1|A|local,0.498611000011806,415357588939,,42.05552000001944,null,True,18648801,worldpop1|A|0,,,,,,,,,,,,,,,,,,,,,,,,,,,,,,,,,,,,,,,,,,,,,,,,,,,,,,,,,,,,,,,,,,,,,,,,,,,,,,,,,,,,,,,,,,,,,,,,,,,,,,,,,,,,,,,,,,,,,,,,,,,,,,,,,,,,,,,,,,,,,,,,,,,,,,,,,,,,,,,,,,,,,,,,,,,,,,,,,,,,,,,,,,,,,,,,,,,,,,,,,,,,,,,,,,,,,,,,,,,,,,,,,,,,,,,,,,,,,,,,,,,,,,,,,,,,,,,,,,,,,,,,,,feature-sequential,,,exactextract_fractional_v030,True,,31.86612399997557,private-reference/f09f20a2138d4029/00147.json.gz,0,True,0,0,0,0,0,162,0.0927730000057636,114828139bc88bff5ad68125bb116e1e7b5711428b00552d36ebe0ba069fc3f4,18648801,,8.069627999987006,415317555455,,True,158.74547499998926,private-reference/510b9ea5f4f83076/00147.json.gz,f59a44d12969c91790cfe3f452aceb9ec2b7cbdc123fa7fffe388594181162b5,1
148,analytical36-C-2-local-native-skv-raw,analytical36,C,local,2,native-skv-raw,skv,137.4509340000145,251.29411500000742,0.197215291,0.25085699999999633,139538432,2147483648,native,36,analytical36|C|local,7.476272000019435,415644864131,19.53188999999611,164.6578360000035,null,True,5770145,analytical36|C|2,0.0004910000370728085,,,,,,,,,,,,,,,,,,,,,,,,,,,,,,,,,,,,,,,,,,,,,,,,,,,,,,,,,,,,,,,,,,,,,,False,,,,,,skv,,,,False,,16384,0,0,0,0,0.0,0.0,0,0,0,576,8,0,20.96936,576,90640,0,0.0,0.0,248832,11584,5548331,20,9437184,0.081931,84934656,84947676,0,0,4,9437184,0.008256,56.912867000000006,0,565,90640,16.695850999999994,65536,47185920,5441307,2.6261660000000004,0,0,source_handle_lifetime,False,,,,,,,,,,,,,,,,,9742336,False,pinned_file_stat,local,,,,,,,,,,,,,,,,,,,0,84934656,67108864,3,21237567,1,0,0,4,63712701,75497472,,21237055,0,0,0,0,261408,268435456,,8,377416,0,,67108864,256,4,4,,,17.621537000000004,,,2.3204550000000004,0.16495400000000002,,,118.284507,56.912867000000006,0.09363400000000001,54.163895999999994,,,0.012344,0.0,,136.462098,0.009389,,,,,,,,,,,,,,,,,,,,,,,,,,,,,,,,,,,,,,,,,,,,,,,,,,,,,raw,,,native_grid_planar_fractional,True,1,136.92310500005078,private-reference/0b734ba15f36e148/00148.json.gz,0,True,0,0,0,0,0,4006,0.1035640000282001,8fbff0b61c68af05158cd4dfde5b7131f1151eedff44ed4c69d74f02fa43b918,5770145,skarve_normalized_f64_v1,0.42034699998794167,415507413067,,True,197.26957099999254,private-reference/1401037236b4305c/00148.json.gz,88efda656b11956b8d7d00197f972c405b08a09256275854b481724e7a4b315d,1
149,worldpop1-B-2-local-native-rsi256,worldpop1,B,local,2,native-rsi256,cogband128,55.650942999989184,161.85197400000106,0.10806490399999999,0.16119500000002063,84000768,2147483648,native,1,worldpop1|B|local,1.679232000014963,415835401627,20.049589999985074,77.58992899999839,null,True,18817225,worldpop1|B|2,0,,,45576,8,23,0.0028550000000000003,32768,2.369986,0,13565952,67108864,0,0,0,0.09019399999999998,13581937,12058624,0.005214000000000001,1421296,0,8,5f36a69894fe302b5b00dd48a8b8a200ab22af4219d2a2f32dc5216dd78369dc,25,0.001312,,,,,,,38.36465400000001,0.037734000000000004,,,,,,,0,0,0,0,0,0,0,46.82028,2.869954,0,0.00511,8,0.000411,202839368,,46,1086334,30.727223000000002,1.741596,1,5.53228,0.07837300000000001,7894,0,0,0,0,0,0,0,,,,,,,,,,,,,,,,,,,,,,,,,,,,,,,,,,,,,,,,,,,,,,,,,,,,,,,,,,,,,,,,,,,,,,,,,,,,,,,,,,,,,,,,,,,,,0.001443,1,0,0,,,,,,,,,,,,,,,,,,,,,,,,,,,,,14,9,,,,,,,,,,,,,,,,,,,0,,,,,,,,,,,,,,,,,,,0.155044,0,0.0,0,23,,,,,,,,,,,,,,,,,,,,,,,,,,,,,index256,0,0,native_grid_planar_fractional,True,1,47.91568799998913,private-reference/cd2c5af258d22495/00149.json.gz,0,True,0,0,0,0,0,1240,0.06198199997697884,ae861dc4801af35ca6376dd8cf332a700265b4f0daf25e4721ef113acc83f37f,18648801,skarve_normalized_f64_v1,7.66708200001176,415779750102,,True,108.10982600003172,private-reference/e20b13492b328cf2/00149.json.gz,30e387a3a46f855096aecbf2217c9d8e6955165a163e236fbdea57e733ecc728,8
150,real-age36-C-2-http0-natural-ee,real-age36,C,http0,2,natural-ee,cog128,316.5941700000303,506.25523600001543,0.400573096,0.4805899999999923,188272640,2147483648,upstream,36,real-age36|C|http0,0.24776599997267112,416336442541,,318.7154679999935,null,True,21326870,real-age36|C|2,,,,,,,,,,,,,,,,,,,,,,,,,,,,,,,,,,,,,,,,,,,,,,,,,,,,,,,,,,,,,,,,,,,,,,,,,,,,,,,,,,,,,,,,,,,,,,,,,,,,,,,,,,,,,,,,,,,,,,,,,,,,,,,,,,,,,,,,,,,,,,,,,,,,,,,,,,,,,,,,,,,,,,,,,,,,,,,,,,,,,,,,,,,,,,,,,,,,,,,,,,,,,,,,,,,,,,,,,,,,,,,,,,,,,,,,,,,,,,,,,,,,,,,,,,,,,,,,,,,,,,,,,,feature-sequential,,,exactextract_fractional_v030,True,,305.2506490000155,private-reference/7c3d346fe6d96769/00150.json.gz,21326870,True,4,1,21326870,5,5,4216,0.1858640000023115,681d8e43dd6a122174d485bbb2fcb0ab96fa4d09a190556c48095bf2f4133046,21326870,,11.154650000037236,416019848812,,True,425.6701269999894,private-reference/cf06060f55f4de45/00150.json.gz,eb3ba3e5aabbf5c2dfe62c6baeec668a36647de9b5fee0d750eff8ce20960faf,1
151,real-age36-B-0-local-native-skv-raw,real-age36,B,local,0,native-skv-raw,skv,11.780302000033771,122.22862400000167,0.064254671,0.12106699999999648,56782848,2147483648,native,1,real-age36|B|local,0.13531499996588536,416513069309,19.402813999988666,31.61273899996786,null,True,28933939,real-age36|B|0,0.0009419999855708738,,,45576,8,16,0.0016530000000000002,32768,1.3009899999999999,0,2359296,67108864,0,0,0,0.022642999999999996,2370160,2097152,0.0011810000000000002,656416,0,8,91cbd51efde644c68ee88a85ab00825c523ddea07c3f9b7d5eef8af49e1ceb58,16,0.001112,,,,,,,5.722565,0.040218,,128,7168,False,128,128,0,0,0,0,0,0,0,10.428552,0.4646429999999999,0,0.004787,8,0.00043099999999999996,329263176,,16,466339,4.910502,0.22888999999999998,1,3.219188999999999,0.045811000000000004,4338,0,0,0,0,0,0,0,,,,,,,,,,,,,,,,,,,,,,,,,,,,,,,,,,,,,,,,,,,,,,,,,,,,,,,,,,,,,,,,,,,,,,,,,,,,,,,,,,,,,,,,,,,,,0.00506,1,0,0,,,,,,,,,,,,,,,,,,,,,,,,,,,,,0,0,,,,,,,,,,,,,,,,,,,0,,,,,,,,,,,,,,,,,,,0.045689999999999995,0,0.004208,0,16,,,,,,,,,,,,,,,,,,,,,,,,,,,,,raw,0,0,native_grid_planar_fractional,True,1,11.124676999997973,private-reference/65da9b7032cfe35f/00151.json.gz,0,True,0,0,0,0,0,1126,0.06520799996678761,e5be80f35647b04d8164614e8b572f17a141c185e6dbc1b2ec94c2f8a04c4630,28933939,skarve_normalized_f64_v1,0.5851770000049328,416501288566,,True,64.85509499998443,private-reference/9040a997555c4c98/00151.json.gz,625e5a3c23f16ceee61b16f6efe4f2316cfc864f19de19cf41e84e354efa40b2,8
152,worldpop1-B-0-http0-native-rsi256,worldpop1,B,http0,0,native-rsi256,cogband128,110.73499000002585,226.68688100003465,0.145279395,0.20518599999999765,87404544,2147483648,native,1,worldpop1|B|http0,1.7064740000023448,416760379594,21.19544799995765,133.92591799998854,null,True,18817225,worldpop1|B|0,0,,,45576,8,23,0.0017230000000000001,32768,2.783456,0,13565952,67108864,0,0,0,0.117854,13581937,12058624,0.009597999999999999,1410256,0,8,1b32f317dc18ced7c860f791397e22f947084004d3af6942bd0019fcea6f42a6,25,0.002655,,,,,,,80.056387,0.059376000000000005,,,,,,,0,0,0,1653085,48,2,50,98.053749,3.1052179999999994,0,0.004065,8,0.000511,202827936,,46,1083614,72.570536,1.8419559999999997,1,5.521260999999999,0.050060999999999994,7855,0,0,0,0,0,0,0,,,,,,,,,,,,,,,,,,,,,,,,,,,,,,,,,,,,,,,,,,,,,,,,,,,,,,,,,,,,,,,,,,,,,,,,,,,,,,,,,,,,,,,,,,,,,0.003998,1,0,0,,,,,,,,,,,,,,,,,,,,,,,,,,,,,14,9,,,,,,,,,,,,,,,,,,,0,,,,,,,,,,,,,,,,,,,3.2681340000000003,0,0.0,0,23,,,,,,,,,,,,,,,,,,,,,,,,,,,,,index256,1653085,50,native_grid_planar_fractional,True,1,98.7985090000052,private-reference/0ed82f7a9d9d983a/00152.json.gz,1720293,True,59,5,1720293,64,64,1258,0.04640099996322533,4a6cd2a5f470531511575f9777b40a41556bbc3b42879e046e29fc5ae511a873,18648801,skarve_normalized_f64_v1,11.884729000030347,416649645506,,True,166.3003700000445,private-reference/2053b2a9ce91a9a8/00152.json.gz,67e9d06137a967df75290c9d324c1413c1c12b0cf107b960a21a544075ceeb5f,8
153,real-age36-C-2-http0-native-cog,real-age36,C,http0,2,native-cog,cog128,399.78255300002274,526.0214840000117,0.441052146,0.5106360000000052,167030784,2147483648,native,36,real-age36|C|http0,4.939522000029228,417298530052,19.019271999979992,423.93375000000333,null,True,21326870,real-age36|C|2,0.0008609999895270448,,,,,,,,,,,,,,,,,,,,,,,,,,,,,,,,,,,,,,,,,,,,,,,,,,,,,,,,,,,,,,,,,,,,,16777216,,0,1.405606,36,12,0,,0,shared_only_for_identical_data_and_mask_block_footprints_then_flushed_on_transition_or_window_exit,trusted_manifest,,http_original,,,,,,,,,,,,,,,,,,,,,,,,,,,,,,,,,,,,,,,,,,,,,,True,,63980861,4194304,13,33,3807,20,34,3123838,2599899,0,34,4,63980861,38,,,,,,,,,,,,,,,,,,,,,,,0,84934656,67108864,10,20057966,2,0,0,12,64895558,75497472,,10028471,63976982,26,2,28,258864,268435456,,288,377416,0,,67108864,256,12,4,,,15.149618999999998,,,1.1497859999999998,0.08638599999999999,,,366.971566,17.075066,0.06125,332.694087,,,0.770589,0.0,,384.14265600000004,0.0268,,,,,,,,,,,,,,,,,,,,,,,,,,,,,,,,,,,,,,,,,,,,,,,,,,,,,,63980861,38,native_grid_planar_fractional,True,1,384.68855700000404,private-reference/fc5d3a2b19040cbc/00153.json.gz,63980861,True,34,4,63980861,38,38,4211,0.10457299998734015,78ea1b1d7c574d80aac7cf2fe459d522f8702c4e987f34f246a9977617de8717,21326870,skarve_normalized_f64_v1,14.984656000024188,416898747579,,True,456.04217900000776,private-reference/3a93e826af99729a/00153.json.gz,7cee0495380e44d5902b6ddb5c9cf95e02205f8d7bf88efe7201984fb5cea6f0,1
154,analytical36-C-0-local-natural-ee,analytical36,C,local,0,natural-ee,cogband128,248.32064999998238,459.0061760000026,0.37172460900000004,0.458556999999999,165347328,2147483648,upstream,36,analytical36|C|local,0.3809079999541609,417769456705,,250.51030000003038,null,True,6142678,analytical36|C|0,,,,,,,,,,,,,,,,,,,,,,,,,,,,,,,,,,,,,,,,,,,,,,,,,,,,,,,,,,,,,,,,,,,,,,,,,,,,,,,,,,,,,,,,,,,,,,,,,,,,,,,,,,,,,,,,,,,,,,,,,,,,,,,,,,,,,,,,,,,,,,,,,,,,,,,,,,,,,,,,,,,,,,,,,,,,,,,,,,,,,,,,,,,,,,,,,,,,,,,,,,,,,,,,,,,,,,,,,,,,,,,,,,,,,,,,,,,,,,,,,,,,,,,,,,,,,,,,,,,,,,,,,,feature-sequential,,,exactextract_fractional_v030,True,,227.96191000003319,private-reference/e845ee5eb4078e53/00154.json.gz,0,True,0,0,0,0,0,3997,0.12829799999281022,9bac7d9c47d1803b601e8d3c7161278eee04d44bab00bf86f11d42e52ee54221,6142678,,20.227648999991743,417521136465,,True,371.8428450000033,private-reference/1ced48c4ce9aeb2a/00154.json.gz,4966c9d26cebff2481b5c7ef864076bb392e224e0e1349a5c4c8431580aa56a9,1
155,worldpop1-A-1-http0-native-rsi64,worldpop1,A,http0,1,native-rsi64,cogband128,57.67972500001406,172.7031809999744,0.099527574,0.16014199999999335,71577600,2147483648,native,1,worldpop1|A|http0,0.5965209999772014,417992704058,18.40592500002458,76.8971150000084,null,True,20322025,worldpop1|A|1,2.720957000008184,,,,,,,,,,,,,,,,,,,,,,,,,196560,3,0,0,2359296,64,,,,,,,,,,,,,,,,,,,,,,,True,,,,,,,,,,,,,,,,16777216,,0,1.295142,1,64,0,,0,shared_only_for_identical_data_and_mask_block_footprints_then_flushed_on_transition_or_window_exit,trusted_manifest,,http_original,,,,,,,,,,,,,,,,,,,,,,,,,,,,,,,,,,,,,,,,,,,,,,True,,487457,4194304,19,0,480033,51,35,491937,491937,0,35,5,487457,40,,,,,,,,,,,,,,,,,,,,,,,,,,,,,,,,,,,,,,,,,,,,,,,,,,,,,,,,,,0.0006810000000000001,0.452465,,,,,42.56617200000001,exclusive partition of this query call; source post-validation is in remaining execution; FFI envelope and transport subspans are not added to this partition,,,0.46473400000000004,43.484052000000005,,,"""a700cc9d65c64ee3b93835d82d56b3594f2821579bd20722c70ceadcdf21bc9b""",,http,262096,0,0,0,0,0,4,0,0,0,4,3,262096,7,,,,,,,65520,,,,,,64,5502017,289,True,0,225,False,1,1673224,1,False,1,58500,64,134217728,0,0,222,225,65536,,225,index64,487457,40,native_grid_planar_fractional,True,1,44.11022699997602,private-reference/93c0c7c0cd331f6b/00155.json.gz,749553,True,39,8,749553,47,47,160,0.057314000002861576,bfb4cbec95ce9af2e5355642ae1e36dee8e8afba00ebe3df1a5c7789d9b91c7f,18648801,skarve_normalized_f64_v1,10.784317000002375,417935023452,,True,111.75166999998964,private-reference/055f4d8662a5bbd8/00155.json.gz,2d9ae562324c3fafeefd89c76a2e70dbec5d8a9a99728ab043ccb9a7f251bb1a,1
156,analytical40-1025x1031-C-2-local-native-rsi64,analytical40-1025x1031,C,local,2,native-rsi64,cogband128,733.8941900000009,852.7336550000086,0.788499024,0.852326000000005,141856768,2147483648,native,40,analytical40-1025x1031|C|local,3.1984899999883964,418858407119,19.287830999985545,756.7354399999999,null,True,27254333,analytical40-1025x1031|C|2,0,,,107796,40,120,0.002363,65536,1.529643,0,88473600,67108864,30,0,0,1.05883,66581190,78643200,0.05630999999999999,1355104,1,1,8f92e7715f11f86074016481c075f92455ebe481f82f0eb8b48e7392b64a625c,256,0.002334,,,,,,,653.4562350000002,0.022423,,,,,,,0,0,0,0,0,0,0,717.20633,14.185258999999999,0,0.007011,2,0.000862,202860004,,4800,7687360,573.0215510000002,6.585049999999998,2,57.18535399999999,0.062632,136960,0,0,0,0,0,0,0,,,,,,,,,,,,,,,,,,,,,,,,,,,,,,,,,,,,,,,,,,,,,,,,,,,,,,,,,,,,,,,,,,,,,,,,,,,,,,,,,,,,,,,,,,,,,0.0033549999999999995,2,0,0,,,,,,,,,,,,,,,,,,,,,,,,,,,,,392,392,,,,,,,,,,,,,,,,,,,0,,,,,,,,,,,,,,,,,,,0.387595,0,0.0,0,120,,,,,,,,,,,,,,,,,,,,,,,,,,,,,index64,0,0,native_grid_planar_fractional,True,2,718.2794139999942,private-reference/29a05bb3241f3d9f/00156.json.gz,0,True,0,0,0,0,0,4392,0.10371099995154509,ac14431e595cf0df4b69f51d7c381c2086f1ac292aa6ad1c1b6b84ce03955fd4,26442685,skarve_normalized_f64_v1,15.48667000002979,418124512919,,True,788.5693520000245,private-reference/13ab9acc37a27274/00156.json.gz,5542aa94fe9cde8921b6a029cfedd67360b6c994015a3701aa2de5a918aa4224,1
157,analytical40-1025x1031-A-0-local-native-rsi256,analytical40-1025x1031,A,local,0,native-rsi256,cogband128,41.8296270000269,170.2648419999946,0.098295897,0.16927599999999643,75255808,2147483648,native,1,analytical40-1025x1031|A|local,0.19269000000576852,419055428373,22.533678000002055,64.81785699998,null,True,26638653,analytical40-1025x1031|A|0,0.2772629999867604,,,,,,,,,,,,,,,,,,,,,,,,,3328,4,0,0,7077888,12,,,,,,,,,,,,,,,,,,,,,,,True,,,,,,,,,,,,,,,,16777216,,0,0.08501299999999999,1,12,0,,0,shared_only_for_identical_data_and_mask_block_footprints_then_flushed_on_transition_or_window_exit,trusted_manifest,,local_original,,,,,,,,,,,,,,,,,,,,,,,,,,,,,,,,,,,,,,,,,,,,,,False,,,,,,,,,,,,,,,,,,,,,,,,,,,,,,,,,,,,,,,,,,,,,,,,,,,,,,,,,,,,,,,,,,,,,,,,,0.00011,0.009033,,,,,24.904239,exclusive partition of this query call; source post-validation is in remaining execution; FFI envelope and transport subspans are not added to this partition,,,0.018237,24.931618999999998,,,,2096:712249:97984:1789300670:777362394:1789300670:777362394,local,,,,,,,,,,,,,,,,,,,,,0,,,,,,12,4703297,25,True,0,4,False,4,97984,1,False,0,720922,12,134217728,0,0,0,4,0,,4,index256,,,native_grid_planar_fractional,True,1,25.182223000001613,private-reference/f976a06b3d3ef0f9/00157.json.gz,0,True,0,0,0,0,0,138,0.038496000001941866,3f59ba840b4903208d287a79769eca9f94b99b8f0f86dc5aa31ecb2e9525ce8d,26442685,skarve_normalized_f64_v1,16.326536999997643,419013599026,,True,98.8251210000044,private-reference/81a98c7c84690275/00157.json.gz,74fee6cb14d789216c22770316ad033c3636d7450d40679d10e7f2d3d7ddb645,1
158,real-age36-C-1-local-native-rsi64,real-age36,C,local,1,native-rsi64,cogband128,312.5846749999823,431.9151899999838,0.368062198,0.43123400000000345,108040192,2147483648,native,36,real-age36|C|local,0.5499300000337826,419506430445,21.191538999971726,334.5336140000086,null,True,28148818,real-age36|C|1,0,,,87056,36,56,0.0024839999999999997,65536,0.512075,0,37158912,67108864,0,0,0,0.34546500000000013,37273544,33030144,0.026149,376768,1,1,93acc07fe4a27658b6949c523920462b2795a99503a6fa2fd1728995f2178ac4,64,0.002934,,,,,,,279.07906,0.026088,,,,,,,0,0,0,0,0,0,0,302.096232,6.230650000000002,0,0.006679,2,0.000761,201881452,,2016,2917008,244.50102899999993,3.0962229999999993,2,20.398767000000007,0.059024999999999994,54144,0,0,0,0,0,0,0,,,,,,,,,,,,,,,,,,,,,,,,,,,,,,,,,,,,,,,,,,,,,,,,,,,,,,,,,,,,,,,,,,,,,,,,,,,,,,,,,,,,,,,,,,,,,0.004587,2,0,0,,,,,,,,,,,,,,,,,,,,,,,,,,,,,72,72,,,,,,,,,,,,,,,,,,,0,,,,,,,,,,,,,,,,,,,0.467219,0,0.0,0,56,,,,,,,,,,,,,,,,,,,,,,,,,,,,,index64,0,0,native_grid_planar_fractional,True,2,303.14501700001983,private-reference/e984ee14314a859c/00158.json.gz,0,True,0,0,0,0,0,4218,0.09500800001660537,90b8e74a54c8732d101857ef774fa9a6f291a71188a73e650c6fecf47092bbd0,27889906,skarve_normalized_f64_v1,9.340282999971805,419193845700,,True,368.2675599999925,private-reference/e72831259324a5f1/00158.json.gz,bc69230891f6e01724cc703f9c15bfd51e608a232201ec2abfbf1b240c7ae218,1
159,worldpop1-A-1-local-native-skv-summary,worldpop1,A,local,1,native-skv-summary,skv,11.164905999976327,112.51836499997125,0.060832981,0.11185100000000148,58654720,2147483648,native,1,worldpop1|A|local,0.10376099999120925,419648422959,19.533917999979167,30.995104999988143,null,True,22778369,worldpop1|A|1,0.0007009999762885855,,,,,,,,,,,,,,,,,,,,,,,,,,,,,,,,,,,,,,,,,,,,,,,,,,,,,,,,,,,,,,,,,,,,,,False,,,,,,skv,,,,False,,16384,0,0,0,0,0.0,0.0,0,0,0,0,0,0,2.9413789999999995,32,107120,0,0.0,0.0,2352,11584,660687,46,524288,0.066877,4718592,4723680,0,0,32,524288,0.005167,0.963773,0,38,107120,2.1445119999999993,65536,2621440,537183,0.6337729999999998,19,0,source_handle_lifetime,False,,,,,,,,,,,,,,,,,9742336,False,pinned_file_stat,local,,,,,,,,,,,,,,,,,,,,,67108864,,,,,,,4740320,4194304,,,,,,,,,,,,,,,128,32,,,,,0.0,0.0,,,,,,0.963773,,6.505576999999999,,,,0.0,,10.524695000000001,,,,,,,,,,,,,,,,,,,,,,,,,,,1,0,0,0,False,32,146889793,127,,,49,False,,,,,,177284,32,,,,,19,,19,49,summary,,,native_grid_planar_fractional,True,1,10.80989000001864,private-reference/323b2f1ad65b5c92/00159.json.gz,0,True,0,0,0,0,0,160,0.040127999966443895,bfb4cbec95ce9af2e5355642ae1e36dee8e8afba00ebe3df1a5c7789d9b91c7f,22778369,skarve_normalized_f64_v1,0.31136299998024697,419637257802,,True,61.16633400000637,private-reference/68b2583cdba0eb44/00159.json.gz,0d7150b226e43741a286c05ccccca93d53e1d151b9c2b6ef40d1a317d22a1912,1
160,real-age36-C-1-local-native-skv-summary,real-age36,C,local,1,native-skv-summary,skv,167.0537419999505,279.3399040000395,0.22247434300000002,0.2787399999999991,119427072,2147483648,native,36,real-age36|C|local,2.874834000010651,419939633437,20.662154999968152,190.88624099998697,null,True,28933939,real-age36|C|1,0.0010320000001229346,,,,,,,,,,,,,,,,,,,,,,,,,,,,,,,,,,,,,,,,,,,,,,,,,,,,,,,,,,,,,,,,,,,,,,False,,,,,,skv,,,,False,,16384,0,0,0,0,0.0,0.0,0,0,0,432,12,0,42.446955,432,74160,0,0.0,0.0,248832,11584,21917018,22,7077888,0.12431099999999999,63700992,63733140,0,0,12,7077888,0.012327999999999997,14.048757000000002,0,567,74160,13.14534999999999,65536,35389440,21826474,15.679442999999997,144,0,source_handle_lifetime,False,,,,,,,,,,,,,,,,,9742336,False,pinned_file_stat,local,,,,,,,,,,,,,,,,,,,,,67108864,,,,,,,63740916,56623104,,,,,,,,,,,,,,,128,12,,,,,0.0,0.0,,,,,,14.048757000000002,,109.62357899999999,,,,0.0,,165.76362,,,,,,,,,,,,,,,,,,,,,,,,,,,2,0,0,0,False,12,147071268,21,,,4,False,,,,,,162948,12,,,,,4,,8,4,summary,,,native_grid_planar_fractional,True,1,166.29426800000147,private-reference/e5490e10aa4c167f/00160.json.gz,0,True,0,0,0,0,0,4218,0.10578299998087459,90b8e74a54c8732d101857ef774fa9a6f291a71188a73e650c6fecf47092bbd0,28933939,skarve_normalized_f64_v1,0.649062999968919,419772580406,,True,222.77613800002882,private-reference/63a33f8804e44370/00160.json.gz,e3ad80fb21e99f8f12ba4b3fadabf04a7eccc6551077d44ded554745b25bc1d0,1
161,real-age36-D-0-http0-native-rsi256,real-age36,D,http0,0,native-rsi256,cog256,523.1601070000238,638.5489639999946,0.563985326,0.6221510000000023,196603904,2147483648,native,36,real-age36|D|http0,7.140681999999288,420594190681,18.86921500005201,549.3871590000481,null,True,21394928,real-age36|D|0,0,,,667776,288,8,0.0029739999999999996,65536,0.916377,0,84934656,67108864,2,0,0,1.498359,61353690,75497472,0.004627,506848,8,8,c859d602742ba024432d30760df34387827163bb060e9c2d286f0b370e4e4c49,4,0.004527,,,,,,,358.46284499999996,0.092634,,,,,,,0,0,0,42505656,20,4,24,498.216042,16.88091,0,0.032439,16,0.001011,202746020,,288,16788204,321.19494299999997,6.833398000000001,2,130.67000000000002,0.39229400000000003,83160,0,0,0,0,0,0,0,,,,,,,,,,,,,,,,,,,,,,,,,,,,,,,,,,,,,,,,,,,,,,,,,,,,,,,,,,,,,,,,,,,,,,,,,,,,,,,,,,,,,,,,,,,,,0.025588,2,0,0,,,,,,,,,,,,,,,,,,,,,,,,,,,,,0,0,,,,,,,,,,,,,,,,,,,0,,,,,,,,,,,,,,,,,,,7.101835999999999,0,0.0,0,8,,,,,,,,,,,,,,,,,,,,,,,,,,,,,index256,42505656,24,native_grid_planar_fractional,True,2,500.98599500000773,private-reference/dc5c5f8b71662263/00161.json.gz,42644486,True,38,10,42644486,48,48,32474,0.5419850000407678,81a155a3efe7badd5a4091ef7d3ea40f66e3dbbe3034ddd6189be08afcdfdce8,21256336,skarve_normalized_f64_v1,21.627230000035524,420071030734,,True,580.0433499999826,private-reference/f58a2b1b6ccdb828/00161.json.gz,a046a99790df5981784541bbcf811ee4eabb71bb7a24277dfa409cb9325b6e8d,8
162,analytical36-B-0-http0-native-rsi256,analytical36,B,http0,0,native-rsi256,cogband128,48.65528799996355,161.93366900000683,0.09445984799999999,0.152860000000004,76763136,2147483648,native,1,analytical36|B|http0,0.5656619999854229,420790215204,22.84718700002486,72.32869500001016,null,True,6294806,analytical36|B|0,0,,,45576,8,5,0.001583,32768,0.791467,0,2375424,67108864,0,0,0,0.032309,2378979,2111488,0.001903,509152,0,8,e02ad3c4dc77a71b74e301dd8a264f1b4cc37cd202086d7c973eb6c6359136cf,5,0.002285,,,,,,,18.817882000000004,0.03762,,,,,,,0,0,0,170854,20,2,22,27.120670999999998,0.43018699999999993,0,0.004999999999999999,8,0.000411,201926604,,10,474119,17.607784000000002,0.158284,1,4.084038,0.051274,2302,0,0,0,0,0,0,0,,,,,,,,,,,,,,,,,,,,,,,,,,,,,,,,,,,,,,,,,,,,,,,,,,,,,,,,,,,,,,,,,,,,,,,,,,,,,,,,,,,,,,,,,,,,,0.003917,1,0,0,,,,,,,,,,,,,,,,,,,,,,,,,,,,,0,0,,,,,,,,,,,,,,,,,,,0,,,,,,,,,,,,,,,,,,,3.1371539999999998,0,0.0,0,5,,,,,,,,,,,,,,,,,,,,,,,,,,,,,index256,170854,22,native_grid_planar_fractional,True,1,27.732401000037044,private-reference/ea06010531a96723/00162.json.gz,243398,True,28,5,243398,33,33,1018,0.050544000032459735,ca14ceabda820a34951c21e56b493ed8c56bd09015c599a5760be04ef843460e,6142678,skarve_normalized_f64_v1,20.868226000004597,420741560147,,True,103.23674599999322,private-reference/60a45b00a7aa1f61/00162.json.gz,8c55aacab700e284ba65ece2f50cd93066acf36ffd72e576274b9092d5c4eb33,8
163,analytical40-1025x1031-A-2-local-native-rsi256,analytical40-1025x1031,A,local,2,native-rsi256,cogband128,42.34092100000453,159.17784399999846,0.096086787,0.15871699999999578,75210752,2147483648,native,1,analytical40-1025x1031|A|local,0.2761439999972026,420971688302,20.738216999973247,63.56262799999968,null,True,26638653,analytical40-1025x1031|A|2,0.2831369999967137,,,,,,,,,,,,,,,,,,,,,,,,,3328,4,0,0,7077888,12,,,,,,,,,,,,,,,,,,,,,,,True,,,,,,,,,,,,,,,,16777216,,0,0.04809,1,12,0,,0,shared_only_for_identical_data_and_mask_block_footprints_then_flushed_on_transition_or_window_exit,trusted_manifest,,local_original,,,,,,,,,,,,,,,,,,,,,,,,,,,,,,,,,,,,,,,,,,,,,,False,,,,,,,,,,,,,,,,,,,,,,,,,,,,,,,,,,,,,,,,,,,,,,,,,,,,,,,,,,,,,,,,,,,,,,,,,0.00011999999999999999,0.009067,,,,,24.462586999999996,exclusive partition of this query call; source post-validation is in remaining execution; FFI envelope and transport subspans are not added to this partition,,,0.018584999999999997,24.490358999999998,,,,2096:712249:97984:1789300670:777362394:1789300670:777362394,local,,,,,,,,,,,,,,,,,,,,,0,,,,,,12,4703297,25,True,0,4,False,4,97984,1,False,0,732856,12,134217728,0,0,0,4,0,,4,index256,,,native_grid_planar_fractional,True,1,24.748680000016066,private-reference/df091cd59ac2a05c/00163.json.gz,0,True,0,0,0,0,0,140,0.050693999980921944,0804bf71bee4a10cb67390656e5058e365f08886d4b412c8d3417e8204a98c13,26442685,skarve_normalized_f64_v1,17.252197999994223,420929346830,,True,96.1072970000032,private-reference/319a04203b137e7e/00163.json.gz,5500ffff3ee88b4b680c67fedb8962628aef0620b5c66a177b4fe7102cc0830d,1
164,analytical36-A-2-local-natural-ee,analytical36,A,local,2,natural-ee,cogband128,29.081482000037795,212.72080799997184,0.139404793,0.21203300000000525,86532096,2147483648,upstream,1,analytical36|A|local,0.14118299998244765,421195978360,,30.747723999979826,null,True,6142678,analytical36|A|2,,,,,,,,,,,,,,,,,,,,,,,,,,,,,,,,,,,,,,,,,,,,,,,,,,,,,,,,,,,,,,,,,,,,,,,,,,,,,,,,,,,,,,,,,,,,,,,,,,,,,,,,,,,,,,,,,,,,,,,,,,,,,,,,,,,,,,,,,,,,,,,,,,,,,,,,,,,,,,,,,,,,,,,,,,,,,,,,,,,,,,,,,,,,,,,,,,,,,,,,,,,,,,,,,,,,,,,,,,,,,,,,,,,,,,,,,,,,,,,,,,,,,,,,,,,,,,,,,,,,,,,,,,feature-sequential,,,exactextract_fractional_v030,True,,13.946046000000933,private-reference/bba231ac7a80b345/00164.json.gz,0,True,0,0,0,0,0,141,0.05578400003969364,70cf837ebb4fc8d9b4eba95035ce0c0f8eaa81f131b85dd5928b185f227a4b78,6142678,,15.075915000011264,421166896928,,True,139.61523400001852,private-reference/5cf9c0fa60f3914f/00164.json.gz,f899aae207e6135793a44cce74dbfdf414963d59077506ff69f275f0a884c1f8,1
165,real-age36-D-1-http0-native-cog,real-age36,D,http0,1,native-cog,cog128,411.60879400001704,528.5923719999914,0.452171212,0.5179399999999958,153837568,2147483648,native,36,real-age36|D|http0,0.7404589999850941,421748554530,18.197959000019637,430.74456699997654,null,True,21326870,real-age36|D|1,0.0009419999855708738,,,1497376,288,32,0.001573,32768,1.1935310000000001,0,84934656,67108864,7,0,0,0.43595500000000026,66111319,75497472,0.014308999999999997,658864,0,8,f9c804f4bbe2085423ae54bcdc6b2b8b95cb5ec97d5c6a5a659d9c958d71075c,16,0.0012619999999999999,,,,,,,277.06986300000005,0.042639,,,,,,,0,0,0,21330514,18,2,20,393.791832,14.697295,0,0.024845999999999993,8,0.00035,337745532,,1152,16899840,226.21660699999998,5.8343940000000005,1,113.20443100000001,0.307261,156708,0,0,0,0,0,0,0,,,,,,,,,,,,,,,,,,,,,,,,,,,,,,,,,,,,,,,,,,,,,,,,,,,,,,,,,,,,,,,,,,,,,,,,,,,,,,,,,,,,,,,,,,,,,0.004819,1,0,0,,,,,,,,,,,,,,,,,,,,,,,,,,,,,0,0,,,,,,,,,,,,,,,,,,,16,,,,,,,,,,,,,,,,,,,1.5708060000000001,0,0.0,0,32,,,,,,,,,,,,,,,,,,,,,,,,,,,,,,21330514,20,native_grid_planar_fractional,True,1,395.6648579999751,private-reference/a4324893f9f31901/00165.json.gz,21334393,True,26,4,21334393,30,30,32464,0.5678169999896454,5d245bafefa7e2c75db0534640a9a4216d266276c251480c4f58b76cec0d89af,21326870,skarve_normalized_f64_v1,15.371440000023995,421336945706,,True,462.53041299996767,private-reference/01aa2a39d63931c9/00165.json.gz,28ecc77ff5887d007ee64680bbc50dec0643b1a926deebcbbb6240c2178a879e,8
166,analytical40-1025x1031-A-0-local-native-rsi64,analytical40-1025x1031,A,local,0,native-rsi64,cogband128,31.824233000008917,143.84761200000185,0.08380942,0.14318399999999087,72626176,2147483648,native,1,analytical40-1025x1031|A|local,0.28653199996142575,421926530904,20.07570700004635,52.39027000004626,null,True,27254333,analytical40-1025x1031|A|0,0.34782500000574146,,,,,,,,,,,,,,,,,,,,,,,,,63232,76,0,0,2211840,60,,,,,,,,,,,,,,,,,,,,,,,True,,,,,,,,,,,,,,,,16777216,,0,0.072444,1,60,0,,0,shared_only_for_identical_data_and_mask_block_footprints_then_flushed_on_transition_or_window_exit,trusted_manifest,,local_original,,,,,,,,,,,,,,,,,,,,,,,,,,,,,,,,,,,,,,,,,,,,,,False,,,,,,,,,,,,,,,,,,,,,,,,,,,,,,,,,,,,,,,,,,,,,,,,,,,,,,,,,,,,,,,,,,,,,,,,,0.00015099999999999998,0.009928000000000001,,,,,15.612345,exclusive partition of this query call; source post-validation is in remaining execution; FFI envelope and transport subspans are not added to this partition,,,0.019746,15.64217,,,,2096:712243:405824:1789300669:908622001:1789300669:908622001,local,,,,,,,,,,,,,,,,,,,,,0,,,,,,60,1242177,185,True,0,196,False,6,405824,1,False,0,180250,60,134217728,0,0,0,76,0,,196,index64,,,native_grid_planar_fractional,True,1,16.158868999980314,private-reference/669e80b23e710736/00166.json.gz,0,True,0,0,0,0,0,138,0.05694499998298852,3f59ba840b4903208d287a79769eca9f94b99b8f0f86dc5aa31ecb2e9525ce8d,26442685,skarve_normalized_f64_v1,15.253218999987439,421894706221,,True,84.13067600002933,private-reference/7232e3333115d546/00166.json.gz,893cd8873c221811c1ac1fe0073e4bf79dfae9308df48a58a528be151416ba06,1
167,analytical40-1025x1031-C-0-http0-natural-ee,analytical40-1025x1031,C,http0,0,natural-ee,cogband128,1092.820286999995,1289.3221960000005,1.094932182,1.176956000000004,229462016,2147483648,upstream,40,analytical40-1025x1031|C|http0,0.6611530000100174,423212981158,,1095.1727389999633,null,True,26442685,analytical40-1025x1031|C|0,,,,,,,,,,,,,,,,,,,,,,,,,,,,,,,,,,,,,,,,,,,,,,,,,,,,,,,,,,,,,,,,,,,,,,,,,,,,,,,,,,,,,,,,,,,,,,,,,,,,,,,,,,,,,,,,,,,,,,,,,,,,,,,,,,,,,,,,,,,,,,,,,,,,,,,,,,,,,,,,,,,,,,,,,,,,,,,,,,,,,,,,,,,,,,,,,,,,,,,,,,,,,,,,,,,,,,,,,,,,,,,,,,,,,,,,,,,,,,,,,,,,,,,,,,,,,,,,,,,,,,,,,,feature-sequential,,,exactextract_fractional_v030,True,,1075.886378000007,private-reference/6a523f28e0237184/00167.json.gz,26786749,True,277,1,26786749,278,278,4418,0.14482800003179364,fddc498dd77b70bce8ae5f3db7792b0686f8d6a222791e877a462bb1a8ebc6fa,26442685,,16.7855349999968,422120161332,,True,1205.2506779999703,private-reference/7ae343a892aca03e/00167.json.gz,0993abbd374f7f0b04e96c56807ba33eb18bb264ca529cfb58dde6a355282aea,1
168,analytical36-B-1-local-native-skv-summary,analytical36,B,local,1,native-skv-summary,skv,10.24669499997799,110.6904079999822,0.059616139000000005,0.1097910000000013,56614912,2147483648,native,1,analytical36|B|local,0.0920699999937824,423384986974,18.917341000019405,29.495719999999892,null,True,5770145,analytical36|B|1,0.00048099997229655855,,,45576,8,18,0.002064,32768,1.174733,0,2375424,67108864,0,0,0,0.023045000000000006,2387934,2111488,0.0010710000000000001,660976,0,8,55fae16001e91e77d565559d82f70bd8f181df86ff6de7de5fa0cf640b046bde,18,0.000992,,,,,,,4.010124,0.033241,,,,,,,0,0,0,0,0,0,0,8.604405,0.40849799999999997,0,0.004618000000000001,8,0.000401,329260688,,18,411738,3.342927,0.136613,1,3.1139829999999993,0.052708,3860,0,0,0,0,0,0,0,,,,,,,,,,,,,,,,,,,,,,,,,,,,,,,,,,,,,,,,,,,,,,,,,,,,,,,,,,,,,,,,,,,,,,,,,,,,,,,,,,,,,,,,,,,,,0.004969,1,0,4,,,,,,,,,,,,,,,,,,,,,,,,,,,,,4,4,,,,,,,,,,,,,,,,,,,0,,,,,,,,,,,,,,,,,,,0.056826,0,0.0,0,18,,,,,,,,,,,,,,,,,,,,,,,,,,,,,summary,0,0,native_grid_planar_fractional,True,1,9.77305700001807,private-reference/7d328723e22ad86b/00168.json.gz,0,True,0,0,0,0,0,1028,0.0434300000051735,d12c50ef5f2eb483307595d687307a30b603990fff77734d225f99dfee78473e,5770145,skarve_normalized_f64_v1,0.42677999999796157,423374740340,,True,60.15506199997844,private-reference/325da115ce3171c7/00168.json.gz,4a5a763cfc181cc4be0d1a6783aedb84da666d359d341b9d35d9dada6bf695e3,8
169,analytical40-1025x1031-B-2-local-native-tiff,analytical40-1025x1031,B,local,2,native-tiff,band256,60.89927099998249,169.2006650000053,0.11304086999999999,0.16806700000000774,83542016,2147483648,native,1,analytical40-1025x1031|B|local,1.3650460000462772,423570006851,18.6240290000228,81.08927800003585,null,True,21771767,analytical40-1025x1031|B|2,0.0010320000001229346,,,45576,8,18,0.002304,32768,3.557092,0,9469440,67108864,0,0,0,0.07247300000000001,9482238,8417280,0.0037689999999999998,1261984,0,16,142aeb0bbdb4757d3a9836280c97c2fb8bba9d3b4b018a7bd875f9893f0d6c7f,18,0.000902,,,,,,,26.655725,0.036818,,256,16960,True,128,256,0,0,0,0,0,0,0,44.646159999999995,1.5035510000000003,0,0.0046890000000000005,8,0.000391,338720156,,36,2020509,22.449819000000005,0.5317530000000001,1,14.156920000000001,0.068167,8935,0,0,0,0,0,0,0,,,,,,,,,,,,,,,,,,,,,,,,,,,,,,,,,,,,,,,,,,,,,,,,,,,,,,,,,,,,,,,,,,,,,,,,,,,,,,,,,,,,,,,,,,,,,0.001442,1,0,0,,,,,,,,,,,,,,,,,,,,,,,,,,,,,0,0,,,,,,,,,,,,,,,,,,,0,,,,,,,,,,,,,,,,,,,0.059751,0,0.011602,1,18,,,,,,,,,,,,,,,,,,,,,,,,,,,,,,0,0,native_grid_planar_fractional,True,1,45.53898200003914,private-reference/43dd873ed096bad6/00169.json.gz,0,True,0,0,0,0,0,1030,0.058807999948840006,cb135e0acf4431712e46430ec4145f49eb75a5a19587633d55a73e6626e276f1,21771767,skarve_normalized_f64_v1,15.296050000017658,423509106568,,True,113.59509800001888,private-reference/14ce77d9b5314377/00169.json.gz,4c51f2aea3af78becb2108b56fb9040c3952504b4229a84c570c507987fd84d3,8
170,real-age36-D-1-local-native-rsi256,real-age36,D,local,1,native-rsi256,cogband128,411.02016700000377,529.1140960000007,0.46577945200000004,0.5226989999999887,150810624,2147483648,native,36,real-age36|D|local,7.905253000046741,424115011161,20.75566399997797,440.00059499995814,null,True,28028498,real-age36|D|1,0,,,667776,288,8,0.002575,65536,0.808476,0,84934656,67108864,2,0,0,3.252663,61353690,75497472,0.0064329999999999995,508960,8,8,dbe8074b538a4294b0c061f28d875077d1a3a016859b6176695269a9aaad1cae,4,0.003066,,,,,,,256.55378299999995,0.049933,,,,,,,0,0,0,0,0,0,0,397.9753,18.393584,0,0.02968299999999999,16,0.000722,202748876,,288,16899840,217.20363200000003,7.691051000000001,2,138.797694,0.66009,83448,0,0,0,0,0,0,0,,,,,,,,,,,,,,,,,,,,,,,,,,,,,,,,,,,,,,,,,,,,,,,,,,,,,,,,,,,,,,,,,,,,,,,,,,,,,,,,,,,,,,,,,,,,,0.0060810000000000005,2,0,0,,,,,,,,,,,,,,,,,,,,,,,,,,,,,0,0,,,,,,,,,,,,,,,,,,,0,,,,,,,,,,,,,,,,,,,0.838239,0,0.0,0,8,,,,,,,,,,,,,,,,,,,,,,,,,,,,,index256,0,0,native_grid_planar_fractional,True,2,400.82937900001525,private-reference/818ba9a9ee2df0df/00170.json.gz,0,True,0,0,0,0,0,32464,0.5128970000214395,5d245bafefa7e2c75db0534640a9a4216d266276c251480c4f58b76cec0d89af,27889906,skarve_normalized_f64_v1,9.6726619999572,423703991795,,True,471.82008400000086,private-reference/9c18d1a566b85d46/00170.json.gz,11ad6826d73a59bc006f524b1ed622e22bc575f54b52aacc6d46da2d9fd8a1c3,8
171,worldpop1-B-0-http0-native-skv-summary,worldpop1,B,http0,0,native-skv-summary,skv,64.66697600001226,169.7077719999811,0.10027407999999999,0.153088000000011,65822720,2147483648,native,1,worldpop1|B|http0,0.26457799998524933,424320431585,20.914064000010057,86.0457680000195,null,True,22778369,worldpop1|B|0,0.0007409999511764909,,,45576,8,53,0.001733,32768,3.8508189999999995,0,7815168,67108864,0,0,0,0.16855499999999998,7851155,6946816,0.008342000000000002,2002288,0,8,e7d0e5383425d7088b1559a961fb2c4f4a6dfcfdb2d8164f0bcb85491c397714,81,0.001012,,,,,,,53.870895000000004,0.047047,,,,,,,0,0,0,1280902,55,2,57,62.308132,2.268728,0,0.005371999999999998,8,0.00048100000000000004,330602332,,53,493790,50.058878000000014,1.285973,1,3.0932730000000004,0.06436800000000001,7773,0,0,0,0,0,0,0,,,,,,,,,,,,,,,,,,,,,,,,,,,,,,,,,,,,,,,,,,,,,,,,,,,,,,,,,,,,,,,,,,,,,,,,,,,,,,,,,,,,,,,,,,,,,0.009888,1,0,49,,,,,,,,,,,,,,,,,,,,,,,,,,,,,92,49,,,,,,,,,,,,,,,,,,,0,,,,,,,,,,,,,,,,,,,1.081777,0,0.0,0,53,,,,,,,,,,,,,,,,,,,,,,,,,,,,,summary,1280902,57,native_grid_planar_fractional,True,1,63.00290500001893,private-reference/a32338725bd668e6/00171.json.gz,1297286,True,56,2,1297286,58,58,1258,0.046967000002950954,4a6cd2a5f470531511575f9777b40a41556bbc3b42879e046e29fc5ae511a873,22778369,skarve_normalized_f64_v1,1.613408000025629,424255764769,,True,116.58917199997632,private-reference/1436e2dd6ecdb92f/00171.json.gz,17b114593215ad9b06d118747c702b459d7e79e717faa665d7752a1742d750aa,8
172,analytical36-C-2-http0-native-skv-summary,analytical36,C,http0,2,native-skv-summary,skv,151.36946999996326,264.93728899998814,0.201075852,0.25810099999999636,124411904,2147483648,native,36,analytical36|C|http0,1.8087180000065928,424603702202,20.99689100003843,174.49510900001997,null,True,5770145,analytical36|C|2,0.0011519999816300697,,,,,,,,,,,,,,,,,,,,,,,,,,,,,,,,,,,,,,,,,,,,,,,,,,,,,,,,,,,,,,,,,,,,,,True,,,,,,skv,,,,False,,16384,3,5,682828,2035783,6.9207659999999995,2.470199,3,3,8388608,432,12,0,16.00242600000001,432,131840,14,0.0,0.0,248832,11584,6261414,18,7077888,0.074799,63700992,63740052,0,0,12,7077888,0.030476000000000003,14.094786,0,790,131840,12.446943000000013,65536,35389440,4077407,22.891248,144,0,source_handle_lifetime,False,,,4225631,4194304,6,1,2035783,6,11,4144607,4144607,0,12,2,4225631,14,9742336,False,strong_etag_conditional_ranges,http,4225631,4194304,6,1,2035783,6,11,4144607,4144607,0,12,2,4225631,14,,,,,,,67108864,,,,,,,63747828,56623104,,,,,,,,,,,,,,,128,12,,,,,0.054039,9.396717,,,,,,14.094786,,75.002672,,,,0.0,,148.050993,,,,,,,,,,,,,,,,,,,,,,,,,,,2,5,719872,2,True,12,147071268,25,,,4,False,,,,,,170168,12,,,,,4,,8,4,summary,4225631,14,native_grid_planar_fractional,True,1,148.77754300005108,private-reference/b3a20a42d56c87c9/00172.json.gz,4225631,True,12,2,4225631,14,14,4006,0.13457799997240727,8fbff0b61c68af05158cd4dfde5b7131f1151eedff44ed4c69d74f02fa43b918,5770145,skarve_normalized_f64_v1,2.449472999956015,424452333284,,True,207.46346499998936,private-reference/888787f6dd8e08c2/00172.json.gz,b3d6a854ae22bfcbb7ce922b32125e6a524352d959730ea58eeed4d11dcd261d,1
173,worldpop1-A-2-local-native-rsi256,worldpop1,A,local,2,native-rsi256,cogband128,40.53239899997152,145.35668100000976,0.092196698,0.14458999999999378,72093696,2147483648,native,1,worldpop1|A|local,0.15877199996339186,424786424359,20.06672999999637,60.95178999999007,null,True,18817225,worldpop1|A|2,0.26615200005153383,,,,,,,,,,,,,,,,,,,,,,,,,432,6,0,0,9437184,16,,,,,,,,,,,,,,,,,,,,,,,True,,,,,,,,,,,,,,,,16777216,,0,0.047928,1,16,0,,0,shared_only_for_identical_data_and_mask_block_footprints_then_flushed_on_transition_or_window_exit,trusted_manifest,,local_original,,,,,,,,,,,,,,,,,,,,,,,,,,,,,,,,,,,,,,,,,,,,,,False,,,,,,,,,,,,,,,,,,,,,,,,,,,,,,,,,,,,,,,,,,,,,,,,,,,,,,,,,,,,,,,,,,,,,,,,,0.00014000000000000001,0.005490999999999999,,,,,31.623145,exclusive partition of this query call; source post-validation is in remaining execution; FFI envelope and transport subspans are not added to this partition,,,0.012563,31.641339,,,,2096:708387:168424:1789305418:815425694:1789305418:815425694,local,,,,,,,,,,,,,,,,,,,,,0,,,,,,16,4703297,63,True,0,9,False,7,168424,1,False,0,397218,16,134217728,0,0,0,6,0,,9,index256,,,native_grid_planar_fractional,True,1,31.87954799994941,private-reference/b2b419b2245a1a7c/00173.json.gz,0,True,0,0,0,0,0,159,0.03709800000706309,6b7c811950dafd49b0dace02d8ad09319150a5be646200d1e519d5ed02b8ce8d,18648801,skarve_normalized_f64_v1,8.344211999997242,424745892080,,True,92.58534100001725,private-reference/3db2e7b5e8d5f8af/00173.json.gz,fc4b2d4a8965d99b01df54fe136855e50d431b7852657fe03c5ffb518e3e862a,1
174,worldpop1-B-0-http0-native-rsi64,worldpop1,B,http0,0,native-rsi64,cogband128,218.4102150000058,326.247383000009,0.197599403,0.2520379999999989,78151680,2147483648,native,1,worldpop1|B|http0,0.4244610000228022,425134358701,19.91629299999431,238.96179100000836,null,True,20322025,worldpop1|B|0,0,,,45576,8,125,0.002614,32768,5.050284,0,4608000,67108864,0,0,0,0.3901819999999998,4694875,4096000,0.018834999999999998,3464512,0,8,75a28fa9b3ec357a1a2cfe00e9d20b35521faa580a470859e8547aa21dafdd9f,289,0.001753,,,,,,,75.679737,0.031722,,,,,,,0,0,0,1043880,55,2,57,205.806825,1.189757,0,0.004868000000000001,8,0.000721,204882192,,250,219358,70.84289899999999,0.8020780000000004,1,1.6805499999999993,0.063754,7612,0,0,0,0,0,0,0,,,,,,,,,,,,,,,,,,,,,,,,,,,,,,,,,,,,,,,,,,,,,,,,,,,,,,,,,,,,,,,,,,,,,,,,,,,,,,,,,,,,,,,,,,,,,0.002214,1,0,0,,,,,,,,,,,,,,,,,,,,,,,,,,,,,435,225,,,,,,,,,,,,,,,,,,,72,,,,,,,,,,,,,,,,,,,2.839603,0,0.0,0,125,,,,,,,,,,,,,,,,,,,,,,,,,,,,,index64,1043880,57,native_grid_planar_fractional,True,1,206.64494499999364,private-reference/887613eb8a46c625/00174.json.gz,1126640,True,282,5,1126640,287,287,1258,0.06320300002471413,4a6cd2a5f470531511575f9777b40a41556bbc3b42879e046e29fc5ae511a873,18648801,skarve_normalized_f64_v1,11.697419999961767,424915948276,,True,271.41145300004155,private-reference/be43d45e9e99f469/00174.json.gz,4e29e57b553d212e833e81f6a2845117d09620639a89afacaa2a48464eaeba74,8
175,worldpop1-A-1-http0-native-tiff,worldpop1,A,http0,1,native-tiff,ordinary,777.0545760000118,889.1573710000102,0.8274357590000001,0.8822730000000121,100036608,2147483648,native,1,worldpop1|A|http0,2.48719399996844,426054308252,20.526592999999593,800.2623579999977,null,True,18084641,worldpop1|A|1,0.0010119999842572724,,,,,,,,,,,,,,,,,,,,,,,,,,,,,,,,,,,,,,,,,,,,,,,,,,,,,,,,,,,,,,,,,,,,,16777216,,0,1.4546299999999999,1,25,0,,0,shared_only_for_identical_data_and_mask_block_footprints_then_flushed_on_transition_or_window_exit,trusted_manifest,,http_original,,,,,,,,,,,,,,,,,,,,,,,,,,,,,,,,,,,,,,,,,,,,,,True,,6729504,4194304,7,13,26889933,34,15,3950560,2780864,0,15,4,6729504,19,,,,,,,,,,,,,,,,,,,,,,,0,14745600,67108864,25,0,0,0,0,25,14762975,13107200,,590135,6727995,7,2,9,675072,268435456,,50,14466,0,,67108864,256,25,25,,,2.011312,,,0.16436800000000001,0.32706999999999997,,,756.9612250000002,3.3337909999999997,0.305365,723.1472589999998,,,0.530446,0.0,,762.1110709999999,0.033815,,,,,,,,,,,,,,,,,,,,,,,,,,,,,,,,,,,,,,,,,,,,,,,,,,,,,,6729504,19,native_grid_planar_fractional,True,1,762.5941079999734,private-reference/1d931f81e37d04b6/00175.json.gz,6729504,True,15,4,6729504,19,19,160,0.04487299997890659,bfb4cbec95ce9af2e5355642ae1e36dee8e8afba00ebe3df1a5c7789d9b91c7f,18084641,skarve_normalized_f64_v1,14.411068000015348,425277253705,,True,833.8332839999794,private-reference/29c9fbc6c7f13c24/00175.json.gz,80959405e06fc07ccc7ea09eac778822460e9fa5ac4bb308747c0a6165a7dcef,1
176,analytical36-B-2-local-natural-ee,analytical36,B,local,2,natural-ee,cogband128,36.203956000008475,218.6961339999698,0.146661948,0.2182889999999844,90222592,2147483648,upstream,1,analytical36|B|local,0.09548499997436011,426287601364,,37.821393000001535,null,True,6142678,analytical36|B|2,,,,,,,,,,,,,,,,,,,,,,,,,,,,,,,,,,,,,,,,,,,,,,,,,,,,,,,,,,,,,,,,,,,,,,,,,,,,,,,,,,,,,,,,,,,,,,,,,,,,,,,,,,,,,,,,,,,,,,,,,,,,,,,,,,,,,,,,,,,,,,,,,,,,,,,,,,,,,,,,,,,,,,,,,,,,,,,,,,,,,,,,,,,,,,,,,,,,,,,,,,,,,,,,,,,,,,,,,,,,,,,,,,,,,,,,,,,,,,,,,,,,,,,,,,,,,,,,,,,,,,,,,,raster-sequential,,,exactextract_fractional_v030,True,,21.422569000037583,private-reference/ae8d84a1ad3b675e/00176.json.gz,0,True,0,0,0,0,0,1059,0.07407999999031745,ca32bfee6d9a4f24f32cd735fb7fe8049c283b3cd5339d3dc315c3ad72222c66,6142678,,14.704352999956427,426251397538,,True,146.68745699998453,private-reference/81ecdb606f4693d0/00176.json.gz,6148a712bbea5b5c2e77c1b8d32530374335255f53475170f93530766b55e778,8
177,real-age36-B-2-http0-native-tiff,real-age36,B,http0,2,native-tiff,band256,33.89027800000122,143.1856529999891,0.07975232199999999,0.137660000000011,75472896,2147483648,native,1,real-age36|B|http0,0.7530479999786621,426468618509,18.640428000026077,53.525806000038756,null,True,27830980,real-age36|B|2,0.0009309999882134434,,,45576,8,4,0.001833,32768,2.248959,0,2359296,67108864,0,0,0,0.020672,2362076,2097152,0.001302,513904,0,16,cca1dbf8aba1b32e7fe360e4f1eda26921c04013a21ad4219ce6ad87d5336d78,4,0.0012720000000000001,,,,,,,11.616514,0.047837000000000005,,256,7168,True,128,256,0,0,0,777465,5,2,7,18.738771,0.452593,0,0.005507999999999998,8,0.000521,336820032,,8,472634,10.719574000000001,0.2107,1,3.508436,0.07361,2329,0,0,0,0,0,0,0,,,,,,,,,,,,,,,,,,,,,,,,,,,,,,,,,,,,,,,,,,,,,,,,,,,,,,,,,,,,,,,,,,,,,,,,,,,,,,,,,,,,,,,,,,,,,0.004237,1,0,0,,,,,,,,,,,,,,,,,,,,,,,,,,,,,0,0,,,,,,,,,,,,,,,,,,,1,,,,,,,,,,,,,,,,,,,1.1658110000000002,0,0.0073019999999999995,1,4,,,,,,,,,,,,,,,,,,,,,,,,,,,,,,777465,7,native_grid_planar_fractional,True,1,19.468180999979268,private-reference/159c8b4d4d4ac159/00177.json.gz,781486,True,15,4,781486,19,19,1129,0.06163000000469765,fba1d5ef79886e5e7200884dceab42f930764eafb8fbd4698b34106f15ed3623,27830980,skarve_normalized_f64_v1,14.35606000001144,426434728451,,True,84.95998900002633,private-reference/7ef406dd99e58c9a/00177.json.gz,f8b93e3a4b4f05aeadc99b8e9645a5108e7f1c3408288f362369ba4ad0cacc68,8
178,real-age36-B-2-http0-native-rsi256,real-age36,B,http0,2,native-rsi256,cogband128,41.62844800003995,145.57862100002694,0.085797847,0.13672900000000254,74858496,2147483648,native,1,real-age36|B|http0,0.5960459999982959,426644208538,20.128601999999773,62.7075790000049,null,True,28028498,real-age36|B|2,0,,,45576,8,4,0.005327999999999999,32768,1.187101,0,2359296,67108864,0,0,0,0.039212,2362076,2097152,0.001673,513904,0,8,cca1dbf8aba1b32e7fe360e4f1eda26921c04013a21ad4219ce6ad87d5336d78,4,0.001532,,,,,,,19.165463000000003,0.033133,,,,,,,0,0,0,781420,17,2,19,26.829956,0.592773,0,0.005903000000000001,8,0.000781,201931184,,8,472634,17.938773,0.23688399999999998,1,3.257139,0.059543,2329,0,0,0,0,0,0,0,,,,,,,,,,,,,,,,,,,,,,,,,,,,,,,,,,,,,,,,,,,,,,,,,,,,,,,,,,,,,,,,,,,,,,,,,,,,,,,,,,,,,,,,,,,,,0.003205,1,0,0,,,,,,,,,,,,,,,,,,,,,,,,,,,,,0,0,,,,,,,,,,,,,,,,,,,1,,,,,,,,,,,,,,,,,,,2.87308,0,0.0,0,4,,,,,,,,,,,,,,,,,,,,,,,,,,,,,index256,781420,19,native_grid_planar_fractional,True,1,27.43000700002085,private-reference/e15d7c0921e12d69/00178.json.gz,850835,True,26,5,850835,31,31,1129,0.05246499995337217,fba1d5ef79886e5e7200884dceab42f930764eafb8fbd4698b34106f15ed3623,27889906,skarve_normalized_f64_v1,14.141600000016297,426602581012,,True,94.37730100000863,private-reference/23522b6dfeb08237/00178.json.gz,b9d8148110e59803e4a5b85586e7b80d69abea5be92822013c7537a11d307f53,8
179,real-age36-C-0-http0-native-rsi64,real-age36,C,http0,0,native-rsi64,cogband128,714.8444279999921,827.332264000006,0.619318437,0.6770530000000008,118788096,2147483648,native,36,real-age36|C|http0,0.8160669999597303,427495942493,21.02446499998223,737.0234269999969,null,True,28148818,real-age36|C|0,0,,,87056,36,56,0.002764,65536,0.45072799999999996,0,37158912,67108864,0,0,0,0.450761,37273544,33030144,0.03409600000000001,375136,1,1,c680b21de60ba6c59d80ceb55e3318e747caa46387748ca725d558b2127b301d,64,0.004368,,,,,,,624.6679970000002,0.025131,,,,,,,0,0,0,22179437,455,4,459,691.577851,7.258454,0,0.009585,2,0.000901,201879112,,2016,2831184,601.0652050000001,3.5493489999999994,2,20.450861,0.146697,53280,0,0,0,0,0,0,0,,,,,,,,,,,,,,,,,,,,,,,,,,,,,,,,,,,,,,,,,,,,,,,,,,,,,,,,,,,,,,,,,,,,,,,,,,,,,,,,,,,,,,,,,,,,,0.010086,2,0,0,,,,,,,,,,,,,,,,,,,,,,,,,,,,,72,72,,,,,,,,,,,,,,,,,,,558,,,,,,,,,,,,,,,,,,,6.525544,0,0.0,0,56,,,,,,,,,,,,,,,,,,,,,,,,,,,,,index64,22179437,459,native_grid_planar_fractional,True,2,692.526522000037,private-reference/f0172bae785a553c/00179.json.gz,22372411,True,545,10,22372411,555,555,4175,0.09584399998630033,780a6c2345077f08330b1cda863d7d67a9083da4d58afbad480fce62deb92723,27889906,skarve_normalized_f64_v1,22.215511000013066,426781098976,,True,769.2285970000512,private-reference/84221fe128ae5eaf/00179.json.gz,d2166c3c1573875b52e8f9059b43b9412e776c4552a5d96f2c97bb63b884ff7e,1
180,real-age36-B-0-http0-native-skv-raw,real-age36,B,http0,0,native-skv-raw,skv,28.582031999974333,133.92298899998423,0.073896233,0.12713399999999808,59150336,2147483648,native,1,real-age36|B|http0,0.2592590000176642,427668277272,19.977799999992385,49.14526099997829,null,True,28933939,real-age36|B|0,0.0007910000476840651,,,45576,8,16,0.002124,32768,1.2047240000000001,0,2359296,67108864,0,0,0,0.061768,2370160,2097152,0.004127,656416,0,8,91cbd51efde644c68ee88a85ab00825c523ddea07c3f9b7d5eef8af49e1ceb58,16,0.0014320000000000001,,,,,,,19.690382999999997,0.047416999999999994,,128,7168,False,128,128,0,0,0,902599,18,2,20,25.921653,0.585374,0,0.005779999999999999,8,0.00046100000000000004,329263176,,16,466339,18.749336000000003,0.263064,1,3.6954949999999993,0.05646999999999999,4338,0,0,0,0,0,0,0,,,,,,,,,,,,,,,,,,,,,,,,,,,,,,,,,,,,,,,,,,,,,,,,,,,,,,,,,,,,,,,,,,,,,,,,,,,,,,,,,,,,,,,,,,,,,0.011308,1,0,0,,,,,,,,,,,,,,,,,,,,,,,,,,,,,0,0,,,,,,,,,,,,,,,,,,,0,,,,,,,,,,,,,,,,,,,1.1288040000000001,0,0.004266000000000001,0,16,,,,,,,,,,,,,,,,,,,,,,,,,,,,,raw,902599,20,native_grid_planar_fractional,True,1,26.569166999991012,private-reference/06a0fbcc2d9552c5/00180.json.gz,918983,True,19,2,918983,21,21,1126,0.05913500001497596,e5be80f35647b04d8164614e8b572f17a141c185e6dbc1b2ec94c2f8a04c4630,28933939,skarve_normalized_f64_v1,1.9495619999929659,427639695472,,True,80.29221100002815,private-reference/320a50a9dda90b56/00180.json.gz,b4163d6b91926b2b60073d2a4cdef14d25e23783f565ecf78440e4ba31404445,8
181,analytical36-D-0-local-natural-ee,analytical36,D,local,0,natural-ee,cogband128,369.030983000016,567.8680080000049,0.4831895070000001,0.5670939999999973,183988224,2147483648,upstream,36,analytical36|D|local,1.2983189999999922,428231524613,,372.0484780000106,null,True,6142678,analytical36|D|0,,,,,,,,,,,,,,,,,,,,,,,,,,,,,,,,,,,,,,,,,,,,,,,,,,,,,,,,,,,,,,,,,,,,,,,,,,,,,,,,,,,,,,,,,,,,,,,,,,,,,,,,,,,,,,,,,,,,,,,,,,,,,,,,,,,,,,,,,,,,,,,,,,,,,,,,,,,,,,,,,,,,,,,,,,,,,,,,,,,,,,,,,,,,,,,,,,,,,,,,,,,,,,,,,,,,,,,,,,,,,,,,,,,,,,,,,,,,,,,,,,,,,,,,,,,,,,,,,,,,,,,,,,raster-sequential,,,exactextract_fractional_v030,True,,353.8130150000143,private-reference/72bda8f6159b141e/00181.json.gz,0,True,0,0,0,0,0,28795,0.5226410000318538,0b7fb4855aad96400178819893079dcf2c9f872567bb566bdc24bcd50b71a047,6142678,,14.692462000027717,427862494051,,True,483.4048859999598,private-reference/995be06095bb95b7/00181.json.gz,3ce8015d5e588e0cb49c8fec374ce4bf1d8ee4870926375730ce11303e17406e,8
182,worldpop1-B-2-http0-native-cog,worldpop1,B,http0,2,native-cog,cogband128,127.77365900001314,239.82676499997524,0.153862769,0.21263399999999422,85094400,2147483648,native,1,worldpop1|B|http0,0.3992179999841028,428526741133,19.40322900003366,147.7798540000208,null,True,18648801,worldpop1|B|2,0.0007310000000870787,,,45576,8,81,0.001973,32768,3.450271,0,11943936,67108864,0,0,0,0.3614089999999998,12000231,10616832,0.021232000000000004,1992496,0,8,d9f73d3fd12438f673af7cffe620b04c9dcbca5f171483f6d96f1c84649c69c7,81,0.001102,,,,,,,99.20800900000002,0.032733,,128,19648,False,128,128,0,0,0,1525130,83,2,85,116.22048,3.0602270000000003,0,0.004939999999999999,8,0.000401,337647092,,162,2003838,91.73813999999997,1.7991920000000001,1,12.117159,0.062178000000000004,19250,0,0,0,0,0,0,0,,,,,,,,,,,,,,,,,,,,,,,,,,,,,,,,,,,,,,,,,,,,,,,,,,,,,,,,,,,,,,,,,,,,,,,,,,,,,,,,,,,,,,,,,,,,,0.002244,1,0,0,,,,,,,,,,,,,,,,,,,,,,,,,,,,,0,0,,,,,,,,,,,,,,,,,,,0,,,,,,,,,,,,,,,,,,,1.023825,0,0.008063,0,81,,,,,,,,,,,,,,,,,,,,,,,,,,,,,,1525130,85,native_grid_planar_fractional,True,1,116.82609399997546,private-reference/80a93a97bccbdb58/00182.json.gz,1526154,True,84,4,1526154,88,88,1240,0.062229999969076744,ae861dc4801af35ca6376dd8cf332a700265b4f0daf25e4721ef113acc83f37f,18648801,skarve_normalized_f64_v1,10.881068000003324,428398967454,,True,180.73943500002088,private-reference/5986a1b051945f36/00182.json.gz,5aa9bfdb7f5a04e99c8bd288dd44fe771cf5d3b8ab6a932a2727dce207836fd9,8
183,worldpop1-A-1-http0-native-rsi256,worldpop1,A,http0,1,native-rsi256,cogband128,69.74310400005379,177.70408100000168,0.109313631,0.16435500000000047,74665984,2147483648,native,1,worldpop1|A|http0,0.4138859999898159,428734984982,19.476236999992125,89.83902900001794,null,True,18817225,worldpop1|A|1,2.4065019999852666,,,,,,,,,,,,,,,,,,,,,,,,,65520,1,0,0,9437184,16,,,,,,,,,,,,,,,,,,,,,,,True,,,,,,,,,,,,,,,,16777216,,0,1.263262,1,16,0,,0,shared_only_for_identical_data_and_mask_block_footprints_then_flushed_on_transition_or_window_exit,trusted_manifest,,http_original,,,,,,,,,,,,,,,,,,,,,,,,,,,,,,,,,,,,,,,,,,,,,,True,,957723,4194304,19,0,844,19,35,962203,962203,0,35,5,957723,40,,,,,,,,,,,,,,,,,,,,,,,,,,,,,,,,,,,,,,,,,,,,,,,,,,,,,,,,,,0.000491,0.517332,,,,,55.045108,exclusive partition of this query call; source post-validation is in remaining execution; FFI envelope and transport subspans are not added to this partition,,,0.486663,56.049594,,,"""9ce6346bdd3f102f86c80893ee5103d3c65f7b8c529d316a328d28a7a9162e3a""",,http,131056,0,0,0,0,0,2,0,0,0,2,3,131056,5,,,,,,,65520,,,,,,16,8963137,25,True,0,9,False,1,168424,1,False,1,390276,16,134217728,0,0,8,9,65536,,9,index256,957723,40,native_grid_planar_fractional,True,1,56.3327099999924,private-reference/bfda4091ccb8c11b/00183.json.gz,1088779,True,37,8,1088779,45,45,160,0.035136000008151314,bfb4cbec95ce9af2e5355642ae1e36dee8e8afba00ebe3df1a5c7789d9b91c7f,18648801,skarve_normalized_f64_v1,10.963598000046204,428665241927,,True,122.1872990000179,private-reference/f5e565e52f2dc4d7/00183.json.gz,b3384ca32399cd13810a27f4bba884a08f01bf7a94d82fe5bb7542a6694a81cb,1
184,real-age36-C-1-http0-native-cog,real-age36,C,http0,1,native-cog,cog128,387.1804120000206,502.6930849999758,0.429494039,0.48853800000000547,167215104,2147483648,native,36,real-age36|C|http0,4.856391000032545,429251984651,19.536743000003298,411.7726049999533,null,True,21326870,real-age36|C|1,0.0009309999882134434,,,,,,,,,,,,,,,,,,,,,,,,,,,,,,,,,,,,,,,,,,,,,,,,,,,,,,,,,,,,,,,,,,,,,16777216,,0,1.118776,36,12,0,,0,shared_only_for_identical_data_and_mask_block_footprints_then_flushed_on_transition_or_window_exit,trusted_manifest,,http_original,,,,,,,,,,,,,,,,,,,,,,,,,,,,,,,,,,,,,,,,,,,,,,True,,63980861,4194304,13,33,3807,20,34,3123838,2599899,0,34,4,63980861,38,,,,,,,,,,,,,,,,,,,,,,,0,84934656,67108864,10,20057966,2,0,0,12,64895558,75497472,,10028471,63976982,26,2,28,257088,268435456,,288,377416,0,,67108864,256,12,4,,,14.533019999999999,,,1.269047,0.107293,,,356.276294,16.247491999999998,0.06769900000000001,322.252288,,,0.45735,0.0,,372.51827599999996,0.027684,,,,,,,,,,,,,,,,,,,,,,,,,,,,,,,,,,,,,,,,,,,,,,,,,,,,,,63980861,38,native_grid_planar_fractional,True,1,373.076803999993,private-reference/cdab8ad710e2d216/00184.json.gz,63980861,True,34,4,63980861,38,38,4218,0.12824500004171568,90b8e74a54c8732d101857ef774fa9a6f291a71188a73e650c6fecf47092bbd0,21326870,skarve_normalized_f64_v1,13.970303999997213,428864804299,,True,443.32500699999855,private-reference/739c37f159f03c8d/00184.json.gz,d1d13f02bbcca1dc1144acccf6d1746de2ae74222c7db44d9c9be7431a14ddad,1
185,analytical40-1025x1031-C-1-http0-native-tiff,analytical40-1025x1031,C,http0,1,native-tiff,band256,1482.643936000045,1602.9791070000101,1.305121237,1.372282999999996,154882048,2147483648,native,40,analytical40-1025x1031|C|http0,0.6262690000085058,430882507126,19.579829999997855,1503.045740999994,null,True,21771767,analytical40-1025x1031|C|1,0.0016120000054797856,,,,,,,,,,,,,,,,,,,,,,,,,,,,,,,,,,,,,,,,,,,,,,,,,,,,,,,,,,,,,,,,,,,,,16777216,,0,1.407988,1,48,0,,0,shared_only_for_identical_data_and_mask_block_footprints_then_flushed_on_transition_or_window_exit,trusted_manifest,,http_original,,,,,,,,,,,,,,,,,,,,,,,,,,,,,,,,,,,,,,,,,,,,,,True,,21378030,4194304,10,527,7684,18,653,4194254,4168759,0,653,4,21378030,657,,,,,,,,,,,,,,,,,,,,,,,0,377487360,67108864,8,316221208,40,0,0,48,61356472,335544320,,9438831,21370220,644,2,646,628560,268435456,,1280,418896,0,,67108864,256,48,16,,,82.39013399999997,,,8.482038,0.159777,,,1373.7276679999995,62.60960699999999,0.159496,1237.486266,,,0.692601,0.0,,1458.511057,0.028235,,,,,,,,,,,,,,,,,,,,,,,,,,,,,,,,,,,,,,,,,,,,,,,,,,,,,,21378030,657,native_grid_planar_fractional,True,1,1459.4947010000396,private-reference/487a0357db422f5f/00185.json.gz,21378030,True,653,4,21378030,657,657,4415,0.1092230000381278,f799effb4e1b125bfdbf5c1f92cca3183010ea1d50e09b9a30517254f539ca7d,21771767,skarve_normalized_f64_v1,23.03408200003787,429399863170,,True,1535.4298130000075,private-reference/9434c9c449009c04/00185.json.gz,45792128fddb17f4c4b96b97c2b0c7cfa0b22d874204bc47486fc4e3827f4c6b,1
186,analytical36-A-0-local-natural-ee,analytical36,A,local,0,natural-ee,cogband128,30.325708000020768,221.20846600000732,0.148866202,0.2204980000000063,86507520,2147483648,upstream,1,analytical36|A|local,0.08870700003171805,431129335185,,31.915520000040942,null,True,6142678,analytical36|A|0,,,,,,,,,,,,,,,,,,,,,,,,,,,,,,,,,,,,,,,,,,,,,,,,,,,,,,,,,,,,,,,,,,,,,,,,,,,,,,,,,,,,,,,,,,,,,,,,,,,,,,,,,,,,,,,,,,,,,,,,,,,,,,,,,,,,,,,,,,,,,,,,,,,,,,,,,,,,,,,,,,,,,,,,,,,,,,,,,,,,,,,,,,,,,,,,,,,,,,,,,,,,,,,,,,,,,,,,,,,,,,,,,,,,,,,,,,,,,,,,,,,,,,,,,,,,,,,,,,,,,,,,,,feature-sequential,,,exactextract_fractional_v030,True,,15.16205699999773,private-reference/239dfbd9cfe10771/00186.json.gz,0,True,0,0,0,0,0,141,0.04771399994751846,5407bbaafe217088a0ad904e61daf00d0b777c57d5ece884ecc9a294a3fec0ee,6142678,,15.113161999977365,431099009557,,True,149.15547999999035,private-reference/1c47b6d963b3045e/00186.json.gz,af62184ae438d0fbff3de1ced9023bd8b7c48d93138fda8f14354ae0d1143c7f,1
187,real-age36-D-1-local-native-skv-raw,real-age36,D,local,1,native-skv-raw,skv,279.42259799999647,397.5131600000168,0.336174051,0.3966530000000006,125689856,2147483648,native,36,real-age36|D|local,4.047659999969255,431560110883,18.71250900001087,303.0515230000219,null,True,28933939,real-age36|D|1,0.000891000013325538,,,1497376,288,16,0.001473,32768,1.3045470000000001,0,84934656,67108864,4,0,0,0.279908,63740916,75497472,0.008666,658864,0,8,f9c804f4bbe2085423ae54bcdc6b2b8b95cb5ec97d5c6a5a659d9c958d71075c,16,0.001533,,,,,,,153.165365,0.043977999999999996,,128,7168,False,128,128,0,0,0,0,0,0,0,276.495942,17.331645,0,0.025021999999999992,8,0.00031,330717820,,16,16899840,128.218968,6.788627000000001,1,121.24944799999999,0.306083,156708,0,0,0,0,0,0,0,,,,,,,,,,,,,,,,,,,,,,,,,,,,,,,,,,,,,,,,,,,,,,,,,,,,,,,,,,,,,,,,,,,,,,,,,,,,,,,,,,,,,,,,,,,,,0.005079,1,0,0,,,,,,,,,,,,,,,,,,,,,,,,,,,,,0,0,,,,,,,,,,,,,,,,,,,0,,,,,,,,,,,,,,,,,,,0.065986,0,0.007834,0,16,,,,,,,,,,,,,,,,,,,,,,,,,,,,,raw,0,0,native_grid_planar_fractional,True,1,278.33515399998987,private-reference/a5cadb8230417ddf/00187.json.gz,0,True,0,0,0,0,0,32464,0.5822800000032657,5d245bafefa7e2c75db0534640a9a4216d266276c251480c4f58b76cec0d89af,28933939,skarve_normalized_f64_v1,0.5010259999949085,431280688546,,True,336.65412900001,private-reference/6144fb253511226b/00187.json.gz,e9751f372d38b231ddd532e3ff0e7fbe97a73dbc202393cef6d4dbeff30b17da,8
188,analytical36-D-1-local-native-cog,analytical36,D,local,1,native-cog,cogband128,367.35732900001494,491.1229250000133,0.425937102,0.4903319999999951,142934016,2147483648,native,36,analytical36|D|local,7.189428999993197,432072440839,19.73156500002915,394.51648500005376,null,True,6142678,analytical36|D|1,0.00173299997641152,,,1497376,288,36,0.0019429999999999998,32768,1.0405309999999999,0,85515264,67108864,7,0,0,0.48298299999999994,66708435,76013568,0.017728999999999995,660976,0,8,55fae16001e91e77d565559d82f70bd8f181df86ff6de7de5fa0cf640b046bde,18,0.001312,,,,,,,217.53977800000004,0.043878,,,,,,,0,0,0,0,0,0,0,350.276523,15.629564000000006,0,0.02582599999999999,8,0.000341,337747748,,1296,17181864,149.94724600000004,5.858767,1,130.99477100000004,0.261041,157392,0,0,0,0,0,0,0,,,,,,,,,,,,,,,,,,,,,,,,,,,,,,,,,,,,,,,,,,,,,,,,,,,,,,,,,,,,,,,,,,,,,,,,,,,,,,,,,,,,,,,,,,,,,0.001603,1,0,0,,,,,,,,,,,,,,,,,,,,,,,,,,,,,0,0,,,,,,,,,,,,,,,,,,,0,,,,,,,,,,,,,,,,,,,0.05877400000000001,0,0.0,0,36,,,,,,,,,,,,,,,,,,,,,,,,,,,,,,0,0,native_grid_planar_fractional,True,1,352.2706640000024,private-reference/8ca4b36e1b74a16a/00188.json.gz,0,True,0,0,0,0,0,28867,0.6899919999909798,59b57f77bcbfc3eeb1e510375e2bb4e8862f43dfc1abc1a2806921a6fa4d3ee3,6142678,skarve_normalized_f64_v1,14.389831000016784,431705083179,,True,426.2906339999972,private-reference/93323e006b4e0ffc/00188.json.gz,3c5cb56842be420b76dc74e5074d5030dbd5926709c7b5092f7154abab361e28,8
189,analytical36-A-1-local-native-rsi64,analytical36,A,local,1,native-rsi64,cogband128,22.18716000004406,125.44774200000575,0.072948552,0.1247110000000049,72622080,2147483648,native,1,analytical36|A|local,0.3391279999505059,432243705108,18.708088000039425,41.43229600003906,null,True,6454230,analytical36|A|1,0.34458800001857526,,,,,,,,,,,,,,,,,,,,,,,,,16128,24,0,0,1032192,28,,,,,,,,,,,,,,,,,,,,,,,True,,,,,,,,,,,,,,,,16777216,,0,0.047163000000000004,1,28,0,,0,shared_only_for_identical_data_and_mask_block_footprints_then_flushed_on_transition_or_window_exit,trusted_manifest,,local_original,,,,,,,,,,,,,,,,,,,,,,,,,,,,,,,,,,,,,,,,,,,,,,False,,,,,,,,,,,,,,,,,,,,,,,,,,,,,,,,,,,,,,,,,,,,,,,,,,,,,,,,,,,,,,,,,,,,,,,,,0.000271,0.009046,,,,,7.056845000000001,exclusive partition of this query call; source post-validation is in remaining execution; FFI envelope and transport subspans are not added to this partition,,,0.038828,7.10499,,,,2096:708327:146176:1789305352:446154671:1789305352:446154671,local,,,,,,,,,,,,,,,,,,,,,0,,,,,,28,1242177,73,True,0,36,False,5,146176,1,False,0,84859,28,134217728,0,0,0,24,0,,36,index64,,,native_grid_planar_fractional,True,1,7.3929680000333065,private-reference/7107a147cc87d19b/00189.json.gz,0,True,0,0,0,0,0,142,0.040560999991612334,2396f5f00370dce99e7cb635589e0cea5188c4efa1d3b49f8b67a31975ca64dc,6142678,skarve_normalized_f64_v1,14.403542000025027,432221517578,,True,73.3125730000097,private-reference/05ece0d43c1cc097/00189.json.gz,a1e383a62c4378f242aae853bfe714e7c25dae12990b83082bba29367af74542,1
190,analytical40-1025x1031-A-0-local-native-skv-raw,analytical40-1025x1031,A,local,0,native-skv-raw,skv,17.54885499997272,122.8082860000086,0.06912158499999999,0.12219500000000494,63709184,2147483648,native,1,analytical40-1025x1031|A|local,1.073404000010214,432388244322,18.422333999978946,37.23635099999001,null,True,24731327,analytical40-1025x1031|A|0,0.0004199999921183917,,,,,,,,,,,,,,,,,,,,,,,,,,,,,,,,,,,,,,,,,,,,,,,,,,,,,,,,,,,,,,,,,,,,,,False,,,,,,skv,,,,False,,16384,0,0,0,0,0.0,0.0,0,0,0,0,0,0,2.368450999999999,64,354320,0,0.0,0.0,2304,11584,977905,108,1048576,0.08469,9437184,9439984,0,0,16,1048576,0.0071319999999999995,6.012024000000001,0,21,354320,2.522639999999999,65536,5242880,607201,1.2517469999999997,0,0,source_handle_lifetime,False,,,,,,,,,,,,,,,,,9742336,False,pinned_file_stat,local,,,,,,,,,,,,,,,,,,,0,9437184,67108864,16,0,0,0,0,16,9448304,8388608,,590135,0,0,0,0,626880,268435456,,64,14466,0,,67108864,256,16,16,,,2.2428610000000004,,,0.041988000000000004,0.198851,,,13.740112000000002,6.012024000000001,0.221591,7.017532000000001,,,0.013604,0.0,,16.638277,0.009637,,,,,,,,,,,,,,,,,,,,,,,,,,,,,,,,,,,,,,,,,,,,,,,,,,,,,raw,,,native_grid_planar_fractional,True,1,17.064038999990316,private-reference/7d84cdb035aaef1a/00190.json.gz,0,True,0,0,0,0,0,138,0.03788699996221112,3f59ba840b4903208d287a79769eca9f94b99b8f0f86dc5aa31ecb2e9525ce8d,24731327,skarve_normalized_f64_v1,0.4430120000051829,432370695377,,True,69.16973299996698,private-reference/669f152a7f93e51d/00190.json.gz,826cabf77b0b7f9fb61ecf45ca85d483dcfb319448109ded598d05dd33d03fc7,1
191,analytical36-B-1-http0-native-cog,analytical36,B,http0,1,native-cog,cogband128,47.58573899999874,155.09367700002485,0.08882439400000001,0.14604999999998824,76439552,2147483648,native,1,analytical36|B|http0,0.46260799996389323,432564311608,19.05618199998571,67.30552499999476,null,True,6142678,analytical36|B|1,0.0010219999921901035,,,45576,8,18,0.001773,32768,0.949777,0,2375424,67108864,0,0,0,0.06732100000000002,2388222,2111488,0.004265,660976,0,8,55fae16001e91e77d565559d82f70bd8f181df86ff6de7de5fa0cf640b046bde,18,0.001021,,,,,,,20.091579,0.032267000000000004,,128,7552,False,128,128,0,0,0,170854,20,2,22,26.1695,0.43892699999999996,0,0.0058239999999999984,8,0.000521,336303120,,36,477274,19.02079,0.15289799999999998,1,3.8169970000000006,0.065412,4372,0,0,0,0,0,0,0,,,,,,,,,,,,,,,,,,,,,,,,,,,,,,,,,,,,,,,,,,,,,,,,,,,,,,,,,,,,,,,,,,,,,,,,,,,,,,,,,,,,,,,,,,,,,0.003206,1,0,0,,,,,,,,,,,,,,,,,,,,,,,,,,,,,0,0,,,,,,,,,,,,,,,,,,,0,,,,,,,,,,,,,,,,,,,1.098203,0,0.0035659999999999997,0,18,,,,,,,,,,,,,,,,,,,,,,,,,,,,,,170854,22,native_grid_planar_fractional,True,1,26.837600000021666,private-reference/c245cd55eca08226/00191.json.gz,177862,True,27,4,177862,31,31,1028,0.04600100004381602,d12c50ef5f2eb483307595d687307a30b603990fff77734d225f99dfee78473e,6142678,skarve_normalized_f64_v1,20.697400000017296,432516725968,,True,97.53171200003408,private-reference/95505a1853ee62f8/00191.json.gz,9ae3c9a3f73bff597dbcf2c38a728357584af31e05983f3843cc810ae1a7c501,8
192,analytical40-1025x1031-C-2-http0-natural-ee,analytical40-1025x1031,C,http0,2,natural-ee,cogband128,1114.0092589999995,1309.0338300000326,1.116167481,1.2022520000000014,228708352,2147483648,upstream,40,analytical40-1025x1031|C|http0,0.6481010000243259,433871889210,,1116.1707910000018,null,True,26442685,analytical40-1025x1031|C|2,,,,,,,,,,,,,,,,,,,,,,,,,,,,,,,,,,,,,,,,,,,,,,,,,,,,,,,,,,,,,,,,,,,,,,,,,,,,,,,,,,,,,,,,,,,,,,,,,,,,,,,,,,,,,,,,,,,,,,,,,,,,,,,,,,,,,,,,,,,,,,,,,,,,,,,,,,,,,,,,,,,,,,,,,,,,,,,,,,,,,,,,,,,,,,,,,,,,,,,,,,,,,,,,,,,,,,,,,,,,,,,,,,,,,,,,,,,,,,,,,,,,,,,,,,,,,,,,,,,,,,,,,,feature-sequential,,,exactextract_fractional_v030,True,,1097.116715000027,private-reference/83ae5a40a5ff5b3c/00192.json.gz,26786749,True,277,1,26786749,278,278,4421,0.15865000000303553,4168f672772fe83ed290f80dd95245d27d5255023e118bf7e69cca88fb6184c4,26442685,,16.73090899998897,432757880082,,True,1222.539045000019,private-reference/73d9a8960fa9d836/00192.json.gz,935bdd648b23fa06fc965f2aebc096a60cd2b35ab5966c4be1e63f7042c2e691,1
193,analytical40-1025x1031-D-0-http0-native-skv-raw,analytical40-1025x1031,D,http0,0,native-skv-raw,skv,1106.2374719999752,1229.4336740000062,1.117000209,1.1854939999999914,133754880,2147483648,native,40,analytical40-1025x1031|D|http0,0.7298140000102649,435148183990,20.826933999956054,1128.0157900000063,null,True,24731327,analytical40-1025x1031|D|0,0.0007709999749749841,,,1663296,320,67,0.001773,32768,3.006158,0,378455040,67108864,53,0,0,3.7543820000000014,65907890,336404480,0.028697000000000004,1796464,0,8,306c40a2d8671545e1d51db4612ee3740a1a31d9dfa6f66422309f0cd8743037,67,0.0009609999999999999,,,,,,,482.6312669999999,0.038807999999999995,,128,16960,False,128,128,0,0,0,24340349,74,2,76,1100.1526509999999,70.33322800000003,0,0.039089,8,0.000411,332031196,,67,80723880,384.296789,23.804053999999994,1,610.7608990000002,1.19406,669920,0,0,0,0,0,0,0,,,,,,,,,,,,,,,,,,,,,,,,,,,,,,,,,,,,,,,,,,,,,,,,,,,,,,,,,,,,,,,,,,,,,,,,,,,,,,,,,,,,,,,,,,,,,0.012441,1,0,0,,,,,,,,,,,,,,,,,,,,,,,,,,,,,0,0,,,,,,,,,,,,,,,,,,,0,,,,,,,,,,,,,,,,,,,1.2695189999999998,0,0.021186999999999998,0,67,,,,,,,,,,,,,,,,,,,,,,,,,,,,,raw,24340349,76,native_grid_planar_fractional,True,1,1103.6105170000496,private-reference/03b7f29947486980/00193.json.gz,24356733,True,75,2,24356733,77,77,32796,0.6061550000140414,a7389146e4f56e6ee457a9ed39c6f9e8a5faf8be467c066635197793e46d52a4,24731327,skarve_normalized_f64_v1,2.015359999973043,434041946258,,True,1160.0802019999605,private-reference/be087a1b3fe5e60b/00193.json.gz,3b1e7f96d60d627f8be3f345cb8c0f34038ce94ed19c4da0f802be82904323f7,8
194,analytical36-D-1-http0-native-rsi64,analytical36,D,http0,1,native-rsi64,cogband128,1077.6032900000132,1213.2025479999697,0.9367771309999999,1.0092550000000102,148168704,2147483648,native,36,analytical36|D|http0,2.1763789999909022,436399073597,24.26450599995178,1104.2746809999926,null,True,6454230,analytical36|D|1,0,,,667776,288,104,0.002614,65536,1.332874,0,65463552,67108864,0,0,0,0.9475300000000003,65706392,58189824,0.09839999999999999,1012480,8,8,1921d53e4be64d8596c54ec719b10b0c6cc271305d99a4a5c2d73cfccd5e8285,67,0.005019000000000001,,,,,,,911.7163250000001,0.055237,,,,,,,0,0,0,5992290,653,4,657,1043.829555,11.316511999999996,0,0.02732699999999998,16,0.001042,203251772,,3744,8629416,861.2344170000002,5.905691000000003,2,64.882032,0.31938,160668,0,0,0,0,0,0,0,,,,,,,,,,,,,,,,,,,,,,,,,,,,,,,,,,,,,,,,,,,,,,,,,,,,,,,,,,,,,,,,,,,,,,,,,,,,,,,,,,,,,,,,,,,,,0.011279,2,0,0,,,,,,,,,,,,,,,,,,,,,,,,,,,,,116,74,,,,,,,,,,,,,,,,,,,1226,,,,,,,,,,,,,,,,,,,6.486107,0,0.0,0,104,,,,,,,,,,,,,,,,,,,,,,,,,,,,,index64,5992290,657,native_grid_planar_fractional,True,2,1047.1435779999752,private-reference/a5d8bf0d4d98d499/00194.json.gz,6193026,True,743,10,6193026,753,753,28867,0.5454969999618697,59b57f77bcbfc3eeb1e510375e2bb4e8862f43dfc1abc1a2806921a6fa4d3ee3,6142678,skarve_normalized_f64_v1,29.905511000038132,435321469706,,True,1140.2547769999956,private-reference/294c8aa0e95172c8/00194.json.gz,c4fa2450b1a4a2d64755ec76a0ca621c67fd2a8c2a0977ab12275c6636457bef,8
195,analytical36-D-1-http0-native-tiff,analytical36,D,http0,1,native-tiff,ordinary,858.1470519999925,980.9341860000131,0.843341502,0.9119029999999952,152735744,2147483648,native,36,analytical36|D|http0,1.2334799999962343,437423781525,21.34919899998522,880.9327779999876,null,True,4464831,analytical36|D|1,0.001552000014726218,,,1497376,288,36,0.001893,32768,0.949166,0,85515264,67108864,7,0,0,0.589909,66708435,76013568,0.022068,660976,0,8,55fae16001e91e77d565559d82f70bd8f181df86ff6de7de5fa0cf640b046bde,18,0.0009620000000000001,,,,,,,693.7712159999999,0.038748000000000005,,,,,,,0,0,0,4449237,183,2,185,829.0912950000001,15.186740000000004,0,0.030121999999999996,8,0.00048100000000000004,337747748,,1296,17181864,630.923996,9.794813,1,132.21322100000003,0.432938,157392,0,0,0,0,0,0,0,,,,,,,,,,,,,,,,,,,,,,,,,,,,,,,,,,,,,,,,,,,,,,,,,,,,,,,,,,,,,,,,,,,,,,,,,,,,,,,,,,,,,,,,,,,,,0.0042769999999999996,1,0,0,,,,,,,,,,,,,,,,,,,,,,,,,,,,,0,0,,,,,,,,,,,,,,,,,,,469,,,,,,,,,,,,,,,,,,,1.216493,0,0.0,0,36,,,,,,,,,,,,,,,,,,,,,,,,,,,,,,4449237,185,native_grid_planar_fractional,True,1,831.6954179999811,private-reference/b3e04ff43378ea2d/00195.json.gz,4456693,True,196,4,4456693,200,200,28867,0.5381029999966813,59b57f77bcbfc3eeb1e510375e2bb4e8862f43dfc1abc1a2806921a6fa4d3ee3,4464831,skarve_normalized_f64_v1,25.906888999998046,436565633912,,True,912.0039360000192,private-reference/e0fb7763445daa6a/00195.json.gz,011acca74cf0a6ca6c6d6118ac523728dcefc451349c24a15effebe76c9a6eda,8
196,analytical36-C-1-local-native-skv-raw,analytical36,C,local,1,native-skv-raw,skv,151.25243399995725,272.82466700000896,0.21639775600000002,0.27182200000000023,139468800,2147483648,native,36,analytical36|C|local,8.465538999985256,437739312398,22.93287899999541,182.91257099997438,null,True,5770145,analytical36|C|1,0.0006409999855350179,,,,,,,,,,,,,,,,,,,,,,,,,,,,,,,,,,,,,,,,,,,,,,,,,,,,,,,,,,,,,,,,,,,,,,False,,,,,,skv,,,,False,,16384,0,0,0,0,0.0,0.0,0,0,0,576,8,0,21.232468,576,90640,0,0.0,0.0,248832,11584,5548331,20,9437184,0.085089,84934656,84947676,0,0,4,9437184,0.008395999999999999,63.418455999999985,0,565,90640,16.947574999999997,65536,47185920,5441307,6.393356000000001,0,0,source_handle_lifetime,False,,,,,,,,,,,,,,,,,9742336,False,pinned_file_stat,local,,,,,,,,,,,,,,,,,,,0,84934656,67108864,3,21237567,1,0,0,4,63712701,75497472,,21237055,0,0,0,0,259632,268435456,,8,377416,0,,67108864,256,4,4,,,16.945414000000003,,,2.7454,0.10293000000000001,,,132.926542,63.418455999999985,0.059424,59.915946000000005,,,0.011039,0.0,,150.31339899999998,0.009407,,,,,,,,,,,,,,,,,,,,,,,,,,,,,,,,,,,,,,,,,,,,,,,,,,,,,raw,,,native_grid_planar_fractional,True,1,150.722495000025,private-reference/5fa5e47427a52be4/00196.json.gz,0,True,0,0,0,0,0,4010,0.0940350000178114,b377ff7f69c2e6aff33c3a6c22dcb9c59ccc16b052e6610bb89b8b3f1b16adba,5770145,skarve_normalized_f64_v1,0.4325179999682405,437588059763,,True,216.97208899996667,private-reference/c39420ffe688aefa/00196.json.gz,80bd0bd75eb2edd69ae187e048e73c236211855719401051426daf5f0d7e6831,1
197,analytical40-1025x1031-D-0-http0-native-rsi256,analytical40-1025x1031,D,http0,0,native-rsi256,cogband128,3173.3119080000165,3296.3237740000295,2.4956263429999996,2.5660469999999975,161484800,2147483648,native,40,analytical40-1025x1031|D|http0,1.3941869999598566,441053815656,19.06575699996438,3193.973497999991,null,True,26638653,analytical40-1025x1031|D|0,0,,,833696,320,36,0.002725,65536,2.2186500000000002,0,378777600,67108864,29,0,0,8.824924999999995,59645097,336691200,0.027968000000000003,1250704,8,8,ef6b09bc67fd03a2bdf45c1df0a3bc4c119631f3320f22b881ed2a41b7eda9d6,18,0.004738,,,,,,,2565.7605289999997,0.046931999999999995,,,,,,,0,0,0,26130246,2736,4,2740,3139.051733,68.57753600000001,0,0.03187899999999999,16,0.000972,203489956,,1440,70238120,2412.975737,33.206624000000005,2,553.758171,1.020068,314960,0,0,0,0,0,0,0,,,,,,,,,,,,,,,,,,,,,,,,,,,,,,,,,,,,,,,,,,,,,,,,,,,,,,,,,,,,,,,,,,,,,,,,,,,,,,,,,,,,,,,,,,,,,0.011489,2,0,0,,,,,,,,,,,,,,,,,,,,,,,,,,,,,8,8,,,,,,,,,,,,,,,,,,,0,,,,,,,,,,,,,,,,,,,6.148283,0,0.0,0,36,,,,,,,,,,,,,,,,,,,,,,,,,,,,,index256,26130246,2740,native_grid_planar_fractional,True,2,3142.171747999953,private-reference/df4dc70d7737006b/00197.json.gz,26283278,True,2760,10,26283278,2770,2770,32796,0.5471769999871867,a7389146e4f56e6ee457a9ed39c6f9e8a5faf8be467c066635197793e46d52a4,26442685,skarve_normalized_f64_v1,30.58464800000138,437880503246,,True,3225.551641000038,private-reference/32c487f17b53a852/00197.json.gz,9844920557f1217d5ec276e23576b840927b8903bb7d17c2c89bfa857c6ce743,8
198,analytical40-1025x1031-A-0-local-native-tiff,analytical40-1025x1031,A,local,0,native-tiff,band256,43.56541999999308,161.75178600002482,0.102188104,0.16065600000000302,82235392,2147483648,native,1,analytical40-1025x1031|A|local,1.6656669999974838,441294378425,22.727373000009266,68.1574149999733,null,True,21771767,analytical40-1025x1031|A|0,0.0009010000212583691,,,,,,,,,,,,,,,,,,,,,,,,,,,,,,,,,,,,,,,,,,,,,,,,,,,,,,,,,,,,,,,,,,,,,16777216,,0,0.047855,1,16,0,,0,shared_only_for_identical_data_and_mask_block_footprints_then_flushed_on_transition_or_window_exit,trusted_manifest,,local_original,,,,,,,,,,,,,,,,,,,,,,,,,,,,,,,,,,,,,,,,,,,,,,False,,,,,,,,,,,,,,,,,,,,,,,,,,,,,,,,,,,,,,0,9437184,67108864,16,0,0,0,0,16,9448560,8388608,,590151,0,0,0,0,626880,268435456,,32,14466,0,,67108864,256,16,16,,,2.045739,,,0.052452,0.14746299999999998,,,25.646426,1.5383860000000003,0.16081900000000002,21.707047,,,0.0149,0.0,,28.236479,0.031563,,,,,,,,,,,,,,,,,,,,,,,,,,,,,,,,,,,,,,,,,,,,,,,,,,,,,,,,native_grid_planar_fractional,True,1,28.595972000005077,private-reference/8bac64e045096491/00198.json.gz,0,True,0,0,0,0,0,138,0.07455800005118363,3f59ba840b4903208d287a79769eca9f94b99b8f0f86dc5aa31ecb2e9525ce8d,21771767,skarve_normalized_f64_v1,14.888185999950565,441250812163,,True,102.60680499999353,private-reference/b72f364d12600ae8/00198.json.gz,b31b5b289cd98233fb6720d16a46da86e1d3b67e2a442f0d7de341b077f3b50b,1
199,worldpop1-A-2-local-native-tiff,worldpop1,A,local,2,native-tiff,ordinary,723.3878419999655,840.0475430000256,0.7823369689999999,0.838657000000012,93831168,2147483648,native,1,worldpop1|A|local,2.512960999979441,442162881368,22.1891810000443,748.3834770000044,null,True,18084641,worldpop1|A|2,0.0016829999935907836,,,,,,,,,,,,,,,,,,,,,,,,,,,,,,,,,,,,,,,,,,,,,,,,,,,,,,,,,,,,,,,,,,,,,16777216,,0,0.06361599999999999,1,25,0,,0,shared_only_for_identical_data_and_mask_block_footprints_then_flushed_on_transition_or_window_exit,trusted_manifest,,local_original,,,,,,,,,,,,,,,,,,,,,,,,,,,,,,,,,,,,,,,,,,,,,,False,,,,,,,,,,,,,,,,,,,,,,,,,,,,,,,,,,,,,,0,14745600,67108864,25,0,0,0,0,25,14762975,13107200,,590135,0,0,0,0,677280,268435456,,50,14466,0,,67108864,256,25,25,,,2.0264179999999996,,,0.16077899999999995,0.233303,,,711.6180120000001,3.276532,0.230568,682.349122,,,0.044357999999999995,0.0,,714.5721940000001,0.035811,,,,,,,,,,,,,,,,,,,,,,,,,,,,,,,,,,,,,,,,,,,,,,,,,,,,,,,,native_grid_planar_fractional,True,1,714.9227890000134,private-reference/98536c1a6c3491b9/00199.json.gz,0,True,0,0,0,0,0,159,0.06232399999817062,6b7c811950dafd49b0dace02d8ad09319150a5be646200d1e519d5ed02b8ce8d,18084641,skarve_normalized_f64_v1,8.395845999984886,441439493506,,True,782.9284339999845,private-reference/43730117cf0f1e78/00199.json.gz,77378d9f650e40cb6737e2b52c1f1da4644ea7ec829e52d5341dcd15cd668226,1
200,analytical36-D-0-http0-native-rsi256,analytical36,D,http0,0,native-rsi256,cogband128,808.380360000001,937.2564820000093,0.698032181,0.761006999999978,161054720,2147483648,native,36,analytical36|D|http0,6.815561999985675,443117403445,23.369780999985323,838.7711699999727,null,True,6294806,analytical36|D|0,0,,,667776,288,10,0.003077,65536,0.793593,0,85515264,67108864,2,0,0,3.2106669999999995,61940632,76013568,0.008184,509152,8,8,e02ad3c4dc77a71b74e301dd8a264f1b4cc37cd202086d7c973eb6c6359136cf,5,0.004149,,,,,,,619.2042860000001,0.032735,,,,,,,0,0,0,5992290,653,4,657,774.930377,15.174413000000001,0,0.031139999999999987,16,0.0011420000000000002,202748552,,360,17068284,587.74561,7.5081739999999995,2,146.408806,0.946026,82872,0,0,0,0,0,0,0,,,,,,,,,,,,,,,,,,,,,,,,,,,,,,,,,,,,,,,,,,,,,,,,,,,,,,,,,,,,,,,,,,,,,,,,,,,,,,,,,,,,,,,,,,,,,0.011614,2,0,0,,,,,,,,,,,,,,,,,,,,,,,,,,,,,0,0,,,,,,,,,,,,,,,,,,,2,,,,,,,,,,,,,,,,,,,6.296157000000001,0,0.0,0,10,,,,,,,,,,,,,,,,,,,,,,,,,,,,,index256,5992290,657,native_grid_planar_fractional,True,2,778.6563040000374,private-reference/c28ddf52a58e4a9f/00200.json.gz,6137378,True,669,10,6137378,679,679,28762,0.5065729999955693,a9e2337fccaa006ca4a489ba411cad2a8b91d47a0e971c214c4c67110e4e4f97,6142678,skarve_normalized_f64_v1,29.212553999968804,442309023096,,True,873.4430849999626,private-reference/b4f88daf0233be41/00200.json.gz,3ea5bb259f67be22d760bfb3eb4e3fdb3b96be7c6b2b95bd27f4e9c23cf8d30d,8
201,analytical40-1025x1031-D-0-local-natural-ee,analytical40-1025x1031,D,local,0,natural-ee,cogband128,1308.6930629999642,1534.5594400000095,1.453189529,1.5337220000000116,210333696,2147483648,upstream,40,analytical40-1025x1031|D|local,5.077086999961011,444673504926,,1316.5609640000184,null,True,26442685,analytical40-1025x1031|D|0,,,,,,,,,,,,,,,,,,,,,,,,,,,,,,,,,,,,,,,,,,,,,,,,,,,,,,,,,,,,,,,,,,,,,,,,,,,,,,,,,,,,,,,,,,,,,,,,,,,,,,,,,,,,,,,,,,,,,,,,,,,,,,,,,,,,,,,,,,,,,,,,,,,,,,,,,,,,,,,,,,,,,,,,,,,,,,,,,,,,,,,,,,,,,,,,,,,,,,,,,,,,,,,,,,,,,,,,,,,,,,,,,,,,,,,,,,,,,,,,,,,,,,,,,,,,,,,,,,,,,,,,,,raster-sequential,,,exactextract_fractional_v030,True,,1290.7219709999822,private-reference/518cbdec6b042937/00201.json.gz,0,True,0,0,0,0,0,33314,0.5664999999908105,5c57fd4f3ad22637672a20b1643cbe6e4f94e12d62a228ef2dcd1a5664fa96d6,26442685,,17.401596000013342,443364812043,,True,1453.5158950000096,private-reference/53ab3e9b07d9036a/00201.json.gz,4d0fcd17020267a2ff24ee21684c19dadf30ffac5847edb8d8ace720ab0e4a48,8
202,analytical40-1025x1031-A-2-http0-native-cog,analytical40-1025x1031,A,http0,2,native-cog,cogband128,100.77253299999711,212.001698999984,0.132979121,0.19021399999999744,84205568,2147483648,native,1,analytical40-1025x1031|A|http0,2.064512000004015,444943543265,19.254674000023897,122.37356299999647,null,True,26442685,analytical40-1025x1031|A|2,0.0007410000080199097,,,,,,,,,,,,,,,,,,,,,,,,,,,,,,,,,,,,,,,,,,,,,,,,,,,,,,,,,,,,,,,,,,,,,16777216,,0,1.7737020000000001,1,16,0,,0,shared_only_for_identical_data_and_mask_block_footprints_then_flushed_on_transition_or_window_exit,trusted_manifest,,http_original,,,,,,,,,,,,,,,,,,,,,,,,,,,,,,,,,,,,,,,,,,,,,,True,,680211,4194304,13,0,7604,19,73,689555,689555,0,73,4,680211,77,,,,,,,,,,,,,,,,,,,,,,,0,9437184,67108864,16,0,0,0,0,16,9448560,8388608,,590151,672559,66,2,68,630624,268435456,,32,14466,0,,67108864,256,16,16,,,2.298586,,,0.09538899999999999,0.149565,,,70.847215,1.5860779999999999,0.118644,66.620829,,,0.468906,0.0,,74.705134,0.020380000000000002,,,,,,,,,,,,,,,,,,,,,,,,,,,,,,,,,,,,,,,,,,,,,,,,,,,,,,680211,77,native_grid_planar_fractional,True,1,75.28270400001702,private-reference/36e5f1c3412258c3/00202.json.gz,680211,True,73,4,680211,77,77,140,0.05522599997220823,0804bf71bee4a10cb67390656e5058e365f08886d4b412c8d3417e8204a98c13,26442685,skarve_normalized_f64_v1,25.42920299998741,444842770633,,True,154.30426400001807,private-reference/7d99ce9d579cf074/00202.json.gz,2d553c6c942b66ec5d7f6cab080c75e3257d9e9ac726e04adf1fa5a676e4bb62,1
203,real-age36-B-2-http0-native-rsi64,real-age36,B,http0,2,native-rsi64,cogband128,70.66551099995877,181.30557099999578,0.10741459099999999,0.16265700000001004,73826304,2147483648,native,1,real-age36|B|http0,0.33649400000967944,445158503604,21.999722999964888,93.20158599996375,null,True,28148818,real-age36|B|2,0,,,45576,8,50,0.001854,32768,1.91621,0,1843200,67108864,0,0,0,0.140807,1877950,1638400,0.010318999999999998,1018000,0,8,7977e1f5c12c982857d6e6ed9d512ad4c2239e6924905bd559ba01551531b318,64,0.003856,,,,,,,27.98437900000001,0.047202,,,,,,,0,0,0,781420,17,2,19,55.666449,0.41098399999999996,0,0.004948999999999997,8,0.00048100000000000004,202435280,,100,239162,26.342592000000003,0.24760199999999996,1,2.169368999999999,0.048152,4479,0,0,0,0,0,0,0,,,,,,,,,,,,,,,,,,,,,,,,,,,,,,,,,,,,,,,,,,,,,,,,,,,,,,,,,,,,,,,,,,,,,,,,,,,,,,,,,,,,,,,,,,,,,0.004318,1,0,0,,,,,,,,,,,,,,,,,,,,,,,,,,,,,57,36,,,,,,,,,,,,,,,,,,,35,,,,,,,,,,,,,,,,,,,3.6577409999999997,0,0.0,0,50,,,,,,,,,,,,,,,,,,,,,,,,,,,,,index64,781420,19,native_grid_planar_fractional,True,1,56.380328999978246,private-reference/542bde5ba11d61e0/00203.json.gz,875027,True,62,5,875027,67,67,1129,0.06329999996523838,fba1d5ef79886e5e7200884dceab42f930764eafb8fbd4698b34106f15ed3623,27889906,skarve_normalized_f64_v1,14.216342999986864,445087838123,,True,125.52965599996924,private-reference/7477158c7e6097b6/00203.json.gz,fe4c09f180ed57175bedc36c99c449ccda1131dfcd7b94b03c6b70943043c655,8
204,worldpop1-B-0-local-native-skv-summary,worldpop1,B,local,0,native-skv-summary,skv,23.684930000001714,137.43637100003525,0.078342631,0.136722000000006,62586880,2147483648,native,1,worldpop1|B|local,0.18042299996068323,445319758803,21.807480000006763,45.910366999976304,null,True,22778369,worldpop1|B|0,0.0004110000304535788,,,45576,8,53,0.0017230000000000001,32768,3.2083830000000004,0,7815168,67108864,0,0,0,0.07352099999999998,7851155,6946816,0.003939000000000002,2002288,0,8,e7d0e5383425d7088b1559a961fb2c4f4a6dfcfdb2d8164f0bcb85491c397714,81,0.001052,,,,,,,15.943190000000001,0.037566,,,,,,,0,0,0,0,0,0,0,22.523023,1.830589,0,0.004728,8,0.000391,330602332,,53,493790,12.722854000000002,1.045954,1,2.6634860000000007,0.050228,7773,0,0,0,0,0,0,0,,,,,,,,,,,,,,,,,,,,,,,,,,,,,,,,,,,,,,,,,,,,,,,,,,,,,,,,,,,,,,,,,,,,,,,,,,,,,,,,,,,,,,,,,,,,,0.0050089999999999996,1,0,49,,,,,,,,,,,,,,,,,,,,,,,,,,,,,92,49,,,,,,,,,,,,,,,,,,,0,,,,,,,,,,,,,,,,,,,0.024042,0,0.0,0,53,,,,,,,,,,,,,,,,,,,,,,,,,,,,,summary,0,0,native_grid_planar_fractional,True,1,23.223860000030072,private-reference/600ec2c29bc9457a/00204.json.gz,0,True,0,0,0,0,0,1258,0.06845899997642846,4a6cd2a5f470531511575f9777b40a41556bbc3b42879e046e29fc5ae511a873,22778369,skarve_normalized_f64_v1,0.3875030000131119,445296073101,,True,78.63345300000901,private-reference/d534570b6b7f9f6b/00204.json.gz,3bebbea4a989d7b7059117a9cbe45b219615dc553d9986e372d38f1239838544,8
205,analytical36-B-0-local-native-rsi256,analytical36,B,local,0,native-rsi256,cogband128,27.600625999980366,146.8689280000035,0.085765654,0.14631199999998046,75296768,2147483648,native,1,analytical36|B|local,0.44382100003304004,445488640339,22.382198999991942,50.710247999973035,null,True,6294806,analytical36|B|0,0,,,45576,8,5,0.002314,32768,0.97874,0,2375424,67108864,0,0,0,0.015787,2378979,2111488,0.0011519999999999998,509152,0,8,e02ad3c4dc77a71b74e301dd8a264f1b4cc37cd202086d7c973eb6c6359136cf,5,0.0012619999999999999,,,,,,,6.6065890000000005,0.044598000000000006,,,,,,,0,0,0,0,0,0,0,11.202905000000001,0.35780199999999995,0,0.004827999999999999,8,0.000401,201926976,,10,474119,5.506677999999999,0.131289,1,3.2194340000000006,0.10840799999999999,2302,0,0,0,0,0,0,0,,,,,,,,,,,,,,,,,,,,,,,,,,,,,,,,,,,,,,,,,,,,,,,,,,,,,,,,,,,,,,,,,,,,,,,,,,,,,,,,,,,,,,,,,,,,,0.001934,1,0,0,,,,,,,,,,,,,,,,,,,,,,,,,,,,,0,0,,,,,,,,,,,,,,,,,,,0,,,,,,,,,,,,,,,,,,,0.20531699999999997,0,0.0,0,5,,,,,,,,,,,,,,,,,,,,,,,,,,,,,index256,0,0,native_grid_planar_fractional,True,1,11.935727999969004,private-reference/9d5a458eb949830d/00205.json.gz,0,True,0,0,0,0,0,1018,0.06350999996129758,ca14ceabda820a34951c21e56b493ed8c56bd09015c599a5760be04ef843460e,6142678,skarve_normalized_f64_v1,15.595175999976618,445461039994,,True,85.84269899995434,private-reference/9105f149a613e7dc/00205.json.gz,f1f3a958bdc85a20e58842b23369a99015ee22ed4dc29ac4f91d23b85c0bf065,8
206,real-age36-D-2-local-natural-ee,real-age36,D,local,2,natural-ee,cog256,345.20753300000706,546.4759090000371,0.46683672800000003,0.5459440000000058,188338176,2147483648,upstream,36,real-age36|D|local,2.1095700000159923,446044579803,,349.11142099997505,null,True,21256336,real-age36|D|2,,,,,,,,,,,,,,,,,,,,,,,,,,,,,,,,,,,,,,,,,,,,,,,,,,,,,,,,,,,,,,,,,,,,,,,,,,,,,,,,,,,,,,,,,,,,,,,,,,,,,,,,,,,,,,,,,,,,,,,,,,,,,,,,,,,,,,,,,,,,,,,,,,,,,,,,,,,,,,,,,,,,,,,,,,,,,,,,,,,,,,,,,,,,,,,,,,,,,,,,,,,,,,,,,,,,,,,,,,,,,,,,,,,,,,,,,,,,,,,,,,,,,,,,,,,,,,,,,,,,,,,,,,raster-sequential,,,exactextract_fractional_v030,True,,337.3755770000457,private-reference/2ceebd859b290c0c/00206.json.gz,0,True,0,0,0,0,0,32661,0.5930689999900096,9f7eb1d16bd9620333d93bedf55bf12fcf47662ec5a27c9142a10fc0799c44b9,21256336,,7.235180999998647,445699372039,,True,467.00332099999287,private-reference/4c1595dcdac412aa/00206.json.gz,d42a3b2ee68c9bf1a577d67ec040a85ff305ae77d9766c13a8603ac881f488ec,8
207,analytical36-A-1-http0-native-rsi256,analytical36,A,http0,1,native-rsi256,cogband128,52.92849200003502,167.25922500000934,0.097126663,0.15650300000000072,76709888,2147483648,native,1,analytical36|A|http0,0.5453299999658157,446260897937,21.106959999997343,74.86255999998548,null,True,6294806,analytical36|A|1,2.4976509999987684,,,,,,,,,,,,,,,,,,,,,,,,,0,0,0,0,2359296,4,,,,,,,,,,,,,,,,,,,,,,,True,,,,,,,,,,,,,,,,16777216,,0,1.742938,1,4,0,,0,shared_only_for_identical_data_and_mask_block_footprints_then_flushed_on_transition_or_window_exit,trusted_manifest,,http_original,,,,,,,,,,,,,,,,,,,,,,,,,,,,,,,,,,,,,,,,,,,,,,True,,176552,4194304,13,0,6912,19,25,179752,179752,0,25,5,176552,30,,,,,,,,,,,,,,,,,,,,,,,,,,,,,,,,,,,,,,,,,,,,,,,,,,,,,,,,,,0.000732,0.5038360000000001,,,,,25.002605999999997,exclusive partition of this query call; source post-validation is in remaining execution; FFI envelope and transport subspans are not added to this partition,,,0.5609430000000001,26.068116999999997,,,"""12bafe8966fab9f50aeaf31592b0c88e2ab6bb37bd6b4bf340fa717541d78a28""",,http,65536,0,0,0,0,0,1,0,0,0,1,3,65536,4,,,,,,,0,,,,,,4,8963137,4,True,0,0,False,1,74944,1,False,1,232315,4,134217728,0,0,0,0,65536,,0,index256,176552,30,native_grid_planar_fractional,True,1,26.380579000033322,private-reference/dbbbd12216097cb5/00207.json.gz,242088,True,26,8,242088,34,34,142,0.05082799998490373,2396f5f00370dce99e7cb635589e0cea5188c4efa1d3b49f8b67a31975ca64dc,6142678,skarve_normalized_f64_v1,23.99146999999857,446207969576,,True,107.25757599999497,private-reference/41a7d171d895d9ee/00207.json.gz,260a3dd3d4bbc54fb72a78562f440eef3d06d85d1f63c0b69c29ce2e5c09d06f,1
208,real-age36-B-1-http0-native-skv-raw,real-age36,B,http0,1,native-skv-raw,skv,29.877063999947495,142.56134899994777,0.079660282,0.1352409999999935,59269120,2147483648,native,1,real-age36|B|http0,0.40211800001088704,446436178705,21.855307000009816,52.346345999978894,null,True,28933939,real-age36|B|1,0.0010919999908765021,,,45576,8,16,0.002204,32768,1.456188,0,2359296,67108864,0,0,0,0.056708,2370160,2097152,0.0025640000000000003,658864,0,8,f9c804f4bbe2085423ae54bcdc6b2b8b95cb5ec97d5c6a5a659d9c958d71075c,16,0.0016330000000000001,,,,,,,20.445508000000004,0.039538,,128,7168,False,128,128,0,0,0,902599,18,2,20,26.880449000000002,0.5627059999999998,0,0.006900999999999997,8,0.000491,329265640,,16,469440,19.558599,0.24343200000000004,1,3.5212180000000006,0.087072,4353,0,0,0,0,0,0,0,,,,,,,,,,,,,,,,,,,,,,,,,,,,,,,,,,,,,,,,,,,,,,,,,,,,,,,,,,,,,,,,,,,,,,,,,,,,,,,,,,,,,,,,,,,,,0.009857000000000001,1,0,0,,,,,,,,,,,,,,,,,,,,,,,,,,,,,0,0,,,,,,,,,,,,,,,,,,,0,,,,,,,,,,,,,,,,,,,1.220618,0,0.004678,0,16,,,,,,,,,,,,,,,,,,,,,,,,,,,,,raw,902599,20,native_grid_planar_fractional,True,1,27.654090999988057,private-reference/fe1f80390c9c78b5/00208.json.gz,918983,True,19,2,918983,21,21,1124,0.09911099999726503,a3ba031d3788621800950943579f5eab46d6bdbeb6ec71f27b742a767f11bc3f,28933939,skarve_normalized_f64_v1,2.1158459999810475,446406300549,,True,86.48885399998107,private-reference/cf48aa2dcf65717a/00208.json.gz,b367a6f65562d65171046c55a93a34c5ffddadf78bf560811850c80cda22704d,8
209,analytical40-1025x1031-D-1-local-native-tiff,analytical40-1025x1031,D,local,1,native-tiff,band256,3011.551192000013,3129.8643970000057,3.064580004,3.127756000000005,146894848,2147483648,native,40,analytical40-1025x1031|D|local,3.8698520000366443,449580736510,18.100894000042445,3033.7430760000075,null,True,21771767,analytical40-1025x1031|D|1,0.0007610000238855719,,,1663296,320,134,0.002435,32768,2.806118,0,378455040,67108864,106,0,0,3.030666999999999,65918628,336404480,0.07050100000000002,1799632,0,8,10b73ba3c4f77670ec8a26cf62bfd6c31fe3b17dcf8b0b163b7a9af5a8d178cd,67,0.0009220000000000001,,,,,,,2396.086285,0.038437,,,,,,,0,0,0,0,0,0,0,2993.641261,61.363300000000024,0,0.028392999999999998,8,0.000592,339052220,,5360,80881680,2160.564842,27.806493999999994,1,591.8415019999999,1.432092,670520,0,0,0,0,0,0,0,,,,,,,,,,,,,,,,,,,,,,,,,,,,,,,,,,,,,,,,,,,,,,,,,,,,,,,,,,,,,,,,,,,,,,,,,,,,,,,,,,,,,,,,,,,,,0.001502,1,0,0,,,,,,,,,,,,,,,,,,,,,,,,,,,,,0,0,,,,,,,,,,,,,,,,,,,0,,,,,,,,,,,,,,,,,,,0.067853,0,0.0,0,134,,,,,,,,,,,,,,,,,,,,,,,,,,,,,,0,0,native_grid_planar_fractional,True,1,2995.8346989999995,private-reference/ba202cefa552ec50/00209.json.gz,0,True,0,0,0,0,0,32804,0.5392599999822778,365f94acb67595ceff5b6f6e9b8b49e3e1f3374adb31b96e3eab040965552af1,21771767,skarve_normalized_f64_v1,15.172854000013558,446569185889,,True,3066.2663819999807,private-reference/cbe9ee2d932fa545/00209.json.gz,5198c9a41c00402737ce5476b1dfc0b097a0b4e1617c17f9e09e191be4b47c2e,8
210,real-age36-A-2-local-native-rsi64,real-age36,A,local,2,native-rsi64,cogband128,18.800747999989653,135.57464999996682,0.075525144,0.13498599999999783,69349376,2147483648,native,1,real-age36|A|local,0.3245620000029703,449756899061,21.533848999979455,40.94644099996003,null,True,28148818,real-age36|A|2,0.3731860000470988,,,,,,,,,,,,,,,,,,,,,,,,,16128,24,0,0,1032192,28,,,,,,,,,,,,,,,,,,,,,,,True,,,,,,,,,,,,,,,,16777216,,0,0.06526900000000001,1,28,0,,0,shared_only_for_identical_data_and_mask_block_footprints_then_flushed_on_transition_or_window_exit,trusted_manifest,,local_original,,,,,,,,,,,,,,,,,,,,,,,,,,,,,,,,,,,,,,,,,,,,,,False,,,,,,,,,,,,,,,,,,,,,,,,,,,,,,,,,,,,,,,,,,,,,,,,,,,,,,,,,,,,,,,,,,,,,,,,,9.999999999999999e-05,0.008238,,,,,7.75655,exclusive partition of this query call; source post-validation is in remaining execution; FFI envelope and transport subspans are not added to this partition,,,0.021256,7.786144,,,,2096:708353:122656:1789305358:387112127:1789305358:387112127,local,,,,,,,,,,,,,,,,,,,,,0,,,,,,28,1242177,69,True,0,36,False,4,122656,1,False,0,84386,28,134217728,0,0,0,24,0,,36,index64,,,native_grid_planar_fractional,True,1,8.23245499998393,private-reference/384bbc5e59e517c9/00210.json.gz,0,True,0,0,0,0,0,146,0.0609800000006544,23ad059059d201f1ebaf83a27fbf945ec9e110f22eaa6ab13fd400ec1b6b2357,27889906,skarve_normalized_f64_v1,10.123765000003004,449738098143,,True,75.6332789999874,private-reference/7c6d5df3b19b23a0/00210.json.gz,5cfa2d94e326f227133cfb3aa62ee491fc369ec862b9c5dbc027d7130e407c8b,1
211,analytical36-A-2-http0-natural-ee,analytical36,A,http0,2,natural-ee,cogband128,35.517576999950506,218.3488969999985,0.142679255,0.21240600000001564,90112000,2147483648,upstream,1,analytical36|A|http0,0.08963100003711588,449989243885,,37.191652000046815,null,True,6142678,analytical36|A|2,,,,,,,,,,,,,,,,,,,,,,,,,,,,,,,,,,,,,,,,,,,,,,,,,,,,,,,,,,,,,,,,,,,,,,,,,,,,,,,,,,,,,,,,,,,,,,,,,,,,,,,,,,,,,,,,,,,,,,,,,,,,,,,,,,,,,,,,,,,,,,,,,,,,,,,,,,,,,,,,,,,,,,,,,,,,,,,,,,,,,,,,,,,,,,,,,,,,,,,,,,,,,,,,,,,,,,,,,,,,,,,,,,,,,,,,,,,,,,,,,,,,,,,,,,,,,,,,,,,,,,,,,,feature-sequential,,,exactextract_fractional_v030,True,,18.38755999995101,private-reference/aed6188ad6484b6f/00211.json.gz,360448,True,4,1,360448,5,5,141,0.04960499995831924,70cf837ebb4fc8d9b4eba95035ce0c0f8eaa81f131b85dd5928b185f227a4b78,6142678,,17.077534999998534,449953726559,,True,145.25613400002158,private-reference/f2f9509498d006b6/00211.json.gz,df9df42ff6b358462604a958776bb73acf57c39854a2ded04c65583f111a0b34,1
212,analytical36-B-2-http0-natural-ee,analytical36,B,http0,2,natural-ee,cogband128,42.65575599998783,232.19679099997848,0.15465921400000002,0.23003099999998255,93548544,2147483648,upstream,1,analytical36|B|http0,0.16979200000832861,450248165176,,44.481926000003114,null,True,6142678,analytical36|B|2,,,,,,,,,,,,,,,,,,,,,,,,,,,,,,,,,,,,,,,,,,,,,,,,,,,,,,,,,,,,,,,,,,,,,,,,,,,,,,,,,,,,,,,,,,,,,,,,,,,,,,,,,,,,,,,,,,,,,,,,,,,,,,,,,,,,,,,,,,,,,,,,,,,,,,,,,,,,,,,,,,,,,,,,,,,,,,,,,,,,,,,,,,,,,,,,,,,,,,,,,,,,,,,,,,,,,,,,,,,,,,,,,,,,,,,,,,,,,,,,,,,,,,,,,,,,,,,,,,,,,,,,,,raster-sequential,,,exactextract_fractional_v030,True,,26.214722999952755,private-reference/c37f94ba828d10b7/00212.json.gz,196608,True,2,1,196608,3,3,1059,0.18675799998391085,ca32bfee6d9a4f24f32cd735fb7fe8049c283b3cd5339d3dc315c3ad72222c66,6142678,,16.249966000032146,450205508779,,True,156.18127400000503,private-reference/b062f263564bb1fd/00212.json.gz,42d16ffdee9023c6834e4e4b212dc0653364d6100fb02e7a75742e0173355368,8
213,analytical36-B-2-local-native-skv-summary,analytical36,B,local,2,native-skv-summary,skv,9.792640999989999,122.74152899999535,0.062818493,0.12189999999999657,56647680,2147483648,native,1,analytical36|B|local,0.08711499998526051,450423834388,20.183975999998438,30.260862000034194,null,True,5770145,analytical36|B|2,0.000622000015937374,,,45576,8,18,0.001313,32768,1.17768,0,2375424,67108864,0,0,0,0.036329999999999994,2387934,2111488,0.0010520000000000002,666976,0,8,ffe7a97fa2f07ec5058551e0ed95c80f9c8135d7786b6a5147d2967b095224d8,18,0.000871,,,,,,,4.21399,0.03288,,,,,,,0,0,0,0,0,0,0,8.849221,0.38918900000000006,0,0.003919999999999999,8,0.00033099999999999997,329266768,,18,414653,3.5380759999999993,0.139017,1,3.2435120000000004,0.031126,3886,0,0,0,0,0,0,0,,,,,,,,,,,,,,,,,,,,,,,,,,,,,,,,,,,,,,,,,,,,,,,,,,,,,,,,,,,,,,,,,,,,,,,,,,,,,,,,,,,,,,,,,,,,,0.00493,1,0,4,,,,,,,,,,,,,,,,,,,,,,,,,,,,,4,4,,,,,,,,,,,,,,,,,,,0,,,,,,,,,,,,,,,,,,,0.053625,0,0.0,0,18,,,,,,,,,,,,,,,,,,,,,,,,,,,,,summary,0,0,native_grid_planar_fractional,True,1,9.335486999987097,private-reference/48810a125b41edb5/00213.json.gz,0,True,0,0,0,0,0,1060,0.045425999985582166,d465def57fae7479bd4c661eef066e439ba015c938a58cc0d5ff214af3707011,5770145,skarve_normalized_f64_v1,0.40778900000759677,450414041988,,True,63.21007299999337,private-reference/401c401aaed1216c/00213.json.gz,28390d44d75f63ccebe42da8730a42b4df10aa38f0694902d401fc2a7b96465e,8
214,real-age36-A-1-local-native-rsi64,real-age36,A,local,1,native-rsi64,cogband128,17.87117099996749,130.40368699995497,0.067001111,0.12929000000001167,69271552,2147483648,native,1,real-age36|A|local,0.2857289999838031,450577425199,19.817055000032724,38.25347000002921,null,True,28148818,real-age36|A|1,0.33833100002311767,,,,,,,,,,,,,,,,,,,,,,,,,16128,24,0,0,1032192,28,,,,,,,,,,,,,,,,,,,,,,,True,,,,,,,,,,,,,,,,16777216,,0,0.061531,1,28,0,,0,shared_only_for_identical_data_and_mask_block_footprints_then_flushed_on_transition_or_window_exit,trusted_manifest,,local_original,,,,,,,,,,,,,,,,,,,,,,,,,,,,,,,,,,,,,,,,,,,,,,False,,,,,,,,,,,,,,,,,,,,,,,,,,,,,,,,,,,,,,,,,,,,,,,,,,,,,,,,,,,,,,,,,,,,,,,,,0.00013,0.008197,,,,,7.621245999999999,exclusive partition of this query call; source post-validation is in remaining execution; FFI envelope and transport subspans are not added to this partition,,,0.019041,7.648613999999999,,,,2096:708353:122656:1789305358:387112127:1789305358:387112127,local,,,,,,,,,,,,,,,,,,,,,0,,,,,,28,1242177,69,True,0,36,False,4,122656,1,False,0,81028,28,134217728,0,0,0,24,0,,36,index64,,,native_grid_planar_fractional,True,1,7.975169999951959,private-reference/781ab63c1924b889/00214.json.gz,0,True,0,0,0,0,0,147,0.06124100002580235,9b3de538e6269d30bc4fc33ff1fa2d1806352d652f4413ee5b2984b345d15f82,27889906,skarve_normalized_f64_v1,9.488773999976274,450559554067,,True,67.50696899996456,private-reference/907ef2926190c7cb/00214.json.gz,ba790505b25ff9e250397ba9d62ea31b582eabe700f4c312a49651255d66081b,1
215,analytical40-1025x1031-D-2-http0-native-tiff,analytical40-1025x1031,D,http0,2,native-tiff,band256,4162.696841000014,4293.425264999996,3.7561927219999998,3.8279759999999925,154890240,2147483648,native,40,analytical40-1025x1031|D|http0,2.25861100000202,454884647040,23.64005999999108,4188.899928000012,null,True,21771767,analytical40-1025x1031|D|2,0.001712999960545858,,,1663296,320,134,0.001773,32768,3.1191249999999995,0,378455040,67108864,106,0,0,5.825441000000001,65918628,336404480,0.07392299999999997,1806688,0,8,d2590882b47ebea8c43f2a2bd72f6cfeea252037828b6e02a92fb686ab2d50d4,67,0.001583,,,,,,,3507.6802570000013,0.041519,,,,,,,0,0,0,42812255,1364,2,1366,4135.47987,65.12093800000001,0,0.04649,8,0.000491,339059360,,5360,80820360,3299.0473229999993,30.69016700000002,1,619.973847,0.632223,670520,0,0,0,0,0,0,0,,,,,,,,,,,,,,,,,,,,,,,,,,,,,,,,,,,,,,,,,,,,,,,,,,,,,,,,,,,,,,,,,,,,,,,,,,,,,,,,,,,,,,,,,,,,,0.004389,1,0,0,,,,,,,,,,,,,,,,,,,,,,,,,,,,,0,0,,,,,,,,,,,,,,,,,,,1321,,,,,,,,,,,,,,,,,,,1.8391700000000002,0,0.0,0,134,,,,,,,,,,,,,,,,,,,,,,,,,,,,,,42812255,1366,native_grid_planar_fractional,True,1,4138.203716000021,private-reference/c94b65404737edd9/00215.json.gz,42820065,True,1373,4,42820065,1377,1377,32004,0.6227050000120471,fe4788941186043b47c3c938b8e03aec929f13596245599f1e8a159efe982361,21771767,skarve_normalized_f64_v1,23.84288100000731,450721950630,,True,4220.980458000042,private-reference/38ea75fc6c760d95/00215.json.gz,ce4ea8c6fd316a4e5d85d61f6b0bf3175ecb16d38a63593fa3ab4dd51185c6ff,8
216,analytical40-1025x1031-D-2-local-native-tiff,analytical40-1025x1031,D,local,2,native-tiff,band256,3093.228662999991,3222.221120000029,3.151682966,3.220919000000009,146870272,2147483648,native,40,analytical40-1025x1031|D|local,3.7144030000035855,458188431062,21.561208999969494,3118.735754999989,null,True,21771767,analytical40-1025x1031|D|2,0.0007819999723324145,,,1663296,320,134,0.003077,32768,2.511486,0,378455040,67108864,106,0,0,3.036636000000001,65918628,336404480,0.07324699999999999,1806688,0,8,d2590882b47ebea8c43f2a2bd72f6cfeea252037828b6e02a92fb686ab2d50d4,67,0.001002,,,,,,,2473.656439,0.038127,,,,,,,0,0,0,0,0,0,0,3073.301625,63.562108,0,0.027287999999999996,8,0.000411,339059360,,5360,80820360,2227.8847510000014,31.220066,1,594.8977749999998,0.521362,670520,0,0,0,0,0,0,0,,,,,,,,,,,,,,,,,,,,,,,,,,,,,,,,,,,,,,,,,,,,,,,,,,,,,,,,,,,,,,,,,,,,,,,,,,,,,,,,,,,,,,,,,,,,,0.001462,1,0,0,,,,,,,,,,,,,,,,,,,,,,,,,,,,,0,0,,,,,,,,,,,,,,,,,,,0,,,,,,,,,,,,,,,,,,,0.057686,0,0.0,0,134,,,,,,,,,,,,,,,,,,,,,,,,,,,,,,0,0,native_grid_planar_fractional,True,1,3075.850447999983,private-reference/a44adf492ff9dc46/00216.json.gz,0,True,0,0,0,0,0,32004,0.8137299999475545,fe4788941186043b47c3c938b8e03aec929f13596245599f1e8a159efe982361,21771767,skarve_normalized_f64_v1,16.558002000010674,455095202399,,True,3152.303076999999,private-reference/bf0d46a5b5e6fabf/00216.json.gz,2a31bd77d75062cabd70bf32354474f2322b12079330588be77e80873e94b281,8
217,real-age36-B-2-http0-natural-ee,real-age36,B,http0,2,natural-ee,cogband128,39.26274100001592,230.3325780000023,0.15670668599999998,0.22461799999999243,92147712,2147483648,upstream,1,real-age36|B|http0,0.10055300003841694,458442508678,,41.432016999976895,null,True,27889906,real-age36|B|2,,,,,,,,,,,,,,,,,,,,,,,,,,,,,,,,,,,,,,,,,,,,,,,,,,,,,,,,,,,,,,,,,,,,,,,,,,,,,,,,,,,,,,,,,,,,,,,,,,,,,,,,,,,,,,,,,,,,,,,,,,,,,,,,,,,,,,,,,,,,,,,,,,,,,,,,,,,,,,,,,,,,,,,,,,,,,,,,,,,,,,,,,,,,,,,,,,,,,,,,,,,,,,,,,,,,,,,,,,,,,,,,,,,,,,,,,,,,,,,,,,,,,,,,,,,,,,,,,,,,,,,,,,raster-sequential,,,exactextract_fractional_v030,True,,28.21378400000185,private-reference/a36f72e8ae6a87b9/00217.json.gz,819200,True,2,1,819200,3,3,1128,0.07781499999737207,aa580902e1b3032d0ef395eb66ee15142e81cd2a6185f2851aed3e17bc467147,27889906,,10.967445000005682,458403246057,,True,159.4057010000256,private-reference/c44251770df2f6c1/00217.json.gz,851b374d7fda63bb98f13701a686cfe19c4032309a74654b069c57453a20e4f0,8
218,worldpop1-B-1-http0-native-skv-raw,worldpop1,B,http0,1,native-skv-raw,skv,98.47970699996722,209.787743999982,0.128357612,0.18559700000000134,70283264,2147483648,native,1,worldpop1|B|http0,0.2609370000072886,458700564779,19.397141000013107,118.34790000000339,null,True,22778369,worldpop1|B|1,0.0004110000304535788,,,45576,8,81,0.001753,32768,3.2618549999999997,0,11943936,67108864,0,0,0,0.26231,11998935,10616832,0.015052000000000005,1988464,0,8,01b3f1289f4fcd2c7c71f983a2978189e2af30bdbd9b8234b21645775f8c1d83,81,0.0012020000000000002,,,,,,,79.776486,0.034633,,128,19648,False,128,128,0,0,0,1820225,83,2,85,96.14933,3.0600330000000002,0,0.004610999999999999,8,0.000341,330608192,,81,2005684,74.56309100000001,1.749416,1,11.721455999999998,0.09434800000000002,19246,0,0,0,0,0,0,0,,,,,,,,,,,,,,,,,,,,,,,,,,,,,,,,,,,,,,,,,,,,,,,,,,,,,,,,,,,,,,,,,,,,,,,,,,,,,,,,,,,,,,,,,,,,,0.009439999999999999,1,0,0,,,,,,,,,,,,,,,,,,,,,,,,,,,,,0,0,,,,,,,,,,,,,,,,,,,0,,,,,,,,,,,,,,,,,,,0.953665,0,0.0095,0,81,,,,,,,,,,,,,,,,,,,,,,,,,,,,,raw,1820225,85,native_grid_planar_fractional,True,1,96.70240899998817,private-reference/2a2f7850408aa7df/00218.json.gz,1836609,True,84,2,1836609,86,86,1252,0.047730999995110324,79dbde3afe02fa0d6e9c2b3d91f1fb6242b60b501526a087660dbfa96451303f,22778369,skarve_normalized_f64_v1,1.72616999998354,458602084901,,True,152.03040199997986,private-reference/203fe827f57ed0c7/00218.json.gz,706059a42f94b85bdc320660b8b07dd4930e1145a26fabb12e711979245baa19,8
219,analytical36-B-0-http0-native-cog,analytical36,B,http0,0,native-cog,cogband128,50.15151300000298,161.12194500004762,0.094150128,0.15187500000000398,76701696,2147483648,native,1,analytical36|B|http0,0.7127470000227731,458885182579,19.832382000004145,70.89684499999294,null,True,6142678,analytical36|B|0,0.0029459999950631754,,,45576,8,18,0.001974,32768,1.001687,0,2375424,67108864,0,0,0,0.06401399999999999,2388222,2111488,0.0038909999999999995,658576,0,8,c26f6ae2c19d5b33bd167e37cf1eb964c233070551772bea959dc7a7bb02b16b,18,0.0012330000000000002,,,,,,,20.376194,0.0474,,128,7552,False,128,128,0,0,0,170854,20,2,22,27.086689,0.45107200000000003,0,0.004449,8,0.000241,336300828,,36,474119,19.199737999999996,0.168467,1,4.159505,0.063775,4359,0,0,0,0,0,0,0,,,,,,,,,,,,,,,,,,,,,,,,,,,,,,,,,,,,,,,,,,,,,,,,,,,,,,,,,,,,,,,,,,,,,,,,,,,,,,,,,,,,,,,,,,,,,0.005632,1,0,0,,,,,,,,,,,,,,,,,,,,,,,,,,,,,0,0,,,,,,,,,,,,,,,,,,,0,,,,,,,,,,,,,,,,,,,1.309145,0,0.006053,0,18,,,,,,,,,,,,,,,,,,,,,,,,,,,,,,170854,22,native_grid_planar_fractional,True,1,27.95178600001691,private-reference/dacf48e244030ba7/00219.json.gz,177862,True,27,4,177862,31,31,1018,0.06164000001263048,ca14ceabda820a34951c21e56b493ed8c56bd09015c599a5760be04ef843460e,6142678,skarve_normalized_f64_v1,22.13049099998443,458835030615,,True,103.04959299998018,private-reference/3c64802e690999e4/00219.json.gz,9630adcfb75d87a83ebb6d9af64ab8b86832bd72df8fb5dfb9d53578ebbb1716,8
220,real-age36-A-2-local-native-skv-raw,real-age36,A,local,2,native-skv-raw,skv,7.31938300003776,116.80445899997949,0.059580933,0.11602499999999338,56324096,2147483648,native,1,real-age36|A|local,0.327271000003293,459031021329,19.298376999984157,27.13621499998453,null,True,28933939,real-age36|A|2,0.0005009999881622207,,,,,,,,,,,,,,,,,,,,,,,,,,,,,,,,,,,,,,,,,,,,,,,,,,,,,,,,,,,,,,,,,,,,,,False,,,,,,skv,,,,False,,16384,0,0,0,0,0.0,0.0,0,0,0,0,0,0,1.6180290000000002,16,74160,0,0.0,0.0,192,11584,894263,26,262144,0.08214400000000001,2359296,2359932,0,0,4,262144,0.001163,1.799052,0,7,74160,0.6615780000000001,65536,1310720,803719,1.0590190000000002,0,0,source_handle_lifetime,False,,,,,,,,,,,,,,,,,9742336,False,pinned_file_stat,local,,,,,,,,,,,,,,,,,,,0,2359296,67108864,4,0,0,0,0,4,2362012,2097152,,590119,0,0,0,0,258864,268435456,,16,14466,0,,67108864,256,4,4,,,0.451304,,,0.00935,0.089118,,,5.7231510000000005,1.799052,0.097616,3.6126620000000003,,,0.012887000000000001,0.0,,6.495292,0.010022,,,,,,,,,,,,,,,,,,,,,,,,,,,,,,,,,,,,,,,,,,,,,,,,,,,,,raw,,,native_grid_planar_fractional,True,1,6.777589000023454,private-reference/76510f9772e095b6/00220.json.gz,0,True,0,0,0,0,0,146,0.041597000006277085,23ad059059d201f1ebaf83a27fbf945ec9e110f22eaa6ab13fd400ec1b6b2357,28933939,skarve_normalized_f64_v1,0.4960980000419113,459023701956,,True,59.61966300003496,private-reference/146f88cd7962da8b/00220.json.gz,96b86e5899d681856ab0e984bc76d24140e533a0523b21d6382b190d9d3d37c3,1
221,analytical40-1025x1031-B-1-local-native-cog,analytical40-1025x1031,B,local,1,native-cog,cogband128,58.42801800002917,172.10713099996156,0.112885178,0.17142800000002012,82472960,2147483648,native,1,analytical40-1025x1031|B|local,0.38713800000778065,459224208223,20.10156400001506,79.21196299997746,null,True,26442685,analytical40-1025x1031|B|1,0.0007620000133101712,,,45576,8,67,0.002215,32768,2.533884,0,9461376,67108864,0,0,0,0.16332399999999997,9509013,8410112,0.006945,1799632,0,8,10b73ba3c4f77670ec8a26cf62bfd6c31fe3b17dcf8b0b163b7a9af5a8d178cd,67,0.000992,,,,,,,23.79221300000001,0.036217,,128,16960,False,128,128,0,0,0,0,0,0,0,41.868025,1.4411139999999996,0,0.005762,8,0.000511,337451032,,134,2022042,19.573500999999997,0.543347,1,15.261215999999992,0.048141,16763,0,0,0,0,0,0,0,,,,,,,,,,,,,,,,,,,,,,,,,,,,,,,,,,,,,,,,,,,,,,,,,,,,,,,,,,,,,,,,,,,,,,,,,,,,,,,,,,,,,,,,,,,,,0.001503,1,0,0,,,,,,,,,,,,,,,,,,,,,,,,,,,,,0,0,,,,,,,,,,,,,,,,,,,0,,,,,,,,,,,,,,,,,,,0.058003,0,0.007837,0,67,,,,,,,,,,,,,,,,,,,,,,,,,,,,,,0,0,native_grid_planar_fractional,True,1,42.79539399999521,private-reference/13d4f1a32c19b6c8/00221.json.gz,0,True,0,0,0,0,0,1041,0.061749999986204784,4f9ba65d57db05a80f1576d13c050ab16b2115cabb8d62b799eea489189b8501,26442685,skarve_normalized_f64_v1,15.564960999995492,459165780315,,True,112.93337699999029,private-reference/791e42fc1cafce93/00221.json.gz,c42162abd1c2f08a8cbdbb006428488104106d456bf8c11716444ef48bb36a89,8
222,analytical36-C-2-local-natural-ee,analytical36,C,local,2,natural-ee,cogband128,242.97169100003657,439.0773179999883,0.364987096,0.43849999999997635,166567936,2147483648,upstream,36,analytical36|C|local,8.640861999992921,459665730111,,253.38128099997448,null,True,6142678,analytical36|C|2,,,,,,,,,,,,,,,,,,,,,,,,,,,,,,,,,,,,,,,,,,,,,,,,,,,,,,,,,,,,,,,,,,,,,,,,,,,,,,,,,,,,,,,,,,,,,,,,,,,,,,,,,,,,,,,,,,,,,,,,,,,,,,,,,,,,,,,,,,,,,,,,,,,,,,,,,,,,,,,,,,,,,,,,,,,,,,,,,,,,,,,,,,,,,,,,,,,,,,,,,,,,,,,,,,,,,,,,,,,,,,,,,,,,,,,,,,,,,,,,,,,,,,,,,,,,,,,,,,,,,,,,,,feature-sequential,,,exactextract_fractional_v030,True,,226.7081240000266,private-reference/c434e0fbafc0dd1d/00222.json.gz,0,True,0,0,0,0,0,3975,0.17567399999052213,6ad488e72ef54b0aad65af826309af29c1845f757feebfeb826f37c87febae44,6142678,,16.079665999995996,459422758279,,True,365.10589200003096,private-reference/814629ae82c126cc/00222.json.gz,ac3ab6d4401d3c99b210f9173fbcc98bb145512ebc3847242d332104f88a2034,1
223,worldpop1-A-0-http0-natural-ee,worldpop1,A,http0,0,natural-ee,cogband128,51.467722000040794,246.87282899998308,0.15922703200000002,0.23672400000000948,93642752,2147483648,upstream,1,worldpop1|A|http0,0.12253899996039763,459942498496,,53.35793000000422,null,True,18648801,worldpop1|A|0,,,,,,,,,,,,,,,,,,,,,,,,,,,,,,,,,,,,,,,,,,,,,,,,,,,,,,,,,,,,,,,,,,,,,,,,,,,,,,,,,,,,,,,,,,,,,,,,,,,,,,,,,,,,,,,,,,,,,,,,,,,,,,,,,,,,,,,,,,,,,,,,,,,,,,,,,,,,,,,,,,,,,,,,,,,,,,,,,,,,,,,,,,,,,,,,,,,,,,,,,,,,,,,,,,,,,,,,,,,,,,,,,,,,,,,,,,,,,,,,,,,,,,,,,,,,,,,,,,,,,,,,,,feature-sequential,,,exactextract_fractional_v030,True,,41.60792699997273,private-reference/d4d53f7f1aca76b2/00223.json.gz,1687552,True,10,1,1687552,11,11,162,0.05723200001739315,114828139bc88bff5ad68125bb116e1e7b5711428b00552d36ebe0ba069fc3f4,18648801,,9.799697999994805,459891031044,,True,165.62888099997508,private-reference/84b5d389456737ac/00223.json.gz,7b76f056cc56dfd920589416ee3bcfaadf360a83cd49665499e413c4282be291,1
224,analytical36-A-2-http0-native-rsi64,analytical36,A,http0,2,native-rsi64,cogband128,44.52263499996434,153.67665899998428,0.08880150999999999,0.1449010000000044,73998336,2147483648,native,1,analytical36|A|http0,0.597549000019626,460169915631,19.460478000041803,64.77462800000922,null,True,6454230,analytical36|A|2,3.0399130000091645,,,,,,,,,,,,,,,,,,,,,,,,,65184,1,0,0,1032192,28,,,,,,,,,,,,,,,,,,,,,,,True,,,,,,,,,,,,,,,,16777216,,0,1.086371,1,28,0,,0,shared_only_for_identical_data_and_mask_block_footprints_then_flushed_on_transition_or_window_exit,trusted_manifest,,http_original,,,,,,,,,,,,,,,,,,,,,,,,,,,,,,,,,,,,,,,,,,,,,,True,,134987,4194304,13,0,172627,35,21,137675,137675,0,21,5,134987,26,,,,,,,,,,,,,,,,,,,,,,,,,,,,,,,,,,,,,,,,,,,,,,,,,,,,,,,,,,0.000541,0.42108199999999996,,,,,18.468927000000004,exclusive partition of this query call; source post-validation is in remaining execution; FFI envelope and transport subspans are not added to this partition,,,0.394264,19.284814,,,"""52db90103ed0ca41326a525e2aa9b42772a87dfb269cba5a3593928d8d8c127c""",,http,130720,0,0,0,0,0,2,0,0,0,2,3,130720,5,,,,,,,65184,,,,,,28,5502017,64,True,0,36,False,1,146176,1,False,1,88248,28,134217728,0,0,35,36,65536,,36,index64,134987,26,native_grid_planar_fractional,True,1,19.667427999991105,private-reference/2ed9e47861dbf018/00224.json.gz,265707,True,23,8,265707,31,31,141,0.044448999972246384,74bd9cb0f1e396b15bb77e6772dbe47601b4bc5fe3cd426185623312b8b04943,6142678,skarve_normalized_f64_v1,21.76418199996988,460125392837,,True,97.23134799997979,private-reference/bbe2777448e83bad/00224.json.gz,f6fb7e56794563b296a7adce6118b0fb80d85b995dbfeee9a96e7fcb5a59558a,1
225,analytical40-1025x1031-A-2-local-native-cog,analytical40-1025x1031,A,local,2,native-cog,cogband128,43.57948900002384,148.7197760000072,0.095007012,0.14793299999999476,82259968,2147483648,native,1,analytical40-1025x1031|A|local,1.1320319999867934,460348976899,18.992663000005905,63.89908300002389,null,True,26442685,analytical40-1025x1031|A|2,0.0009320000344814616,,,,,,,,,,,,,,,,,,,,,,,,,,,,,,,,,,,,,,,,,,,,,,,,,,,,,,,,,,,,,,,,,,,,,16777216,,0,0.049839,1,16,0,,0,shared_only_for_identical_data_and_mask_block_footprints_then_flushed_on_transition_or_window_exit,trusted_manifest,,local_original,,,,,,,,,,,,,,,,,,,,,,,,,,,,,,,,,,,,,,,,,,,,,,False,,,,,,,,,,,,,,,,,,,,,,,,,,,,,,,,,,,,,,0,9437184,67108864,16,0,0,0,0,16,9448560,8388608,,590151,0,0,0,0,630624,268435456,,32,14466,0,,67108864,256,16,16,,,2.025007,,,0.049259000000000004,0.166878,,,25.513574000000006,1.4894300000000003,0.12926100000000001,21.514329000000004,,,0.012753,0.0,,28.04187,0.029653,,,,,,,,,,,,,,,,,,,,,,,,,,,,,,,,,,,,,,,,,,,,,,,,,,,,,,,,native_grid_planar_fractional,True,1,28.312453000012283,private-reference/9937b24acf66d044/00225.json.gz,0,True,0,0,0,0,0,140,0.04402899998012799,0804bf71bee4a10cb67390656e5058e365f08886d4b412c8d3417e8204a98c13,26442685,skarve_normalized_f64_v1,15.217858000028173,460305397330,,True,95.38827999995192,private-reference/3ede82242d355b97/00225.json.gz,2009b7efef5aeefc7e698a5a53076ee2272a8f4d02735f25e0fa210b7b30527e,1
226,analytical36-B-2-http0-native-tiff,analytical36,B,http0,2,native-tiff,band256,42.524689000003946,149.9415499999941,0.087792849,0.1431660000000079,77123584,2147483648,native,1,analytical36|B|http0,0.6774350000000595,460523590069,20.28032299995175,63.69651899996143,null,True,5078720,analytical36|B|2,0.0008220000040637387,,,45576,8,5,0.0017230000000000001,32768,1.457343,0,2375424,67108864,0,0,0,0.032241,2378979,2111488,0.002284,516544,0,16,40ef5ef21b6c88686db68542a6de662f25a748942899c5b46a591d8bef511c5c,5,0.0013030000000000001,,,,,,,12.541873,0.038018,,256,7552,True,128,256,0,0,0,138439,7,2,9,18.771561,0.359,0,0.004587,8,0.00042100000000000004,336825744,,10,480189,11.472913000000002,0.15732,1,3.588948,0.049759000000000005,2320,0,0,0,0,0,0,0,,,,,,,,,,,,,,,,,,,,,,,,,,,,,,,,,,,,,,,,,,,,,,,,,,,,,,,,,,,,,,,,,,,,,,,,,,,,,,,,,,,,,,,,,,,,,0.0039770000000000005,1,0,0,,,,,,,,,,,,,,,,,,,,,,,,,,,,,0,0,,,,,,,,,,,,,,,,,,,0,,,,,,,,,,,,,,,,,,,0.992467,0,0.004819,1,5,,,,,,,,,,,,,,,,,,,,,,,,,,,,,,138439,9,native_grid_planar_fractional,True,1,19.35921100005089,private-reference/01c5494968772bab/00226.json.gz,145589,True,16,4,145589,20,20,1060,0.1285700000153156,d465def57fae7479bd4c661eef066e439ba015c938a58cc0d5ff214af3707011,5078720,skarve_normalized_f64_v1,23.03297099996371,460481065610,,True,94.27401900001087,private-reference/8457c50888d760d9/00226.json.gz,fd04a0b30caf8e6529e5145eeb7691017324d120bfe43ace36d8b111f78ee763,8
227,real-age36-D-0-local-native-tiff,real-age36,D,local,0,native-tiff,band256,761.9238770000152,882.6477980000504,0.820651925,0.881896999999995,144887808,2147483648,native,36,real-age36|D|local,7.9516760000046816,461424549271,19.624801000020398,789.7087460000307,null,True,27830980,real-age36|D|0,0.000982000017302198,,,1497376,288,32,0.0016530000000000002,32768,1.136621,0,84934656,67108864,7,0,0,0.47692700000000005,66111319,75497472,0.019528999999999994,656416,0,8,91cbd51efde644c68ee88a85ab00825c523ddea07c3f9b7d5eef8af49e1ceb58,16,0.0013319999999999999,,,,,,,628.931482,0.041524,,,,,,,0,0,0,0,0,0,0,751.210889,18.162882999999997,0,0.023893999999999995,8,0.000311,337743068,,1152,16788204,551.1126350000001,8.007896999999998,1,120.30824599999998,0.26978,156168,0,0,0,0,0,0,0,,,,,,,,,,,,,,,,,,,,,,,,,,,,,,,,,,,,,,,,,,,,,,,,,,,,,,,,,,,,,,,,,,,,,,,,,,,,,,,,,,,,,,,,,,,,,0.001503,1,0,0,,,,,,,,,,,,,,,,,,,,,,,,,,,,,0,0,,,,,,,,,,,,,,,,,,,0,,,,,,,,,,,,,,,,,,,0.08801700000000001,0,0.0,0,32,,,,,,,,,,,,,,,,,,,,,,,,,,,,,,0,0,native_grid_planar_fractional,True,1,753.0790349999847,private-reference/8528b462545e63d9/00227.json.gz,0,True,0,0,0,0,0,32474,0.5256680000229608,81a155a3efe7badd5a4091ef7d3ea40f66e3dbbe3034ddd6189be08afcdfdce8,27830980,skarve_normalized_f64_v1,8.314886000050592,460662625524,,True,821.0365869999805,private-reference/1ee4515af485b5a9/00227.json.gz,fb62a4508f00c225ae4fc070ba9f1674ec7b2813d160925cd48bc98c70208c9b,8
228,analytical36-C-1-http0-native-skv-summary,analytical36,C,http0,1,native-skv-summary,skv,152.42230400002654,264.1177379999817,0.19870880800000001,0.2570439999999934,124416000,2147483648,native,36,analytical36|C|http0,1.4006299999778093,461727505850,18.682819999980893,172.76144999999588,null,True,5770145,analytical36|C|1,0.001612999994904385,,,,,,,,,,,,,,,,,,,,,,,,,,,,,,,,,,,,,,,,,,,,,,,,,,,,,,,,,,,,,,,,,,,,,,True,,,,,,skv,,,,False,,16384,3,5,682828,2035783,7.582779,2.3171740000000005,3,3,8388608,432,12,0,16.332468999999982,432,131840,14,0.0,0.0,248832,11584,6261414,18,7077888,0.105719,63700992,63740052,0,0,12,7077888,0.032718,14.053835,0,790,131840,12.721049,65536,35389440,4077407,22.660715999999997,144,0,source_handle_lifetime,False,,,4225631,4194304,6,1,2035783,6,11,4144607,4144607,0,12,2,4225631,14,9742336,False,strong_etag_conditional_ranges,http,4225631,4194304,6,1,2035783,6,11,4144607,4144607,0,12,2,4225631,14,,,,,,,67108864,,,,,,,63747828,56623104,,,,,,,,,,,,,,,128,12,,,,,0.06412300000000001,9.908205999999998,,,,,,14.053835,,75.387972,,,,0.0,,149.000246,,,,,,,,,,,,,,,,,,,,,,,,,,,2,5,710656,2,True,12,147071268,25,,,4,False,,,,,,166779,12,,,,,4,,8,4,summary,4225631,14,native_grid_planar_fractional,True,1,149.76001099995528,private-reference/08153813bfbef67a/00228.json.gz,4225631,True,12,2,4225631,14,14,4010,0.1504489999888392,b377ff7f69c2e6aff33c3a6c22dcb9c59ccc16b052e6610bb89b8b3f1b16adba,5770145,skarve_normalized_f64_v1,2.5051620000340336,461575083787,,True,205.18121299994618,private-reference/fc3ab42e60ee576b/00228.json.gz,35ebe0831a5723a7a49659fb25ec2aa444917624590231db9381fecfce5c8616,1
229,real-age36-A-2-local-native-rsi256,real-age36,A,local,2,native-rsi256,cogband128,22.106058000019857,130.806984000003,0.074196223,0.13008300000001327,72130560,2147483648,native,1,real-age36|A|local,0.5492610000032982,461897142805,19.756186999984493,42.610201000002235,null,True,28028498,real-age36|A|2,0.33656100004009204,,,,,,,,,,,,,,,,,,,,,,,,,0,0,0,0,2359296,4,,,,,,,,,,,,,,,,,,,,,,,True,,,,,,,,,,,,,,,,16777216,,0,0.047395,1,4,0,,0,shared_only_for_identical_data_and_mask_block_footprints_then_flushed_on_transition_or_window_exit,trusted_manifest,,local_original,,,,,,,,,,,,,,,,,,,,,,,,,,,,,,,,,,,,,,,,,,,,,,False,,,,,,,,,,,,,,,,,,,,,,,,,,,,,,,,,,,,,,,,,,,,,,,,,,,,,,,,,,,,,,,,,,,,,,,,,0.00014000000000000001,0.007984,,,,,13.438438999999999,exclusive partition of this query call; source post-validation is in remaining execution; FFI envelope and transport subspans are not added to this partition,,,0.017431,13.463994,,,,2096:708359:68896:1789305358:633881851:1789305358:633881851,local,,,,,,,,,,,,,,,,,,,,,0,,,,,,4,4703297,5,True,0,0,False,2,68896,1,False,0,231842,4,134217728,0,0,0,0,0,,0,index256,,,native_grid_planar_fractional,True,1,13.81039199998213,private-reference/a9f7706d47302871/00229.json.gz,0,True,0,0,0,0,0,146,0.07882099998823833,23ad059059d201f1ebaf83a27fbf945ec9e110f22eaa6ab13fd400ec1b6b2357,27889906,skarve_normalized_f64_v1,7.871789999967405,461875035534,,True,74.54422900002555,private-reference/058717d759898106/00229.json.gz,b5a3048ed206431a75a34d68ec7c7e506dccd16691ffc1577db1e4ec296d5a2e,1
230,real-age36-B-2-local-natural-ee,real-age36,B,local,2,natural-ee,cogband128,29.328268000028856,217.00585799999317,0.144164854,0.21648799999998403,88305664,2147483648,upstream,1,real-age36|B|local,0.19207200000437297,462126464731,,31.148404999953527,null,True,27889906,real-age36|B|2,,,,,,,,,,,,,,,,,,,,,,,,,,,,,,,,,,,,,,,,,,,,,,,,,,,,,,,,,,,,,,,,,,,,,,,,,,,,,,,,,,,,,,,,,,,,,,,,,,,,,,,,,,,,,,,,,,,,,,,,,,,,,,,,,,,,,,,,,,,,,,,,,,,,,,,,,,,,,,,,,,,,,,,,,,,,,,,,,,,,,,,,,,,,,,,,,,,,,,,,,,,,,,,,,,,,,,,,,,,,,,,,,,,,,,,,,,,,,,,,,,,,,,,,,,,,,,,,,,,,,,,,,,raster-sequential,,,exactextract_fractional_v030,True,,21.967571999994107,private-reference/25e9cb9cb60e954f/00230.json.gz,0,True,0,0,0,0,0,1128,0.12556400002949886,aa580902e1b3032d0ef395eb66ee15142e81cd2a6185f2851aed3e17bc467147,27889906,,7.230843999991521,462097136022,,True,144.2849160000037,private-reference/08a97c53c39a75c4/00230.json.gz,f4160f7424bc3e4420c823f4c8c38633b7002dc98cd6476a64e347524f002512,8
231,analytical36-D-2-http0-native-rsi256,analytical36,D,http0,2,native-rsi256,cogband128,808.2510809999803,930.1548859999684,0.69059261,0.7520040000000137,160772096,2147483648,native,36,analytical36|D|http0,6.863543999998001,463086957552,21.229295000011916,836.6374440000186,null,True,6294806,analytical36|D|2,0,,,667776,288,10,0.0032559999999999998,65536,0.808101,0,85515264,67108864,2,0,0,2.7533980000000002,61940632,76013568,0.006001,516544,8,8,40ef5ef21b6c88686db68542a6de662f25a748942899c5b46a591d8bef511c5c,5,0.004328,,,,,,,635.411488,0.040342,,,,,,,0,0,0,5992290,653,4,657,776.886619,15.01974,0,0.036667,16,0.002074,202755916,,360,17286804,607.1447509999999,5.4458079999999995,2,132.785825,0.6447080000000001,83520,0,0,0,0,0,0,0,,,,,,,,,,,,,,,,,,,,,,,,,,,,,,,,,,,,,,,,,,,,,,,,,,,,,,,,,,,,,,,,,,,,,,,,,,,,,,,,,,,,,,,,,,,,,0.011200000000000002,2,0,0,,,,,,,,,,,,,,,,,,,,,,,,,,,,,0,0,,,,,,,,,,,,,,,,,,,2,,,,,,,,,,,,,,,,,,,6.342168,0,0.0,0,10,,,,,,,,,,,,,,,,,,,,,,,,,,,,,index256,5992290,657,native_grid_planar_fractional,True,2,779.8765390000426,private-reference/c44c6ce1abbc0890/00231.json.gz,6137378,True,669,10,6137378,679,679,29879,0.6262109999966015,4c8f72b841b57deaf9bf2c4afcce533e3b74f4c7b7277eaf902887de2273b3e8,6142678,skarve_normalized_f64_v1,27.740757999993093,462278706721,,True,868.2096339999816,private-reference/c06f6d2df847fd32/00231.json.gz,7cd14751dee3c6193a98a7ed9c0bcafadc931fe54ef26ac1942e6b589566f73b,8
232,real-age36-C-2-local-native-tiff,real-age36,C,local,2,native-tiff,band256,237.39439700000275,352.37100400001964,0.29597512000000004,0.3513030000000015,149999616,2147483648,native,36,real-age36|C|local,8.43741700003875,463483361863,18.529371999989053,264.55573200001936,null,True,27830980,real-age36|C|2,0.0011619999895629007,,,,,,,,,,,,,,,,,,,,,,,,,,,,,,,,,,,,,,,,,,,,,,,,,,,,,,,,,,,,,,,,,,,,,16777216,,0,0.045531,1,12,0,,0,shared_only_for_identical_data_and_mask_block_footprints_then_flushed_on_transition_or_window_exit,trusted_manifest,,local_original,,,,,,,,,,,,,,,,,,,,,,,,,,,,,,,,,,,,,,,,,,,,,,False,,,,,,,,,,,,,,,,,,,,,,,,,,,,,,,,,,,,,,0,84934656,67108864,10,20057966,2,0,0,12,64895558,75497472,,10028471,0,0,0,0,258864,268435456,,288,377416,0,,67108864,256,12,4,,,16.225859,,,2.70414,0.071738,,,212.01049,17.071749,0.030284,178.189589,,,0.01667,0.0,,228.63688,0.029904,,,,,,,,,,,,,,,,,,,,,,,,,,,,,,,,,,,,,,,,,,,,,,,,,,,,,,,,native_grid_planar_fractional,True,1,229.04272299996364,private-reference/7714c3893e87e062/00232.json.gz,0,True,0,0,0,0,0,4211,0.10671100000081424,78ea1b1d7c574d80aac7cf2fe459d522f8702c4e987f34f246a9977617de8717,27830980,skarve_normalized_f64_v1,8.239854000009927,463245966975,,True,296.45911199997954,private-reference/8bbc4cbb863c3860/00232.json.gz,a90d977dd2075f6f6bf78cdb8880e5c1286d229d0f1122ac610b601b8fdca0a3,1
233,real-age36-A-0-http0-native-rsi64,real-age36,A,http0,0,native-rsi64,cogband128,38.64422099997,146.86435499999106,0.083886875,0.1376989999999978,71839744,2147483648,native,1,real-age36|A|http0,0.4960739999546604,463669287905,20.306094000034136,59.647427000015796,null,True,28148818,real-age36|A|0,2.517726999997194,,,,,,,,,,,,,,,,,,,,,,,,,57120,1,0,0,1032192,28,,,,,,,,,,,,,,,,,,,,,,,True,,,,,,,,,,,,,,,,16777216,,0,1.3872870000000002,1,28,0,,0,shared_only_for_identical_data_and_mask_block_footprints_then_flushed_on_transition_or_window_exit,trusted_manifest,,http_original,,,,,,,,,,,,,,,,,,,,,,,,,,,,,,,,,,,,,,,,,,,,,,True,,597170,4194304,14,0,795543,37,21,599858,599858,0,21,5,597170,26,,,,,,,,,,,,,,,,,,,,,,,,,,,,,,,,,,,,,,,,,,,,,,,,,,,,,,,,,,0.000591,0.656621,,,,,20.569131999999996,exclusive partition of this query call; source post-validation is in remaining execution; FFI envelope and transport subspans are not added to this partition,,,0.5857739999999999,21.812117999999998,,,"""6a583ffc5fecb3ac56d2ae09c204e46c5abf8540d110df78d9a2d72311a1299c""",,http,122656,0,0,0,0,0,2,0,0,0,2,3,122656,5,,,,,,,57120,,,,,,28,5502017,64,True,0,36,False,1,122656,1,False,1,78644,28,134217728,0,0,35,36,65536,,36,index64,597170,26,native_grid_planar_fractional,True,1,22.15077100004237,private-reference/419a5baeccf3b05f/00233.json.gz,719826,True,23,8,719826,31,31,147,0.03514300004781035,6940c6944641a1780ca8953cc3717b93b8d469d79cc0c9210e4197c0ed319f97,27889906,skarve_normalized_f64_v1,13.933686999962447,463630644055,,True,92.70467200002486,private-reference/5c0cbfeccf57ede5/00233.json.gz,8ff13bbc965fe66a37acb084a3122675116406f373c5e1f3200d61c4fb137d1d,1
234,analytical40-1025x1031-D-0-http0-natural-ee,analytical40-1025x1031,D,http0,0,natural-ee,cogband128,1603.5937940000053,1821.1135500000069,1.625273051,1.7216859999999912,232144896,2147483648,upstream,40,analytical40-1025x1031|D|http0,0.5917830000043978,465476376967,,1605.9309569999982,null,True,26442685,analytical40-1025x1031|D|0,,,,,,,,,,,,,,,,,,,,,,,,,,,,,,,,,,,,,,,,,,,,,,,,,,,,,,,,,,,,,,,,,,,,,,,,,,,,,,,,,,,,,,,,,,,,,,,,,,,,,,,,,,,,,,,,,,,,,,,,,,,,,,,,,,,,,,,,,,,,,,,,,,,,,,,,,,,,,,,,,,,,,,,,,,,,,,,,,,,,,,,,,,,,,,,,,,,,,,,,,,,,,,,,,,,,,,,,,,,,,,,,,,,,,,,,,,,,,,,,,,,,,,,,,,,,,,,,,,,,,,,,,,raster-sequential,,,exactextract_fractional_v030,True,,1583.299678000003,private-reference/42fdda8bc4f59a75/00234.json.gz,27114429,True,177,1,27114429,178,178,33314,0.8309919999760496,5c57fd4f3ad22637672a20b1643cbe6e4f94e12d62a228ef2dcd1a5664fa96d6,26442685,,19.44548799997392,463872782491,,True,1723.7595720000058,private-reference/a94e5c661a4fb96e/00234.json.gz,8593e138f2bb31195e425d3d878423cf7a765d0524c81b63c860df7776d4c820,8
235,analytical40-1025x1031-B-2-http0-native-skv-summary,analytical40-1025x1031,B,http0,2,native-skv-summary,skv,72.32682900001919,194.8687539999696,0.112530818,0.17423300000000097,64647168,2147483648,native,1,analytical40-1025x1031|B|http0,0.28829100000393737,465751342395,23.46050899996044,96.37445099997421,null,True,24731327,analytical40-1025x1031|B|2,0.0011520000384734885,,,45576,8,51,0.002264,32768,3.8902330000000003,0,7102080,67108864,0,0,0,0.19567700000000005,7137525,6312960,0.012474,1806688,0,8,d2590882b47ebea8c43f2a2bd72f6cfeea252037828b6e02a92fb686ab2d50d4,67,0.000911,,,,,,,51.79219499999998,0.033368999999999996,,,,,,,0,0,0,918858,58,2,60,69.45209600000001,1.3914470000000005,0,0.004548999999999998,8,0.000341,330406332,,51,1070237,49.660725000000006,0.43733099999999997,1,8.888525000000001,0.052291000000000004,9339,0,0,0,0,0,0,0,,,,,,,,,,,,,,,,,,,,,,,,,,,,,,,,,,,,,,,,,,,,,,,,,,,,,,,,,,,,,,,,,,,,,,,,,,,,,,,,,,,,,,,,,,,,,0.034943,1,0,37,,,,,,,,,,,,,,,,,,,,,,,,,,,,,58,37,,,,,,,,,,,,,,,,,,,0,,,,,,,,,,,,,,,,,,,1.292972,0,0.0,0,51,,,,,,,,,,,,,,,,,,,,,,,,,,,,,summary,918858,60,native_grid_planar_fractional,True,1,70.0614449999648,private-reference/5129c4b3cc7df369/00235.json.gz,935242,True,59,2,935242,61,61,1030,0.04986400000461799,cb135e0acf4431712e46430ec4145f49eb75a5a19587633d55a73e6626e276f1,24731327,skarve_normalized_f64_v1,2.2097770000186756,465679015918,,True,132.6350300000172,private-reference/a1cfff656f7511c8/00235.json.gz,3191a13e7e816fc90bef3d976973896ea3a415bb3eea42cc748f01b101e1cc4a,8
236,real-age36-B-1-http0-native-cog,real-age36,B,http0,1,native-cog,cogband128,43.67861299999731,160.3672079999683,0.09088024,0.15156100000000094,74461184,2147483648,native,1,real-age36|B|http0,0.3023999999527405,465943642709,20.44083399999863,64.67267900001161,null,True,27889906,real-age36|B|1,0.0009319999776380428,,,45576,8,16,0.0016539999999999999,32768,1.164024,0,2359296,67108864,0,0,0,0.07420500000000002,2370416,2097152,0.004109000000000001,658864,0,8,f9c804f4bbe2085423ae54bcdc6b2b8b95cb5ec97d5c6a5a659d9c958d71075c,16,0.001353,,,,,,,21.912589999999998,0.031576,,128,7168,False,128,128,0,0,0,781420,17,2,19,28.049317000000002,0.5411480000000001,0,0.003987,8,0.00033999999999999997,336300520,,32,469440,19.945859000000002,0.26055199999999995,1,3.7561250000000004,0.047199,4353,0,0,0,0,0,0,0,,,,,,,,,,,,,,,,,,,,,,,,,,,,,,,,,,,,,,,,,,,,,,,,,,,,,,,,,,,,,,,,,,,,,,,,,,,,,,,,,,,,,,,,,,,,,0.003297,1,0,0,,,,,,,,,,,,,,,,,,,,,,,,,,,,,0,0,,,,,,,,,,,,,,,,,,,1,,,,,,,,,,,,,,,,,,,1.026843,0,0.003919,0,16,,,,,,,,,,,,,,,,,,,,,,,,,,,,,,781420,19,native_grid_planar_fractional,True,1,28.551793000019643,private-reference/a13b2fa92ddda936/00236.json.gz,785299,True,25,4,785299,29,29,1124,0.11592099997415062,a3ba031d3788621800950943579f5eab46d6bdbeb6ec71f27b742a767f11bc3f,27889906,skarve_normalized_f64_v1,15.00665899999376,465899964127,,True,99.31267199999638,private-reference/c22ea809b34f4c0c/00236.json.gz,efab2547cf50986ffeaa237b0418eda7a3fa85f56226a33e0072a466a444a257,8
237,worldpop1-B-1-http0-native-tiff,worldpop1,B,http0,1,native-tiff,ordinary,1266.3551480000024,1387.3047829999905,1.3120313,1.3772970000000129,92876800,2147483648,native,1,worldpop1|B|http0,0.8291359999930137,467357625513,20.354831999952694,1287.8010809999978,null,True,18084641,worldpop1|B|1,0.0008420000199294009,,,45576,8,81,0.001563,32768,3.1897130000000002,0,11943936,67108864,0,0,0,0.7764329999999997,12000231,10616832,0.040029999999999996,1988464,0,8,01b3f1289f4fcd2c7c71f983a2978189e2af30bdbd9b8234b21645775f8c1d83,81,0.001133,,,,,,,1234.469895,0.044292000000000005,,128,19648,False,128,128,0,0,0,6033857,11,2,13,1250.783363,3.0421620000000003,0,0.003976999999999999,8,0.000361,337643072,,162,2005684,1182.125498,1.9154770000000003,1,11.270907000000001,0.054194,19246,0,0,0,0,0,0,0,,,,,,,,,,,,,,,,,,,,,,,,,,,,,,,,,,,,,,,,,,,,,,,,,,,,,,,,,,,,,,,,,,,,,,,,,,,,,,,,,,,,,,,,,,,,,0.0046489999999999995,1,0,0,,,,,,,,,,,,,,,,,,,,,,,,,,,,,0,0,,,,,,,,,,,,,,,,,,,72,,,,,,,,,,,,,,,,,,,1.249923,0,0.016174,0,81,,,,,,,,,,,,,,,,,,,,,,,,,,,,,,6033857,13,native_grid_planar_fractional,True,1,1251.4118820000135,private-reference/4f12f0dac6b8569f/00237.json.gz,6035366,True,19,4,6035366,23,23,1252,0.046406000024035166,79dbde3afe02fa0d6e9c2b3d91f1fb6242b60b501526a087660dbfa96451303f,18084641,skarve_normalized_f64_v1,14.892621000001327,466091270786,,True,1321.6470300000083,private-reference/cb60eaf106c0d718/00237.json.gz,c56b8a8024d46c05848921523339244a21001e32e01d12bfa108bfe55a7ea94b,8
238,real-age36-B-0-local-native-rsi64,real-age36,B,local,0,native-rsi64,cogband128,26.46418899996661,142.46766900004104,0.07994653600000001,0.14202999999999122,71430144,2147483648,native,1,real-age36|B|local,0.15941800000973672,467536905701,20.665257000018755,47.495335999997224,null,True,28148818,real-age36|B|0,0,,,45576,8,50,0.001683,32768,2.183725,0,1843200,67108864,0,0,0,0.06593800000000002,1877950,1638400,0.004008000000000001,1009360,0,8,9183aa469c6a75b89e78ea979bcf42593374249f3620b5ec2e793c311cb4c951,64,0.001513,,,,,,,13.054316000000002,0.051863,,,,,,,0,0,0,0,0,0,0,17.855018,0.369913,0,0.004596999999999999,8,0.000321,202426944,,100,232867,10.925029999999996,0.228398,1,1.839925999999999,0.037629,4427,0,0,0,0,0,0,0,,,,,,,,,,,,,,,,,,,,,,,,,,,,,,,,,,,,,,,,,,,,,,,,,,,,,,,,,,,,,,,,,,,,,,,,,,,,,,,,,,,,,,,,,,,,,0.002655,1,0,0,,,,,,,,,,,,,,,,,,,,,,,,,,,,,57,36,,,,,,,,,,,,,,,,,,,0,,,,,,,,,,,,,,,,,,,0.237489,0,0.0,0,50,,,,,,,,,,,,,,,,,,,,,,,,,,,,,index64,0,0,native_grid_planar_fractional,True,1,18.57112199996891,private-reference/1a36ca16ca491557/00238.json.gz,0,True,0,0,0,0,0,1126,0.046884000028057926,e5be80f35647b04d8164614e8b572f17a141c185e6dbc1b2ec94c2f8a04c4630,27889906,skarve_normalized_f64_v1,7.840091999980814,467510441663,,True,80.01498300001231,private-reference/662744c87cf7dab3/00238.json.gz,5a492526e16da8933792bd79205f472e4587927292d0077ee3c7585d2399c5c2,8
239,real-age36-D-2-http0-native-rsi256,real-age36,D,http0,2,native-rsi256,cog256,535.4333380000185,664.5022540000127,0.575987995,0.6437739999999934,195858432,2147483648,native,36,real-age36|D|http0,8.624944999951367,468218123603,20.594679999987875,564.8716879999824,null,True,21394928,real-age36|D|2,0,,,667776,288,8,0.003997,65536,1.180192,0,84934656,67108864,2,0,0,1.777281,61353690,75497472,0.004608999999999999,513904,8,8,cca1dbf8aba1b32e7fe360e4f1eda26921c04013a21ad4219ce6ad87d5336d78,4,0.006923,,,,,,,366.67965300000003,0.036015,,,,,,,0,0,0,42505656,20,4,24,509.773482,18.164338,0,0.038270000000000005,16,0.001052,202753132,,288,17014824,326.54760500000003,6.307838,2,132.401811,0.44700500000000004,83844,0,0,0,0,0,0,0,,,,,,,,,,,,,,,,,,,,,,,,,,,,,,,,,,,,,,,,,,,,,,,,,,,,,,,,,,,,,,,,,,,,,,,,,,,,,,,,,,,,,,,,,,,,,0.01106,2,0,0,,,,,,,,,,,,,,,,,,,,,,,,,,,,,0,0,,,,,,,,,,,,,,,,,,,0,,,,,,,,,,,,,,,,,,,7.662857,0,0.0,0,8,,,,,,,,,,,,,,,,,,,,,,,,,,,,,index256,42505656,24,native_grid_planar_fractional,True,2,512.8476820000287,private-reference/a73b984766facdcb/00239.json.gz,42644486,True,38,10,42644486,48,48,32702,0.8553030000371109,5e6f375cc92abcd9cc8d8fd07e5887c228b07307989a3ae1a94fa98ceb17f110,21256336,skarve_normalized_f64_v1,21.722286999988683,467682689823,,True,596.3447170000222,private-reference/ccd2d24c028ac5d3/00239.json.gz,f40a62f423391f3c7f42fca967697ec247a80accee36c739a283105b8c4b5e8e,8
240,real-age36-D-1-local-native-rsi64,real-age36,D,local,1,native-rsi64,cogband128,593.1928379999931,715.2903389999778,0.64813917,0.7148380000000003,137973760,2147483648,native,36,real-age36|D|local,1.1717330000351467,468970480894,20.95454499999505,615.5525479999824,null,True,28148818,real-age36|D|1,0,,,667776,288,100,0.003416,65536,1.440461,0,66355200,67108864,0,0,0,0.6745559999999999,66559900,58982400,0.05556299999999998,1012288,8,8,cc4f6bda2be4cb9ea379c2eb62d3b6176296f548ca1a6913cd363839f85bef7f,64,0.002874,,,,,,,517.097291,0.062162999999999996,,,,,,,0,0,0,0,0,0,0,581.39224,11.268273,0,0.034354,16,0.000912,203252196,,3600,8494848,456.935772,5.510485999999999,2,58.078899000000014,0.431006,160272,0,0,0,0,0,0,0,,,,,,,,,,,,,,,,,,,,,,,,,,,,,,,,,,,,,,,,,,,,,,,,,,,,,,,,,,,,,,,,,,,,,,,,,,,,,,,,,,,,,,,,,,,,,0.00504,2,0,0,,,,,,,,,,,,,,,,,,,,,,,,,,,,,114,72,,,,,,,,,,,,,,,,,,,0,,,,,,,,,,,,,,,,,,,0.450905,0,0.0,0,100,,,,,,,,,,,,,,,,,,,,,,,,,,,,,index64,0,0,native_grid_planar_fractional,True,2,584.1692110000167,private-reference/5c0c48d3bd117018/00240.json.gz,0,True,0,0,0,0,0,32464,0.5945920000272054,5d245bafefa7e2c75db0534640a9a4216d266276c251480c4f58b76cec0d89af,27889906,skarve_normalized_f64_v1,8.423834999973678,468377287034,,True,648.1862929999807,private-reference/48d9e3403e67f6cf/00240.json.gz,7f43c139644cacdd034a7279fbf5b0b5ee7277f43b215f6692e20eced75d5e11,8
241,worldpop1-A-2-http0-native-cog,worldpop1,A,http0,2,native-cog,cogband128,105.2736969999728,224.10228500001494,0.145066947,0.20400300000001437,87818240,2147483648,native,1,worldpop1|A|http0,2.42268899995679,469228213496,22.855130999971607,130.76376899999786,null,True,18648801,worldpop1|A|2,0.0008320000119965698,,,,,,,,,,,,,,,,,,,,,,,,,,,,,,,,,,,,,,,,,,,,,,,,,,,,,,,,,,,,,,,,,,,,,16777216,,0,1.1689859999999999,1,25,0,,0,shared_only_for_identical_data_and_mask_block_footprints_then_flushed_on_transition_or_window_exit,trusted_manifest,,http_original,,,,,,,,,,,,,,,,,,,,,,,,,,,,,,,,,,,,,,,,,,,,,,True,,1783941,4194304,19,0,844,19,53,1790725,1790725,0,53,4,1783941,57,,,,,,,,,,,,,,,,,,,,,,,0,14745600,67108864,25,0,0,0,0,25,14762975,13107200,,590135,1782917,52,2,54,677280,268435456,,50,14466,0,,67108864,256,25,25,,,2.062792,,,0.11738799999999996,0.183892,,,89.91551600000001,3.2558790000000006,0.259768,81.76960400000002,,,0.523474,0.0,,93.963534,0.025286000000000003,,,,,,,,,,,,,,,,,,,,,,,,,,,,,,,,,,,,,,,,,,,,,,,,,,,,,,1783941,57,native_grid_planar_fractional,True,1,94.36039100000926,private-reference/67ff0c6d3d3e5754/00241.json.gz,1783941,True,53,4,1783941,57,57,159,0.04316700000117635,6b7c811950dafd49b0dace02d8ad09319150a5be646200d1e519d5ed02b8ce8d,18648801,skarve_normalized_f64_v1,10.865420000016002,469122939528,,True,164.84076000000414,private-reference/f5f34ac9a4160f19/00241.json.gz,f3714e78c5364ce7bb5376ec78dc7647db3766d3d5102d963cd6db1d0255d755,1
242,analytical36-C-0-local-native-rsi256,analytical36,C,local,0,native-rsi256,cogband128,304.66090299995585,426.03503499998396,0.363133611,0.4251719999999892,152834048,2147483648,native,36,analytical36|C|local,8.113274999971054,469673614439,18.299590000026456,331.2950970000088,null,True,6294806,analytical36|C|0,0,,,87056,36,8,0.0026249999999999997,65536,0.222121,0,84934656,67108864,2,0,0,2.982066,61355354,75497472,0.006592999999999999,148192,1,1,8582e146923a9875622f48f845bbba86215be4c2c5df5c978d6b211fadb29db1,4,0.0029249999999999996,,,,,,,225.065647,0.023222,,,,,,,0,0,0,0,0,0,0,287.67289800000003,15.388784999999999,0,0.007784,2,0.0007410000000000001,201652940,,288,8276904,188.32115699999997,7.362071,2,61.412656999999996,0.10470800000000001,34560,0,0,0,0,0,0,0,,,,,,,,,,,,,,,,,,,,,,,,,,,,,,,,,,,,,,,,,,,,,,,,,,,,,,,,,,,,,,,,,,,,,,,,,,,,,,,,,,,,,,,,,,,,,0.0033059999999999995,2,0,0,,,,,,,,,,,,,,,,,,,,,,,,,,,,,0,0,,,,,,,,,,,,,,,,,,,0,,,,,,,,,,,,,,,,,,,0.6659,0,0.0,0,8,,,,,,,,,,,,,,,,,,,,,,,,,,,,,index256,0,0,native_grid_planar_fractional,True,2,288.6687750000192,private-reference/23ce0d35c81fee49/00242.json.gz,0,True,0,0,0,0,0,4000,0.11325399998440844,d899d2044a51304c17e4b8f724741943ca7c4792a86bf0124c26ca94bd8d8315,6142678,skarve_normalized_f64_v1,15.874996999968971,469368953336,,True,363.49866800003383,private-reference/d322d60c6194a68d/00242.json.gz,0b44f33eb0aea3d6a900c3b42b78d56038b7896dacd325d4d09f11bf275b0f0d,1
243,analytical40-1025x1031-B-2-http0-native-cog,analytical40-1025x1031,B,http0,2,native-cog,cogband128,115.60020799998938,232.33432200004245,0.14926395399999998,0.20912499999998602,84832256,2147483648,native,1,analytical40-1025x1031|B|http0,0.35893299997269423,469952556927,22.719847000018945,138.91359000001557,null,True,26442685,analytical40-1025x1031|B|2,0.001202000021294225,,,45576,8,67,0.001764,32768,2.855332,0,9461376,67108864,0,0,0,0.26664899999999986,9509013,8410112,0.015226999999999996,1806688,0,8,d2590882b47ebea8c43f2a2bd72f6cfeea252037828b6e02a92fb686ab2d50d4,67,0.001232,,,,,,,70.477433,0.036927,,128,16960,False,128,128,0,0,0,674603,69,2,71,91.59561099999999,1.682815,0,0.00392,8,0.00033,337458172,,134,2020509,66.502886,0.6471150000000001,1,16.76944,0.04614,16763,0,0,0,0,0,0,0,,,,,,,,,,,,,,,,,,,,,,,,,,,,,,,,,,,,,,,,,,,,,,,,,,,,,,,,,,,,,,,,,,,,,,,,,,,,,,,,,,,,,,,,,,,,,0.003657,1,0,0,,,,,,,,,,,,,,,,,,,,,,,,,,,,,0,0,,,,,,,,,,,,,,,,,,,0,,,,,,,,,,,,,,,,,,,1.103443,0,0.010489,0,67,,,,,,,,,,,,,,,,,,,,,,,,,,,,,,674603,71,native_grid_planar_fractional,True,1,92.24120400000402,private-reference/19010a3f24baae00/00243.json.gz,682255,True,76,4,682255,80,80,1030,0.047455999947487726,cb135e0acf4431712e46430ec4145f49eb75a5a19587633d55a73e6626e276f1,26442685,skarve_normalized_f64_v1,23.30716000000166,469836957110,,True,172.02488899999935,private-reference/fd46430ea732348c/00243.json.gz,685257ef3c5eed8710b54562ff060b17dca8535ea614209eecfe19a91d0306a9,8
244,real-age36-C-0-http0-natural-ee,real-age36,C,http0,0,natural-ee,cog128,269.9706750000246,466.6546770000082,0.366377804,0.4428170000000051,187346944,2147483648,upstream,36,real-age36|C|http0,0.3343729999869538,470427949445,,272.03715000001694,null,True,21326870,real-age36|C|0,,,,,,,,,,,,,,,,,,,,,,,,,,,,,,,,,,,,,,,,,,,,,,,,,,,,,,,,,,,,,,,,,,,,,,,,,,,,,,,,,,,,,,,,,,,,,,,,,,,,,,,,,,,,,,,,,,,,,,,,,,,,,,,,,,,,,,,,,,,,,,,,,,,,,,,,,,,,,,,,,,,,,,,,,,,,,,,,,,,,,,,,,,,,,,,,,,,,,,,,,,,,,,,,,,,,,,,,,,,,,,,,,,,,,,,,,,,,,,,,,,,,,,,,,,,,,,,,,,,,,,,,,,feature-sequential,,,exactextract_fractional_v030,True,,260.17663200002517,private-reference/0ba3a5beb0621ebd/00244.json.gz,21326870,True,4,1,21326870,5,5,4178,0.12339199997768446,3c0c6ef35d1902920a9365f7c441613a6af9bfb441a6e8a82e63ea7f292f8b8f,21326870,,9.667203999981666,470157978610,,True,386.5431809999791,private-reference/ea472cfc81f38d81/00244.json.gz,b8877c3f88494493786b25053d6705fb3f1763155bf23266d42dc062d082b2fe,1
245,analytical36-D-1-local-natural-ee,analytical36,D,local,1,natural-ee,cogband128,337.25018999996337,539.2821909999839,0.45394890099999996,0.5387309999999985,184119296,2147483648,upstream,36,analytical36|D|local,3.4908189999782735,470987742948,,342.41824299999735,null,True,6142678,analytical36|D|1,,,,,,,,,,,,,,,,,,,,,,,,,,,,,,,,,,,,,,,,,,,,,,,,,,,,,,,,,,,,,,,,,,,,,,,,,,,,,,,,,,,,,,,,,,,,,,,,,,,,,,,,,,,,,,,,,,,,,,,,,,,,,,,,,,,,,,,,,,,,,,,,,,,,,,,,,,,,,,,,,,,,,,,,,,,,,,,,,,,,,,,,,,,,,,,,,,,,,,,,,,,,,,,,,,,,,,,,,,,,,,,,,,,,,,,,,,,,,,,,,,,,,,,,,,,,,,,,,,,,,,,,,,raster-sequential,,,exactextract_fractional_v030,True,,322.07877100000815,private-reference/36e476478736241f/00245.json.gz,0,True,0,0,0,0,0,28949,0.5266390000429055,ce23df575eadd0d0064350b63eb0854158c21a3a9c71d6bb99e4be2111d86fc8,6142678,,14.640853000003062,470650492748,,True,454.12541999996847,private-reference/a48b845dee9194cc/00245.json.gz,1f678577d009e9fea7d7a35f8a9ad140b37df57f8b1e4f42e862c84f36ec5833,8
246,analytical40-1025x1031-B-2-http0-native-skv-raw,analytical40-1025x1031,B,http0,2,native-skv-raw,skv,92.92181500001107,202.7926630000252,0.120593956,0.17850000000001387,67661824,2147483648,native,1,analytical40-1025x1031|B|http0,0.3009929999961969,471252347359,19.14613899998585,112.57366500001353,null,True,24731327,analytical40-1025x1031|B|2,0.000650999993467849,,,45576,8,67,0.002024,32768,3.0814719999999998,0,9461376,67108864,0,0,0,0.28431399999999996,9507941,8410112,0.016326999999999998,1806688,0,8,d2590882b47ebea8c43f2a2bd72f6cfeea252037828b6e02a92fb686ab2d50d4,67,0.0009710000000000001,,,,,,,69.18549799999997,0.028181,,128,16960,False,128,128,0,0,0,1070505,74,2,76,90.146798,1.745256,0,0.004296999999999999,8,0.00033999999999999997,330423292,,67,2020509,66.44740600000002,0.5786589999999999,1,16.22341799999999,0.082058,16763,0,0,0,0,0,0,0,,,,,,,,,,,,,,,,,,,,,,,,,,,,,,,,,,,,,,,,,,,,,,,,,,,,,,,,,,,,,,,,,,,,,,,,,,,,,,,,,,,,,,,,,,,,,0.010128,1,0,0,,,,,,,,,,,,,,,,,,,,,,,,,,,,,0,0,,,,,,,,,,,,,,,,,,,0,,,,,,,,,,,,,,,,,,,1.2203659999999998,0,0.006592,0,67,,,,,,,,,,,,,,,,,,,,,,,,,,,,,raw,1070505,76,native_grid_planar_fractional,True,1,90.74954400000479,private-reference/e6f34cc36d8f29f1/00246.json.gz,1086889,True,75,2,1086889,77,77,1030,0.04552199999352524,cb135e0acf4431712e46430ec4145f49eb75a5a19587633d55a73e6626e276f1,24731327,skarve_normalized_f64_v1,2.1226420000175494,471159425695,,True,144.52230299997382,private-reference/0a47e557e8d76080/00246.json.gz,370d51a888b0252b5bfb65a37f327216ef9c6e26d26bd0bc2dfceabab3862a6e,8
247,analytical36-C-1-http0-natural-ee,analytical36,C,http0,1,natural-ee,cogband128,254.1111570000112,467.15846199998623,0.36991337199999996,0.459337000000005,174190592,2147483648,upstream,36,analytical36|C|http0,0.4374480000137737,471717357240,,256.6119730000196,null,True,6142678,analytical36|C|1,,,,,,,,,,,,,,,,,,,,,,,,,,,,,,,,,,,,,,,,,,,,,,,,,,,,,,,,,,,,,,,,,,,,,,,,,,,,,,,,,,,,,,,,,,,,,,,,,,,,,,,,,,,,,,,,,,,,,,,,,,,,,,,,,,,,,,,,,,,,,,,,,,,,,,,,,,,,,,,,,,,,,,,,,,,,,,,,,,,,,,,,,,,,,,,,,,,,,,,,,,,,,,,,,,,,,,,,,,,,,,,,,,,,,,,,,,,,,,,,,,,,,,,,,,,,,,,,,,,,,,,,,,feature-sequential,,,exactextract_fractional_v030,True,,232.65905400000975,private-reference/84d2abd2d75dd7af/00247.json.gz,6142678,True,8,1,6142678,9,9,4002,0.1973959999759245,ebd4ef59b2169460c34a1e3380f507b138a3f33c9df9d2c4c9c3d1773cb7ac50,6142678,,21.24882699996533,471463246383,,True,374.06945899999755,private-reference/dbaf285e81e3a56e/00247.json.gz,3a69da5267f79163d41fc41955a4e0a68a9d94a4ef90eb66300b5150ddb2afaf,1
248,real-age36-C-1-local-natural-ee,real-age36,C,local,1,natural-ee,cog128,206.077348000008,409.12758500002155,0.32498442400000005,0.4086279999999931,167817216,2147483648,upstream,36,real-age36|C|local,1.0452829999962887,472161627016,,208.73273800003744,null,True,21326870,real-age36|C|1,,,,,,,,,,,,,,,,,,,,,,,,,,,,,,,,,,,,,,,,,,,,,,,,,,,,,,,,,,,,,,,,,,,,,,,,,,,,,,,,,,,,,,,,,,,,,,,,,,,,,,,,,,,,,,,,,,,,,,,,,,,,,,,,,,,,,,,,,,,,,,,,,,,,,,,,,,,,,,,,,,,,,,,,,,,,,,,,,,,,,,,,,,,,,,,,,,,,,,,,,,,,,,,,,,,,,,,,,,,,,,,,,,,,,,,,,,,,,,,,,,,,,,,,,,,,,,,,,,,,,,,,,,feature-sequential,,,exactextract_fractional_v030,True,,198.6763920000385,private-reference/f480431bea21072b/00248.json.gz,0,True,0,0,0,0,0,4215,0.13617500002283123,772a1a7b0ef115a38296ab8ca05b946f5d158a25bbcf7dd78b1aabcbc0bd8a68,21326870,,7.261364999976649,471955549589,,True,325.0523080000107,private-reference/55fe503896c061aa/00248.json.gz,f7c8469244cd9e3a001714ccd05beb6adb2c4b7ae8fd27385eaea5ecffe05138,1
249,real-age36-C-2-http0-native-rsi256,real-age36,C,http0,2,native-rsi256,cog256,531.7886530000351,676.2222410000049,0.576340223,0.6584239999999966,195297280,2147483648,native,36,real-age36|C|http0,8.146710000005442,472861641885,20.139271999994435,560.3181129999939,null,True,21394928,real-age36|C|2,0,,,87056,36,8,0.004438,65536,0.249578,0,84934656,67108864,2,0,0,1.4307329999999998,61353690,75497472,0.00538,148480,1,1,1c7c70b08afa022cb9b699176f1a92a579698766f140bac7af342285496d8530,4,0.005841,,,,,,,433.08338699999996,0.020406999999999998,,,,,,,0,0,0,42505656,20,4,24,509.501889,19.51686,0,0.031538,2,0.001153,201652444,,288,8346312,389.71763899999996,7.6845,2,67.82871999999999,0.131687,34488,0,0,0,0,0,0,0,,,,,,,,,,,,,,,,,,,,,,,,,,,,,,,,,,,,,,,,,,,,,,,,,,,,,,,,,,,,,,,,,,,,,,,,,,,,,,,,,,,,,,,,,,,,,0.036957,2,0,0,,,,,,,,,,,,,,,,,,,,,,,,,,,,,0,0,,,,,,,,,,,,,,,,,,,0,,,,,,,,,,,,,,,,,,,7.540051,0,0.0,0,8,,,,,,,,,,,,,,,,,,,,,,,,,,,,,index256,42505656,24,native_grid_planar_fractional,True,2,510.7495780000022,private-reference/49297a4597e21b09/00249.json.gz,42644486,True,38,10,42644486,48,48,4211,0.14873800000714255,78ea1b1d7c574d80aac7cf2fe459d522f8702c4e987f34f246a9977617de8717,21256336,skarve_normalized_f64_v1,20.88203200003136,472329853282,,True,593.4534740000004,private-reference/91c8198ef6989845/00249.json.gz,e926fdc6e576b3894fc25dbf00f64e3896c3c0e2ecaa8a05b5ce4298d5b99000,1
250,real-age36-A-0-http0-native-skv-raw,real-age36,A,http0,0,native-skv-raw,skv,27.992080999979407,166.64261400001124,0.08743996199999998,0.15596399999999733,58732544,2147483648,native,1,real-age36|A|http0,0.6882659999973839,473101905436,27.02296600000409,55.94511900000043,null,True,28933939,real-age36|A|0,0.000841999963085982,,,,,,,,,,,,,,,,,,,,,,,,,,,,,,,,,,,,,,,,,,,,,,,,,,,,,,,,,,,,,,,,,,,,,,False,,,,,,skv,,,,False,,16384,0,0,0,0,0.0,0.0,0,0,0,0,0,0,2.0198820000000004,16,98880,10,0.0,0.0,192,11584,918983,19,262144,0.089671,2359296,2359932,0,0,4,262144,0.003827,2.01921,0,14,98880,1.288872,65536,1310720,803719,17.812511000000004,0,0,source_handle_lifetime,False,,,918983,4194304,0,0,0,0,18,904903,904903,0,19,2,918983,21,9742336,False,strong_etag_conditional_ranges,http,918983,4194304,0,0,0,0,18,904903,904903,0,19,2,918983,21,,,,,0,2359296,67108864,4,0,0,0,0,4,2362012,2097152,,590119,902599,18,2,20,255696,268435456,,16,14466,0,,67108864,256,4,4,,,0.5609329999999999,,,0.020131,0.108097,,,22.769936,2.01921,0.063278,20.467638,,,0.535094,0.0,,25.175575,0.011874000000000001,,,,,,,,,,,,,,,,,,,,,,,,,,,,,,,,,,,,,,,,,,,,,,,,,,,,,raw,918983,21,native_grid_planar_fractional,True,1,25.524756999971032,private-reference/b9d61277f090e350/00250.json.gz,918983,True,19,2,918983,21,21,147,0.06350699999302378,6940c6944641a1780ca8953cc3717b93b8d469d79cc0c9210e4197c0ed319f97,28933939,skarve_normalized_f64_v1,2.398886999969818,473073913094,,True,96.32668500000818,private-reference/f740130e00730b3d/00250.json.gz,4034b72854c67b08d931a470b74bcb12b8f77394ca2797fa421bead1770136d5,1
251,analytical40-1025x1031-A-0-http0-native-tiff,analytical40-1025x1031,A,http0,0,native-tiff,band256,73.16520500000934,201.08639100004666,0.126326373,0.19045200000000762,84111360,2147483648,native,1,analytical40-1025x1031|A|http0,1.5167619999942872,473335881338,23.134594999987712,98.03280599999198,null,True,21771767,analytical40-1025x1031|A|0,0.0008420000199294009,,,,,,,,,,,,,,,,,,,,,,,,,,,,,,,,,,,,,,,,,,,,,,,,,,,,,,,,,,,,,,,,,,,,,16777216,,0,1.436971,1,16,0,,0,shared_only_for_identical_data_and_mask_block_footprints_then_flushed_on_transition_or_window_exit,trusted_manifest,,http_original,,,,,,,,,,,,,,,,,,,,,,,,,,,,,,,,,,,,,,,,,,,,,,True,,548294,4194304,9,0,7446,17,27,551750,551750,0,27,4,548294,31,,,,,,,,,,,,,,,,,,,,,,,0,9437184,67108864,16,0,0,0,0,16,9448560,8388608,,590151,540484,18,2,20,626880,268435456,,32,14466,0,,67108864,256,16,16,,,2.2109859999999997,,,0.06156199999999999,0.181244,,,44.02125199999999,1.5661579999999997,0.152867,40.092628999999995,,,0.439205,0.0,,47.943984,0.025592,,,,,,,,,,,,,,,,,,,,,,,,,,,,,,,,,,,,,,,,,,,,,,,,,,,,,,548294,31,native_grid_planar_fractional,True,1,48.24409700000842,private-reference/699bf94c32a0304b/00251.json.gz,548294,True,27,4,548294,31,31,138,0.040480999984993105,3f59ba840b4903208d287a79769eca9f94b99b8f0f86dc5aa31ecb2e9525ce8d,21771767,skarve_normalized_f64_v1,24.875796000003447,473262716074,,True,136.53246600000557,private-reference/7ac434a68f10cf84/00251.json.gz,68f29a9ddd9232ee29e5eece122cd3f332dbe37d212e9c18959ce8f76bb501d1,1
252,analytical36-A-2-http0-native-tiff,analytical36,A,http0,2,native-tiff,band256,42.36420000000862,159.09593799995037,0.093270132,0.151165000000006,76775424,2147483648,native,1,analytical36|A|http0,0.8146179999926062,473525954537,23.07068900000786,66.55131299999084,null,True,5078720,analytical36|A|2,0.0014830000054644188,,,,,,,,,,,,,,,,,,,,,,,,,,,,,,,,,,,,,,,,,,,,,,,,,,,,,,,,,,,,,,,,,,,,,16777216,,0,1.279682,1,4,0,,0,shared_only_for_identical_data_and_mask_block_footprints_then_flushed_on_transition_or_window_exit,trusted_manifest,,http_original,,,,,,,,,,,,,,,,,,,,,,,,,,,,,,,,,,,,,,,,,,,,,,True,,144537,4194304,9,0,6770,17,15,146457,146457,0,15,4,144537,19,,,,,,,,,,,,,,,,,,,,,,,0,2359296,67108864,4,0,0,0,0,4,2362140,2097152,,590151,137387,6,2,8,261408,268435456,,8,14466,0,,67108864,256,4,4,,,0.49871200000000004,,,0.017725,0.09492099999999999,,,11.094949,0.378189,0.039129,10.191984999999999,,,0.641835,0.0,,13.413827999999999,0.033768,,,,,,,,,,,,,,,,,,,,,,,,,,,,,,,,,,,,,,,,,,,,,,,,,,,,,,144537,19,native_grid_planar_fractional,True,1,13.692698999989261,private-reference/f42e31df392a6079/00252.json.gz,144537,True,15,4,144537,19,19,141,0.03853700002309779,74bd9cb0f1e396b15bb77e6772dbe47601b4bc5fe3cd426185623312b8b04943,5078720,skarve_normalized_f64_v1,28.615307999984907,473483590397,,True,100.84270499999093,private-reference/7a50d2900a6535db/00252.json.gz,f2436d87557af31a8bba51e93f18b61e7e195c0378cf3b9da6e3df84640fc31a,1
253,worldpop1-B-0-http0-native-skv-raw,worldpop1,B,http0,0,native-skv-raw,skv,104.6516830000428,210.99714799998992,0.132474153,0.18486599999999953,70287360,2147483648,native,1,worldpop1|B|http0,0.5199950000474018,473772923200,19.0510649999851,124.4327750000025,null,True,22778369,worldpop1|B|0,0.001492999956553831,,,45576,8,81,0.003296,32768,3.524821,0,11943936,67108864,0,0,0,0.2942070000000001,11998935,10616832,0.013336000000000002,2002288,0,8,e7d0e5383425d7088b1559a961fb2c4f4a6dfcfdb2d8164f0bcb85491c397714,81,0.001073,,,,,,,83.70023800000001,0.045420999999999996,,128,19648,False,128,128,0,0,0,1820225,83,2,85,101.910019,3.202691,0,0.006761999999999997,8,0.0005819999999999999,330621980,,81,2001118,78.21326300000003,1.8501289999999997,1,12.533512000000005,0.100794,19549,0,0,0,0,0,0,0,,,,,,,,,,,,,,,,,,,,,,,,,,,,,,,,,,,,,,,,,,,,,,,,,,,,,,,,,,,,,,,,,,,,,,,,,,,,,,,,,,,,,,,,,,,,,0.011714,1,0,0,,,,,,,,,,,,,,,,,,,,,,,,,,,,,0,0,,,,,,,,,,,,,,,,,,,0,,,,,,,,,,,,,,,,,,,1.3980389999999998,0,0.006804,0,81,,,,,,,,,,,,,,,,,,,,,,,,,,,,,raw,1820225,85,native_grid_planar_fractional,True,1,102.79047899996385,private-reference/0a52d653ccd09d29/00253.json.gz,1836609,True,84,2,1836609,86,86,1258,0.07999100000688486,4a6cd2a5f470531511575f9777b40a41556bbc3b42879e046e29fc5ae511a873,22778369,skarve_normalized_f64_v1,1.773999000022286,473668270445,,True,158.23491499998,private-reference/ca4a9dfb5d1a7a60/00253.json.gz,88656a2b35165fc2f694e6157a840543dfab79cc40d6466557d99e01421cb267,8
254,worldpop1-A-1-local-native-tiff,worldpop1,A,local,1,native-tiff,ordinary,737.2491610000225,864.1610079999964,0.802282287,0.8631160000000051,93970432,2147483648,native,1,worldpop1|A|local,1.8459389999634368,474664700240,23.00857900002029,762.3594730000036,null,True,18084641,worldpop1|A|1,0.0012330000345173175,,,,,,,,,,,,,,,,,,,,,,,,,,,,,,,,,,,,,,,,,,,,,,,,,,,,,,,,,,,,,,,,,,,,,16777216,,0,0.056012,1,25,0,,0,shared_only_for_identical_data_and_mask_block_footprints_then_flushed_on_transition_or_window_exit,trusted_manifest,,local_original,,,,,,,,,,,,,,,,,,,,,,,,,,,,,,,,,,,,,,,,,,,,,,False,,,,,,,,,,,,,,,,,,,,,,,,,,,,,,,,,,,,,,0,14745600,67108864,25,0,0,0,0,25,14762975,13107200,,590135,0,0,0,0,675072,268435456,,50,14466,0,,67108864,256,25,25,,,1.9301249999999999,,,0.14059099999999997,0.182437,,,723.9002459999999,3.3504810000000007,0.240563,694.2916539999999,,,0.013677,0.0,,726.621714,0.032305,,,,,,,,,,,,,,,,,,,,,,,,,,,,,,,,,,,,,,,,,,,,,,,,,,,,,,,,native_grid_planar_fractional,True,1,726.8660450000084,private-reference/d0a0a271bc15ceb9/00254.json.gz,0,True,0,0,0,0,0,160,0.04036100000348597,bfb4cbec95ce9af2e5355642ae1e36dee8e8afba00ebe3df1a5c7789d9b91c7f,18084641,skarve_normalized_f64_v1,10.337555000035081,473927451029,,True,802.8001459999814,private-reference/ad4c2cc78c6aad55/00254.json.gz,3dd4a7220518ad7911f2ae62500e709dbad6f3bafb108a36c426476362adf8b7,1
255,analytical40-1025x1031-D-2-http0-native-skv-raw,analytical40-1025x1031,D,http0,2,native-skv-raw,skv,1109.717914999976,1227.4320230000058,1.11301099,1.1780309999999758,133693440,2147483648,native,40,analytical40-1025x1031|D|http0,0.6061400000021422,475917862022,19.660934000000907,1130.224467000005,null,True,24731327,analytical40-1025x1031|D|2,0.000982000017302198,,,1663296,320,67,0.002615,32768,3.0210980000000003,0,378455040,67108864,53,0,0,2.1626140000000005,65907890,336404480,0.037562,1806688,0,8,d2590882b47ebea8c43f2a2bd72f6cfeea252037828b6e02a92fb686ab2d50d4,67,0.000892,,,,,,,486.82975899999997,0.041262,,128,16960,False,128,128,0,0,0,24340349,74,2,76,1104.943395,73.20247599999996,0,0.02640699999999999,8,0.00033999999999999997,332041440,,67,80820360,387.1501209999999,23.844873999999994,1,612.4376419999999,0.309654,670520,0,0,0,0,0,0,0,,,,,,,,,,,,,,,,,,,,,,,,,,,,,,,,,,,,,,,,,,,,,,,,,,,,,,,,,,,,,,,,,,,,,,,,,,,,,,,,,,,,,,,,,,,,,0.011824000000000001,1,0,0,,,,,,,,,,,,,,,,,,,,,,,,,,,,,0,0,,,,,,,,,,,,,,,,,,,0,,,,,,,,,,,,,,,,,,,1.3170760000000001,0,0.020641,0,67,,,,,,,,,,,,,,,,,,,,,,,,,,,,,raw,24340349,76,native_grid_planar_fractional,True,1,1107.1086999999693,private-reference/67a1a1f234809ead/00255.json.gz,24356733,True,75,2,24356733,77,77,32004,0.5580740000254991,fe4788941186043b47c3c938b8e03aec929f13596245599f1e8a159efe982361,24731327,skarve_normalized_f64_v1,2.0471230000111973,474808143928,,True,1162.0493859999783,private-reference/83ff85602e9bc78c/00255.json.gz,96459c0ac2698736f659c8cf75b2bb3b113ae52c0bd0925deea6c3ec6962b9eb,8
256,analytical40-1025x1031-B-1-local-native-tiff,analytical40-1025x1031,B,local,1,native-tiff,band256,62.46573199996419,171.49784299999737,0.11296801399999998,0.17073700000000258,83509248,2147483648,native,1,analytical40-1025x1031|B|local,1.1965439999812588,476127327124,19.142294999994647,83.00174999999399,null,True,21771767,analytical40-1025x1031|B|1,0.0007909999908406462,,,45576,8,18,0.0018139999999999999,32768,3.619778,0,9469440,67108864,0,0,0,0.085579,9482238,8417280,0.0057599999999999995,1253776,0,16,1edbfc837a86376667b9fa2d03bd3146438c230bf188a17e2c6631ab6633b432,18,0.0007109999999999999,,,,,,,26.501079999999995,0.039782,,256,16960,True,128,256,0,0,0,0,0,0,0,45.287786,1.4668250000000003,0,0.004068,8,0.00033999999999999997,338704808,,36,2022042,22.000507999999996,0.558134,1,14.873215,0.046975,8911,0,0,0,0,0,0,0,,,,,,,,,,,,,,,,,,,,,,,,,,,,,,,,,,,,,,,,,,,,,,,,,,,,,,,,,,,,,,,,,,,,,,,,,,,,,,,,,,,,,,,,,,,,,0.002034,1,0,0,,,,,,,,,,,,,,,,,,,,,,,,,,,,,0,0,,,,,,,,,,,,,,,,,,,0,,,,,,,,,,,,,,,,,,,0.079995,0,0.012783,1,18,,,,,,,,,,,,,,,,,,,,,,,,,,,,,,0,0,native_grid_planar_fractional,True,1,45.9628120000275,private-reference/9190e8af581030f4/00256.json.gz,0,True,0,0,0,0,0,1041,0.05537099997354744,4f9ba65d57db05a80f1576d13c050ab16b2115cabb8d62b799eea489189b8501,21771767,skarve_normalized_f64_v1,16.443391999985124,476064861101,,True,113.3968139999979,private-reference/d9ef37ab56f256be/00256.json.gz,e4103b5de80b6786b99b1d1ffa59d79fcbb5948ec610aac187ed297bc416f837,8
257,real-age36-A-0-http0-native-skv-summary,real-age36,A,http0,0,native-skv-summary,skv,29.015748999995594,157.70058999999037,0.07891906200000001,0.14525299999999675,58277888,2147483648,native,1,real-age36|A|http0,0.6191279999825383,476304576159,24.087606000023243,54.01173800004244,null,True,28933939,real-age36|A|0,0.0015829999711058917,,,,,,,,,,,,,,,,,,,,,,,,,,,,,,,,,,,,,,,,,,,,,,,,,,,,,,,,,,,,,,,,,,,,,,True,,,,,,skv,,,,False,,16384,0,5,0,0,0.0,1.5554,0,0,0,0,0,0,1.861981,12,98880,10,0.0,0.0,192,11584,724124,15,196608,0.09442199999999999,1769472,1771380,0,0,12,196608,0.009135,0.46342200000000006,0,22,98880,0.988794,65536,983040,608860,16.951424,4,0,source_handle_lifetime,False,,,724124,4194304,0,0,0,0,14,709532,709532,0,15,2,724124,17,9742336,False,strong_etag_conditional_ranges,http,724124,4194304,0,0,0,0,14,709532,709532,0,15,2,724124,17,,,,,,,67108864,,,,,,,1777620,1572864,,,,,,,,,,,,,,,128,12,,,,,0.042234,1.5583859999999998,,,,,,0.46342200000000006,,18.004789,,,,0.0,,25.951661,,,,,,,,,,,,,,,,,,,,,,,,,,,1,5,679936,2,True,12,146889793,21,,,4,False,,,,,,160564,12,,,,,4,,4,4,summary,724124,17,native_grid_planar_fractional,True,1,26.291429000025346,private-reference/6c833ecf48942a3f/00257.json.gz,724124,True,15,2,724124,17,17,147,0.0404429999889544,6940c6944641a1780ca8953cc3717b93b8d469d79cc0c9210e4197c0ed319f97,28933939,skarve_normalized_f64_v1,2.6781269999673896,476275560941,,True,87.21110799996268,private-reference/4ff79860cfc3eee0/00257.json.gz,3127bd301d0df550881d6e3126ebdc7b5e15eec98d0b8dbfe7195f2524699753,1
258,analytical40-1025x1031-C-1-http0-native-rsi64,analytical40-1025x1031,C,http0,1,native-rsi64,cogband128,1841.917771999988,1971.1429479999651,1.4295690200000002,1.4942690000000027,153104384,2147483648,native,40,analytical40-1025x1031|C|http0,1.9266090000087388,478315564041,25.743942000019615,1870.0274299999933,null,True,27254333,analytical40-1025x1031|C|1,0,,,107796,40,120,0.002494,65536,1.9085789999999998,0,88473600,67108864,30,0,0,1.4751020000000001,66581190,78643200,0.08971499999999995,1352128,1,1,9dc2ba427ebe8f39077ba84bc3b53f4f589569747715d200432d57abf99106b1,256,0.011932,,,,,,,1505.418028,0.020938,,,,,,,0,0,0,11384093,1132,4,1136,1806.069027,16.213089000000004,0,0.007633999999999999,2,0.0008320000000000001,202856160,,4800,7408440,1449.186895,7.441717999999999,2,64.26631299999998,0.198631,135040,0,0,0,0,0,0,0,,,,,,,,,,,,,,,,,,,,,,,,,,,,,,,,,,,,,,,,,,,,,,,,,,,,,,,,,,,,,,,,,,,,,,,,,,,,,,,,,,,,,,,,,,,,,0.008465,2,0,0,,,,,,,,,,,,,,,,,,,,,,,,,,,,,392,392,,,,,,,,,,,,,,,,,,,1280,,,,,,,,,,,,,,,,,,,7.345363,0,0.0,0,120,,,,,,,,,,,,,,,,,,,,,,,,,,,,,index64,11384093,1136,native_grid_planar_fractional,True,2,1807.0647839999765,private-reference/038b41e91c7cb6bd/00258.json.gz,11856613,True,1540,10,11856613,1550,1550,4415,0.1504430000522916,f799effb4e1b125bfdbf5c1f92cca3183010ea1d50e09b9a30517254f539ca7d,26442685,skarve_normalized_f64_v1,34.69728400000349,476473647672,,True,1903.4824739999863,private-reference/0d3a53bbebb1a3a4/00258.json.gz,ed6abf6b6150b0b4698bdf597ffcece1020f05571917ce808ceee2069a93db54,1
259,analytical36-A-0-http0-native-tiff,analytical36,A,http0,0,native-tiff,band256,38.60044799995421,149.3275980000135,0.08398177799999999,0.14289300000001504,76484608,2147483648,native,1,analytical36|A|http0,0.7239889999937077,478524711043,19.26665700000285,58.80612500004645,null,True,5078720,analytical36|A|0,0.0008709999974598759,,,,,,,,,,,,,,,,,,,,,,,,,,,,,,,,,,,,,,,,,,,,,,,,,,,,,,,,,,,,,,,,,,,,,16777216,,0,1.1171119999999999,1,4,0,,0,shared_only_for_identical_data_and_mask_block_footprints_then_flushed_on_transition_or_window_exit,trusted_manifest,,http_original,,,,,,,,,,,,,,,,,,,,,,,,,,,,,,,,,,,,,,,,,,,,,,True,,144537,4194304,9,0,6770,17,15,146457,146457,0,15,4,144537,19,,,,,,,,,,,,,,,,,,,,,,,0,2359296,67108864,4,0,0,0,0,4,2362140,2097152,,590151,137387,6,2,8,258240,268435456,,8,14466,0,,67108864,256,4,4,,,0.568582,,,0.020267000000000004,0.101524,,,11.931694,0.394387,0.040734,10.882249000000002,,,0.614912,0.0,,14.334568,0.028742,,,,,,,,,,,,,,,,,,,,,,,,,,,,,,,,,,,,,,,,,,,,,,,,,,,,,,144537,19,native_grid_planar_fractional,True,1,14.592113999981393,private-reference/807016360b8486c3/00259.json.gz,144537,True,15,4,144537,19,19,142,0.03832900000588779,1f5800e6da13026f5dcd51f66d3119f4d36ecd81f15e95f6dc5bc29682e31b2a,5078720,skarve_normalized_f64_v1,23.96582699998362,478486110845,,True,90.0699169999939,private-reference/17cc9a37e4eb308e/00259.json.gz,49a21b51681396bbccef9c5d18d05fd1ff99b524999b7b016977aff847c5e55e,1
260,worldpop1-A-1-http0-native-skv-raw,worldpop1,A,http0,1,native-skv-raw,skv,73.97673799999893,179.49246099999527,0.10999071799999999,0.1625879999999995,72626176,2147483648,native,1,worldpop1|A|http0,2.7224579999938214,478741438967,18.93784899999673,95.83495499998662,null,True,22778369,worldpop1|A|1,0.0007310000000870787,,,,,,,,,,,,,,,,,,,,,,,,,,,,,,,,,,,,,,,,,,,,,,,,,,,,,,,,,,,,,,,,,,,,,,False,,,,,,skv,,,,False,,16384,0,0,0,0,0.0,0.0,0,0,0,100,50,0,7.400044999999998,100,131840,14,0.0,0.0,4800,11584,2126094,53,1638400,0.06527899999999999,14745600,14749575,0,0,25,1638400,0.013675000000000001,11.707333000000002,0,98,131840,4.958457000000002,65536,8192000,1977870,39.791171000000006,0,0,source_handle_lifetime,False,,,2126094,4194304,0,0,0,0,52,2116366,2116366,0,53,2,2126094,55,9742336,False,strong_etag_conditional_ranges,http,2126094,4194304,0,0,0,0,52,2116366,2116366,0,53,2,2126094,55,,,,,0,14745600,67108864,25,0,0,0,0,25,14762575,13107200,,590119,2109710,52,2,54,675072,268435456,,50,14466,0,,67108864,256,25,25,,,2.073192,,,0.09353,0.193331,,,67.624245,11.707333000000002,0.279898,52.90734800000001,,,0.47835,0.0,,71.640298,0.0109,,,,,,,,,,,,,,,,,,,,,,,,,,,,,,,,,,,,,,,,,,,,,,,,,,,,,raw,2126094,55,native_grid_planar_fractional,True,1,72.21108400000276,private-reference/362571093710c744/00260.json.gz,2126094,True,53,2,2126094,55,55,160,0.06035000001247681,bfb4cbec95ce9af2e5355642ae1e36dee8e8afba00ebe3df1a5c7789d9b91c7f,22778369,skarve_normalized_f64_v1,1.6992829999935566,478667462029,,True,126.50411200002054,private-reference/32cfbc01f666bdde/00260.json.gz,1155b2b0a3892883105e712f225460bebc41202d122e290c0b49b66fe32eba52,1
261,real-age36-A-1-http0-native-skv-raw,real-age36,A,http0,1,native-skv-raw,skv,22.005789999980152,129.08101300001817,0.070667765,0.12269799999998554,58732544,2147483648,native,1,real-age36|A|http0,0.5656970000131878,478915884311,20.336044999964997,43.134151999993264,null,True,28933939,real-age36|A|1,0.0007209999921542476,,,,,,,,,,,,,,,,,,,,,,,,,,,,,,,,,,,,,,,,,,,,,,,,,,,,,,,,,,,,,,,,,,,,,,False,,,,,,skv,,,,False,,16384,0,0,0,0,0.0,0.0,0,0,0,0,0,0,1.8278079999999999,16,98880,10,0.0,0.0,192,11584,918983,19,262144,0.068525,2359296,2359932,0,0,4,262144,0.0023639999999999998,1.8529499999999999,0,14,98880,1.1493920000000002,65536,1310720,803719,13.395587,0,0,source_handle_lifetime,False,,,918983,4194304,0,0,0,0,18,904903,904903,0,19,2,918983,21,9742336,False,strong_etag_conditional_ranges,http,918983,4194304,0,0,0,0,18,904903,904903,0,19,2,918983,21,,,,,0,2359296,67108864,4,0,0,0,0,4,2362012,2097152,,590119,902599,18,2,20,257088,268435456,,16,14466,0,,67108864,256,4,4,,,0.5099360000000001,,,0.019555,0.131008,,,17.992943000000004,1.8529499999999999,0.072351,15.864601999999998,,,0.444162,0.0,,19.847337,0.012813000000000001,,,,,,,,,,,,,,,,,,,,,,,,,,,,,,,,,,,,,,,,,,,,,,,,,,,,,raw,918983,21,native_grid_planar_fractional,True,1,20.147351999980856,private-reference/e7f338a1e61654d0/00261.json.gz,918983,True,19,2,918983,21,21,147,0.03509399999757079,9b3de538e6269d30bc4fc33ff1fa2d1806352d652f4413ee5b2984b345d15f82,28933939,skarve_normalized_f64_v1,1.819838000017171,478893878692,,True,76.63289700002451,private-reference/29b5632d5649af49/00261.json.gz,e31318c6ca7cc842fa5dac71c5741a09c287b17aa68febd810a842c5265fc73c,1
262,analytical36-B-1-local-native-rsi64,analytical36,B,local,1,native-rsi64,cogband128,32.24813299999596,145.1274309999917,0.08425005699999999,0.14420100000000957,74424320,2147483648,native,1,analytical36|B|local,0.2684270000372635,479085987295,19.089523000047848,51.807338000003256,null,True,6454230,analytical36|B|1,0,,,45576,8,52,0.002214,32768,1.265266,0,1818432,67108864,0,0,0,0.06166000000000003,1855404,1616384,0.002555000000000003,1012480,0,8,1921d53e4be64d8596c54ec719b10b0c6cc271305d99a4a5c2d73cfccd5e8285,67,0.0012720000000000001,,,,,,,11.673823,0.037447999999999995,,,,,,,0,0,0,0,0,0,0,15.479248,0.27713299999999996,0,0.005227999999999999,8,0.000441,202430192,,104,239706,9.999143,0.11484699999999998,1,1.7846959999999998,0.043539999999999995,4463,0,0,0,0,0,0,0,,,,,,,,,,,,,,,,,,,,,,,,,,,,,,,,,,,,,,,,,,,,,,,,,,,,,,,,,,,,,,,,,,,,,,,,,,,,,,,,,,,,,,,,,,,,,0.001944,1,0,0,,,,,,,,,,,,,,,,,,,,,,,,,,,,,58,37,,,,,,,,,,,,,,,,,,,0,,,,,,,,,,,,,,,,,,,0.244925,0,0.0,0,52,,,,,,,,,,,,,,,,,,,,,,,,,,,,,index64,0,0,native_grid_planar_fractional,True,1,16.245918999970854,private-reference/5915faaa1425746a/00262.json.gz,0,True,0,0,0,0,0,1028,0.06107100000463106,d12c50ef5f2eb483307595d687307a30b603990fff77734d225f99dfee78473e,6142678,skarve_normalized_f64_v1,15.93350000001692,479053738551,,True,84.78651399997261,private-reference/3bc061d7fc228011/00262.json.gz,0809fb51ff1e6dc87efeababbcae2ed97ce9ca241a9c11bd9133abbe24046500,8
263,real-age36-A-0-http0-native-rsi256,real-age36,A,http0,0,native-rsi256,cogband128,45.64241099996025,154.1653150000002,0.08786950300000002,0.14379399999998554,76034048,2147483648,native,1,real-age36|A|http0,0.4341080000358488,479273565558,18.876820999992105,65.16285000003563,null,True,28028498,real-age36|A|0,3.2203840000306627,,,,,,,,,,,,,,,,,,,,,,,,,0,0,0,0,2359296,4,,,,,,,,,,,,,,,,,,,,,,,True,,,,,,,,,,,,,,,,16777216,,0,1.173424,1,4,0,,0,shared_only_for_identical_data_and_mask_block_footprints_then_flushed_on_transition_or_window_exit,trusted_manifest,,http_original,,,,,,,,,,,,,,,,,,,,,,,,,,,,,,,,,,,,,,,,,,,,,,True,,785299,4194304,14,0,5551,21,25,788499,788499,0,25,5,785299,30,,,,,,,,,,,,,,,,,,,,,,,,,,,,,,,,,,,,,,,,,,,,,,,,,,,,,,,,,,0.00031,0.558841,,,,,25.601563,exclusive partition of this query call; source post-validation is in remaining execution; FFI envelope and transport subspans are not added to this partition,,,0.519563,26.680277,,,"""091f046af989d2e07f67cd82ac0afe28fe916e179f13ee202d7d9eff93e6733d""",,http,65536,0,0,0,0,0,1,0,0,0,1,3,65536,4,,,,,,,0,,,,,,4,8963137,4,True,0,0,False,1,68896,1,False,1,226100,4,134217728,0,0,0,0,65536,,0,index256,785299,30,native_grid_planar_fractional,True,1,27.004164999993918,private-reference/305d3233fbc50726/00263.json.gz,850835,True,26,8,850835,34,34,147,0.037356999996518425,6940c6944641a1780ca8953cc3717b93b8d469d79cc0c9210e4197c0ed319f97,27889906,skarve_normalized_f64_v1,15.372560000002977,479227923458,,True,97.87131600000976,private-reference/b715ee8a45f05610/00263.json.gz,bf1b759b55cebb93d0e4972bf5f75ac4713df3adc7c17c826d65f47a0b490925,1
264,analytical40-1025x1031-D-1-local-native-rsi256,analytical40-1025x1031,D,local,1,native-rsi256,cogband128,1431.564906999995,1550.9345070000222,1.4847089009999999,1.5501470000000097,150335488,2147483648,native,40,analytical40-1025x1031|D|local,1.8168639999771585,480840554895,19.36491899999737,1452.9517619999979,null,True,26638653,analytical40-1025x1031|D|1,0,,,833696,320,36,0.0019240000000000001,65536,1.8906010000000002,0,378777600,67108864,29,0,0,8.630593999999999,59645097,336691200,0.021946999999999998,1253776,8,8,1edbfc837a86376667b9fa2d03bd3146438c230bf188a17e2c6631ab6633b432,18,0.002584,,,,,,,862.0637579999999,0.040033,,,,,,,0,0,0,0,0,0,0,1413.05879,63.84171499999999,0,0.03186799999999999,16,0.000721,203493820,,1440,70395920,711.7715420000002,27.34328800000001,2,547.3680289999999,0.306597,315480,0,0,0,0,0,0,0,,,,,,,,,,,,,,,,,,,,,,,,,,,,,,,,,,,,,,,,,,,,,,,,,,,,,,,,,,,,,,,,,,,,,,,,,,,,,,,,,,,,,,,,,,,,,0.003537,2,0,0,,,,,,,,,,,,,,,,,,,,,,,,,,,,,8,8,,,,,,,,,,,,,,,,,,,0,,,,,,,,,,,,,,,,,,,0.480632,0,0.0,0,36,,,,,,,,,,,,,,,,,,,,,,,,,,,,,index256,0,0,native_grid_planar_fractional,True,2,1415.449716000012,private-reference/666c58af828e4078/00264.json.gz,0,True,0,0,0,0,0,32804,0.6231600000319304,365f94acb67595ceff5b6f6e9b8b49e3e1f3374adb31b96e3eab040965552af1,26442685,skarve_normalized_f64_v1,15.487543000006099,479408989988,,True,1485.017632999984,private-reference/dbd9aaa68d2eff68/00264.json.gz,cb8c51388cb5ff844dfdc9a8db62cd7d019f3bb947f325458b4e478da7f420b7,8
265,analytical36-A-2-local-native-tiff,analytical36,A,local,2,native-tiff,band256,21.81764499999872,132.4778169999945,0.074003804,0.13169700000000262,75190272,2147483648,native,1,analytical36|A|local,0.41242800000418356,481017410068,19.826233999992837,42.30026700003009,null,True,5078720,analytical36|A|2,0.000972000009369367,,,,,,,,,,,,,,,,,,,,,,,,,,,,,,,,,,,,,,,,,,,,,,,,,,,,,,,,,,,,,,,,,,,,,16777216,,0,0.053600999999999996,1,4,0,,0,shared_only_for_identical_data_and_mask_block_footprints_then_flushed_on_transition_or_window_exit,trusted_manifest,,local_original,,,,,,,,,,,,,,,,,,,,,,,,,,,,,,,,,,,,,,,,,,,,,,False,,,,,,,,,,,,,,,,,,,,,,,,,,,,,,,,,,,,,,0,2359296,67108864,4,0,0,0,0,4,2362140,2097152,,590151,0,0,0,0,261408,268435456,,8,14466,0,,67108864,256,4,4,,,0.48753,,,0.013787,0.073368,,,5.716991,0.357626,0.029987,4.881303,,,0.013595,0.0,,6.473409,0.030798,,,,,,,,,,,,,,,,,,,,,,,,,,,,,,,,,,,,,,,,,,,,,,,,,,,,,,,,native_grid_planar_fractional,True,1,6.710075999990295,private-reference/00f3166b985686df/00265.json.gz,0,True,0,0,0,0,0,141,0.03944400003774717,74bd9cb0f1e396b15bb77e6772dbe47601b4bc5fe3cd426185623312b8b04943,5078720,skarve_normalized_f64_v1,15.063456000007136,480995592133,,True,74.39678599996569,private-reference/69a9efe99fa1ce50/00265.json.gz,c7e05a106f861340a5a1f8cd999db87cca654da0ca3a1e36bff2b04142c6f9bc,1
266,analytical40-1025x1031-B-0-local-native-skv-summary,analytical40-1025x1031,B,local,0,native-skv-summary,skv,24.671846999979152,129.95766299997058,0.07400147500000001,0.1295599999999979,62287872,2147483648,native,1,analytical40-1025x1031|B|local,0.1174619999915194,481176501315,18.692112999985966,43.73866700001372,null,True,24731327,analytical40-1025x1031|B|0,0.0005100000066704524,,,45576,8,51,0.001353,32768,2.9213750000000003,0,7102080,67108864,0,0,0,0.06299999999999997,7137525,6312960,0.003035000000000003,1796464,0,8,306c40a2d8671545e1d51db4612ee3740a1a31d9dfa6f66422309f0cd8743037,67,0.000932,,,,,,,11.295484,0.033853999999999995,,,,,,,0,0,0,0,0,0,0,23.521946,1.1291280000000001,0,0.00499,8,0.00033999999999999997,330396088,,51,1067825,9.425241,0.39436199999999993,1,8.398774999999999,0.08016999999999999,9324,0,0,0,0,0,0,0,,,,,,,,,,,,,,,,,,,,,,,,,,,,,,,,,,,,,,,,,,,,,,,,,,,,,,,,,,,,,,,,,,,,,,,,,,,,,,,,,,,,,,,,,,,,,0.00522,1,0,37,,,,,,,,,,,,,,,,,,,,,,,,,,,,,58,37,,,,,,,,,,,,,,,,,,,0,,,,,,,,,,,,,,,,,,,0.06380999999999999,0,0.0,0,51,,,,,,,,,,,,,,,,,,,,,,,,,,,,,summary,0,0,native_grid_planar_fractional,True,1,24.05780699996285,private-reference/b47da5eb32c5d3b6/00266.json.gz,0,True,0,0,0,0,0,1045,0.044093999974847975,e385de722110847164317a15def49987a963ed2c14cbed05e1ad8a49c4ea6240,24731327,skarve_normalized_f64_v1,0.5664400000000569,481151830120,,True,74.03400799995552,private-reference/cf188030fa048e0f/00266.json.gz,dd69d6c3e32882d195b18e7781fe9bad0461131cca55196184e3e2a20e536350,8
267,analytical36-B-0-http0-native-tiff,analytical36,B,http0,0,native-tiff,band256,41.30559100002529,148.54136000002427,0.087379213,0.1424039999999991,77045760,2147483648,native,1,analytical36|B|http0,0.6452379999473123,481351628021,18.81871199998386,60.97832500000777,null,True,5078720,analytical36|B|0,0.0010019999763244414,,,45576,8,5,0.001704,32768,1.5038999999999998,0,2375424,67108864,0,0,0,0.029876000000000003,2378979,2111488,0.001624,509152,0,16,e02ad3c4dc77a71b74e301dd8a264f1b4cc37cd202086d7c973eb6c6359136cf,5,0.0012720000000000001,,,,,,,12.09327,0.088798,,256,7552,True,128,256,0,0,0,138439,7,2,9,19.057864000000002,0.38518699999999995,0,0.004175999999999999,8,0.000351,336809980,,10,474119,11.084707000000002,0.13420399999999996,1,3.960391,0.058182000000000005,2302,0,0,0,0,0,0,0,,,,,,,,,,,,,,,,,,,,,,,,,,,,,,,,,,,,,,,,,,,,,,,,,,,,,,,,,,,,,,,,,,,,,,,,,,,,,,,,,,,,,,,,,,,,,0.004488,1,0,0,,,,,,,,,,,,,,,,,,,,,,,,,,,,,0,0,,,,,,,,,,,,,,,,,,,0,,,,,,,,,,,,,,,,,,,1.303891,0,0.007925,1,5,,,,,,,,,,,,,,,,,,,,,,,,,,,,,,138439,9,native_grid_planar_fractional,True,1,19.67573000001721,private-reference/52dfcf1f82fecc55/00267.json.gz,145589,True,16,4,145589,20,20,1018,0.12240200004498547,ca14ceabda820a34951c21e56b493ed8c56bd09015c599a5760be04ef843460e,5078720,skarve_normalized_f64_v1,21.50339199999962,481310322791,,True,93.12160799998992,private-reference/3c47acb125d491b4/00267.json.gz,96818bc07e8164e0e198b4abeddcbee8dd3ba671028a87cf85773e8d44390438,8
268,analytical40-1025x1031-A-0-local-native-skv-summary,analytical40-1025x1031,A,local,0,native-skv-summary,skv,12.455340999963482,118.42959199998404,0.063414431,0.11804499999999507,58384384,2147483648,native,1,analytical40-1025x1031|A|local,0.12001699997199466,481505306547,19.011175999992247,31.813941999985218,null,True,24731327,analytical40-1025x1031|A|0,0.0009210000371240312,,,,,,,,,,,,,,,,,,,,,,,,,,,,,,,,,,,,,,,,,,,,,,,,,,,,,,,,,,,,,,,,,,,,,,False,,,,,,skv,,,,False,,16384,0,0,0,0,0.0,0.0,0,0,0,0,0,0,2.011074,28,321360,0,0.0,0.0,2880,11584,603090,68,458752,0.087465,4128768,4133668,0,0,28,458752,0.006119999999999999,0.7088960000000001,0,13,321360,1.5757840000000003,65536,2293760,265346,0.7417909999999998,24,0,source_handle_lifetime,False,,,,,,,,,,,,,,,,,9742336,False,pinned_file_stat,local,,,,,,,,,,,,,,,,,,,,,67108864,,,,,,,4148228,3670016,,,,,,,,,,,,,,,128,28,,,,,0.0,0.0,,,,,,0.7088960000000001,,4.839956000000001,,,,0.0,,11.591330000000001,,,,,,,,,,,,,,,,,,,,,,,,,,,1,0,0,0,False,28,146889793,73,,,36,False,,,,,,393242,28,,,,,24,,24,36,summary,,,native_grid_planar_fractional,True,1,11.91859700003306,private-reference/96747dfa92c3a23a/00268.json.gz,0,True,0,0,0,0,0,138,0.03776099998731297,3f59ba840b4903208d287a79769eca9f94b99b8f0f86dc5aa31ecb2e9525ce8d,24731327,skarve_normalized_f64_v1,0.4947639999954845,481492851366,,True,63.44573199999104,private-reference/4fd53c6933a7b516/00268.json.gz,b68faa6c45005c2b0e7698c6799650e82bcd2ac155bc50d816b2084edf850a37,1
269,analytical40-1025x1031-D-1-http0-natural-ee,analytical40-1025x1031,D,http0,1,natural-ee,cogband128,1579.4657440000037,1795.3647479999972,1.607859522,1.7062520000000063,231108608,2147483648,upstream,40,analytical40-1025x1031|D|http0,1.1208539999643108,483282566010,,1582.9070579999893,null,True,26442685,analytical40-1025x1031|D|1,,,,,,,,,,,,,,,,,,,,,,,,,,,,,,,,,,,,,,,,,,,,,,,,,,,,,,,,,,,,,,,,,,,,,,,,,,,,,,,,,,,,,,,,,,,,,,,,,,,,,,,,,,,,,,,,,,,,,,,,,,,,,,,,,,,,,,,,,,,,,,,,,,,,,,,,,,,,,,,,,,,,,,,,,,,,,,,,,,,,,,,,,,,,,,,,,,,,,,,,,,,,,,,,,,,,,,,,,,,,,,,,,,,,,,,,,,,,,,,,,,,,,,,,,,,,,,,,,,,,,,,,,,raster-sequential,,,exactextract_fractional_v030,True,,1560.7932149999897,private-reference/9e98af1166179453/00269.json.gz,27114429,True,177,1,27114429,178,178,33371,0.5990600000131963,97563799ebaf285ba83fd57e3c32f51fb4da97b3c55ce06083989dba564af187,26442685,,18.070423999972718,481703100817,,True,1696.522066,private-reference/4a3a9eacd23bf545/00269.json.gz,9db4d01b8127c1bee15bcd66c4d2f8bf4570d2d2092506a3185d71e32a485041,8
270,analytical40-1025x1031-B-1-http0-native-rsi64,analytical40-1025x1031,B,http0,1,native-rsi64,cogband128,203.60824499999808,323.81289200003494,0.194934369,0.2581600000000037,79855616,2147483648,native,1,analytical40-1025x1031|B|http0,0.34297700000252007,483688767912,21.738788999982717,225.89289300003657,null,True,27254333,analytical40-1025x1031|B|1,0,,,45576,8,117,0.001813,32768,4.426569000000001,0,4148928,67108864,0,0,0,0.3881560000000002,4232115,3687936,0.019832000000000002,3229744,0,8,0f1296dc7b672672d28d5c50d915c60474f6d116503a106dcf79aea6e94fea27,261,0.003387,,,,,,,65.87644599999999,0.038894,,,,,,,0,0,0,508706,53,2,55,179.61002200000001,0.756997,0,0.0038890000000000005,8,0.000411,204646936,,234,490138,62.265972,0.32040300000000005,1,4.193855000000001,0.039732,9181,0,0,0,0,0,0,0,,,,,,,,,,,,,,,,,,,,,,,,,,,,,,,,,,,,,,,,,,,,,,,,,,,,,,,,,,,,,,,,,,,,,,,,,,,,,,,,,,,,,,,,,,,,,0.003517,1,0,0,,,,,,,,,,,,,,,,,,,,,,,,,,,,,374,199,,,,,,,,,,,,,,,,,,,66,,,,,,,,,,,,,,,,,,,2.8246409999999997,0,0.0,0,117,,,,,,,,,,,,,,,,,,,,,,,,,,,,,index64,508706,55,native_grid_planar_fractional,True,1,180.2164869999956,private-reference/4ad489b6d1167ee2/00270.json.gz,747462,True,260,5,747462,265,265,1041,0.04513499999347914,4f9ba65d57db05a80f1576d13c050ab16b2115cabb8d62b799eea489189b8501,26442685,skarve_normalized_f64_v1,23.34298599998874,483485159747,,True,260.2254269999662,private-reference/62b14f92011070b8/00270.json.gz,b8d802bdcbf84fe895861b44c325865e76164fa988a90f86a17b7d75149b6646,8
271,analytical36-C-2-http0-native-tiff,analytical36,C,http0,2,native-tiff,band256,404.3284420000077,547.0179210000197,0.41714109,0.4833600000000047,156319744,2147483648,native,36,analytical36|C|http0,7.818369000005987,484267398583,27.365231999965545,439.72943299996814,null,True,5078720,analytical36|C|2,0.0021750000200881914,,,,,,,,,,,,,,,,,,,,,,,,,,,,,,,,,,,,,,,,,,,,,,,,,,,,,,,,,,,,,,,,,,,,,16777216,,0,1.381865,1,12,0,,0,shared_only_for_identical_data_and_mask_block_footprints_then_flushed_on_transition_or_window_exit,trusted_manifest,,http_original,,,,,,,,,,,,,,,,,,,,,,,,,,,,,,,,,,,,,,,,,,,,,,True,,4902281,4194304,9,32,6770,17,155,4194082,4184236,0,155,4,4902281,159,,,,,,,,,,,,,,,,,,,,,,,0,84934656,67108864,10,18878686,2,0,0,12,66077142,75497472,,9438831,4895131,146,2,148,261408,268435456,,288,377416,0,,67108864,256,12,4,,,21.04831,,,2.71495,0.198815,,,353.46097399999996,14.587810999999999,0.123172,322.861865,,,0.764251,0.0,,376.767089,0.049093,,,,,,,,,,,,,,,,,,,,,,,,,,,,,,,,,,,,,,,,,,,,,,,,,,,,,,4902281,159,native_grid_planar_fractional,True,1,377.48683600000277,private-reference/3e7bd1884bcbad3f/00271.json.gz,4902281,True,155,4,4902281,159,159,4006,0.10003799997093665,8fbff0b61c68af05158cd4dfde5b7131f1151eedff44ed4c69d74f02fa43b918,5078720,skarve_normalized_f64_v1,26.734654999984286,483863070321,,True,480.26193299995157,private-reference/42354655d99d8313/00271.json.gz,0bd1c52df39d8d918cf273f94d019d35cd8fe327e20a8f09998ea3c5cbe21cea,1
272,analytical36-B-0-local-native-tiff,analytical36,B,local,0,native-tiff,band256,28.401808000012352,137.20668400003433,0.079460334,0.13623000000001184,75665408,2147483648,native,1,analytical36|B|local,0.3981210000461033,484449699928,19.70063399994615,48.718292999978985,null,True,5078720,analytical36|B|0,0.0007310000000870787,,,45576,8,5,0.001854,32768,1.3544939999999999,0,2375424,67108864,0,0,0,0.020589,2378979,2111488,0.0011109999999999998,509152,0,16,e02ad3c4dc77a71b74e301dd8a264f1b4cc37cd202086d7c973eb6c6359136cf,5,0.000861,,,,,,,7.130745,0.037169999999999995,,256,7552,True,128,256,0,0,0,0,0,0,0,12.499699,0.501824,0,0.0042769999999999996,8,0.00033099999999999997,336809980,,10,474119,5.918591,0.152338,1,3.8202840000000005,0.046569,2302,0,0,0,0,0,0,0,,,,,,,,,,,,,,,,,,,,,,,,,,,,,,,,,,,,,,,,,,,,,,,,,,,,,,,,,,,,,,,,,,,,,,,,,,,,,,,,,,,,,,,,,,,,,0.0012330000000000002,1,0,0,,,,,,,,,,,,,,,,,,,,,,,,,,,,,0,0,,,,,,,,,,,,,,,,,,,0,,,,,,,,,,,,,,,,,,,0.053702,0,0.004619,1,5,,,,,,,,,,,,,,,,,,,,,,,,,,,,,,0,0,native_grid_planar_fractional,True,1,13.06755900003509,private-reference/69b3095497fd5c1e/00272.json.gz,0,True,0,0,0,0,0,1018,0.04833100001633284,ca14ceabda820a34951c21e56b493ed8c56bd09015c599a5760be04ef843460e,5078720,skarve_normalized_f64_v1,15.282031000026564,484421297870,,True,79.82190400002764,private-reference/14252271eff5ad59/00272.json.gz,f0a738c63928ac31893c0ec726528d947382613088bfcff1a29a83320cc3cf44,8
273,real-age36-A-1-local-native-tiff,real-age36,A,local,1,native-tiff,band256,17.875952000053985,130.97718799997438,0.07183478500000001,0.12996799999999098,72314880,2147483648,native,1,real-age36|A|local,0.4162339999993492,484610658172,20.272943000009036,38.81807699997353,null,True,27830980,real-age36|A|1,0.0011930000027859933,,,,,,,,,,,,,,,,,,,,,,,,,,,,,,,,,,,,,,,,,,,,,,,,,,,,,,,,,,,,,,,,,,,,,16777216,,0,0.09583,1,4,0,,0,shared_only_for_identical_data_and_mask_block_footprints_then_flushed_on_transition_or_window_exit,trusted_manifest,,local_original,,,,,,,,,,,,,,,,,,,,,,,,,,,,,,,,,,,,,,,,,,,,,,False,,,,,,,,,,,,,,,,,,,,,,,,,,,,,,,,,,,,,,0,2359296,67108864,4,0,0,0,0,4,2362076,2097152,,590135,0,0,0,0,257088,268435456,,8,14466,0,,67108864,256,4,4,,,0.454966,,,0.009816,0.088337,,,7.520999,0.464025,0.0318,6.4386,,,0.020349000000000003,0.0,,8.250876,0.029906000000000002,,,,,,,,,,,,,,,,,,,,,,,,,,,,,,,,,,,,,,,,,,,,,,,,,,,,,,,,native_grid_planar_fractional,True,1,8.577040999966812,private-reference/4d7fda11d4b52c21/00273.json.gz,0,True,0,0,0,0,0,147,0.060204000021713,9b3de538e6269d30bc4fc33ff1fa2d1806352d652f4413ee5b2984b345d15f82,27830980,skarve_normalized_f64_v1,9.231975000034254,484592781329,,True,72.36820099996066,private-reference/aa3d1386ef630dce/00273.json.gz,db88bd9c8ad2a9d0df7bcebd9ff81f17a601f81d007a7dd6137adf136ee9c44a,1
274,analytical40-1025x1031-A-1-http0-native-cog,analytical40-1025x1031,A,http0,1,native-cog,cogband128,100.23022800004355,214.96652400003313,0.135166529,0.19236100000000533,84353024,2147483648,native,1,analytical40-1025x1031|A|http0,1.370022000003246,484855672071,22.929361000024073,124.78716700002224,null,True,26442685,analytical40-1025x1031|A|1,0.0015119999829948938,,,,,,,,,,,,,,,,,,,,,,,,,,,,,,,,,,,,,,,,,,,,,,,,,,,,,,,,,,,,,,,,,,,,,16777216,,0,1.326984,1,16,0,,0,shared_only_for_identical_data_and_mask_block_footprints_then_flushed_on_transition_or_window_exit,trusted_manifest,,http_original,,,,,,,,,,,,,,,,,,,,,,,,,,,,,,,,,,,,,,,,,,,,,,True,,680211,4194304,13,0,7604,19,73,689555,689555,0,73,4,680211,77,,,,,,,,,,,,,,,,,,,,,,,0,9437184,67108864,16,0,0,0,0,16,9448560,8388608,,590151,672559,66,2,68,628560,268435456,,32,14466,0,,67108864,256,16,16,,,2.2305010000000003,,,0.10856200000000002,0.227559,,,72.28723999999998,1.6099970000000001,0.125948,67.978021,,,0.513818,0.0,,76.386924,0.028043,,,,,,,,,,,,,,,,,,,,,,,,,,,,,,,,,,,,,,,,,,,,,,,,,,,,,,680211,77,native_grid_planar_fractional,True,1,76.7588749999959,private-reference/f0fae57215528bda/00274.json.gz,680211,True,73,4,680211,77,77,140,0.03400399998554349,acf0aa5bd7bc7b148855f79ff60ed369d76381ee8c619a1294380c8c784c473a,26442685,skarve_normalized_f64_v1,23.43273000002455,484755442163,,True,157.32516199994961,private-reference/92acf8d687750448/00274.json.gz,fc1e17269246b55aadc8a34f57fff523a959d58e20ad73f91aebf9351aafaa21,1
275,analytical40-1025x1031-B-0-local-natural-ee,analytical40-1025x1031,B,local,0,natural-ee,cogband128,68.99370899998303,248.0756960000008,0.178606241,0.2472569999999905,93851648,2147483648,upstream,1,analytical40-1025x1031|B|local,0.10225300002275617,485126471095,,70.67734299999984,null,True,26442685,analytical40-1025x1031|B|0,,,,,,,,,,,,,,,,,,,,,,,,,,,,,,,,,,,,,,,,,,,,,,,,,,,,,,,,,,,,,,,,,,,,,,,,,,,,,,,,,,,,,,,,,,,,,,,,,,,,,,,,,,,,,,,,,,,,,,,,,,,,,,,,,,,,,,,,,,,,,,,,,,,,,,,,,,,,,,,,,,,,,,,,,,,,,,,,,,,,,,,,,,,,,,,,,,,,,,,,,,,,,,,,,,,,,,,,,,,,,,,,,,,,,,,,,,,,,,,,,,,,,,,,,,,,,,,,,,,,,,,,,,raster-sequential,,,exactextract_fractional_v030,True,,54.40980299999865,private-reference/953aa2765bef8768/00275.json.gz,0,True,0,0,0,0,0,1057,0.072726999974293,4901649eb83759f8f7c97d6d684c17d6ba572c13652c73223c4a62980123535e,26442685,,14.508853999984694,485057477556,,True,178.72202000000925,private-reference/0577c8236a9a12b0/00275.json.gz,3a53bfd92a0943132f1debcc046f149fd2096c39b7d7d9e6484fa000d8314614,8
276,analytical40-1025x1031-D-2-local-natural-ee,analytical40-1025x1031,D,local,2,natural-ee,cogband128,1441.0382919999734,1665.8851459999937,1.558161965,1.6653359999999964,210554880,2147483648,upstream,40,analytical40-1025x1031|D|local,3.434966999975586,486787740171,,1446.0178169999836,null,True,26442685,analytical40-1025x1031|D|2,,,,,,,,,,,,,,,,,,,,,,,,,,,,,,,,,,,,,,,,,,,,,,,,,,,,,,,,,,,,,,,,,,,,,,,,,,,,,,,,,,,,,,,,,,,,,,,,,,,,,,,,,,,,,,,,,,,,,,,,,,,,,,,,,,,,,,,,,,,,,,,,,,,,,,,,,,,,,,,,,,,,,,,,,,,,,,,,,,,,,,,,,,,,,,,,,,,,,,,,,,,,,,,,,,,,,,,,,,,,,,,,,,,,,,,,,,,,,,,,,,,,,,,,,,,,,,,,,,,,,,,,,,raster-sequential,,,exactextract_fractional_v030,True,,1425.6555570000273,private-reference/ccc6948958fa940d/00276.json.gz,0,True,0,0,0,0,0,32096,0.6331639999643812,3e0fe05ebd8c7ac7448d6cf32ba8623aa93d61616c2069f0f8da25a20c500f5a,26442685,,14.744662999987668,485346701449,,True,1558.239785000012,private-reference/4c2fa5f67edb2182/00276.json.gz,58bd834db8e5da6cb7e19dc1a07093156f8817e0d02134e4243c98cab4f3b92c,8
277,real-age36-A-0-local-native-skv-raw,real-age36,A,local,0,native-skv-raw,skv,7.0663570000419895,126.75796899998204,0.06676195600000001,0.12622099999998682,56238080,2147483648,native,1,real-age36|A|local,0.4193639999812149,486994495931,20.562754999957633,28.31858799999054,null,True,28933939,real-age36|A|0,0.0004810000291399774,,,,,,,,,,,,,,,,,,,,,,,,,,,,,,,,,,,,,,,,,,,,,,,,,,,,,,,,,,,,,,,,,,,,,,False,,,,,,skv,,,,False,,16384,0,0,0,0,0.0,0.0,0,0,0,0,0,0,1.628086,16,74160,0,0.0,0.0,192,11584,894263,26,262144,0.099421,2359296,2359932,0,0,4,262144,0.000843,1.725667,0,7,74160,0.6712830000000001,65536,1310720,803719,0.470113,0,0,source_handle_lifetime,False,,,,,,,,,,,,,,,,,9742336,False,pinned_file_stat,local,,,,,,,,,,,,,,,,,,,0,2359296,67108864,4,0,0,0,0,4,2362012,2097152,,590119,0,0,0,0,255696,268435456,,16,14466,0,,67108864,256,4,4,,,0.436926,,,0.008435999999999999,0.23894,,,5.079614,1.725667,0.07139000000000001,3.080728,,,0.013604999999999999,0.0,,5.993753999999999,0.009697,,,,,,,,,,,,,,,,,,,,,,,,,,,,,,,,,,,,,,,,,,,,,,,,,,,,,raw,,,native_grid_planar_fractional,True,1,6.491561000018464,private-reference/943a79cdc90d27e5/00277.json.gz,0,True,0,0,0,0,0,147,0.08964300002389791,6940c6944641a1780ca8953cc3717b93b8d469d79cc0c9210e4197c0ed319f97,28933939,skarve_normalized_f64_v1,0.4791230000478208,486987429574,,True,66.80255399999169,private-reference/ddffe27cdb1650e9/00277.json.gz,532b92b136cc7bcc48b0131bc95bdfde5bd7fc8253486987f362a273985d8066,1
278,real-age36-A-2-http0-native-rsi256,real-age36,A,http0,2,native-rsi256,cogband128,53.73149700000113,186.40213100002256,0.10574253099999999,0.17343200000001957,75931648,2147483648,native,1,real-age36|A|http0,1.1761509999814734,487207686120,24.05284999997548,79.18228099998714,null,True,28028498,real-age36|A|2,3.147708000028615,,,,,,,,,,,,,,,,,,,,,,,,,0,0,0,0,2359296,4,,,,,,,,,,,,,,,,,,,,,,,True,,,,,,,,,,,,,,,,16777216,,0,1.491946,1,4,0,,0,shared_only_for_identical_data_and_mask_block_footprints_then_flushed_on_transition_or_window_exit,trusted_manifest,,http_original,,,,,,,,,,,,,,,,,,,,,,,,,,,,,,,,,,,,,,,,,,,,,,True,,785299,4194304,14,0,5551,21,25,788499,788499,0,25,5,785299,30,,,,,,,,,,,,,,,,,,,,,,,,,,,,,,,,,,,,,,,,,,,,,,,,,,,,,,,,,,0.0006810000000000001,0.483975,,,,,30.944571000000003,exclusive partition of this query call; source post-validation is in remaining execution; FFI envelope and transport subspans are not added to this partition,,,0.525356,31.954583000000003,,,"""091f046af989d2e07f67cd82ac0afe28fe916e179f13ee202d7d9eff93e6733d""",,http,65536,0,0,0,0,0,1,0,0,0,1,3,65536,4,,,,,,,0,,,,,,4,8963137,4,True,0,0,False,1,68896,1,False,1,231842,4,134217728,0,0,0,0,65536,,0,index256,785299,30,native_grid_planar_fractional,True,1,32.32419700003675,private-reference/eecae4b2847881e5/00278.json.gz,850835,True,26,8,850835,34,34,146,0.047686000016256,23ad059059d201f1ebaf83a27fbf945ec9e110f22eaa6ab13fd400ec1b6b2357,27889906,skarve_normalized_f64_v1,18.20506300003899,487153954643,,True,118.35936900001798,private-reference/ef9a80a4d59d3657/00278.json.gz,0bc6d84c283b408124b7a3b2cf5707edc20e8f75226a39dc078369049e48c0b1,1
279,real-age36-C-0-http0-native-skv-summary,real-age36,C,http0,0,native-skv-summary,skv,217.9210269999885,343.7452050000047,0.26297322700000003,0.3248920000000055,126935040,2147483648,native,36,real-age36|C|http0,2.5405669999827296,487591359802,24.735315999976137,245.50309799997194,null,True,28933939,real-age36|C|0,0.001311999994868529,,,,,,,,,,,,,,,,,,,,,,,,,,,,,,,,,,,,,,,,,,,,,,,,,,,,,,,,,,,,,,,,,,,,,,True,,,,,,skv,,,,False,,16384,4,5,3998950,14879047,36.436512,1.1285559999999997,4,4,8388608,432,12,0,41.035925999999975,432,98880,10,0.0,0.0,248832,11584,36820785,19,7077888,0.098139,63700992,63733140,0,0,12,7077888,0.022260000000000002,13.532795999999998,0,862,98880,12.545679000000003,65536,35389440,21826474,72.103557,144,0,source_handle_lifetime,False,,,21941738,4194304,8,7,14879047,8,10,3998950,3587401,0,11,2,21941738,13,9742336,False,strong_etag_conditional_ranges,http,21941738,4194304,8,7,14879047,8,10,3998950,3587401,0,11,2,21941738,13,,,,,,,67108864,,,,,,,63740916,56623104,,,,,,,,,,,,,,,128,12,,,,,0.059297,37.576361,,,,,,13.532795999999998,,118.392348,,,,0.0,,215.02671,,,,,,,,,,,,,,,,,,,,,,,,,,,2,5,679936,2,True,12,147071268,21,,,4,False,,,,,,160564,12,,,,,4,,8,4,summary,21941738,13,native_grid_planar_fractional,True,1,215.65605700004653,private-reference/d112350cf270724a/00279.json.gz,21941738,True,11,2,21941738,13,13,4175,0.10895900004470604,780a6c2345077f08330b1cda863d7d67a9083da4d58afbad480fce62deb92723,28933939,skarve_normalized_f64_v1,2.151132999983929,487373438885,,True,281.2348649999876,private-reference/fb8e6456738291bc/00279.json.gz,8f10f77f9b79cc9023fe3791518dd164356e3a5525e8cbd48d879130b358c8eb,1
280,analytical36-C-0-http0-native-skv-raw,analytical36,C,http0,0,native-skv-raw,skv,161.97696900002256,272.4050979999788,0.209437062,0.2658569999999827,145895424,2147483648,native,36,analytical36|C|http0,2.8822290000221074,487896103213,17.745513000022584,182.81043700000055,null,True,5770145,analytical36|C|0,0.000541000019893545,,,,,,,,,,,,,,,,,,,,,,,,,,,,,,,,,,,,,,,,,,,,,,,,,,,,,,,,,,,,,,,,,,,,,,False,,,,,,skv,,,,False,,16384,0,0,0,0,0.0,0.0,0,0,0,576,8,0,20.855620999999996,576,131840,14,0.0,0.0,248832,11584,5589531,11,9437184,0.08233,84934656,84947676,0,0,4,9437184,0.013715999999999999,59.992689999999996,0,574,131840,16.547827999999996,65536,47185920,5441307,21.444156,0,0,source_handle_lifetime,False,,,5589531,4194304,0,3,0,0,10,4154406,4152456,0,11,2,5589531,13,9742336,False,strong_etag_conditional_ranges,http,5589531,4194304,0,3,0,0,10,4154406,4152456,0,11,2,5589531,13,,,,,0,84934656,67108864,3,21237567,1,0,0,4,63712701,75497472,,21237055,5573147,10,2,12,258240,268435456,,8,377416,0,,67108864,256,4,4,,,16.901851,,,2.48747,0.105332,,,140.991919,59.992689999999996,0.065749,73.241848,,,0.4996,0.0,,159.658433,0.012603,,,,,,,,,,,,,,,,,,,,,,,,,,,,,,,,,,,,,,,,,,,,,,,,,,,,,raw,5589531,13,native_grid_planar_fractional,True,1,160.11950099999694,private-reference/33499bd144f3e3e8/00280.json.gz,5589531,True,11,2,5589531,13,13,4000,0.11768500002062865,d899d2044a51304c17e4b8f724741943ca7c4792a86bf0124c26ca94bd8d8315,5770145,skarve_normalized_f64_v1,1.736166000000594,487734126354,,True,215.62060000002248,private-reference/2189e170d5c7e89a/00280.json.gz,dec9b9861c69e143290f1bfb40cef48de8cd084fb279ecf137a38e79b511bb24,1
281,analytical36-C-1-local-native-rsi64,analytical36,C,local,1,native-rsi64,cogband128,301.25422600002594,416.50810800001636,0.35268589300000003,0.4157130000000109,110792704,2147483648,native,36,analytical36|C|local,0.7061050000061186,488347503143,19.280528000024333,321.44128400000227,null,True,6454230,analytical36|C|1,0,,,87056,36,56,0.003627,65536,0.48686700000000005,0,37158912,67108864,0,0,0,0.35165799999999997,37289672,33030144,0.024433,380224,1,1,37d284feb16c3c9ef3d2a0f4e3b26fb551d41c6c981f84e461d6409597f5b68a,64,0.002776,,,,,,,257.4268589999999,0.025386,,,,,,,0,0,0,0,0,0,0,282.900697,6.110844,0,0.008433000000000001,2,0.0012920000000000002,201884964,,2016,3054924,222.867645,2.967438000000001,2,22.741188,0.10807800000000001,56160,0,0,0,0,0,0,0,,,,,,,,,,,,,,,,,,,,,,,,,,,,,,,,,,,,,,,,,,,,,,,,,,,,,,,,,,,,,,,,,,,,,,,,,,,,,,,,,,,,,,,,,,,,,0.004418,2,0,0,,,,,,,,,,,,,,,,,,,,,,,,,,,,,72,72,,,,,,,,,,,,,,,,,,,0,,,,,,,,,,,,,,,,,,,0.684565,0,0.0,0,56,,,,,,,,,,,,,,,,,,,,,,,,,,,,,index64,0,0,native_grid_planar_fractional,True,2,284.0067689999728,private-reference/ecb68e7cfc0c6ba1/00281.json.gz,0,True,0,0,0,0,0,4010,0.12620899997273227,b377ff7f69c2e6aff33c3a6c22dcb9c59ccc16b052e6610bb89b8b3f1b16adba,6142678,skarve_normalized_f64_v1,17.116568000005827,488046248245,,True,353.02789400003576,private-reference/760e746f60d9f29f/00281.json.gz,3ddb54bbce73e2b693dfdb3191a23153237baed43a7c47966d1c98b165b79edb,1
282,real-age36-D-1-local-native-skv-summary,real-age36,D,local,1,native-skv-summary,skv,263.64079399996854,400.709556000038,0.317174111,0.39982599999999024,125825024,2147483648,native,36,real-age36|D|local,0.2889259999960814,488765732700,20.003031999976884,284.2338599999721,null,True,28933939,real-age36|D|1,0.000982000017302198,,,1497376,288,16,0.001302,32768,1.4981659999999999,0,84934656,67108864,4,0,0,0.33654100000000003,63740916,75497472,0.008464000000000001,658864,0,8,f9c804f4bbe2085423ae54bcdc6b2b8b95cb5ec97d5c6a5a659d9c958d71075c,16,0.001252,,,,,,,157.68002,0.039652,,,,,,,0,0,0,0,0,0,0,260.263375,17.799325999999997,0,0.02614799999999999,8,0.000321,330710652,,16,14540544,133.032091,6.051984,1,100.08330600000001,0.273287,138276,0,0,0,0,0,0,0,,,,,,,,,,,,,,,,,,,,,,,,,,,,,,,,,,,,,,,,,,,,,,,,,,,,,,,,,,,,,,,,,,,,,,,,,,,,,,,,,,,,,,,,,,,,,0.005129000000000001,1,0,8,,,,,,,,,,,,,,,,,,,,,,,,,,,,,4,8,,,,,,,,,,,,,,,,,,,0,,,,,,,,,,,,,,,,,,,0.068424,0,0.0,0,16,,,,,,,,,,,,,,,,,,,,,,,,,,,,,summary,0,0,native_grid_planar_fractional,True,1,262.5288089999458,private-reference/8bdc4c5f1a29c2f6/00282.json.gz,0,True,0,0,0,0,0,32464,0.566891999994823,5d245bafefa7e2c75db0534640a9a4216d266276c251480c4f58b76cec0d89af,28933939,skarve_normalized_f64_v1,0.5364769999687269,488502092518,,True,317.5335970000219,private-reference/454e654d24c9c687/00282.json.gz,52be57b1a53fd3d41d4959899f4a2c453573604646b789c4b80cf9f7d4ee9820,8
283,worldpop1-B-0-local-native-skv-raw,worldpop1,B,local,0,native-skv-raw,skv,37.578629999984514,154.46929699999146,0.09442282600000002,0.1537710000000061,66740224,2147483648,native,1,worldpop1|B|local,0.1277339999887772,488979494684,20.639147999986562,58.553862999985995,null,True,22778369,worldpop1|B|0,0.00043000000005122274,,,45576,8,81,0.001183,32768,3.3897589999999997,0,11943936,67108864,0,0,0,0.126221,11998935,10616832,0.005732,2002288,0,8,e7d0e5383425d7088b1559a961fb2c4f4a6dfcfdb2d8164f0bcb85491c397714,81,0.001142,,,,,,,22.147525999999996,0.03845,,128,19648,False,128,128,0,0,0,0,0,0,0,36.635661,2.8595640000000015,0,0.004025999999999999,8,0.00032,330621980,,81,2001118,16.97661400000001,1.6507110000000005,1,10.837527000000003,0.037106,19549,0,0,0,0,0,0,0,,,,,,,,,,,,,,,,,,,,,,,,,,,,,,,,,,,,,,,,,,,,,,,,,,,,,,,,,,,,,,,,,,,,,,,,,,,,,,,,,,,,,,,,,,,,,0.0052499999999999995,1,0,0,,,,,,,,,,,,,,,,,,,,,,,,,,,,,0,0,,,,,,,,,,,,,,,,,,,0,,,,,,,,,,,,,,,,,,,0.025938,0,0.007784,0,81,,,,,,,,,,,,,,,,,,,,,,,,,,,,,raw,0,0,native_grid_planar_fractional,True,1,37.19580399996403,private-reference/9707c1629e39a126/00283.json.gz,0,True,0,0,0,0,0,1258,0.049679000028390874,4a6cd2a5f470531511575f9777b40a41556bbc3b42879e046e29fc5ae511a873,22778369,skarve_normalized_f64_v1,0.3300799999692572,488941916424,,True,94.6471869999641,private-reference/87aa276996fcdecb/00283.json.gz,57961f7d6c1e61044411e19069b56e8bf24591876a885da72e65cc0827deeb25,8
284,analytical40-1025x1031-D-1-http0-native-skv-raw,analytical40-1025x1031,D,http0,1,native-skv-raw,skv,1085.5681820000314,1203.7115129999734,1.1007868699999999,1.167192,133795840,2147483648,native,40,analytical40-1025x1031|D|http0,0.6981789999827015,490204775338,19.114585000011175,1105.5798620000132,null,True,24731327,analytical40-1025x1031|D|1,0.0010320000001229346,,,1663296,320,67,0.001954,32768,3.5495330000000003,0,378455040,67108864,53,0,0,2.1701940000000013,65907890,336404480,0.035238999999999986,1799632,0,8,10b73ba3c4f77670ec8a26cf62bfd6c31fe3b17dcf8b0b163b7a9af5a8d178cd,67,0.001152,,,,,,,473.2718949999999,0.03018,,128,16960,False,128,128,0,0,0,24340349,74,2,76,1079.713575,74.25779000000001,0,0.026882999999999997,8,0.00043099999999999996,332034300,,67,80881680,372.70701300000013,23.658074,1,599.942369,0.724371,670520,0,0,0,0,0,0,0,,,,,,,,,,,,,,,,,,,,,,,,,,,,,,,,,,,,,,,,,,,,,,,,,,,,,,,,,,,,,,,,,,,,,,,,,,,,,,,,,,,,,,,,,,,,,0.009519,1,0,0,,,,,,,,,,,,,,,,,,,,,,,,,,,,,0,0,,,,,,,,,,,,,,,,,,,0,,,,,,,,,,,,,,,,,,,1.079264,0,0.021904,0,67,,,,,,,,,,,,,,,,,,,,,,,,,,,,,raw,24340349,76,native_grid_planar_fractional,True,1,1082.7938929999732,private-reference/02bb1a56097234e3/00284.json.gz,24356733,True,75,2,24356733,77,77,32804,0.6417760000090311,365f94acb67595ceff5b6f6e9b8b49e3e1f3374adb31b96e3eab040965552af1,24731327,skarve_normalized_f64_v1,2.124567000009847,489119206394,,True,1136.9821369999613,private-reference/7cd9ffa4071fb6cd/00284.json.gz,5db400e1f5ba24d870f330275490902db506e3abf97b01f145871c3f5158c51a,8
285,analytical36-C-2-http0-native-skv-raw,analytical36,C,http0,2,native-skv-raw,skv,166.1867079999979,286.14974999999276,0.221642727,0.2805970000000002,145899520,2147483648,native,36,analytical36|C|http0,3.537267000012889,490532570594,22.662653999987015,192.5891210000259,null,True,5770145,analytical36|C|2,0.0006409999855350179,,,,,,,,,,,,,,,,,,,,,,,,,,,,,,,,,,,,,,,,,,,,,,,,,,,,,,,,,,,,,,,,,,,,,,False,,,,,,skv,,,,False,,16384,0,0,0,0,0.0,0.0,0,0,0,576,8,0,21.662365,576,131840,14,0.0,0.0,248832,11584,5589531,11,9437184,0.070501,84934656,84947676,0,0,4,9437184,0.012374,62.374355,0,574,131840,17.097298999999996,65536,47185920,5441307,21.722203,0,0,source_handle_lifetime,False,,,5589531,4194304,0,3,0,0,10,4154406,4152456,0,11,2,5589531,13,9742336,False,strong_etag_conditional_ranges,http,5589531,4194304,0,3,0,0,10,4154406,4152456,0,11,2,5589531,13,,,,,0,84934656,67108864,3,21237567,1,0,0,4,63712701,75497472,,21237055,5573147,10,2,12,261408,268435456,,8,377416,0,,67108864,256,4,4,,,17.375693,,,2.3187130000000002,0.14558,,,144.46370299999998,62.374355,0.104348,74.448539,,,0.45289100000000004,0.0,,163.687304,0.015600999999999999,,,,,,,,,,,,,,,,,,,,,,,,,,,,,,,,,,,,,,,,,,,,,,,,,,,,,raw,5589531,13,native_grid_planar_fractional,True,1,164.27539400001478,private-reference/02a89058aaf584a5/00285.json.gz,5589531,True,11,2,5589531,13,13,4006,0.1228449999643999,8fbff0b61c68af05158cd4dfde5b7131f1151eedff44ed4c69d74f02fa43b918,5770145,skarve_normalized_f64_v1,1.7836090000287186,490366383866,,True,226.69747999998435,private-reference/3864d564ec2b0fe1/00285.json.gz,ca6b608ee31f76a9cb5c9e012bc55976b8a83f8e83b6517f4c7069771d6cd4cd,1
286,analytical40-1025x1031-A-1-local-native-cog,analytical40-1025x1031,A,local,1,native-cog,cogband128,45.50930900001049,158.58488400004944,0.100518275,0.15773999999998978,82259968,2147483648,native,1,analytical40-1025x1031|A|local,1.366568999969786,490731495040,20.914092999987588,67.99116100000901,null,True,26442685,analytical40-1025x1031|A|1,0.001612999994904385,,,,,,,,,,,,,,,,,,,,,,,,,,,,,,,,,,,,,,,,,,,,,,,,,,,,,,,,,,,,,,,,,,,,,16777216,,0,0.049439,1,16,0,,0,shared_only_for_identical_data_and_mask_block_footprints_then_flushed_on_transition_or_window_exit,trusted_manifest,,local_original,,,,,,,,,,,,,,,,,,,,,,,,,,,,,,,,,,,,,,,,,,,,,,False,,,,,,,,,,,,,,,,,,,,,,,,,,,,,,,,,,,,,,0,9437184,67108864,16,0,0,0,0,16,9448560,8388608,,590151,0,0,0,0,628560,268435456,,32,14466,0,,67108864,256,16,16,,,2.100248,,,0.049335,0.14821499999999999,,,26.472205999999996,1.46754,0.162694,22.545513999999997,,,0.014107999999999999,0.0,,29.113422,0.037385,,,,,,,,,,,,,,,,,,,,,,,,,,,,,,,,,,,,,,,,,,,,,,,,,,,,,,,,native_grid_planar_fractional,True,1,29.452346000027774,private-reference/fc0c071536de225d/00286.json.gz,0,True,0,0,0,0,0,140,0.06408799998780523,acf0aa5bd7bc7b148855f79ff60ed369d76381ee8c619a1294380c8c784c473a,26442685,skarve_normalized_f64_v1,15.985200999978133,490685984509,,True,100.89519500002098,private-reference/402cb074ea57480d/00286.json.gz,5ffe68606ded8cea1ed781a5d6ac71a5585006df975dae57366e646a2dfaefe6,1
287,worldpop1-B-1-local-native-skv-raw,worldpop1,B,local,1,native-skv-raw,skv,43.53138299995862,154.27660500000684,0.09368395299999999,0.1483790000000056,66609152,2147483648,native,1,worldpop1|B|local,0.12475900001618356,490919850871,22.585773999992398,66.4448979999861,null,True,22778369,worldpop1|B|1,0.0004910000370728085,,,45576,8,81,0.0011719999999999999,32768,3.174212,0,11943936,67108864,0,0,0,0.13855099999999998,11998935,10616832,0.005641000000000001,1988464,0,8,01b3f1289f4fcd2c7c71f983a2978189e2af30bdbd9b8234b21645775f8c1d83,81,0.001043,,,,,,,23.989025999999992,0.058115999999999994,,128,19648,False,128,128,0,0,0,0,0,0,0,42.569089,2.7537119999999993,0,0.004170999999999999,8,0.00033099999999999997,330608192,,81,2005684,18.848550000000003,1.7498209999999996,1,15.173517,0.041411,19246,0,0,0,0,0,0,0,,,,,,,,,,,,,,,,,,,,,,,,,,,,,,,,,,,,,,,,,,,,,,,,,,,,,,,,,,,,,,,,,,,,,,,,,,,,,,,,,,,,,,,,,,,,,0.005992000000000001,1,0,0,,,,,,,,,,,,,,,,,,,,,,,,,,,,,0,0,,,,,,,,,,,,,,,,,,,0,,,,,,,,,,,,,,,,,,,0.026412,0,0.005801,0,81,,,,,,,,,,,,,,,,,,,,,,,,,,,,,raw,0,0,native_grid_planar_fractional,True,1,43.16711800004214,private-reference/83be374520d922ca/00287.json.gz,0,True,0,0,0,0,0,1252,0.051832999986345385,79dbde3afe02fa0d6e9c2b3d91f1fb6242b60b501526a087660dbfa96451303f,22778369,skarve_normalized_f64_v1,0.3094359999522567,490876319598,,True,98.8366029999952,private-reference/0f30547780091ecf/00287.json.gz,e71bd1ac93587cd188fb2b899a7e8178a4c3f8a8c3bbfcd94c6a8d80891b77b8,8
288,real-age36-D-2-local-native-tiff,real-age36,D,local,2,native-tiff,band256,761.4278649999733,882.1024520000265,0.818832375,0.8812090000000126,144777216,2147483648,native,36,real-age36|D|local,6.757496999966861,491818844935,19.162195999967935,787.5493379999625,null,True,27830980,real-age36|D|2,0.0017339999658361194,,,1497376,288,32,0.0024040000000000003,32768,1.202891,0,84934656,67108864,7,0,0,0.4678859999999999,66111319,75497472,0.018676999999999996,664432,0,8,141b322b011ae0b08bb16788da619152254bb789b26cad4c288d379965e27b86,16,0.0013620000000000001,,,,,,,626.387374,0.047424,,,,,,,0,0,0,0,0,0,0,749.567724,19.023201000000007,0,0.025215999999999992,8,0.00037,337751140,,1152,17014824,541.2097100000001,10.136574000000001,1,120.77660499999999,0.584342,157572,0,0,0,0,0,0,0,,,,,,,,,,,,,,,,,,,,,,,,,,,,,,,,,,,,,,,,,,,,,,,,,,,,,,,,,,,,,,,,,,,,,,,,,,,,,,,,,,,,,,,,,,,,,0.001483,1,0,0,,,,,,,,,,,,,,,,,,,,,,,,,,,,,0,0,,,,,,,,,,,,,,,,,,,0,,,,,,,,,,,,,,,,,,,0.09554299999999999,0,0.0,0,32,,,,,,,,,,,,,,,,,,,,,,,,,,,,,,0,0,native_grid_planar_fractional,True,1,752.2130210000455,private-reference/1eea0ae0d37e5e2e/00288.json.gz,0,True,0,0,0,0,0,32702,0.5252029999951446,5e6f375cc92abcd9cc8d8fd07e5887c228b07307989a3ae1a94fa98ceb17f110,27830980,skarve_normalized_f64_v1,8.683989999951791,491057417250,,True,819.2794710000157,private-reference/a6e96a3feec729b4/00288.json.gz,b5a199f5fb987a3f3f3de45b03e4ebcdfb99d4513939d29dee963627409e95fd,8
289,analytical40-1025x1031-B-1-http0-native-skv-raw,analytical40-1025x1031,B,http0,1,native-skv-raw,skv,93.19708700002138,207.44425499998442,0.12729779,0.18568299999998317,67268608,2147483648,native,1,analytical40-1025x1031|B|http0,0.3171409999822572,492079478649,22.114534999957414,115.93680699996867,null,True,24731327,analytical40-1025x1031|B|1,0.0011220000146749953,,,45576,8,67,0.001442,32768,3.765759,0,9461376,67108864,0,0,0,0.21426000000000014,9507941,8410112,0.013833000000000007,1799632,0,8,10b73ba3c4f77670ec8a26cf62bfd6c31fe3b17dcf8b0b163b7a9af5a8d178cd,67,0.001132,,,,,,,67.40959399999998,0.028502,,128,16960,False,128,128,0,0,0,1070505,74,2,76,90.139387,1.9368260000000002,0,0.004248999999999999,8,0.000341,330416152,,67,2022042,64.55176799999998,0.6018290000000003,1,17.617424,0.046994,16763,0,0,0,0,0,0,0,,,,,,,,,,,,,,,,,,,,,,,,,,,,,,,,,,,,,,,,,,,,,,,,,,,,,,,,,,,,,,,,,,,,,,,,,,,,,,,,,,,,,,,,,,,,,0.010088999999999999,1,0,0,,,,,,,,,,,,,,,,,,,,,,,,,,,,,0,0,,,,,,,,,,,,,,,,,,,0,,,,,,,,,,,,,,,,,,,1.005914,0,0.007203,0,67,,,,,,,,,,,,,,,,,,,,,,,,,,,,,raw,1070505,76,native_grid_planar_fractional,True,1,90.70949199997358,private-reference/cfe206e630c10f3b/00289.json.gz,1086889,True,75,2,1086889,77,77,1041,0.043739999966874166,4f9ba65d57db05a80f1576d13c050ab16b2115cabb8d62b799eea489189b8501,24731327,skarve_normalized_f64_v1,2.440098000022317,491986282495,,True,148.68181000002778,private-reference/6c661a4eab5c15bb/00289.json.gz,dc907892d3347dd3c86a9a971871f827a79d4d260c0e7715fe234a8a34e07f0d,8
290,analytical36-A-2-http0-native-cog,analytical36,A,http0,2,native-cog,cogband128,44.013333000009425,161.6647129999933,0.09083303799999999,0.1527059999999949,76455936,2147483648,native,1,analytical36|A|http0,0.8807939999542214,492275075476,23.218557999996392,68.31435399999464,null,True,6142678,analytical36|A|2,0.002194000046529254,,,,,,,,,,,,,,,,,,,,,,,,,,,,,,,,,,,,,,,,,,,,,,,,,,,,,,,,,,,,,,,,,,,,,16777216,,0,1.216028,1,4,0,,0,shared_only_for_identical_data_and_mask_block_footprints_then_flushed_on_transition_or_window_exit,trusted_manifest,,http_original,,,,,,,,,,,,,,,,,,,,,,,,,,,,,,,,,,,,,,,,,,,,,,True,,176552,4194304,13,0,6912,19,25,179752,179752,0,25,4,176552,29,,,,,,,,,,,,,,,,,,,,,,,0,2359296,67108864,4,0,0,0,0,4,2362140,2097152,,590151,169544,18,2,20,261408,268435456,,8,14466,0,,67108864,256,4,4,,,0.511597,,,0.019164,0.074417,,,16.782694,0.585433,0.030647,15.732422,,,0.7064140000000001,0.0,,19.14619,0.02223,,,,,,,,,,,,,,,,,,,,,,,,,,,,,,,,,,,,,,,,,,,,,,,,,,,,,,176552,29,native_grid_planar_fractional,True,1,19.679607999989912,private-reference/b7947bd9854d62d8/00290.json.gz,176552,True,25,4,176552,29,29,141,0.09541500003251713,74bd9cb0f1e396b15bb77e6772dbe47601b4bc5fe3cd426185623312b8b04943,6142678,skarve_normalized_f64_v1,24.22829200003207,492231061613,,True,99.43424499999765,private-reference/a6fd90134bf4b86e/00290.json.gz,9939ca59fb32b3f3d9abfdd3765f652403d37f887e20c1c47db2c5cfd00145b6,1
291,analytical36-D-2-local-native-tiff,analytical36,D,local,2,native-tiff,ordinary,688.5378949999676,814.9810400000206,0.745619152,0.8142690000000243,146604032,2147483648,native,36,analytical36|D|local,1.055312000005415,493115416249,22.73488099996257,712.5264320000042,null,True,4464831,analytical36|D|2,0.0015730000200164795,,,1497376,288,36,0.0034460000000000003,32768,1.082243,0,85515264,67108864,7,0,0,0.4987540000000001,66708435,76013568,0.022756000000000002,666976,0,8,ffe7a97fa2f07ec5058551e0ed95c80f9c8135d7786b6a5147d2967b095224d8,18,0.001102,,,,,,,538.5543820000001,0.048469,,,,,,,0,0,0,0,0,0,0,668.948223,15.335145000000002,0,0.025716999999999997,8,0.000501,337753828,,1296,17286804,472.4554599999999,12.211325000000002,1,128.42395900000002,0.328042,158328,0,0,0,0,0,0,0,,,,,,,,,,,,,,,,,,,,,,,,,,,,,,,,,,,,,,,,,,,,,,,,,,,,,,,,,,,,,,,,,,,,,,,,,,,,,,,,,,,,,,,,,,,,,0.002334,1,0,0,,,,,,,,,,,,,,,,,,,,,,,,,,,,,0,0,,,,,,,,,,,,,,,,,,,0,,,,,,,,,,,,,,,,,,,0.10804799999999999,0,0.0,0,36,,,,,,,,,,,,,,,,,,,,,,,,,,,,,,0,0,native_grid_planar_fractional,True,1,671.514094000031,private-reference/c6cc2b803629afc6/00291.json.gz,0,True,0,0,0,0,0,29879,0.5002159999776268,4c8f72b841b57deaf9bf2c4afcce533e3b74f4c7b7277eaf902887de2273b3e8,4464831,skarve_normalized_f64_v1,16.517273999966164,492426878525,,True,745.9339260000206,private-reference/4749ad938b8005a9/00291.json.gz,f6a7498336c6d7c0b1ee35357c7d4a247030d59a9e837d43f845e93af05a8a2b,8
292,real-age36-A-2-local-native-cog,real-age36,A,local,2,native-cog,cogband128,16.04572100001178,121.31608300001062,0.067701543,0.12047699999999395,72019968,2147483648,native,1,real-age36|A|local,0.47392800001944124,493281315090,19.483636000018123,36.21561400001383,null,True,27889906,real-age36|A|2,0.0018540000041866733,,,,,,,,,,,,,,,,,,,,,,,,,,,,,,,,,,,,,,,,,,,,,,,,,,,,,,,,,,,,,,,,,,,,,16777216,,0,0.053167,1,4,0,,0,shared_only_for_identical_data_and_mask_block_footprints_then_flushed_on_transition_or_window_exit,trusted_manifest,,local_original,,,,,,,,,,,,,,,,,,,,,,,,,,,,,,,,,,,,,,,,,,,,,,False,,,,,,,,,,,,,,,,,,,,,,,,,,,,,,,,,,,,,,0,2359296,67108864,4,0,0,0,0,4,2362076,2097152,,590135,0,0,0,0,258864,268435456,,8,14466,0,,67108864,256,4,4,,,0.451818,,,0.012914,0.098741,,,6.976875,0.473337,0.042738000000000005,5.895997000000001,,,0.014116,0.0,,7.7520050000000005,0.039842999999999996,,,,,,,,,,,,,,,,,,,,,,,,,,,,,,,,,,,,,,,,,,,,,,,,,,,,,,,,native_grid_planar_fractional,True,1,8.089061999953628,private-reference/41869c344ad08cf9/00292.json.gz,0,True,0,0,0,0,0,146,0.06271500001275854,23ad059059d201f1ebaf83a27fbf945ec9e110f22eaa6ab13fd400ec1b6b2357,27889906,skarve_normalized_f64_v1,7.885458000032486,493265268628,,True,68.0991990000166,private-reference/464d6204d8f7cb80/00292.json.gz,9e7e801ee674d39d4ae8d78600388f2c99f45f0cbaba071f8801037e7b42f51d,1
293,analytical40-1025x1031-A-2-http0-native-tiff,analytical40-1025x1031,A,http0,2,native-tiff,band256,70.3768269999614,182.22759899998664,0.11380433100000001,0.17164399999998636,84217856,2147483648,native,1,analytical40-1025x1031|A|http0,1.6476269999543547,493490573362,19.613693999986026,91.84850299999425,null,True,21771767,analytical40-1025x1031|A|2,0.0015329999882851553,,,,,,,,,,,,,,,,,,,,,,,,,,,,,,,,,,,,,,,,,,,,,,,,,,,,,,,,,,,,,,,,,,,,,16777216,,0,1.139086,1,16,0,,0,shared_only_for_identical_data_and_mask_block_footprints_then_flushed_on_transition_or_window_exit,trusted_manifest,,http_original,,,,,,,,,,,,,,,,,,,,,,,,,,,,,,,,,,,,,,,,,,,,,,True,,548294,4194304,9,0,7446,17,27,551750,551750,0,27,4,548294,31,,,,,,,,,,,,,,,,,,,,,,,0,9437184,67108864,16,0,0,0,0,16,9448560,8388608,,590151,540484,18,2,20,630624,268435456,,32,14466,0,,67108864,256,16,16,,,2.21611,,,0.09587900000000003,0.19090900000000002,,,44.09664299999999,1.626729,0.176954,40.154211999999994,,,0.501233,0.0,,48.116505,0.031056000000000004,,,,,,,,,,,,,,,,,,,,,,,,,,,,,,,,,,,,,,,,,,,,,,,,,,,,,,548294,31,native_grid_planar_fractional,True,1,48.47058399997195,private-reference/61f6a5a514d71a81/00293.json.gz,548294,True,27,4,548294,31,31,140,0.05618299996967835,0804bf71bee4a10cb67390656e5058e365f08886d4b412c8d3417e8204a98c13,21771767,skarve_normalized_f64_v1,21.842676999995092,493420196003,,True,123.956666999959,private-reference/02721b27714f76c2/00293.json.gz,f6147ef8c6c35362f3548f80f15ef47fb0f8c6c1d83cd9f5a5383caccd0e9fb4,1
294,analytical36-D-0-local-native-tiff,analytical36,D,local,0,native-tiff,ordinary,680.7215910000082,800.6642870000178,0.734195665,0.7998640000000137,146432000,2147483648,native,36,analytical36|D|local,2.895210000019688,494317636754,19.718148000038127,703.5642879999955,null,True,4464831,analytical36|D|0,0.0017030000094564457,,,1497376,288,36,0.002565,32768,1.061544,0,85515264,67108864,7,0,0,0.504433,66708435,76013568,0.023184,658576,0,8,c26f6ae2c19d5b33bd167e37cf1eb964c233070551772bea959dc7a7bb02b16b,18,0.001182,,,,,,,534.2236320000001,0.045572999999999995,,,,,,,0,0,0,0,0,0,0,662.686778,15.525671999999998,0,0.025326999999999992,8,0.00039999999999999996,337745456,,1296,17068284,466.27691000000004,10.434200999999998,1,126.34207099999999,0.360789,156924,0,0,0,0,0,0,0,,,,,,,,,,,,,,,,,,,,,,,,,,,,,,,,,,,,,,,,,,,,,,,,,,,,,,,,,,,,,,,,,,,,,,,,,,,,,,,,,,,,,,,,,,,,,0.001954,1,0,0,,,,,,,,,,,,,,,,,,,,,,,,,,,,,0,0,,,,,,,,,,,,,,,,,,,0,,,,,,,,,,,,,,,,,,,0.063667,0,0.0,0,36,,,,,,,,,,,,,,,,,,,,,,,,,,,,,,0,0,native_grid_planar_fractional,True,1,665.2185129999566,private-reference/6e279fb7fd4ee55b/00294.json.gz,0,True,0,0,0,0,0,28762,0.5352300000254218,a9e2337fccaa006ca4a489ba411cad2a8b91d47a0e971c214c4c67110e4e4f97,4464831,skarve_normalized_f64_v1,14.959673000021212,493636914733,,True,734.6241410000403,private-reference/e0fa8af3a8223af5/00294.json.gz,baaf332b094ed82b7a1856fe2f234f32e1819b118827a9412998d743b4a4f433,8
295,real-age36-A-0-http0-natural-ee,real-age36,A,http0,0,natural-ee,cogband128,27.45585999997502,210.1503019999882,0.13786195699999998,0.20832599999999957,88199168,2147483648,upstream,1,real-age36|A|http0,0.09339099995031575,494566753079,,29.036393000012595,null,True,27889906,real-age36|A|0,,,,,,,,,,,,,,,,,,,,,,,,,,,,,,,,,,,,,,,,,,,,,,,,,,,,,,,,,,,,,,,,,,,,,,,,,,,,,,,,,,,,,,,,,,,,,,,,,,,,,,,,,,,,,,,,,,,,,,,,,,,,,,,,,,,,,,,,,,,,,,,,,,,,,,,,,,,,,,,,,,,,,,,,,,,,,,,,,,,,,,,,,,,,,,,,,,,,,,,,,,,,,,,,,,,,,,,,,,,,,,,,,,,,,,,,,,,,,,,,,,,,,,,,,,,,,,,,,,,,,,,,,,feature-sequential,,,exactextract_fractional_v030,True,,17.10795799999687,private-reference/079adc49088c4544/00295.json.gz,819200,True,2,1,819200,3,3,147,0.05318699999179444,88be374eea12a8209c0ad47ca3c07231e9113e58c36ff4e27b983f78a8b31e73,27889906,,10.291328999983307,494539297280,,True,139.30779399998983,private-reference/f62df00c6fe6156f/00295.json.gz,4ef0478ee053d2555b72e391cb0a966ae54bf8d9b4c1cd86820825c866e06a1e,1
296,analytical40-1025x1031-C-2-local-native-skv-summary,analytical40-1025x1031,C,local,2,native-skv-summary,skv,304.6939949999796,429.3057190000127,0.36448565099999997,0.4285030000000063,125841408,2147483648,native,40,analytical40-1025x1031|C|local,1.6865389999907165,495043462509,22.999491999996735,329.58391999994774,null,True,24731327,analytical40-1025x1031|C|2,0.0007009999762885855,,,,,,,,,,,,,,,,,,,,,,,,,,,,,,,,,,,,,,,,,,,,,,,,,,,,,,,,,,,,,,,,,,,,,,False,,,,,,skv,,,,False,,16384,0,0,0,0,0.0,0.0,0,0,0,1120,28,0,40.095077999999994,1120,354320,0,0.0,0.0,4608000,11584,10773236,72,18350080,0.105583,165150720,165251716,0,0,28,18350080,0.081117,31.694557999999994,0,2037,354320,32.395132999999994,65536,91750400,10402532,5.913355999999998,960,0,source_handle_lifetime,False,,,,,,,,,,,,,,,,,9742336,False,pinned_file_stat,local,,,,,,,,,,,,,,,,,,,,,67108864,,,,,,,64927445,146800640,,,,,,,,,,,,,,,128,28,,,,,0.0,0.0,,,,,,31.694557999999994,,130.92647000000002,,,,0.0,,303.371164,,,,,,,,,,,,,,,,,,,,,,,,,,,2,0,0,0,False,28,147092008,73,,,36,False,,,,,,405176,28,,,,,24,,48,36,summary,,,native_grid_planar_fractional,True,1,304.0851300000327,private-reference/e2738bcb0e950b98/00296.json.gz,0,True,0,0,0,0,0,4392,0.14323199997079428,ac14431e595cf0df4b69f51d7c381c2086f1ac292aa6ad1c1b6b84ce03955fd4,24731327,skarve_normalized_f64_v1,0.4589699999542063,494738767683,,True,364.8364219999962,private-reference/3a4c25ae1eea566f/00296.json.gz,8e9b711ca0343f0acbc5d95c4c7bc13fe25802381cf7d843eab428751a425119,1
297,analytical40-1025x1031-D-0-local-native-skv-summary,analytical40-1025x1031,D,local,0,native-skv-summary,skv,630.6099220000192,761.6574040000046,0.689238346,0.760563999999988,127148032,2147483648,native,40,analytical40-1025x1031|D|local,0.3119399999604866,495832388265,22.564823000038814,653.6817330000417,null,True,24731327,analytical40-1025x1031|D|0,0.00042100003838640987,,,1663296,320,51,0.002294,32768,3.3234719999999998,0,284083200,67108864,37,0,0,1.779343,65907890,252518400,0.025642000000000005,1796464,0,8,306c40a2d8671545e1d51db4612ee3740a1a31d9dfa6f66422309f0cd8743037,67,0.0008619999999999999,,,,,,,290.93558799999994,0.043459,,,,,,,0,0,0,0,0,0,0,626.705077,53.276137999999996,0,0.028102999999999993,8,0.00042100000000000004,332014236,,51,42713000,216.01069500000003,18.580494000000005,1,328.11896299999995,0.728812,372960,0,0,0,0,0,0,0,,,,,,,,,,,,,,,,,,,,,,,,,,,,,,,,,,,,,,,,,,,,,,,,,,,,,,,,,,,,,,,,,,,,,,,,,,,,,,,,,,,,,,,,,,,,,0.004889,1,0,74,,,,,,,,,,,,,,,,,,,,,,,,,,,,,58,74,,,,,,,,,,,,,,,,,,,0,,,,,,,,,,,,,,,,,,,0.045493,0,0.0,0,51,,,,,,,,,,,,,,,,,,,,,,,,,,,,,summary,0,0,native_grid_planar_fractional,True,1,629.5134049999547,private-reference/74bc07cc530d23dd/00297.json.gz,0,True,0,0,0,0,0,32796,0.669945000026928,a7389146e4f56e6ee457a9ed39c6f9e8a5faf8be467c066635197793e46d52a4,24731327,skarve_normalized_f64_v1,0.4216610000185028,495201778643,,True,689.7918169999571,private-reference/b6aa9585f0db1311/00297.json.gz,b7b73d6a9a708b60858d3920aa65c0bf8905105b2bf02ce1fbf5e737813f6e9b,8
298,analytical40-1025x1031-C-0-http0-native-tiff,analytical40-1025x1031,C,http0,0,native-tiff,band256,1519.0264739999861,1640.3224790000195,1.336385453,1.4037349999999833,154677248,2147483648,native,40,analytical40-1025x1031|C|http0,1.352163000035489,497514595866,20.685925999998744,1541.257566000013,null,True,21771767,analytical40-1025x1031|C|0,0.001081999982943671,,,,,,,,,,,,,,,,,,,,,,,,,,,,,,,,,,,,,,,,,,,,,,,,,,,,,,,,,,,,,,,,,,,,,16777216,,0,1.38537,1,48,0,,0,shared_only_for_identical_data_and_mask_block_footprints_then_flushed_on_transition_or_window_exit,trusted_manifest,,http_original,,,,,,,,,,,,,,,,,,,,,,,,,,,,,,,,,,,,,,,,,,,,,,True,,21378030,4194304,10,527,7684,18,653,4194254,4168759,0,653,4,21378030,657,,,,,,,,,,,,,,,,,,,,,,,0,377487360,67108864,8,316221208,40,0,0,48,61356472,335544320,,9438831,21370220,644,2,646,626880,268435456,,1280,418896,0,,67108864,256,48,16,,,83.34674199999998,,,8.82472900000001,0.16026300000000002,,,1408.9995319999996,63.412875000000014,0.121573,1269.975236,,,0.45029,0.0,,1494.5278150000001,0.020788,,,,,,,,,,,,,,,,,,,,,,,,,,,,,,,,,,,,,,,,,,,,,,,,,,,,,,21378030,657,native_grid_planar_fractional,True,1,1495.7509350000464,private-reference/07fdb5de632eeb2b/00298.json.gz,21378030,True,653,4,21378030,657,657,4423,0.12196300002642602,96e4df19c2690d62cddac1e7d828f44054cd2c0dff19c8c2f63690a5c5df9d0e,21771767,skarve_normalized_f64_v1,23.148446999982752,495995569452,,True,1572.2841589999916,private-reference/37ef95e72e49de51/00298.json.gz,a885f0bac8727383503f2636118009c655e3b7a315b0571ec549d8a88d6273bd,1
299,analytical40-1025x1031-B-0-http0-native-rsi256,analytical40-1025x1031,B,http0,0,native-rsi256,cogband128,118.33857699997452,228.78435399996988,0.14779262199999998,0.20409700000001862,85008384,2147483648,native,1,analytical40-1025x1031|B|http0,1.5362130000085017,497797438895,18.77467899998919,138.84518300000082,null,True,26638653,analytical40-1025x1031|B|0,0,,,45576,8,18,0.009679,32768,2.163913,0,9469440,67108864,0,0,0,0.10666300000000002,9482238,8417280,0.007967,1250704,0,8,ef6b09bc67fd03a2bdf45c1df0a3bc4c119631f3320f22b881ed2a41b7eda9d6,18,0.002605,,,,,,,72.99484600000001,0.045667,,,,,,,0,0,0,675274,70,2,72,95.08649700000001,1.5842640000000001,0,0.012132999999999996,8,0.001212,202667960,,36,1755953,68.90888100000001,0.528799,1,12.651317999999998,0.131982,7874,0,0,0,0,0,0,0,,,,,,,,,,,,,,,,,,,,,,,,,,,,,,,,,,,,,,,,,,,,,,,,,,,,,,,,,,,,,,,,,,,,,,,,,,,,,,,,,,,,,,,,,,,,,0.006162,1,0,0,,,,,,,,,,,,,,,,,,,,,,,,,,,,,4,4,,,,,,,,,,,,,,,,,,,0,,,,,,,,,,,,,,,,,,,3.1607570000000003,0,0.0,0,18,,,,,,,,,,,,,,,,,,,,,,,,,,,,,index256,675274,72,native_grid_planar_fractional,True,1,96.30260400001589,private-reference/a2fe35c2426041bb/00299.json.gz,751790,True,82,5,751790,87,87,1045,0.06001399998467605,e385de722110847164317a15def49987a963ed2c14cbed05e1ad8a49c4ea6240,26442685,skarve_normalized_f64_v1,21.969836999971903,497679100188,,True,172.12814200001958,private-reference/2b22ac1155973604/00299.json.gz,47fbe1feef504476053a9c0e7292613c9ac9bb3e86479622e0cc4c736aef3dd2,8
300,analytical36-A-0-http0-natural-ee,analytical36,A,http0,0,natural-ee,cogband128,32.79365000003054,220.4038030000106,0.143600411,0.21807300000000396,90214400,2147483648,upstream,1,analytical36|A|http0,0.08817899998803114,498039552117,,34.63524599999346,null,True,6142678,analytical36|A|0,,,,,,,,,,,,,,,,,,,,,,,,,,,,,,,,,,,,,,,,,,,,,,,,,,,,,,,,,,,,,,,,,,,,,,,,,,,,,,,,,,,,,,,,,,,,,,,,,,,,,,,,,,,,,,,,,,,,,,,,,,,,,,,,,,,,,,,,,,,,,,,,,,,,,,,,,,,,,,,,,,,,,,,,,,,,,,,,,,,,,,,,,,,,,,,,,,,,,,,,,,,,,,,,,,,,,,,,,,,,,,,,,,,,,,,,,,,,,,,,,,,,,,,,,,,,,,,,,,,,,,,,,,feature-sequential,,,exactextract_fractional_v030,True,,16.645794999988084,private-reference/b1517204f88a9e5b/00300.json.gz,360448,True,4,1,360448,5,5,141,0.04913399999395551,5407bbaafe217088a0ad904e61daf00d0b777c57d5ece884ecc9a294a3fec0ee,6142678,,16.096096000012494,498006759089,,True,145.5907939999861,private-reference/51fbedeed30167dc/00300.json.gz,a6fba4519af45b3396104f6a8969100780c619bccc210784762b3a3f769b3cbb,1
301,real-age36-D-0-local-native-skv-summary,real-age36,D,local,0,native-skv-summary,skv,270.51680800002487,386.65868800001135,0.32199049500000004,0.3856519999999932,125698048,2147483648,native,36,real-age36|D|local,0.40117600002531617,498473404310,20.17413199996554,291.29769899998337,null,True,28933939,real-age36|D|0,0.0004309999894758221,,,1497376,288,16,0.002064,32768,1.2194989999999999,0,84934656,67108864,4,0,0,0.32157499999999994,63740916,75497472,0.009016999999999999,656416,0,8,91cbd51efde644c68ee88a85ab00825c523ddea07c3f9b7d5eef8af49e1ceb58,16,0.0013620000000000001,,,,,,,159.99182000000002,0.040057,,,,,,,0,0,0,0,0,0,0,267.08948399999997,17.569117,0,0.025126999999999997,8,0.00047,330708188,,16,14428908,133.54404700000003,8.044599999999999,1,104.36019000000002,0.630495,137736,0,0,0,0,0,0,0,,,,,,,,,,,,,,,,,,,,,,,,,,,,,,,,,,,,,,,,,,,,,,,,,,,,,,,,,,,,,,,,,,,,,,,,,,,,,,,,,,,,,,,,,,,,,0.005501000000000001,1,0,8,,,,,,,,,,,,,,,,,,,,,,,,,,,,,4,8,,,,,,,,,,,,,,,,,,,0,,,,,,,,,,,,,,,,,,,0.07964199999999999,0,0.0,0,16,,,,,,,,,,,,,,,,,,,,,,,,,,,,,summary,0,0,native_grid_planar_fractional,True,1,269.4654609999816,private-reference/8610358142acc221/00301.json.gz,0,True,0,0,0,0,0,32474,0.5798180000056163,81a155a3efe7badd5a4091ef7d3ea40f66e3dbbe3034ddd6189be08afcdfdce8,28933939,skarve_normalized_f64_v1,0.4652979999946183,498202886911,,True,322.55961299995306,private-reference/c13b53c4441be58a/00301.json.gz,6c7db1e412dc63e6afab5df6fcdadf6557f213f3a29a035a6dce54d17f431223,8
302,worldpop1-B-2-local-native-cog,worldpop1,B,local,2,native-cog,cogband128,55.95043599998917,165.63496999998506,0.108318892,0.16470200000000546,82472960,2147483648,native,1,worldpop1|B|local,1.2853449999852273,498679815499,18.569447999993827,76.11412900001824,null,True,18648801,worldpop1|B|2,0.0009519999935037049,,,45576,8,81,0.002465,32768,3.4270250000000004,0,11943936,67108864,0,0,0,0.14813,12000231,10616832,0.007003000000000001,1992496,0,8,d9f73d3fd12438f673af7cffe620b04c9dcbca5f171483f6d96f1c84649c69c7,81,0.001012,,,,,,,33.53946399999999,0.037051,,128,19648,False,128,128,0,0,0,0,0,0,0,47.899263,2.5548249999999992,0,0.005911,8,0.000471,337647092,,162,2003838,25.45049800000001,1.6152550000000006,1,10.694449,0.055436,19250,0,0,0,0,0,0,0,,,,,,,,,,,,,,,,,,,,,,,,,,,,,,,,,,,,,,,,,,,,,,,,,,,,,,,,,,,,,,,,,,,,,,,,,,,,,,,,,,,,,,,,,,,,,0.001232,1,0,0,,,,,,,,,,,,,,,,,,,,,,,,,,,,,0,0,,,,,,,,,,,,,,,,,,,0,,,,,,,,,,,,,,,,,,,0.032952999999999996,0,0.006392,0,81,,,,,,,,,,,,,,,,,,,,,,,,,,,,,,0,0,native_grid_planar_fractional,True,1,48.61088199999131,private-reference/1ef9551320dd756b/00302.json.gz,0,True,0,0,0,0,0,1240,0.06420199997592135,ae861dc4801af35ca6376dd8cf332a700265b4f0daf25e4721ef113acc83f37f,18648801,skarve_normalized_f64_v1,7.269659999963096,498623864382,,True,108.73494699995945,private-reference/e397895b77ec2bcf/00302.json.gz,4cc166daf77c86cd32ade449ce3edfba594aee2580712b8f88e970e0726e0ad2,8
303,analytical36-C-2-http0-natural-ee,analytical36,C,http0,2,natural-ee,cogband128,260.7114350000188,464.40138599996317,0.373088934,0.45675399999998945,175378432,2147483648,upstream,36,analytical36|C|http0,0.23286399999733476,499149901098,,262.5172830000224,null,True,6142678,analytical36|C|2,,,,,,,,,,,,,,,,,,,,,,,,,,,,,,,,,,,,,,,,,,,,,,,,,,,,,,,,,,,,,,,,,,,,,,,,,,,,,,,,,,,,,,,,,,,,,,,,,,,,,,,,,,,,,,,,,,,,,,,,,,,,,,,,,,,,,,,,,,,,,,,,,,,,,,,,,,,,,,,,,,,,,,,,,,,,,,,,,,,,,,,,,,,,,,,,,,,,,,,,,,,,,,,,,,,,,,,,,,,,,,,,,,,,,,,,,,,,,,,,,,,,,,,,,,,,,,,,,,,,,,,,,,feature-sequential,,,exactextract_fractional_v030,True,,243.9921669999876,private-reference/0a1e5c7e918e61bd/00303.json.gz,6142678,True,8,1,6142678,9,9,3975,0.1225240000053418,6ad488e72ef54b0aad65af826309af29c1845f757feebfeb826f37c87febae44,6142678,,16.59426999998459,498889189742,,True,378.79258499998514,private-reference/bf6ba5db37452cc8/00303.json.gz,77d7c07907685b3657b04e9a04425629b8da233e510a9bb77ece82ae85225095,1
304,real-age36-D-0-local-native-rsi256,real-age36,D,local,0,native-rsi256,cogband128,417.7530230000457,538.1473589999928,0.47989924500000003,0.5373730000000023,150540288,2147483648,native,36,real-age36|D|local,7.928063999997903,499745735937,20.15818299997818,446.055312999988,null,True,28028498,real-age36|D|0,0,,,667776,288,8,0.004148,65536,0.849031,0,84934656,67108864,2,0,0,2.939685,61353690,75497472,0.0061909999999999995,506848,8,8,c859d602742ba024432d30760df34387827163bb060e9c2d286f0b370e4e4c49,4,0.004148,,,,,,,279.915566,0.037121,,,,,,,0,0,0,0,0,0,0,403.831279,18.765901000000003,0,0.03159999999999999,16,0.000822,202746748,,288,16788204,237.746192,9.392297,2,121.47298000000002,0.6650200000000001,83160,0,0,0,0,0,0,0,,,,,,,,,,,,,,,,,,,,,,,,,,,,,,,,,,,,,,,,,,,,,,,,,,,,,,,,,,,,,,,,,,,,,,,,,,,,,,,,,,,,,,,,,,,,,0.0066630000000000005,2,0,0,,,,,,,,,,,,,,,,,,,,,,,,,,,,,0,0,,,,,,,,,,,,,,,,,,,0,,,,,,,,,,,,,,,,,,,0.59179,0,0.0,0,8,,,,,,,,,,,,,,,,,,,,,,,,,,,,,index256,0,0,native_grid_planar_fractional,True,2,407.28233699996963,private-reference/85aae8dc54e23c8d/00304.json.gz,0,True,0,0,0,0,0,32474,0.6996559999947749,81a155a3efe7badd5a4091ef7d3ea40f66e3dbbe3034ddd6189be08afcdfdce8,27889906,skarve_normalized_f64_v1,9.76440800002365,499327982382,,True,479.9693050000542,private-reference/ea4a502ef0bcac1d/00304.json.gz,237a49c299030b9220788f0d2e3304e700009ada2e8c9272db7c0b73fdf278a3,8
305,worldpop1-A-1-local-native-rsi256,worldpop1,A,local,1,native-rsi256,cogband128,40.333551000003354,150.44201699998894,0.094280313,0.14969400000001087,72097792,2147483648,native,1,worldpop1|A|local,0.29852999995227947,499943951598,21.010379999950146,61.85633899997356,null,True,18817225,worldpop1|A|1,0.24425600003041836,,,,,,,,,,,,,,,,,,,,,,,,,432,6,0,0,9437184,16,,,,,,,,,,,,,,,,,,,,,,,True,,,,,,,,,,,,,,,,16777216,,0,0.049694999999999996,1,16,0,,0,shared_only_for_identical_data_and_mask_block_footprints_then_flushed_on_transition_or_window_exit,trusted_manifest,,local_original,,,,,,,,,,,,,,,,,,,,,,,,,,,,,,,,,,,,,,,,,,,,,,False,,,,,,,,,,,,,,,,,,,,,,,,,,,,,,,,,,,,,,,,,,,,,,,,,,,,,,,,,,,,,,,,,,,,,,,,,0.00016,0.005371,,,,,31.243630999999997,exclusive partition of this query call; source post-validation is in remaining execution; FFI envelope and transport subspans are not added to this partition,,,0.012404,31.261566,,,,2096:708387:168424:1789305418:815425694:1789305418:815425694,local,,,,,,,,,,,,,,,,,,,,,0,,,,,,16,4703297,63,True,0,9,False,7,168424,1,False,0,390276,16,134217728,0,0,0,6,0,,9,index256,,,native_grid_planar_fractional,True,1,31.640338999977757,private-reference/b0f234e7fb6c4af7/00305.json.gz,0,True,0,0,0,0,0,160,0.08361999999806358,bfb4cbec95ce9af2e5355642ae1e36dee8e8afba00ebe3df1a5c7789d9b91c7f,18648801,skarve_normalized_f64_v1,8.356138999999985,499903616924,,True,94.62875699995266,private-reference/e7af7f81a53d0eac/00305.json.gz,c52f2a5f05be1b4cee63d90b92454c5d7c7a42b6002aa1c83b300188d3238432,1
306,analytical36-B-2-http0-native-skv-raw,analytical36,B,http0,2,native-skv-raw,skv,29.575252000029195,139.88041099997872,0.076158815,0.13164299999999685,58613760,2147483648,native,1,analytical36|B|http0,0.26703999998289873,500112907256,20.895619000043553,51.01235400002224,null,True,5770145,analytical36|B|2,0.0018640000121195044,,,45576,8,18,0.001483,32768,1.245952,0,2375424,67108864,0,0,0,0.06593300000000002,2387934,2111488,0.0036570000000000005,666976,0,8,ffe7a97fa2f07ec5058551e0ed95c80f9c8135d7786b6a5147d2967b095224d8,18,0.000891,,,,,,,19.145266,0.05212,,128,7552,False,128,128,0,0,0,284706,20,2,22,25.959526,0.5203639999999999,0,0.005921999999999998,8,0.00043099999999999996,329274320,,18,480189,18.376618000000004,0.15561800000000003,1,4.262225999999999,0.056557,4398,0,0,0,0,0,0,0,,,,,,,,,,,,,,,,,,,,,,,,,,,,,,,,,,,,,,,,,,,,,,,,,,,,,,,,,,,,,,,,,,,,,,,,,,,,,,,,,,,,,,,,,,,,,0.009728,1,0,0,,,,,,,,,,,,,,,,,,,,,,,,,,,,,0,0,,,,,,,,,,,,,,,,,,,0,,,,,,,,,,,,,,,,,,,1.0853700000000002,0,0.003426,0,18,,,,,,,,,,,,,,,,,,,,,,,,,,,,,raw,284706,22,native_grid_planar_fractional,True,1,26.600488999974914,private-reference/1c12666291f25395/00306.json.gz,301090,True,21,2,301090,23,23,1060,0.0667070000304193,d465def57fae7479bd4c661eef066e439ba015c938a58cc0d5ff214af3707011,5770145,skarve_normalized_f64_v1,2.902826000024561,500083332055,,True,84.03401999999005,private-reference/5b27af02f7ad4be4/00306.json.gz,0586178cdc914fef5caeff9be36f2d60443f155055ac2170ac456740ebf0232b,8
307,analytical40-1025x1031-A-1-local-native-rsi256,analytical40-1025x1031,A,local,1,native-rsi256,cogband128,40.15401000003749,153.8580459999821,0.093851459,0.15305100000000493,75374592,2147483648,native,1,analytical40-1025x1031|A|local,0.3314890000183368,500301638344,18.867302999979074,59.55683700000236,null,True,26638653,analytical40-1025x1031|A|1,0.33701900002824914,,,,,,,,,,,,,,,,,,,,,,,,,3328,4,0,0,7077888,12,,,,,,,,,,,,,,,,,,,,,,,True,,,,,,,,,,,,,,,,16777216,,0,0.07309500000000001,1,12,0,,0,shared_only_for_identical_data_and_mask_block_footprints_then_flushed_on_transition_or_window_exit,trusted_manifest,,local_original,,,,,,,,,,,,,,,,,,,,,,,,,,,,,,,,,,,,,,,,,,,,,,False,,,,,,,,,,,,,,,,,,,,,,,,,,,,,,,,,,,,,,,,,,,,,,,,,,,,,,,,,,,,,,,,,,,,,,,,,0.00015,0.009467,,,,,22.810966999999998,exclusive partition of this query call; source post-validation is in remaining execution; FFI envelope and transport subspans are not added to this partition,,,0.018564,22.839148,,,,2096:712249:97984:1789300670:777362394:1789300670:777362394,local,,,,,,,,,,,,,,,,,,,,,0,,,,,,12,4703297,25,True,0,4,False,4,97984,1,False,0,725883,12,134217728,0,0,0,4,0,,4,index256,,,native_grid_planar_fractional,True,1,23.20117400000754,private-reference/2a9209b2e19a3abc/00307.json.gz,0,True,0,0,0,0,0,140,0.06151299999146431,acf0aa5bd7bc7b148855f79ff60ed369d76381ee8c619a1294380c8c784c473a,26442685,skarve_normalized_f64_v1,16.546681000022545,500261483603,,True,94.22073499996486,private-reference/fa3a84a9d36bae51/00307.json.gz,ecb46f22d3cb776e22871e7410f6af2a610bce04cfb4cec4891e767c3a4acfb8,1
308,analytical40-1025x1031-B-0-local-native-cog,analytical40-1025x1031,B,local,0,native-cog,cogband128,59.08485899999505,169.8292609999612,0.11013721400000001,0.16877599999997983,82345984,2147483648,native,1,analytical40-1025x1031|B|local,0.23950000002059824,500500842503,20.374721999985468,79.95703499994988,null,True,26442685,analytical40-1025x1031|B|0,0.0007909999908406462,,,45576,8,67,0.001573,32768,2.659775,0,9461376,67108864,0,0,0,0.13059000000000004,9509013,8410112,0.006125000000000002,1796464,0,8,306c40a2d8671545e1d51db4612ee3740a1a31d9dfa6f66422309f0cd8743037,67,0.000972,,,,,,,24.60965000000001,0.036157,,128,16960,False,128,128,0,0,0,0,0,0,0,42.606954,1.5090979999999998,0,0.004238,8,0.000321,337447928,,134,2018097,20.252492000000004,0.5391590000000002,1,15.068724,0.03760000000000001,16748,0,0,0,0,0,0,0,,,,,,,,,,,,,,,,,,,,,,,,,,,,,,,,,,,,,,,,,,,,,,,,,,,,,,,,,,,,,,,,,,,,,,,,,,,,,,,,,,,,,,,,,,,,,0.001193,1,0,0,,,,,,,,,,,,,,,,,,,,,,,,,,,,,0,0,,,,,,,,,,,,,,,,,,,0,,,,,,,,,,,,,,,,,,,0.057455,0,0.008014,0,67,,,,,,,,,,,,,,,,,,,,,,,,,,,,,,0,0,native_grid_planar_fractional,True,1,43.23019899999281,private-reference/b03c163d4f018c4c/00308.json.gz,0,True,0,0,0,0,0,1045,0.04379000000653832,e385de722110847164317a15def49987a963ed2c14cbed05e1ad8a49c4ea6240,26442685,skarve_normalized_f64_v1,15.807133000009799,500441757533,,True,110.68783799998982,private-reference/837601ccf0289d6f/00308.json.gz,dccd772bfad42df37d6c951a1b3cd618ffd62ef467c3c9e254f771a8953c39d7,8
309,real-age36-C-1-http0-natural-ee,real-age36,C,http0,1,natural-ee,cog128,278.2678179999607,468.29241900002216,0.37966808100000005,0.4501539999999977,187895808,2147483648,upstream,36,real-age36|C|http0,0.5392300000153227,500984728865,,281.3247519999891,null,True,21326870,real-age36|C|1,,,,,,,,,,,,,,,,,,,,,,,,,,,,,,,,,,,,,,,,,,,,,,,,,,,,,,,,,,,,,,,,,,,,,,,,,,,,,,,,,,,,,,,,,,,,,,,,,,,,,,,,,,,,,,,,,,,,,,,,,,,,,,,,,,,,,,,,,,,,,,,,,,,,,,,,,,,,,,,,,,,,,,,,,,,,,,,,,,,,,,,,,,,,,,,,,,,,,,,,,,,,,,,,,,,,,,,,,,,,,,,,,,,,,,,,,,,,,,,,,,,,,,,,,,,,,,,,,,,,,,,,,,feature-sequential,,,exactextract_fractional_v030,True,,267.8199290000407,private-reference/31bd4887b6b0ca3b/00309.json.gz,21326870,True,4,1,21326870,5,5,4215,0.18320700002050216,772a1a7b0ef115a38296ab8ca05b946f5d158a25bbcf7dd78b1aabcbc0bd8a68,21326870,,10.260023999990153,500706460637,,True,394.40728400001035,private-reference/ed4e606372541b98/00309.json.gz,eb558d3123a82234071ce46423fbccd65aaeb1cdbe1568202b2067643e2ed269,1
310,analytical40-1025x1031-C-2-http0-native-cog,analytical40-1025x1031,C,http0,2,native-cog,cog128,1951.19633500002,2066.2173860000053,1.9652318770000001,2.0258350000000007,168013824,2147483648,native,40,analytical40-1025x1031|C|http0,1.8721569999797794,503097845037,18.331711999962863,1971.5960139999993,null,True,42018905,analytical40-1025x1031|C|2,0.0009819999604587792,,,,,,,,,,,,,,,,,,,,,,,,,,,,,,,,,,,,,,,,,,,,,,,,,,,,,,,,,,,,,,,,,,,,,16777216,,0,1.1457570000000001,40,64,0,,0,shared_only_for_identical_data_and_mask_block_footprints_then_flushed_on_transition_or_window_exit,trusted_manifest,,http_original,,,,,,,,,,,,,,,,,,,,,,,,,,,,,,,,,,,,,,,,,,,,,,True,,41524206,4194304,13,37,124546667,115,40,4061511,4061511,0,40,4,41524206,44,,,,,,,,,,,,,,,,,,,,,,,0,377487360,67108864,11,313277827,53,0,0,64,64308029,335544320,,6489271,41516554,33,2,35,630624,268435456,,1280,418896,0,,67108864,256,64,16,,,81.51201300000001,,,1.8425810000000007,0.145267,,,1845.9565380000001,61.453352000000024,0.120781,1673.0604130000004,,,0.452581,0.0,,1929.873099,0.020336999999999997,,,,,,,,,,,,,,,,,,,,,,,,,,,,,,,,,,,,,,,,,,,,,,,,,,,,,,41524206,44,native_grid_planar_fractional,True,1,1930.5873200000292,private-reference/4beb2d1c78ee1eda/00310.json.gz,41524206,True,40,4,41524206,44,44,4392,0.1471700000479359,ac14431e595cf0df4b69f51d7c381c2086f1ac292aa6ad1c1b6b84ce03955fd4,42018905,skarve_normalized_f64_v1,20.454671000038616,501146648662,,True,2002.3449089999872,private-reference/16faf9eef19a3316/00310.json.gz,8817cbc2f6439572cbdbf0b6c591c85e5cd756752cd7c7b7dec4fc48859b3150,1
311,analytical36-C-1-http0-native-rsi64,analytical36,C,http0,1,native-rsi64,cogband128,654.3244339999887,775.8044980000136,0.570765295,0.6348140000000058,117370880,2147483648,native,36,analytical36|C|http0,0.9487510000099064,503919684479,20.929303999992044,676.4122339999972,null,True,6454230,analytical36|C|1,0,,,87056,36,56,0.0021339999999999996,65536,0.578592,0,37158912,67108864,0,0,0,0.4824429999999996,37289672,33030144,0.027086,380224,1,1,37d284feb16c3c9ef3d2a0f4e3b26fb551d41c6c981f84e461d6409597f5b68a,64,0.007434,,,,,,,553.8793209999999,0.023703,,,,,,,0,0,0,4458695,437,4,441,624.1147020000001,6.455678,0,0.007685000000000001,2,0.000751,201884228,,2016,3054924,528.459312,2.966917,2,24.180211,0.10453100000000001,56160,0,0,0,0,0,0,0,,,,,,,,,,,,,,,,,,,,,,,,,,,,,,,,,,,,,,,,,,,,,,,,,,,,,,,,,,,,,,,,,,,,,,,,,,,,,,,,,,,,,,,,,,,,,0.010619,2,0,0,,,,,,,,,,,,,,,,,,,,,,,,,,,,,72,72,,,,,,,,,,,,,,,,,,,578,,,,,,,,,,,,,,,,,,,7.187187,0,0.0,0,56,,,,,,,,,,,,,,,,,,,,,,,,,,,,,index64,4458695,441,native_grid_planar_fractional,True,2,625.0474539999686,private-reference/f876c4c8bcebf15e/00311.json.gz,4657927,True,525,10,4657927,535,535,4010,0.09715800001686148,b377ff7f69c2e6aff33c3a6c22dcb9c59ccc16b052e6610bb89b8b3f1b16adba,6142678,skarve_normalized_f64_v1,29.174621999970896,503265360004,,True,711.4267300000279,private-reference/68235bbb4b18b511/00311.json.gz,2f380c7ab4befe4fb566f6b8d5b408863b03d31844f573472e9156a92b0a7122,1
312,analytical36-B-0-http0-native-skv-summary,analytical36,B,http0,0,native-skv-summary,skv,26.265337999973326,139.8608910000121,0.07560899400000001,0.1332360000000108,58220544,2147483648,native,1,analytical36|B|http0,0.2807449999977507,504105711846,20.834000000036212,47.68254800001159,null,True,5770145,analytical36|B|0,0.0008310000225719705,,,45576,8,18,0.001182,32768,1.245254,0,2375424,67108864,0,0,0,0.065872,2387934,2111488,0.0024660000000000003,658576,0,8,c26f6ae2c19d5b33bd167e37cf1eb964c233070551772bea959dc7a7bb02b16b,18,0.0009220000000000001,,,,,,,17.004878,0.03313,,,,,,,0,0,0,284706,20,2,22,23.117312000000002,0.47041399999999994,0,0.0042699999999999995,8,0.000341,329258396,,18,408583,16.294551000000002,0.14327299999999998,1,3.5673799999999996,0.051582,3847,0,0,0,0,0,0,0,,,,,,,,,,,,,,,,,,,,,,,,,,,,,,,,,,,,,,,,,,,,,,,,,,,,,,,,,,,,,,,,,,,,,,,,,,,,,,,,,,,,,,,,,,,,,0.010128,1,0,4,,,,,,,,,,,,,,,,,,,,,,,,,,,,,4,4,,,,,,,,,,,,,,,,,,,0,,,,,,,,,,,,,,,,,,,1.1205220000000002,0,0.0,0,18,,,,,,,,,,,,,,,,,,,,,,,,,,,,,summary,284706,22,native_grid_planar_fractional,True,1,23.63406000000623,private-reference/6fc5a3f0f2d8655a/00312.json.gz,301090,True,21,2,301090,23,23,1018,0.06132300001127078,ca14ceabda820a34951c21e56b493ed8c56bd09015c599a5760be04ef843460e,5770145,skarve_normalized_f64_v1,2.5651969999671564,504079448350,,True,81.91495199997689,private-reference/ff8f6c63bedd1f12/00312.json.gz,7557b58c5ba7fdd082ffab5c3301c1b6effdc219ead3b1e2be0bb6d390ab33f6,8
313,real-age36-D-2-local-native-cog,real-age36,D,local,2,native-cog,cogband128,387.5324169999885,505.13768600001185,0.44043937699999997,0.5043220000000019,140189696,2147483648,native,36,real-age36|D|local,1.5638799999919684,504638400915,20.450316999983897,409.74331500001426,null,True,27889906,real-age36|D|2,0.0020240000253579638,,,1497376,288,32,0.003236,32768,1.235586,0,84934656,67108864,7,0,0,0.411496,66111319,75497472,0.022670000000000003,664432,0,8,141b322b011ae0b08bb16788da619152254bb789b26cad4c288d379965e27b86,16,0.001463,,,,,,,250.29149399999994,0.045714000000000005,,,,,,,0,0,0,0,0,0,0,375.221805,19.206183,0,0.026699999999999995,8,0.000551,337751140,,1152,17014824,172.27003699999997,6.494108000000001,1,122.43696599999998,0.64293,157572,0,0,0,0,0,0,0,,,,,,,,,,,,,,,,,,,,,,,,,,,,,,,,,,,,,,,,,,,,,,,,,,,,,,,,,,,,,,,,,,,,,,,,,,,,,,,,,,,,,,,,,,,,,0.0017829999999999999,1,0,0,,,,,,,,,,,,,,,,,,,,,,,,,,,,,0,0,,,,,,,,,,,,,,,,,,,0,,,,,,,,,,,,,,,,,,,0.08694,0,0.0,0,32,,,,,,,,,,,,,,,,,,,,,,,,,,,,,,0,0,native_grid_planar_fractional,True,1,378.16912400001,private-reference/ffcc761d707d4bd2/00313.json.gz,0,True,0,0,0,0,0,32702,0.5624420000458485,5e6f375cc92abcd9cc8d8fd07e5887c228b07307989a3ae1a94fa98ceb17f110,27889906,skarve_normalized_f64_v1,8.794480000005933,504250868568,,True,440.7796380000377,private-reference/71b16244951a65bb/00313.json.gz,e376b9593818746b5a19d314f333085c5d512ca0a0b4cf4371af2841061305af,8
314,analytical36-C-2-http0-native-rsi256,analytical36,C,http0,2,native-rsi256,cogband128,680.9610280000129,806.1726850000355,0.5864760609999999,0.648368999999974,160063488,2147483648,native,36,analytical36|C|http0,7.441717000006065,505477583679,21.490282000002026,710.1496079999947,null,True,6294806,analytical36|C|2,0,,,87056,36,8,0.00495,65536,0.29458,0,84934656,67108864,2,0,0,2.9870029999999996,61355354,75497472,0.0059099999999999995,149920,1,1,af1632ebb9ad148fa4a054c8846cc35f5dafc8db88c28e566fd3ebd7bc1c76ef,4,0.0046289999999999994,,,,,,,580.194117,0.060060999999999996,,,,,,,0,0,0,5945372,581,4,585,652.3921310000001,14.600273999999999,0,0.008897,2,0.0009519999999999999,201653924,,288,8485344,550.03969,7.335594,2,63.946853,0.17925599999999997,34992,0,0,0,0,0,0,0,,,,,,,,,,,,,,,,,,,,,,,,,,,,,,,,,,,,,,,,,,,,,,,,,,,,,,,,,,,,,,,,,,,,,,,,,,,,,,,,,,,,,,,,,,,,,0.010179,2,0,0,,,,,,,,,,,,,,,,,,,,,,,,,,,,,0,0,,,,,,,,,,,,,,,,,,,2,,,,,,,,,,,,,,,,,,,6.901368,0,0.0,0,8,,,,,,,,,,,,,,,,,,,,,,,,,,,,,index256,5945372,585,native_grid_planar_fractional,True,2,653.5993260000055,private-reference/b24e53c2cef4c375/00314.json.gz,6090460,True,597,10,6090460,607,607,4006,0.1161239999873942,8fbff0b61c68af05158cd4dfde5b7131f1151eedff44ed4c69d74f02fa43b918,6142678,skarve_normalized_f64_v1,27.238683999996738,504796622150,,True,743.4766990000412,private-reference/8ce61af811427b4b/00314.json.gz,585f987797db92702f7479287d73837effafbb2918511973882ada112adf2074,1
315,real-age36-B-1-local-native-skv-summary,real-age36,B,local,1,native-skv-summary,skv,10.792627999990145,114.24136700003373,0.059350233,0.11346400000002177,56782848,2147483648,native,1,real-age36|B|local,0.10939099996676305,505654122223,17.393096000034802,28.492115000005924,null,True,28933939,real-age36|B|1,0.0004009999656773289,,,45576,8,16,0.0011719999999999999,32768,1.1827429999999999,0,2359296,67108864,0,0,0,0.021892999999999992,2370160,2097152,0.0011819999999999999,658864,0,8,f9c804f4bbe2085423ae54bcdc6b2b8b95cb5ec97d5c6a5a659d9c958d71075c,16,0.001223,,,,,,,5.2878229999999995,0.035318,,,,,,,0,0,0,0,0,0,0,9.849217000000001,0.467963,0,0.004045999999999999,8,0.00033099999999999997,329258472,,16,403904,4.4918890000000005,0.223944,1,3.07628,0.034398,3841,0,0,0,0,0,0,0,,,,,,,,,,,,,,,,,,,,,,,,,,,,,,,,,,,,,,,,,,,,,,,,,,,,,,,,,,,,,,,,,,,,,,,,,,,,,,,,,,,,,,,,,,,,,0.049776,1,0,4,,,,,,,,,,,,,,,,,,,,,,,,,,,,,4,4,,,,,,,,,,,,,,,,,,,0,,,,,,,,,,,,,,,,,,,0.084803,0,0.0,0,16,,,,,,,,,,,,,,,,,,,,,,,,,,,,,summary,0,0,native_grid_planar_fractional,True,1,10.331719000021167,private-reference/602b203f69c9efed/00315.json.gz,0,True,0,0,0,0,0,1124,0.04488700000138124,a3ba031d3788621800950943579f5eab46d6bdbeb6ec71f27b742a767f11bc3f,28933939,skarve_normalized_f64_v1,0.4128969999896981,505643329725,,True,59.672397999975146,private-reference/aca5eeddc0a60d2c/00315.json.gz,b8bf3f73e7f7d6b22b783e902f1a3e6087dbb4451c51d4437d6b4d4f169ac3de,8
316,analytical40-1025x1031-A-2-local-native-rsi64,analytical40-1025x1031,A,local,2,native-rsi64,cogband128,34.527582000009716,151.9291760000101,0.09104414899999999,0.1514829999999847,72589312,2147483648,native,1,analytical40-1025x1031|A|local,0.25440100000651,505834317503,22.938084000031722,57.99222100000634,null,True,27254333,analytical40-1025x1031|A|2,0.6110489999855417,,,,,,,,,,,,,,,,,,,,,,,,,63232,76,0,0,2211840,60,,,,,,,,,,,,,,,,,,,,,,,True,,,,,,,,,,,,,,,,16777216,,0,0.049465,1,60,0,,0,shared_only_for_identical_data_and_mask_block_footprints_then_flushed_on_transition_or_window_exit,trusted_manifest,,local_original,,,,,,,,,,,,,,,,,,,,,,,,,,,,,,,,,,,,,,,,,,,,,,False,,,,,,,,,,,,,,,,,,,,,,,,,,,,,,,,,,,,,,,,,,,,,,,,,,,,,,,,,,,,,,,,,,,,,,,,,0.000171,0.010871,,,,,15.776119,exclusive partition of this query call; source post-validation is in remaining execution; FFI envelope and transport subspans are not added to this partition,,,0.018796,15.805957,,,,2096:712243:405824:1789300669:908622001:1789300669:908622001,local,,,,,,,,,,,,,,,,,,,,,0,,,,,,60,1242177,185,True,0,196,False,6,405824,1,False,0,192184,60,134217728,0,0,0,76,0,,196,index64,,,native_grid_planar_fractional,True,1,16.55249800001002,private-reference/302ac98a9eaee53d/00316.json.gz,0,True,0,0,0,0,0,140,0.06172899998091452,0804bf71bee4a10cb67390656e5058e365f08886d4b412c8d3417e8204a98c13,26442685,skarve_normalized_f64_v1,17.29328900000837,505799789270,,True,91.1021759999926,private-reference/e1e02d4e46b94aa4/00316.json.gz,afcefd5b368e75ef010654df790578aa68d75df1d4ea64a57ba4f3ad918030d1,1
317,analytical40-1025x1031-D-1-http0-native-cog,analytical40-1025x1031,D,http0,1,native-cog,cog128,1696.163515999956,1826.5092890000005,1.713156084,1.7827830000000233,156266496,2147483648,native,40,analytical40-1025x1031|D|http0,4.5582160000208205,507680912662,22.117655000045033,1723.1402770000273,null,True,42018905,analytical40-1025x1031|D|1,0.000881000005392707,,,1663296,320,134,0.002816,32768,3.0014760000000003,0,378455040,67108864,106,0,0,4.883053999999999,65918628,336404480,0.09223799999999996,1799632,0,8,10b73ba3c4f77670ec8a26cf62bfd6c31fe3b17dcf8b0b163b7a9af5a8d178cd,67,0.001142,,,,,,,1063.1040650000004,0.040548,,,,,,,0,0,0,41632597,68,2,70,1668.483719,61.42615600000001,0,0.02771299999999999,8,0.00042,339052220,,5360,80881680,896.7529439999997,23.899794,1,598.4905669999997,0.7857050000000001,670520,0,0,0,0,0,0,0,,,,,,,,,,,,,,,,,,,,,,,,,,,,,,,,,,,,,,,,,,,,,,,,,,,,,,,,,,,,,,,,,,,,,,,,,,,,,,,,,,,,,,,,,,,,,0.004088,1,0,0,,,,,,,,,,,,,,,,,,,,,,,,,,,,,0,0,,,,,,,,,,,,,,,,,,,67,,,,,,,,,,,,,,,,,,,1.4584920000000001,0,0.0,0,134,,,,,,,,,,,,,,,,,,,,,,,,,,,,,,41632597,70,native_grid_planar_fractional,True,1,1671.819164999988,private-reference/bd3cdc964507a1d9/00317.json.gz,41640249,True,75,4,41640249,79,79,32804,0.5582979999871895,365f94acb67595ceff5b6f6e9b8b49e3e1f3374adb31b96e3eab040965552af1,42018905,skarve_normalized_f64_v1,23.781453999959012,505984749767,,True,1756.3006409999957,private-reference/5ef65e55dff6fad5/00317.json.gz,927515075c33d93f202f368ddae07d774a27f76548f86c4b5b6ca4f6cd895053,8
318,real-age36-C-0-http0-native-skv-raw,real-age36,C,http0,0,native-skv-raw,skv,249.6650109999905,376.0985000000119,0.298838418,0.3657169999999894,151621632,2147483648,native,36,real-age36|C|http0,0.33800699998209893,508111970733,22.955222000007325,273.23133300001246,null,True,28933939,real-age36|C|0,0.00042100003838640987,,,,,,,,,,,,,,,,,,,,,,,,,,,,,,,,,,,,,,,,,,,,,,,,,,,,,,,,,,,,,,,,,,,,,,False,,,,,,skv,,,,False,,16384,0,0,0,0,0.0,0.0,0,0,0,576,8,0,53.940374999999996,576,98880,10,0.0,0.0,248832,11584,28933939,11,9437184,0.066433,84934656,84945372,0,0,4,9437184,0.01112,62.414495,0,574,98880,16.522819999999992,65536,47185920,28818675,63.611551,0,0,source_handle_lifetime,False,,,28933939,4194304,0,9,0,0,10,3998950,3554185,0,11,2,28933939,13,9742336,False,strong_etag_conditional_ranges,http,28933939,4194304,0,9,0,0,10,3998950,3554185,0,11,2,28933939,13,,,,,0,84934656,67108864,3,21236991,1,0,0,4,63710973,75497472,,21236479,28917555,10,2,12,255696,268435456,,8,377416,0,,67108864,256,4,4,,,15.731348999999998,,,2.862882,0.106236,,,229.380402,62.414495,0.08142,156.15320499999999,,,0.616715,0.0,,247.032171,0.014286,,,,,,,,,,,,,,,,,,,,,,,,,,,,,,,,,,,,,,,,,,,,,,,,,,,,,raw,28933939,13,native_grid_planar_fractional,True,1,247.6129510000078,private-reference/c2526778fe1ab33b/00318.json.gz,28933939,True,11,2,28933939,13,13,4175,0.12124300002369637,780a6c2345077f08330b1cda863d7d67a9083da4d58afbad480fce62deb92723,28933939,skarve_normalized_f64_v1,1.927491000003556,507862306292,,True,308.796166000036,private-reference/ecf6506b88620505/00318.json.gz,c07b7ea0faff48cf4cb76b8d9a82ed0a667ad93159b77585869a7646508609e2,1
319,analytical40-1025x1031-C-1-local-native-tiff,analytical40-1025x1031,C,local,1,native-tiff,band256,934.4298359999925,1055.832387999999,0.994989563,1.0549900000000036,149483520,2147483648,native,40,analytical40-1025x1031|C|local,8.67492200001152,509205879260,19.71468400000731,963.0163940000216,null,True,21771767,analytical40-1025x1031|C|1,0.0007719999643995834,,,,,,,,,,,,,,,,,,,,,,,,,,,,,,,,,,,,,,,,,,,,,,,,,,,,,,,,,,,,,,,,,,,,,16777216,,0,0.048279,1,48,0,,0,shared_only_for_identical_data_and_mask_block_footprints_then_flushed_on_transition_or_window_exit,trusted_manifest,,local_original,,,,,,,,,,,,,,,,,,,,,,,,,,,,,,,,,,,,,,,,,,,,,,False,,,,,,,,,,,,,,,,,,,,,,,,,,,,,,,,,,,,,,0,377487360,67108864,8,316811120,40,0,0,48,60766560,335544320,,10028743,0,0,0,0,628560,268435456,,1280,418896,0,,67108864,256,48,16,,,82.454712,,,12.886636000000003,0.14307299999999998,,,834.2166460000001,64.17746399999999,0.12642299999999998,669.9907380000002,,,0.014557,0.0,,917.638606,0.030336,,,,,,,,,,,,,,,,,,,,,,,,,,,,,,,,,,,,,,,,,,,,,,,,,,,,,,,,native_grid_planar_fractional,True,1,918.4907549999934,private-reference/4d5f0645a9f4b178/00319.json.gz,0,True,0,0,0,0,0,4415,0.13946600000735998,f799effb4e1b125bfdbf5c1f92cca3183010ea1d50e09b9a30517254f539ca7d,21771767,skarve_normalized_f64_v1,15.793173000020033,508271448492,,True,995.4702269999984,private-reference/b84fbe8140a4a8c1/00319.json.gz,12af712c1d092167a77ba1fcfdb4debf1bb831ca46c00dc62b7a9eee5ed202ae,1
320,worldpop1-A-0-http0-native-skv-summary,worldpop1,A,http0,0,native-skv-summary,skv,35.85067099999151,146.5693029999784,0.07958194999999998,0.13706499999997845,61112320,2147483648,native,1,worldpop1|A|http0,0.3024469999672874,509402451610,19.32846699997981,55.7015599999886,null,True,22778369,worldpop1|A|0,0.0008409999736613827,,,,,,,,,,,,,,,,,,,,,,,,,,,,,,,,,,,,,,,,,,,,,,,,,,,,,,,,,,,,,,,,,,,,,,True,,,,,,skv,,,,False,,16384,8,12,39718,262057,5.802396,0.849682,8,8,8388608,0,0,0,3.1841100000000004,32,263680,28,0.0,0.0,2352,11584,1079304,45,524288,0.059309,4718592,4723680,0,0,32,524288,0.013787999999999998,1.2180199999999999,0,63,263680,3.0543949999999995,65536,2621440,537183,21.038619000000004,19,0,source_handle_lifetime,False,,,817247,4194304,16,0,262057,16,28,804447,804447,0,29,2,817247,31,9742336,False,strong_etag_conditional_ranges,http,817247,4194304,16,0,262057,16,28,804447,804447,0,29,2,817247,31,,,,,,,67108864,,,,,,,4740320,4194304,,,,,,,,,,,,,,,128,32,,,,,0.045974000000000015,6.659003999999999,,,,,,1.2180199999999999,,18.855868,,,,0.0,,33.33732,,,,,,,,,,,,,,,,,,,,,,,,,,,1,12,458752,2,True,32,146889793,127,,,49,False,,,,,,172340,32,,,,,19,,19,49,summary,817247,31,native_grid_planar_fractional,True,1,33.84143800002448,private-reference/ecb561bd263b7a11/00320.json.gz,817247,True,29,2,817247,31,31,161,0.058567999985825736,dfd61dc71363e7bd4be6ab2e28d4f02024cc1dfcf706390a8cb14dfa20bfb7b8,22778369,skarve_normalized_f64_v1,1.944874000002983,509366587144,,True,88.67836300004228,private-reference/cc8a3e6d21a4e413/00320.json.gz,89e06bb202dd0b08a9a7be2150795cb407edd713ff53f432724346e81ebbd5c8,1
321,analytical36-A-2-local-native-cog,analytical36,A,local,2,native-cog,cogband128,21.658947999981137,132.0887629999561,0.07449055499999999,0.13140700000002425,74670080,2147483648,native,1,analytical36|A|local,0.458374000004369,509566687999,21.693409000022257,44.00614100001121,null,True,6142678,analytical36|A|2,0.0014519999922413263,,,,,,,,,,,,,,,,,,,,,,,,,,,,,,,,,,,,,,,,,,,,,,,,,,,,,,,,,,,,,,,,,,,,,16777216,,0,0.047107,1,4,0,,0,shared_only_for_identical_data_and_mask_block_footprints_then_flushed_on_transition_or_window_exit,trusted_manifest,,local_original,,,,,,,,,,,,,,,,,,,,,,,,,,,,,,,,,,,,,,,,,,,,,,False,,,,,,,,,,,,,,,,,,,,,,,,,,,,,,,,,,,,,,0,2359296,67108864,4,0,0,0,0,4,2362140,2097152,,590151,0,0,0,0,261408,268435456,,8,14466,0,,67108864,256,4,4,,,0.488018,,,0.009566,0.078194,,,5.466083,0.37532099999999996,0.030476,4.7335970000000005,,,0.017963,0.0,,6.212789,0.037549,,,,,,,,,,,,,,,,,,,,,,,,,,,,,,,,,,,,,,,,,,,,,,,,,,,,,,,,native_grid_planar_fractional,True,1,6.496391999974094,private-reference/c1d262fe59e427c2/00321.json.gz,0,True,0,0,0,0,0,141,0.041757000019515544,74bd9cb0f1e396b15bb77e6772dbe47601b4bc5fe3cd426185623312b8b04943,6142678,skarve_normalized_f64_v1,15.115348999984235,509545028991,,True,74.5168660000104,private-reference/22999f79fab2deff/00321.json.gz,62fcc79fe44ff4943353fecaf9a9379a6bd80dbab52d9943151a774a8816a479,1
322,worldpop1-B-0-local-native-rsi256,worldpop1,B,local,0,native-rsi256,cogband128,58.4251589999667,176.34792600000537,0.116007611,0.17556700000000092,83955712,2147483648,native,1,worldpop1|B|local,1.7006310000056146,509775889175,22.52337999999554,82.9555430000255,null,True,18817225,worldpop1|B|0,0,,,45576,8,23,0.001603,32768,2.577776,0,13565952,67108864,0,0,0,0.06627899999999999,13581937,12058624,0.0050089999999999996,1410256,0,8,1b32f317dc18ced7c860f791397e22f947084004d3af6942bd0019fcea6f42a6,25,0.001603,,,,,,,40.933099000000006,0.06520999999999999,,,,,,,0,0,0,0,0,0,0,49.602145,2.9145849999999998,0,0.004157999999999999,8,0.00032,202828304,,46,1083614,33.532467000000004,1.8029480000000002,1,5.585093999999999,0.038038999999999996,7855,0,0,0,0,0,0,0,,,,,,,,,,,,,,,,,,,,,,,,,,,,,,,,,,,,,,,,,,,,,,,,,,,,,,,,,,,,,,,,,,,,,,,,,,,,,,,,,,,,,,,,,,,,,0.0018139999999999999,1,0,0,,,,,,,,,,,,,,,,,,,,,,,,,,,,,14,9,,,,,,,,,,,,,,,,,,,0,,,,,,,,,,,,,,,,,,,0.174902,0,0.0,0,23,,,,,,,,,,,,,,,,,,,,,,,,,,,,,index256,0,0,native_grid_planar_fractional,True,1,50.29998999998497,private-reference/1c71432f4eaced31/00322.json.gz,0,True,0,0,0,0,0,1258,0.04824899997402099,4a6cd2a5f470531511575f9777b40a41556bbc3b42879e046e29fc5ae511a873,18648801,skarve_normalized_f64_v1,8.068954999998823,509717465379,,True,116.39836300003026,private-reference/669976ae0df63d51/00322.json.gz,d49cde587a753cfaccc4fdfe87b099bf01d17ac42c1bc5af64e376c3680b7d27,8
323,worldpop1-A-1-local-native-cog,worldpop1,A,local,1,native-cog,cogband128,57.435668000039186,177.517024999986,0.11632951600000001,0.17659700000001521,84877312,2147483648,native,1,worldpop1|A|local,1.635529999987284,509981783028,23.421693999978288,82.77295800002094,null,True,18648801,worldpop1|A|1,0.0015620000226590491,,,,,,,,,,,,,,,,,,,,,,,,,,,,,,,,,,,,,,,,,,,,,,,,,,,,,,,,,,,,,,,,,,,,,16777216,,0,0.060441,1,25,0,,0,shared_only_for_identical_data_and_mask_block_footprints_then_flushed_on_transition_or_window_exit,trusted_manifest,,local_original,,,,,,,,,,,,,,,,,,,,,,,,,,,,,,,,,,,,,,,,,,,,,,False,,,,,,,,,,,,,,,,,,,,,,,,,,,,,,,,,,,,,,0,14745600,67108864,25,0,0,0,0,25,14762975,13107200,,590135,0,0,0,0,675072,268435456,,50,14466,0,,67108864,256,25,25,,,1.8830049999999996,,,0.07426500000000001,0.235203,,,45.161294999999996,3.203919,0.291437,36.734393000000004,,,0.015608,0.0,,47.819767,0.036457,,,,,,,,,,,,,,,,,,,,,,,,,,,,,,,,,,,,,,,,,,,,,,,,,,,,,,,,native_grid_planar_fractional,True,1,48.100664000003235,private-reference/d8effcee6861d343/00323.json.gz,0,True,0,0,0,0,0,160,0.03833099998473699,bfb4cbec95ce9af2e5355642ae1e36dee8e8afba00ebe3df1a5c7789d9b91c7f,18648801,skarve_normalized_f64_v1,9.29141400001754,509924348161,,True,116.82895000001281,private-reference/a91d89c14cd5c795/00323.json.gz,e01cccb41519f8f1e9cd729c1594367720e0ac4724b80427c7707316499e74c5,1
324,analytical36-C-2-local-native-cog,analytical36,C,local,2,native-cog,cogband128,269.66596300002266,394.7141489999808,0.330347274,0.3935369999999807,153579520,2147483648,native,36,analytical36|C|local,8.038046000024224,510402833840,19.921542000020054,297.8686179999954,null,True,6142678,analytical36|C|2,0.0010119999842572724,,,,,,,,,,,,,,,,,,,,,,,,,,,,,,,,,,,,,,,,,,,,,,,,,,,,,,,,,,,,,,,,,,,,,16777216,,0,0.047416999999999994,1,8,0,,0,shared_only_for_identical_data_and_mask_block_footprints_then_flushed_on_transition_or_window_exit,trusted_manifest,,local_original,,,,,,,,,,,,,,,,,,,,,,,,,,,,,,,,,,,,,,,,,,,,,,False,,,,,,,,,,,,,,,,,,,,,,,,,,,,,,,,,,,,,,0,84934656,67108864,6,21238334,2,0,0,8,63715002,75497472,,11798479,0,0,0,0,261408,268435456,,288,377416,0,,67108864,256,8,4,,,18.284456,,,2.7162189999999997,0.07292399999999999,,,234.899777,15.112644999999997,0.029674000000000002,200.42841,,,0.015258,0.0,,253.6545,0.028603,,,,,,,,,,,,,,,,,,,,,,,,,,,,,,,,,,,,,,,,,,,,,,,,,,,,,,,,native_grid_planar_fractional,True,1,254.18800100004546,private-reference/8efc44eb1b4d61ab/00324.json.gz,0,True,0,0,0,0,0,4006,0.1260320000255888,8fbff0b61c68af05158cd4dfde5b7131f1151eedff44ed4c69d74f02fa43b918,6142678,skarve_normalized_f64_v1,15.345719000038116,510133167637,,True,330.6877640000039,private-reference/7a88008bdb281eb4/00324.json.gz,9dfdf62dd1190148fa352e231c05994856e786dec60df84b09c6b62088ce2a22,1
325,real-age36-B-0-local-native-skv-summary,real-age36,B,local,0,native-skv-summary,skv,11.5213700000254,128.00592899998264,0.064658466,0.12741399999998748,56651776,2147483648,native,1,real-age36|B|local,0.1829769999517339,510578794612,21.08884000000444,33.04283700003907,null,True,28933939,real-age36|B|0,0.0009220000265486306,,,45576,8,16,0.006331,32768,1.437497,0,2359296,67108864,0,0,0,0.018035,2370160,2097152,0.001193,656416,0,8,91cbd51efde644c68ee88a85ab00825c523ddea07c3f9b7d5eef8af49e1ceb58,16,0.001022,,,,,,,5.021545999999999,0.034864,,,,,,,0,0,0,0,0,0,0,9.523692,0.487377,0,0.009486999999999994,8,0.001092,329256008,,16,400803,4.198479,0.237249,1,2.7782540000000004,0.054872000000000004,3826,0,0,0,0,0,0,0,,,,,,,,,,,,,,,,,,,,,,,,,,,,,,,,,,,,,,,,,,,,,,,,,,,,,,,,,,,,,,,,,,,,,,,,,,,,,,,,,,,,,,,,,,,,,0.005199,1,0,4,,,,,,,,,,,,,,,,,,,,,,,,,,,,,4,4,,,,,,,,,,,,,,,,,,,0,,,,,,,,,,,,,,,,,,,0.044202,0,0.0,0,16,,,,,,,,,,,,,,,,,,,,,,,,,,,,,summary,0,0,native_grid_planar_fractional,True,1,10.901037999985874,private-reference/afe3cf1242a2c8ad/00325.json.gz,0,True,0,0,0,0,0,1126,0.14539799997237424,e5be80f35647b04d8164614e8b572f17a141c185e6dbc1b2ec94c2f8a04c4630,28933939,skarve_normalized_f64_v1,0.4599569999754749,510567271178,,True,64.71002099999623,private-reference/7b1cca6d350b47e6/00325.json.gz,c2494e151e0fa8a0d65848c66165c77d6d7e82ee48cf6995ff90900a3c2ae478,8
326,real-age36-C-1-http0-native-rsi256,real-age36,C,http0,1,native-rsi256,cog256,436.8948339999861,559.324561999972,0.48274350200000005,0.5375750000000039,194772992,2147483648,native,36,real-age36|C|http0,10.215258000016547,511168137394,23.628136000013455,471.06792499999983,null,True,21394928,real-age36|C|1,0,,,87056,36,8,0.002535,65536,0.267632,0,84934656,67108864,2,0,0,1.4254239999999998,61353690,75497472,0.005229999999999999,147520,1,1,18954d672fd3a7ae378d4f6bf914726f8a557bfcb2d7fe69ed7921510415a25c,4,0.0050490000000000005,,,,,,,343.804693,0.029034,,,,,,,0,0,0,42505656,20,4,24,413.232165,16.364959,0,0.007583,2,0.000761,201651484,,288,8225424,306.74041000000005,6.6715979999999995,2,60.615023,0.156148,34272,0,0,0,0,0,0,0,,,,,,,,,,,,,,,,,,,,,,,,,,,,,,,,,,,,,,,,,,,,,,,,,,,,,,,,,,,,,,,,,,,,,,,,,,,,,,,,,,,,,,,,,,,,,0.012514,2,0,0,,,,,,,,,,,,,,,,,,,,,,,,,,,,,0,0,,,,,,,,,,,,,,,,,,,0,,,,,,,,,,,,,,,,,,,7.7273320000000005,0,0.0,0,8,,,,,,,,,,,,,,,,,,,,,,,,,,,,,index256,42505656,24,native_grid_planar_fractional,True,2,414.3049699999892,private-reference/fd67841d6c9f3786/00326.json.gz,42644486,True,38,10,42644486,48,48,4218,0.20456699996884709,90b8e74a54c8732d101857ef774fa9a6f291a71188a73e650c6fecf47092bbd0,21256336,skarve_normalized_f64_v1,22.379617000012786,510731243151,,True,503.94435499998735,private-reference/c961da51f4a4aff5/00326.json.gz,9d1c95ac758f540537239651e61d711d4b9a7d3f18e21a340dd08265c03300db,1
327,worldpop1-B-1-http0-natural-ee,worldpop1,B,http0,1,natural-ee,cogband128,205.41935299996794,399.72996200003763,0.314187745,0.38916500000001975,142503936,2147483648,upstream,1,worldpop1|B|http0,1.0362679999502689,511603272915,,208.87692800005198,null,True,18648801,worldpop1|B|1,,,,,,,,,,,,,,,,,,,,,,,,,,,,,,,,,,,,,,,,,,,,,,,,,,,,,,,,,,,,,,,,,,,,,,,,,,,,,,,,,,,,,,,,,,,,,,,,,,,,,,,,,,,,,,,,,,,,,,,,,,,,,,,,,,,,,,,,,,,,,,,,,,,,,,,,,,,,,,,,,,,,,,,,,,,,,,,,,,,,,,,,,,,,,,,,,,,,,,,,,,,,,,,,,,,,,,,,,,,,,,,,,,,,,,,,,,,,,,,,,,,,,,,,,,,,,,,,,,,,,,,,,,raster-sequential,,,exactextract_fractional_v030,True,,193.95537299999432,private-reference/77bf3440dad829f7/00327.json.gz,8126464,True,6,1,8126464,7,7,1242,0.11274800004912322,2084e8e2790c9e2395fef77a7aba04ab818e860cd63a2c213906b311c8df67dd,18648801,,11.346414000001914,511397853340,,True,324.2066650000197,private-reference/bdae099533ab14d0/00327.json.gz,c8a87cfde2c80fd6afeb6e7973f04d81525cb66abd4a6801e88895a1330a3a8a,8
328,real-age36-B-0-local-natural-ee,real-age36,B,local,0,natural-ee,cogband128,31.786221999993813,221.24019599999656,0.147766699,0.22033199999998487,88268800,2147483648,upstream,1,real-age36|B|local,0.19119099999898026,511870405079,,33.7246789999881,null,True,27889906,real-age36|B|0,,,,,,,,,,,,,,,,,,,,,,,,,,,,,,,,,,,,,,,,,,,,,,,,,,,,,,,,,,,,,,,,,,,,,,,,,,,,,,,,,,,,,,,,,,,,,,,,,,,,,,,,,,,,,,,,,,,,,,,,,,,,,,,,,,,,,,,,,,,,,,,,,,,,,,,,,,,,,,,,,,,,,,,,,,,,,,,,,,,,,,,,,,,,,,,,,,,,,,,,,,,,,,,,,,,,,,,,,,,,,,,,,,,,,,,,,,,,,,,,,,,,,,,,,,,,,,,,,,,,,,,,,,raster-sequential,,,exactextract_fractional_v030,True,,24.110247000010077,private-reference/751d03f19f0adf15/00328.json.gz,0,True,0,0,0,0,0,1109,0.1261119999753646,d5f8b888f500fb427b5e2a08edbf1e199d051be046255641ee309071af302e7a,27889906,,7.544472999995833,511838618757,,True,148.0403549999778,private-reference/a028afdcec315931/00328.json.gz,44654c8bcdab809e83d9bf5eca0d916ba28a7d86c5ff2a653c3917405ee00560,8
329,worldpop1-A-0-local-native-cog,worldpop1,A,local,0,native-cog,cogband128,56.003798999995524,177.03543100003571,0.115393681,0.1760799999999847,84606976,2147483648,native,1,worldpop1|A|local,1.7229210000095918,512097054030,23.24051799996596,81.1606339999571,null,True,18648801,worldpop1|A|0,0.0019139999949402409,,,,,,,,,,,,,,,,,,,,,,,,,,,,,,,,,,,,,,,,,,,,,,,,,,,,,,,,,,,,,,,,,,,,,16777216,,0,0.046445,1,25,0,,0,shared_only_for_identical_data_and_mask_block_footprints_then_flushed_on_transition_or_window_exit,trusted_manifest,,local_original,,,,,,,,,,,,,,,,,,,,,,,,,,,,,,,,,,,,,,,,,,,,,,False,,,,,,,,,,,,,,,,,,,,,,,,,,,,,,,,,,,,,,0,14745600,67108864,25,0,0,0,0,25,14762975,13107200,,590135,0,0,0,0,673248,268435456,,50,14466,0,,67108864,256,25,25,,,1.7632250000000003,,,0.05916099999999998,0.314368,,,44.602567,3.130291,0.23103500000000002,36.769964,,,0.015519000000000002,0.0,,47.132024,0.038081,,,,,,,,,,,,,,,,,,,,,,,,,,,,,,,,,,,,,,,,,,,,,,,,,,,,,,,,native_grid_planar_fractional,True,1,47.41833100001713,private-reference/f083ca5d2ac40ae4/00329.json.gz,0,True,0,0,0,0,0,161,0.04196700001557474,dfd61dc71363e7bd4be6ab2e28d4f02024cc1dfcf706390a8cb14dfa20bfb7b8,18648801,skarve_normalized_f64_v1,8.537649999993846,512041050221,,True,115.87326299996903,private-reference/fdf677edbf6aeaaf/00329.json.gz,0c7afb6c16e3c2aa5ffd5ff047f608d67b6d5991a14d5172cbfdcbddb8e289e2,1
330,worldpop1-A-2-http0-native-skv-summary,worldpop1,A,http0,2,native-skv-summary,skv,33.91735599996082,138.78365400000803,0.075385118,0.13049900000001458,61243392,2147483648,native,1,worldpop1|A|http0,0.3429909999113079,512275976801,18.125362999967365,52.6005859999259,null,True,22778369,worldpop1|A|2,0.0007610000238855719,,,,,,,,,,,,,,,,,,,,,,,,,,,,,,,,,,,,,,,,,,,,,,,,,,,,,,,,,,,,,,,,,,,,,,True,,,,,,skv,,,,False,,16384,8,12,39718,262057,5.3371260000000005,0.81596,8,8,8388608,0,0,0,3.231662,32,263680,28,0.0,0.0,2352,11584,1079304,45,524288,0.06397800000000001,4718592,4723680,0,0,32,524288,0.013724,1.1835790000000002,0,63,263680,2.5239109999999996,65536,2621440,537183,19.769084999999997,19,0,source_handle_lifetime,False,,,817247,4194304,16,0,262057,16,28,804447,804447,0,29,2,817247,31,9742336,False,strong_etag_conditional_ranges,http,817247,4194304,16,0,262057,16,28,804447,804447,0,29,2,817247,31,,,,,,,67108864,,,,,,,4740320,4194304,,,,,,,,,,,,,,,128,32,,,,,0.046942,6.159103,,,,,,1.1835790000000002,,18.046891,,,,0.0,,31.809733,,,,,,,,,,,,,,,,,,,,,,,,,,,1,12,477184,2,True,32,146889793,127,,,49,False,,,,,,184226,32,,,,,19,,19,49,summary,817247,31,native_grid_planar_fractional,True,1,32.214188000011745,private-reference/d8f78267af40f25f/00330.json.gz,817247,True,29,2,817247,31,31,159,0.03773999992517929,6b7c811950dafd49b0dace02d8ad09319150a5be646200d1e519d5ed02b8ce8d,22778369,skarve_normalized_f64_v1,1.6611909999255658,512242059635,,True,83.32790100007514,private-reference/f0cabf715ca8cc08/00330.json.gz,6ef4811c9e02e8851b7ad08faf0052ec42ec657666c6c003525ecf992d04302b,1
331,analytical40-1025x1031-B-2-http0-natural-ee,analytical40-1025x1031,B,http0,2,natural-ee,cogband128,80.98465500006569,268.0954730000167,0.185409196,0.2615240000000085,98594816,2147483648,upstream,1,analytical40-1025x1031|B|http0,0.1295880000498073,512559387860,,82.67439399992327,null,True,26442685,analytical40-1025x1031|B|2,,,,,,,,,,,,,,,,,,,,,,,,,,,,,,,,,,,,,,,,,,,,,,,,,,,,,,,,,,,,,,,,,,,,,,,,,,,,,,,,,,,,,,,,,,,,,,,,,,,,,,,,,,,,,,,,,,,,,,,,,,,,,,,,,,,,,,,,,,,,,,,,,,,,,,,,,,,,,,,,,,,,,,,,,,,,,,,,,,,,,,,,,,,,,,,,,,,,,,,,,,,,,,,,,,,,,,,,,,,,,,,,,,,,,,,,,,,,,,,,,,,,,,,,,,,,,,,,,,,,,,,,,,raster-sequential,,,exactextract_fractional_v030,True,,64.01858399999583,private-reference/9eda5b5236713141/00331.json.gz,1277952,True,4,1,1277952,5,5,1030,0.07283400009328034,4fb92fd9a9503b4da2d4c54c66d7e222f9aad63cb0542eb2d163bca7efa53d14,26442685,,16.889992000074017,512478403186,,True,188.25193999998646,private-reference/f24347163a5c8cdc/00331.json.gz,738e0cb49cb2c526a95229ec9796111460feabd18f8558e7230319d646024895,8
332,real-age36-A-0-local-native-rsi64,real-age36,A,local,0,native-rsi64,cogband128,17.036743000062415,128.4415039999658,0.068594182,0.12797100000000228,69353472,2147483648,native,1,real-age36|A|local,0.29408099999272963,512741330782,20.575689999986935,38.1192549999696,null,True,28148818,real-age36|A|0,0.37170400003105897,,,,,,,,,,,,,,,,,,,,,,,,,16128,24,0,0,1032192,28,,,,,,,,,,,,,,,,,,,,,,,True,,,,,,,,,,,,,,,,16777216,,0,0.047367,1,28,0,,0,shared_only_for_identical_data_and_mask_block_footprints_then_flushed_on_transition_or_window_exit,trusted_manifest,,local_original,,,,,,,,,,,,,,,,,,,,,,,,,,,,,,,,,,,,,,,,,,,,,,False,,,,,,,,,,,,,,,,,,,,,,,,,,,,,,,,,,,,,,,,,,,,,,,,,,,,,,,,,,,,,,,,,,,,,,,,,0.00023999999999999998,0.012754,,,,,7.817877000000001,exclusive partition of this query call; source post-validation is in remaining execution; FFI envelope and transport subspans are not added to this partition,,,0.030055,7.860926000000001,,,,2096:708353:122656:1789305358:387112127:1789305358:387112127,local,,,,,,,,,,,,,,,,,,,,,0,,,,,,28,1242177,69,True,0,36,False,4,122656,1,False,0,78644,28,134217728,0,0,0,24,0,,36,index64,,,native_grid_planar_fractional,True,1,8.238111000082426,private-reference/3e4fffb19cd41fb6/00332.json.gz,0,True,0,0,0,0,0,147,0.06565999990471028,6940c6944641a1780ca8953cc3717b93b8d469d79cc0c9210e4197c0ed319f97,27889906,skarve_normalized_f64_v1,8.353052000074968,512724293840,,True,68.62967099993966,private-reference/95185bbcbec74878/00332.json.gz,92973e5708ae033deef97ecea2afd6ad8d9319cd52b5fca4c9c43ea7100c9cf4,1
333,analytical36-A-2-local-native-rsi256,analytical36,A,local,2,native-rsi256,cogband128,28.423246000102154,139.96158000009018,0.080211601,0.13898499999999103,75247616,2147483648,native,1,analytical36|A|local,0.3190670000776663,512915277819,20.10723400007919,49.057971000024736,null,True,6294806,analytical36|A|2,0.33850299996629474,,,,,,,,,,,,,,,,,,,,,,,,,0,0,0,0,2359296,4,,,,,,,,,,,,,,,,,,,,,,,True,,,,,,,,,,,,,,,,16777216,,0,0.053368,1,4,0,,0,shared_only_for_identical_data_and_mask_block_footprints_then_flushed_on_transition_or_window_exit,trusted_manifest,,local_original,,,,,,,,,,,,,,,,,,,,,,,,,,,,,,,,,,,,,,,,,,,,,,False,,,,,,,,,,,,,,,,,,,,,,,,,,,,,,,,,,,,,,,,,,,,,,,,,,,,,,,,,,,,,,,,,,,,,,,,,0.00011999999999999999,0.008796,,,,,12.137042,exclusive partition of this query call; source post-validation is in remaining execution; FFI envelope and transport subspans are not added to this partition,,,0.018133,12.164091,,,,2096:708333:74944:1789305352:685524483:1789305352:685524483,local,,,,,,,,,,,,,,,,,,,,,0,,,,,,4,4703297,9,True,0,0,False,3,74944,1,False,0,235704,4,134217728,0,0,0,0,0,,0,index256,,,native_grid_planar_fractional,True,1,12.476676000005682,private-reference/eb5bcb0a89950c18/00333.json.gz,0,True,0,0,0,0,0,141,0.06620199997087184,74bd9cb0f1e396b15bb77e6772dbe47601b4bc5fe3cd426185623312b8b04943,6142678,skarve_normalized_f64_v1,15.533461000018178,512886854713,,True,80.70816600002217,private-reference/6c3dfffc9666c563/00333.json.gz,e9a97e60471fbc571a96dd478d0ec6a9314cb469e6ba1085b35833102652688a,1
334,worldpop1-A-0-local-native-rsi64,worldpop1,A,local,0,native-rsi64,cogband128,25.909528999932263,135.66708799999105,0.079760154,0.1349130000000116,69283840,2147483648,native,1,worldpop1|A|local,0.42483100003209984,513089486717,20.348427999920204,46.87697399992885,null,True,20322025,worldpop1|A|0,0.3825309999001547,,,,,,,,,,,,,,,,,,,,,,,,,3456,48,0,0,2359296,64,,,,,,,,,,,,,,,,,,,,,,,True,,,,,,,,,,,,,,,,16777216,,0,0.046337,1,64,0,,0,shared_only_for_identical_data_and_mask_block_footprints_then_flushed_on_transition_or_window_exit,trusted_manifest,,local_original,,,,,,,,,,,,,,,,,,,,,,,,,,,,,,,,,,,,,,,,,,,,,,False,,,,,,,,,,,,,,,,,,,,,,,,,,,,,,,,,,,,,,,,,,,,,,,,,,,,,,,,,,,,,,,,,,,,,,,,,0.000301,0.0055709999999999996,,,,,16.718426,exclusive partition of this query call; source post-validation is in remaining execution; FFI envelope and transport subspans are not added to this partition,,,0.012493,16.736791,,,,2096:708384:1673224:1789305417:881534163:1789305417:881534163,local,,,,,,,,,,,,,,,,,,,,,0,,,,,,64,1242177,255,True,0,225,False,9,1673224,1,False,0,53556,64,134217728,0,0,0,48,0,,225,index64,,,native_grid_planar_fractional,True,1,17.567423000059534,private-reference/80b83e9941ab8d5f/00334.json.gz,0,True,0,0,0,0,0,161,0.1107889999047984,dfd61dc71363e7bd4be6ab2e28d4f02024cc1dfcf706390a8cb14dfa20bfb7b8,18648801,skarve_normalized_f64_v1,7.828549000009843,513063576527,,True,80.12632400004804,private-reference/31142b2c6fa61be2/00334.json.gz,b1c3b4fe99bff07b162cf1cb1c51b8bda18407f6046c279ee4e67c872ee8f9b4,1
335,analytical40-1025x1031-B-2-http0-native-rsi256,analytical40-1025x1031,B,http0,2,native-rsi256,cogband128,115.33116300006441,226.6530800000055,0.145944866,0.2030719999999917,84881408,2147483648,native,1,analytical40-1025x1031|B|http0,1.597969000044941,513348814983,19.932976000063718,137.13829899995744,null,True,26638653,analytical40-1025x1031|B|2,0,,,45576,8,18,0.003827,32768,2.044083,0,9469440,67108864,0,0,0,0.11245400000000003,9482238,8417280,0.007295,1261984,0,8,142aeb0bbdb4757d3a9836280c97c2fb8bba9d3b4b018a7bd875f9893f0d6c7f,18,0.003466,,,,,,,70.27253199999998,0.032672,,,,,,,0,0,0,675274,70,2,72,92.255072,1.4736879999999997,0,0.005568999999999998,8,0.0006810000000000001,202679260,,36,1758365,65.96495199999998,0.566304,1,12.753873,0.07257899999999999,7911,0,0,0,0,0,0,0,,,,,,,,,,,,,,,,,,,,,,,,,,,,,,,,,,,,,,,,,,,,,,,,,,,,,,,,,,,,,,,,,,,,,,,,,,,,,,,,,,,,,,,,,,,,,0.003356,1,0,0,,,,,,,,,,,,,,,,,,,,,,,,,,,,,4,4,,,,,,,,,,,,,,,,,,,0,,,,,,,,,,,,,,,,,,,3.411505,0,0.0,0,18,,,,,,,,,,,,,,,,,,,,,,,,,,,,,index256,675274,72,native_grid_planar_fractional,True,1,93.11937100005707,private-reference/2078033f723aebe1/00335.json.gz,751790,True,82,5,751790,87,87,1030,0.06842899995262997,cb135e0acf4431712e46430ec4145f49eb75a5a19587633d55a73e6626e276f1,26442685,skarve_normalized_f64_v1,22.136279000051218,513233484131,,True,169.0803930000584,private-reference/2f9270c4beb48671/00335.json.gz,96c86b5b13fd8a77caf3ed8632b9d47d2591c31300812e811b3ffded5daab53e,8
336,analytical36-C-1-http0-native-tiff,analytical36,C,http0,1,native-tiff,band256,414.8438710000164,533.876767000038,0.41496992,0.47606299999998214,156053504,2147483648,native,36,analytical36|C|http0,7.185672999980852,513913031071,19.8629039999787,442.0928959999628,null,True,5078720,analytical36|C|1,0.0009020000106829684,,,,,,,,,,,,,,,,,,,,,,,,,,,,,,,,,,,,,,,,,,,,,,,,,,,,,,,,,,,,,,,,,,,,,16777216,,0,1.380437,1,12,0,,0,shared_only_for_identical_data_and_mask_block_footprints_then_flushed_on_transition_or_window_exit,trusted_manifest,,http_original,,,,,,,,,,,,,,,,,,,,,,,,,,,,,,,,,,,,,,,,,,,,,,True,,4902281,4194304,9,32,6770,17,155,4194082,4184236,0,155,4,4902281,159,,,,,,,,,,,,,,,,,,,,,,,0,84934656,67108864,10,18878686,2,0,0,12,66077142,75497472,,9438831,4895131,146,2,148,259632,268435456,,288,377416,0,,67108864,256,12,4,,,17.526747999999998,,,2.33084,0.072907,,,371.60070099999996,15.620661,0.030366999999999998,339.687239,,,0.432899,0.0,,390.617492,0.020509,,,,,,,,,,,,,,,,,,,,,,,,,,,,,,,,,,,,,,,,,,,,,,,,,,,,,,4902281,159,native_grid_planar_fractional,True,1,391.1906619999854,private-reference/88e8176bb123d99b/00336.json.gz,4902281,True,155,4,4902281,159,159,4010,0.12228000002778572,b377ff7f69c2e6aff33c3a6c22dcb9c59ccc16b052e6610bb89b8b3f1b16adba,5078720,skarve_normalized_f64_v1,23.52650000000267,513498186769,,True,472.3040780000929,private-reference/260486ec2871706b/00336.json.gz,3b08510062dfbc8466210d6c5102f41a47bc7f5de0542dbf4422a6d923c3ed44,1
337,analytical36-B-2-local-native-tiff,analytical36,B,local,2,native-tiff,band256,26.996050999969157,140.80403200000546,0.084903222,0.13967600000000857,75489280,2147483648,native,1,analytical36|B|local,0.44217399999979534,514109644272,25.151778000008562,52.78598199993212,null,True,5078720,analytical36|B|2,0.0009819999604587792,,,45576,8,5,0.001603,32768,1.299268,0,2375424,67108864,0,0,0,0.014705999999999999,2378979,2111488,0.000871,516544,0,16,40ef5ef21b6c88686db68542a6de662f25a748942899c5b46a591d8bef511c5c,5,0.001082,,,,,,,6.92937,0.060875000000000005,,256,7552,True,128,256,0,0,0,0,0,0,0,11.761436999999999,0.371932,0,0.004026,8,0.00033,336825744,,10,480189,5.859703,0.128682,1,3.33717,0.044995999999999994,2320,0,0,0,0,0,0,0,,,,,,,,,,,,,,,,,,,,,,,,,,,,,,,,,,,,,,,,,,,,,,,,,,,,,,,,,,,,,,,,,,,,,,,,,,,,,,,,,,,,,,,,,,,,,0.0016229999999999999,1,0,0,,,,,,,,,,,,,,,,,,,,,,,,,,,,,0,0,,,,,,,,,,,,,,,,,,,0,,,,,,,,,,,,,,,,,,,0.059452,0,0.005019,1,5,,,,,,,,,,,,,,,,,,,,,,,,,,,,,,0,0,native_grid_planar_fractional,True,1,12.375574999964556,private-reference/47182e1a293c2cb8/00337.json.gz,0,True,0,0,0,0,0,1060,0.04730900002414273,d465def57fae7479bd4c661eef066e439ba015c938a58cc0d5ff214af3707011,5078720,skarve_normalized_f64_v1,14.569230000006428,514082647850,,True,85.37343199998304,private-reference/cfec38998c5d138d/00337.json.gz,4534512341bf4df46302f02fc5d0cd222f383ad7393a5c7f4b28d0563843641e,8
338,worldpop1-B-2-http0-natural-ee,worldpop1,B,http0,2,natural-ee,cogband128,201.81052700002056,396.40724699995644,0.31461591099999997,0.39034200000000396,142102528,2147483648,upstream,1,worldpop1|B|http0,0.7664149999300207,514521357389,,204.16003599996202,null,True,18648801,worldpop1|B|2,,,,,,,,,,,,,,,,,,,,,,,,,,,,,,,,,,,,,,,,,,,,,,,,,,,,,,,,,,,,,,,,,,,,,,,,,,,,,,,,,,,,,,,,,,,,,,,,,,,,,,,,,,,,,,,,,,,,,,,,,,,,,,,,,,,,,,,,,,,,,,,,,,,,,,,,,,,,,,,,,,,,,,,,,,,,,,,,,,,,,,,,,,,,,,,,,,,,,,,,,,,,,,,,,,,,,,,,,,,,,,,,,,,,,,,,,,,,,,,,,,,,,,,,,,,,,,,,,,,,,,,,,,raster-sequential,,,exactextract_fractional_v030,True,,190.9311519999619,private-reference/490de95f4157924a/00338.json.gz,8126464,True,6,1,8126464,7,7,1245,0.08278600000721781,495cbc6e9882845b333fcdf2b32dfd7ca2efe7aaec71ff57f4913516320b0116,18648801,,10.793343000045752,514319546691,,True,319.81993300007616,private-reference/f8a4ed53a9e4ddcf/00338.json.gz,b7198983d5628c0c1d5484ace0321468a91d5c256eae2dd460860187239e510c,8
339,real-age36-B-1-local-native-tiff,real-age36,B,local,1,native-tiff,band256,21.857984999996916,135.9211230000028,0.076897078,0.13512199999999552,73109504,2147483648,native,1,real-age36|B|local,0.4203319999760424,514719541978,21.858110000039233,44.35367800010681,null,True,27830980,real-age36|B|1,0.0013630000239572837,,,45576,8,4,0.0016229999999999999,32768,1.778723,0,2359296,67108864,0,0,0,0.013707,2362076,2097152,0.001373,508960,0,16,dbe8074b538a4294b0c061f28d875077d1a3a016859b6176695269a9aaad1cae,4,0.001714,,,,,,,7.278408,0.042230000000000004,,256,7168,True,128,256,0,0,0,0,0,0,0,12.493317000000001,0.471469,0,0.004088999999999999,8,0.000351,336809480,,8,469440,6.122169,0.213102,1,3.228015,0.047188,2318,0,0,0,0,0,0,0,,,,,,,,,,,,,,,,,,,,,,,,,,,,,,,,,,,,,,,,,,,,,,,,,,,,,,,,,,,,,,,,,,,,,,,,,,,,,,,,,,,,,,,,,,,,,0.001923,1,0,0,,,,,,,,,,,,,,,,,,,,,,,,,,,,,0,0,,,,,,,,,,,,,,,,,,,0,,,,,,,,,,,,,,,,,,,0.064862,0,0.00551,1,4,,,,,,,,,,,,,,,,,,,,,,,,,,,,,,0,0,native_grid_planar_fractional,True,1,13.100831999963702,private-reference/3804e1df9a59d89b/00339.json.gz,0,True,0,0,0,0,0,1124,0.06199699998887809,a3ba031d3788621800950943579f5eab46d6bdbeb6ec71f27b742a767f11bc3f,27830980,skarve_normalized_f64_v1,8.689976000027855,514697684172,,True,77.1504219999315,private-reference/bd084ee2e3316652/00339.json.gz,204984da50080e4eee57a31d69c8b4e94a198677d98675419739f436596864af,8
340,analytical40-1025x1031-C-0-http0-native-rsi64,analytical40-1025x1031,C,http0,0,native-rsi64,cogband128,1721.810276000042,1845.3758879999214,1.373154215,1.4398999999999944,152772608,2147483648,native,40,analytical40-1025x1031|C|http0,1.9154829999479261,516591453167,19.3155710001065,1743.4049550000736,null,True,27254333,analytical40-1025x1031|C|0,0,,,107796,40,120,0.002604,65536,1.505606,0,88473600,67108864,30,0,0,3.1900089999999994,66581190,78643200,0.07807,1349344,1,1,aaf13e32f1482c0bb63d5a192c2b48932bdeea230c9d5be099de8118ceae7203,256,0.004317,,,,,,,1418.7605529999998,0.023294000000000002,,,,,,,0,0,0,11384093,1132,4,1136,1691.384164,15.685565999999998,0,0.007905,2,0.000992,202853396,,4800,7210000,1357.4885339999996,8.659044000000002,2,56.577113999999995,0.138827,133120,0,0,0,0,0,0,0,,,,,,,,,,,,,,,,,,,,,,,,,,,,,,,,,,,,,,,,,,,,,,,,,,,,,,,,,,,,,,,,,,,,,,,,,,,,,,,,,,,,,,,,,,,,,0.010308999999999999,2,0,0,,,,,,,,,,,,,,,,,,,,,,,,,,,,,392,392,,,,,,,,,,,,,,,,,,,1280,,,,,,,,,,,,,,,,,,,6.724849,0,0.0,0,120,,,,,,,,,,,,,,,,,,,,,,,,,,,,,index64,11384093,1136,native_grid_planar_fractional,True,2,1693.0678859999944,private-reference/12f62c4923c030e4/00340.json.gz,11856613,True,1540,10,11856613,1550,1550,4423,0.1606859999583321,96e4df19c2690d62cddac1e7d828f44054cd2c0dff19c8c2f63690a5c5df9d0e,26442685,skarve_normalized_f64_v1,28.570012000045608,514869642980,,True,1777.9488840000113,private-reference/e851aa55cd41f189/00340.json.gz,8a0b4e9e764566e1cf44d7340145270b9b2af57f5a93838bde4fc35cfdda4049,1
341,real-age36-C-2-local-natural-ee,real-age36,C,local,2,natural-ee,cog128,212.30627199997798,402.57377099999303,0.32784816,0.4015500000000145,168726528,2147483648,upstream,36,real-age36|C|local,0.965901000085978,517042941242,,215.13613000001897,null,True,21326870,real-age36|C|2,,,,,,,,,,,,,,,,,,,,,,,,,,,,,,,,,,,,,,,,,,,,,,,,,,,,,,,,,,,,,,,,,,,,,,,,,,,,,,,,,,,,,,,,,,,,,,,,,,,,,,,,,,,,,,,,,,,,,,,,,,,,,,,,,,,,,,,,,,,,,,,,,,,,,,,,,,,,,,,,,,,,,,,,,,,,,,,,,,,,,,,,,,,,,,,,,,,,,,,,,,,,,,,,,,,,,,,,,,,,,,,,,,,,,,,,,,,,,,,,,,,,,,,,,,,,,,,,,,,,,,,,,,feature-sequential,,,exactextract_fractional_v030,True,,203.8072770000099,private-reference/4f0e0c080c31a98e/00341.json.gz,0,True,0,0,0,0,0,4216,0.15394399997603614,681d8e43dd6a122174d485bbb2fcb0ab96fa4d09a190556c48095bf2f4133046,21326870,,8.3408429999281,516830635231,,True,328.16590499999165,private-reference/7b52ccbb2cbb8191/00341.json.gz,aa102d26e237804f0db14a87aa4db14e87d1d4fda6832a6e5f67017ea9074969,1
342,analytical36-B-1-http0-natural-ee,analytical36,B,http0,1,natural-ee,cogband128,40.749881000010646,223.32981100009874,0.150546723,0.221745999999996,93507584,2147483648,upstream,1,analytical36|B|http0,0.11255799995524285,517302976228,,42.4191490000112,null,True,6142678,analytical36|B|1,,,,,,,,,,,,,,,,,,,,,,,,,,,,,,,,,,,,,,,,,,,,,,,,,,,,,,,,,,,,,,,,,,,,,,,,,,,,,,,,,,,,,,,,,,,,,,,,,,,,,,,,,,,,,,,,,,,,,,,,,,,,,,,,,,,,,,,,,,,,,,,,,,,,,,,,,,,,,,,,,,,,,,,,,,,,,,,,,,,,,,,,,,,,,,,,,,,,,,,,,,,,,,,,,,,,,,,,,,,,,,,,,,,,,,,,,,,,,,,,,,,,,,,,,,,,,,,,,,,,,,,,,,raster-sequential,,,exactextract_fractional_v030,True,,23.74975500003984,private-reference/e55e271523982edf/00342.json.gz,196608,True,2,1,196608,3,3,1029,0.07574000005661219,2ca937b78bfccddbffbbd4730b209559a30d640f7e417bb5f4250cef9c0d4bc1,6142678,,16.920999999911146,517262226207,,True,151.80043899999873,private-reference/559c246d98bd4766/00342.json.gz,ff77542d869aba221da7a2a9e30da603ea9554dadbf2802f8c25af41cb979058,8
343,analytical40-1025x1031-A-0-http0-native-rsi64,analytical40-1025x1031,A,http0,0,native-rsi64,cogband128,66.90111000000343,185.4050480000069,0.113885754,0.1711740000000077,74145792,2147483648,native,1,analytical40-1025x1031|A|http0,0.5468680000149106,517541107949,26.20391000004929,93.9257140000791,null,True,27254333,analytical40-1025x1031|A|0,3.0055670000592727,,,,,,,,,,,,,,,,,,,,,,,,,259584,4,0,0,2211840,60,,,,,,,,,,,,,,,,,,,,,,,True,,,,,,,,,,,,,,,,16777216,,0,1.630196,1,60,0,,0,shared_only_for_identical_data_and_mask_block_footprints_then_flushed_on_transition_or_window_exit,trusted_manifest,,http_original,,,,,,,,,,,,,,,,,,,,,,,,,,,,,,,,,,,,,,,,,,,,,,True,,306316,4194304,13,0,339618,51,37,311052,311052,0,37,5,306316,42,,,,,,,,,,,,,,,,,,,,,,,,,,,,,,,,,,,,,,,,,,,,,,,,,,,,,,,,,,0.000491,0.49248800000000004,,,,,39.865964000000005,exclusive partition of this query call; source post-validation is in remaining execution; FFI envelope and transport subspans are not added to this partition,,,0.432989,40.791932,,,"""2ddb06a67f6192bee560462b0c5cc1ff3f28fd5b48217e6a344ebb4ce72c9580""",,http,325120,0,0,0,0,0,5,0,0,0,5,3,325120,8,,,,,,,64896,,,,,,60,5502017,256,True,0,196,False,1,405824,1,False,1,180250,60,134217728,0,0,192,196,65536,,196,index64,306316,42,native_grid_planar_fractional,True,1,41.495908999991116,private-reference/e4a29f7df05990ef/00343.json.gz,631436,True,42,8,631436,50,50,138,0.04165699999703065,3f59ba840b4903208d287a79769eca9f94b99b8f0f86dc5aa31ecb2e9525ce8d,26442685,skarve_normalized_f64_v1,22.35112500000014,517474207188,,True,127.78099899992412,private-reference/7cd3ea2cdb174035/00343.json.gz,5ccd04142c1f844e5a53f6d01731077d6dc5af265cb47c0b171e3014e331c627,1
344,analytical40-1025x1031-C-2-http0-native-tiff,analytical40-1025x1031,C,http0,2,native-tiff,band256,1483.7546340000927,1605.970960000036,1.310314735,1.375489999999985,154537984,2147483648,native,40,analytical40-1025x1031|C|http0,2.7374569999665255,519182620278,21.280226000044422,1508.082447999982,null,True,21771767,analytical40-1025x1031|C|2,0.0011619999895629007,,,,,,,,,,,,,,,,,,,,,,,,,,,,,,,,,,,,,,,,,,,,,,,,,,,,,,,,,,,,,,,,,,,,,16777216,,0,1.490496,1,48,0,,0,shared_only_for_identical_data_and_mask_block_footprints_then_flushed_on_transition_or_window_exit,trusted_manifest,,http_original,,,,,,,,,,,,,,,,,,,,,,,,,,,,,,,,,,,,,,,,,,,,,,True,,21378030,4194304,10,527,7684,18,653,4194254,4168759,0,653,4,21378030,657,,,,,,,,,,,,,,,,,,,,,,,0,377487360,67108864,8,316221208,40,0,0,48,61356472,335544320,,9438831,21370220,644,2,646,630624,268435456,,1280,418896,0,,67108864,256,48,16,,,81.30461900000002,,,8.440653000000003,0.205209,,,1374.0266589999994,62.467209000000004,0.19557,1239.80011,,,0.486703,0.0,,1457.987674,0.024946000000000003,,,,,,,,,,,,,,,,,,,,,,,,,,,,,,,,,,,,,,,,,,,,,,,,,,,,,,21378030,657,native_grid_planar_fractional,True,1,1458.9934670000275,private-reference/baf5b82014c3d088/00344.json.gz,21378030,True,653,4,21378030,657,657,4392,0.10778900002605951,ac14431e595cf0df4b69f51d7c381c2086f1ac292aa6ad1c1b6b84ce03955fd4,21771767,skarve_normalized_f64_v1,24.648949000038556,517698866636,,True,1540.3407990000915,private-reference/7bb11f958338a014/00344.json.gz,93193b9bd95e492478e6491731b22a3bd6785ce17fbea784794cce64f50438eb,1
345,analytical40-1025x1031-A-0-http0-native-cog,analytical40-1025x1031,A,http0,0,native-cog,cogband128,97.029768000084,209.83062100003735,0.130203383,0.18781699999999546,84062208,2147483648,native,1,analytical40-1025x1031|A|http0,1.337045000013859,519453516753,19.39189899997018,117.97351799998523,null,True,26442685,analytical40-1025x1031|A|0,0.0007910000476840651,,,,,,,,,,,,,,,,,,,,,,,,,,,,,,,,,,,,,,,,,,,,,,,,,,,,,,,,,,,,,,,,,,,,,16777216,,0,1.610953,1,16,0,,0,shared_only_for_identical_data_and_mask_block_footprints_then_flushed_on_transition_or_window_exit,trusted_manifest,,http_original,,,,,,,,,,,,,,,,,,,,,,,,,,,,,,,,,,,,,,,,,,,,,,True,,680211,4194304,13,0,7604,19,73,689555,689555,0,73,4,680211,77,,,,,,,,,,,,,,,,,,,,,,,0,9437184,67108864,16,0,0,0,0,16,9448560,8388608,,590151,672559,66,2,68,626880,268435456,,32,14466,0,,67108864,256,16,16,,,2.262754,,,0.08956700000000001,0.197023,,,68.59581299999999,1.4598820000000001,0.154725,64.491513,,,0.5406529999999999,0.0,,72.69372,0.024975999999999998,,,,,,,,,,,,,,,,,,,,,,,,,,,,,,,,,,,,,,,,,,,,,,,,,,,,,,680211,77,native_grid_planar_fractional,True,1,73.05002800001148,private-reference/c5a7882cc1bcedf0/00345.json.gz,680211,True,73,4,680211,77,77,138,0.034633999916877656,3f59ba840b4903208d287a79769eca9f94b99b8f0f86dc5aa31ecb2e9525ce8d,26442685,skarve_normalized_f64_v1,23.941390000004503,519356486895,,True,151.65571199997885,private-reference/0c95a00865b2b22d/00345.json.gz,ff7a0699a13ae2e6f7d28209cfb301b498f848d2fea7da39242f04b417434b36,1
346,analytical36-D-0-local-native-rsi64,analytical36,D,local,0,native-rsi64,cogband128,551.9742589999623,668.9988489999905,0.603863373,0.6685610000000111,139960320,2147483648,native,36,analytical36|D|local,1.6657500000292202,520151198422,19.6197550000079,573.464632000082,null,True,6454230,analytical36|D|0,0,,,667776,288,104,0.0020540000000000003,65536,1.31856,0,65463552,67108864,0,0,0,0.6384849999999999,65706392,58189824,0.043428999999999995,1009552,8,8,a25e6da6338304144e655a9af291f372183e55407ac12be1714188e941a0a89c,67,0.003015,,,,,,,462.02304699999996,0.054099,,,,,,,0,0,0,0,0,0,0,531.3540840000001,10.2429,0,0.027793999999999996,16,0.00063,203249688,,3744,8515836,403.55031000000014,5.116341999999999,2,62.959298999999994,0.267092,159804,0,0,0,0,0,0,0,,,,,,,,,,,,,,,,,,,,,,,,,,,,,,,,,,,,,,,,,,,,,,,,,,,,,,,,,,,,,,,,,,,,,,,,,,,,,,,,,,,,,,,,,,,,,0.005862,2,0,0,,,,,,,,,,,,,,,,,,,,,,,,,,,,,116,74,,,,,,,,,,,,,,,,,,,0,,,,,,,,,,,,,,,,,,,0.541277,0,0.0,0,104,,,,,,,,,,,,,,,,,,,,,,,,,,,,,index64,0,0,native_grid_planar_fractional,True,2,534.2001200000368,private-reference/c90f7b03ca5994d5/00346.json.gz,0,True,0,0,0,0,0,28762,0.5669250000437387,a9e2337fccaa006ca4a489ba411cad2a8b91d47a0e971c214c4c67110e4e4f97,6142678,skarve_normalized_f64_v1,17.199989999994614,519599223963,,True,603.9337130000604,private-reference/7bde8b584f6dd732/00346.json.gz,0bf887ab37f224c6036e5ecc6f04d75329e3eec88ce8c60ac96d9d699ee0697d,8
347,analytical36-B-2-local-native-skv-raw,analytical36,B,local,2,native-skv-raw,skv,10.485588000051393,124.60553400001118,0.067819766,0.12330600000001368,56778752,2147483648,native,1,analytical36|B|local,0.13819399998737936,520325578960,21.522263000065323,32.433185000058984,null,True,5770145,analytical36|B|2,0.0007310000000870787,,,45576,8,18,0.002194,32768,1.166901,0,2375424,67108864,0,0,0,0.04304600000000001,2387934,2111488,0.0013239999999999999,666976,0,8,ffe7a97fa2f07ec5058551e0ed95c80f9c8135d7786b6a5147d2967b095224d8,18,0.000982,,,,,,,4.156420000000001,0.034783999999999995,,128,7552,False,128,128,0,0,0,0,0,0,0,9.265699,0.39221400000000006,0,0.004638000000000001,8,0.000541,329274320,,18,480189,3.4848319999999995,0.12645100000000004,1,3.7457249999999997,0.049481,4398,0,0,0,0,0,0,0,,,,,,,,,,,,,,,,,,,,,,,,,,,,,,,,,,,,,,,,,,,,,,,,,,,,,,,,,,,,,,,,,,,,,,,,,,,,,,,,,,,,,,,,,,,,,0.005329,1,0,0,,,,,,,,,,,,,,,,,,,,,,,,,,,,,0,0,,,,,,,,,,,,,,,,,,,0,,,,,,,,,,,,,,,,,,,0.055251999999999996,0,0.003467,0,18,,,,,,,,,,,,,,,,,,,,,,,,,,,,,raw,0,0,native_grid_planar_fractional,True,1,9.96165200001542,private-reference/7f95d8b16dfae22e/00347.json.gz,0,True,0,0,0,0,0,1060,0.06199500001002889,d465def57fae7479bd4c661eef066e439ba015c938a58cc0d5ff214af3707011,5770145,skarve_normalized_f64_v1,0.45656099996449484,520315093483,,True,68.13623999994434,private-reference/015c2facb796730d/00347.json.gz,b48613d79c4d835b5975379cd02deb50bdc8574bded4db939213ad1e4033c4d5,8
348,analytical40-1025x1031-A-1-local-native-skv-summary,analytical40-1025x1031,A,local,1,native-skv-summary,skv,13.11764900003709,122.57922800006327,0.06494797899999999,0.12163599999999519,58535936,2147483648,native,1,analytical40-1025x1031|A|local,0.1779780000106257,520482771217,20.40327800000341,33.91028499993354,null,True,24731327,analytical40-1025x1031|A|1,0.0005809999947814504,,,,,,,,,,,,,,,,,,,,,,,,,,,,,,,,,,,,,,,,,,,,,,,,,,,,,,,,,,,,,,,,,,,,,,False,,,,,,skv,,,,False,,16384,0,0,0,0,0.0,0.0,0,0,0,0,0,0,1.9680979999999995,28,321360,0,0.0,0.0,2880,11584,603090,68,458752,0.104031,4128768,4133668,0,0,28,458752,0.005804999999999999,0.781117,0,13,321360,1.5804239999999998,65536,2293760,265346,1.1242079999999997,24,0,source_handle_lifetime,False,,,,,,,,,,,,,,,,,9742336,False,pinned_file_stat,local,,,,,,,,,,,,,,,,,,,,,67108864,,,,,,,4148228,3670016,,,,,,,,,,,,,,,128,28,,,,,0.0,0.0,,,,,,0.781117,,5.1342289999999995,,,,0.0,,12.141751,,,,,,,,,,,,,,,,,,,,,,,,,,,1,0,0,0,False,28,146889793,73,,,36,False,,,,,,398203,28,,,,,24,,24,36,summary,,,native_grid_planar_fractional,True,1,12.565120999965984,private-reference/069eb0636ed985dc/00348.json.gz,0,True,0,0,0,0,0,140,0.06315600001016719,acf0aa5bd7bc7b148855f79ff60ed369d76381ee8c619a1294380c8c784c473a,24731327,skarve_normalized_f64_v1,0.483612000039102,520469652957,,True,65.37838099995952,private-reference/b7ca723ea13f9b10/00348.json.gz,2e04f4683b1ed552541c0d89397a7e9e1e0316523b95252ea1cfaececd991e1e,1
349,real-age36-D-1-local-native-cog,real-age36,D,local,1,native-cog,cogband128,358.69395199995324,489.470122000057,0.42044983399999997,0.48840300000000525,140419072,2147483648,native,36,real-age36|D|local,1.4016730000321331,520996763479,25.272162999954162,385.70807499991133,null,True,27889906,real-age36|D|1,0.0008210000714825583,,,1497376,288,32,0.002675,32768,1.1122899999999998,0,84934656,67108864,7,0,0,0.49442200000000003,66111319,75497472,0.031411,658864,0,8,f9c804f4bbe2085423ae54bcdc6b2b8b95cb5ec97d5c6a5a659d9c958d71075c,16,0.001252,,,,,,,230.11324199999999,0.037168,,,,,,,0,0,0,0,0,0,0,347.28983200000005,16.616106,0,0.024935999999999996,8,0.00046100000000000004,337745532,,1152,16899840,160.262543,6.450227000000001,1,114.78982099999999,0.6233580000000001,156708,0,0,0,0,0,0,0,,,,,,,,,,,,,,,,,,,,,,,,,,,,,,,,,,,,,,,,,,,,,,,,,,,,,,,,,,,,,,,,,,,,,,,,,,,,,,,,,,,,,,,,,,,,,0.001493,1,0,0,,,,,,,,,,,,,,,,,,,,,,,,,,,,,0,0,,,,,,,,,,,,,,,,,,,0,,,,,,,,,,,,,,,,,,,0.094725,0,0.0,0,32,,,,,,,,,,,,,,,,,,,,,,,,,,,,,,0,0,native_grid_planar_fractional,True,1,349.62958299990987,private-reference/14f7936a73ffbf01/00349.json.gz,0,True,0,0,0,0,0,32464,0.555995000013354,5d245bafefa7e2c75db0534640a9a4216d266276c251480c4f58b76cec0d89af,27889906,skarve_normalized_f64_v1,8.50250300004518,520638069127,,True,420.9727169999269,private-reference/2c5b9c4e25c3f458/00349.json.gz,21a84b162367d4b5f26fec6c25323b006999341effc9d6026909e38f482309d9,8
350,analytical36-C-0-local-native-cog,analytical36,C,local,0,native-cog,cogband128,267.6608379999834,387.33181800000693,0.326571082,0.3861169999999845,153710592,2147483648,native,36,analytical36|C|local,8.39800800008561,521425772694,18.425942000021678,294.6990560000131,null,True,6142678,analytical36|C|0,0.0013420000186670222,,,,,,,,,,,,,,,,,,,,,,,,,,,,,,,,,,,,,,,,,,,,,,,,,,,,,,,,,,,,,,,,,,,,,16777216,,0,0.05277,1,8,0,,0,shared_only_for_identical_data_and_mask_block_footprints_then_flushed_on_transition_or_window_exit,trusted_manifest,,local_original,,,,,,,,,,,,,,,,,,,,,,,,,,,,,,,,,,,,,,,,,,,,,,False,,,,,,,,,,,,,,,,,,,,,,,,,,,,,,,,,,,,,,0,84934656,67108864,6,21238334,2,0,0,8,63715002,75497472,,11798479,0,0,0,0,258240,268435456,,288,377416,0,,67108864,256,8,4,,,17.564838,,,2.469046,0.074051,,,233.37796100000003,15.247148999999999,0.037079999999999995,199.24429199999997,,,0.014698000000000001,0.0,,251.440086,0.038474,,,,,,,,,,,,,,,,,,,,,,,,,,,,,,,,,,,,,,,,,,,,,,,,,,,,,,,,native_grid_planar_fractional,True,1,252.00970900004904,private-reference/8d2423edc6801cf7/00350.json.gz,0,True,0,0,0,0,0,4000,0.12886499996511702,d899d2044a51304c17e4b8f724741943ca7c4792a86bf0124c26ca94bd8d8315,6142678,skarve_normalized_f64_v1,15.515701000026638,521158111726,,True,327.07990500000506,private-reference/274316b149b41506/00350.json.gz,e41df8a17133a92a769da3d451d1c477569b8c277fd4b50118667937e9e7cfce,1
351,analytical40-1025x1031-C-1-http0-natural-ee,analytical40-1025x1031,C,http0,1,natural-ee,cogband128,1130.4920919999404,1323.7030389999518,1.112518693,1.1975549999999942,228638720,2147483648,upstream,40,analytical40-1025x1031|C|http0,0.5968200000552315,522771522591,,1132.677230000013,null,True,26442685,analytical40-1025x1031|C|1,,,,,,,,,,,,,,,,,,,,,,,,,,,,,,,,,,,,,,,,,,,,,,,,,,,,,,,,,,,,,,,,,,,,,,,,,,,,,,,,,,,,,,,,,,,,,,,,,,,,,,,,,,,,,,,,,,,,,,,,,,,,,,,,,,,,,,,,,,,,,,,,,,,,,,,,,,,,,,,,,,,,,,,,,,,,,,,,,,,,,,,,,,,,,,,,,,,,,,,,,,,,,,,,,,,,,,,,,,,,,,,,,,,,,,,,,,,,,,,,,,,,,,,,,,,,,,,,,,,,,,,,,,feature-sequential,,,exactextract_fractional_v030,True,,1112.8967930000044,private-reference/093254c7a6aa0bdf/00351.json.gz,26786749,True,277,1,26786749,278,278,4399,0.15475600002901047,918cf94dac95b5bc96bcce8fa7cc14d8211fdecff1cca9d72b85da403836074d,26442685,,17.437065999956758,521641030558,,True,1238.200570999993,private-reference/81810d30d8694674/00351.json.gz,b6736170b655ae1f7ec1d270cbdd53a11657900e47ada46d5f04aa6db698790f,1
352,real-age36-B-1-local-native-rsi64,real-age36,B,local,1,native-rsi64,cogband128,26.166901000010512,133.6381700000402,0.07867959199999999,0.13280300000002399,71852032,2147483648,native,1,real-age36|B|local,0.17184199998609984,522978678616,20.981204000008802,47.91266600000199,null,True,28148818,real-age36|B|1,0,,,45576,8,50,0.001824,32768,1.434002,0,1843200,67108864,0,0,0,0.049020000000000015,1877950,1638400,0.002723000000000002,1012288,0,8,cc4f6bda2be4cb9ea379c2eb62d3b6176296f548ca1a6913cd363839f85bef7f,64,0.0012619999999999999,,,,,,,12.957391999999997,0.036748,,,,,,,0,0,0,0,0,0,0,16.787992000000003,0.35656200000000005,0,0.004763,8,0.00033099999999999997,202429888,,100,235968,11.104213999999999,0.19599700000000003,1,1.720773,0.035612000000000005,4452,0,0,0,0,0,0,0,,,,,,,,,,,,,,,,,,,,,,,,,,,,,,,,,,,,,,,,,,,,,,,,,,,,,,,,,,,,,,,,,,,,,,,,,,,,,,,,,,,,,,,,,,,,,0.001423,1,0,0,,,,,,,,,,,,,,,,,,,,,,,,,,,,,57,36,,,,,,,,,,,,,,,,,,,0,,,,,,,,,,,,,,,,,,,0.15667,0,0.0,0,50,,,,,,,,,,,,,,,,,,,,,,,,,,,,,index64,0,0,native_grid_planar_fractional,True,1,17.359174000034727,private-reference/c3ef6e4a69923817/00352.json.gz,0,True,0,0,0,0,0,1124,0.04620700008217682,a3ba031d3788621800950943579f5eab46d6bdbeb6ec71f27b742a767f11bc3f,27889906,skarve_normalized_f64_v1,8.75651800004107,522952511975,,True,79.10354099999495,private-reference/6d9d380c1fe462f3/00352.json.gz,c0ebc265c6ab6372fbd827e989f9a4a45efb3712deb179f6222df25adbc34ffe,8
353,real-age36-A-0-local-natural-ee,real-age36,A,local,0,natural-ee,cogband128,22.987571999919965,213.41080699994563,0.137670001,0.21274999999997135,84291584,2147483648,upstream,1,real-age36|A|local,0.09366699998736294,523212930603,,24.753091000093264,null,True,27889906,real-age36|A|0,,,,,,,,,,,,,,,,,,,,,,,,,,,,,,,,,,,,,,,,,,,,,,,,,,,,,,,,,,,,,,,,,,,,,,,,,,,,,,,,,,,,,,,,,,,,,,,,,,,,,,,,,,,,,,,,,,,,,,,,,,,,,,,,,,,,,,,,,,,,,,,,,,,,,,,,,,,,,,,,,,,,,,,,,,,,,,,,,,,,,,,,,,,,,,,,,,,,,,,,,,,,,,,,,,,,,,,,,,,,,,,,,,,,,,,,,,,,,,,,,,,,,,,,,,,,,,,,,,,,,,,,,,feature-sequential,,,exactextract_fractional_v030,True,,15.403313999968304,private-reference/70d61ba91de60dc0/00353.json.gz,0,True,0,0,0,0,0,147,0.05214999998770509,88be374eea12a8209c0ad47ca3c07231e9113e58c36ff4e27b983f78a8b31e73,27889906,,7.529192999982115,523189943251,,True,137.88324200004354,private-reference/79f71f1d4cff374a/00353.json.gz,eb9ccd86a42b1c1b0b1bede4539f63a2dc48fd3b0df8ac8c87013cf805c57ac0,1
354,real-age36-A-1-local-native-cog,real-age36,A,local,1,native-cog,cogband128,17.58953000000929,128.85606999998345,0.07211851,0.12800400000000423,72114176,2147483648,native,1,real-age36|A|local,0.4996160000700911,523397793707,21.291689999998198,39.734853000027215,null,True,27889906,real-age36|A|1,0.0023950000240802183,,,,,,,,,,,,,,,,,,,,,,,,,,,,,,,,,,,,,,,,,,,,,,,,,,,,,,,,,,,,,,,,,,,,,16777216,,0,0.051736,1,4,0,,0,shared_only_for_identical_data_and_mask_block_footprints_then_flushed_on_transition_or_window_exit,trusted_manifest,,local_original,,,,,,,,,,,,,,,,,,,,,,,,,,,,,,,,,,,,,,,,,,,,,,False,,,,,,,,,,,,,,,,,,,,,,,,,,,,,,,,,,,,,,0,2359296,67108864,4,0,0,0,0,4,2362076,2097152,,590135,0,0,0,0,257088,268435456,,8,14466,0,,67108864,256,4,4,,,0.460224,,,0.010631,0.162333,,,6.8689599999999995,0.49348400000000003,0.06303,5.786039000000001,,,0.024831,0.0,,7.7429760000000005,0.041896,,,,,,,,,,,,,,,,,,,,,,,,,,,,,,,,,,,,,,,,,,,,,,,,,,,,,,,,native_grid_planar_fractional,True,1,8.298534999994445,private-reference/50f589936573e46c/00354.json.gz,0,True,0,0,0,0,0,147,0.04700599993157084,9b3de538e6269d30bc4fc33ff1fa2d1806352d652f4413ee5b2984b345d15f82,27889906,skarve_normalized_f64_v1,9.237144000053377,523380205901,,True,72.45605800005706,private-reference/1e746d17c29be700/00354.json.gz,cb06110ca7dc2cfa80184780c90104692c578475400eb3a5fc1173f7a8ec40e9,1
355,analytical40-1025x1031-C-2-http0-native-skv-raw,analytical40-1025x1031,C,http0,2,native-skv-raw,skv,580.931789000033,705.8280309998963,0.611573218,0.6768990000000201,132976640,2147483648,native,40,analytical40-1025x1031|C|http0,4.3400460000384555,524127895634,20.374060999984067,605.8910680000054,null,True,24731327,analytical40-1025x1031|C|2,0.0013420000186670222,,,,,,,,,,,,,,,,,,,,,,,,,,,,,,,,,,,,,,,,,,,,,,,,,,,,,,,,,,,,,,,,,,,,,,False,,,,,,skv,,,,False,,16384,0,0,0,0,0.0,0.0,0,0,0,2560,32,0,91.26020899999975,2560,395520,42,0.0,0.0,3686400,11584,24218807,39,41943040,0.103352,377487360,377545072,0,0,16,41943040,0.06389,160.14612799999998,0,2554,395520,74.11654900000005,65536,209715200,23806903,85.19619200000001,0,0,source_handle_lifetime,False,,,24218807,4194304,0,33,0,0,38,3858519,3723326,0,39,2,24218807,41,9742336,False,strong_etag_conditional_ranges,http,24218807,4194304,0,33,0,0,38,3858519,3723326,0,39,2,24218807,41,,,,,0,377487360,67108864,2,330361010,14,0,0,16,47194430,335544320,,23596703,24202423,38,2,40,630624,268435456,,32,418896,0,,67108864,256,16,16,,,85.08690299999999,,,3.6718380000000006,0.228309,,,488.8166559999999,160.14612799999998,0.312531,296.758646,,,1.625673,0.0,,577.364728,0.012746,,,,,,,,,,,,,,,,,,,,,,,,,,,,,,,,,,,,,,,,,,,,,,,,,,,,,raw,24218807,41,native_grid_planar_fractional,True,1,578.2893030000196,private-reference/48bf853a39ec7d55/00355.json.gz,24218807,True,39,2,24218807,41,41,4392,0.1658090000091761,ac14431e595cf0df4b69f51d7c381c2086f1ac292aa6ad1c1b6b84ce03955fd4,24731327,skarve_normalized_f64_v1,2.46884900002442,523546963425,,True,639.9699620000092,private-reference/5ff6297d55222e84/00355.json.gz,5ec0474891704fc5e8fb8ec94e51da7a54846b04fa07318efbd91ec5cc78e3c9,1
356,analytical40-1025x1031-B-2-local-native-rsi64,analytical40-1025x1031,B,local,2,native-rsi64,cogband128,55.32991200004744,179.64265599994178,0.11567396099999999,0.17881399999998848,77885440,2147483648,native,1,analytical40-1025x1031|B|local,0.2973790000169174,524354179356,25.4964089999703,81.45124199995735,null,True,27254333,analytical40-1025x1031|B|2,0,,,45576,8,117,0.0027559999999999998,32768,4.367984,0,4148928,67108864,0,0,0,0.1888709999999999,4232115,3687936,0.006684000000000003,3236896,0,8,e6d5ce6757f597b4aaeb2c0c68bca5303ef231a3ccc31db62e9d9c5875e79137,261,0.001383,,,,,,,27.470164,0.044020000000000004,,,,,,,0,0,0,0,0,0,0,38.134667,0.6434790000000004,0,0.005520999999999998,8,0.000501,204654596,,234,488605,23.31937499999999,0.28425499999999987,1,3.947529000000003,0.051795,9183,0,0,0,0,0,0,0,,,,,,,,,,,,,,,,,,,,,,,,,,,,,,,,,,,,,,,,,,,,,,,,,,,,,,,,,,,,,,,,,,,,,,,,,,,,,,,,,,,,,,,,,,,,,0.001624,1,0,0,,,,,,,,,,,,,,,,,,,,,,,,,,,,,374,199,,,,,,,,,,,,,,,,,,,0,,,,,,,,,,,,,,,,,,,0.24418099999999998,0,0.0,0,117,,,,,,,,,,,,,,,,,,,,,,,,,,,,,index64,0,0,native_grid_planar_fractional,True,1,39.11286300001393,private-reference/03d6ee10c5967c34/00356.json.gz,0,True,0,0,0,0,0,1030,0.06029400003626506,cb135e0acf4431712e46430ec4145f49eb75a5a19587633d55a73e6626e276f1,26442685,skarve_normalized_f64_v1,16.148529000020062,524298849464,,True,116.00588700002845,private-reference/c258a02a6ccb1ec8/00356.json.gz,22a6154d01e575a350b00f7c8be3e75df2773c2e43c5d6d8ca8806dde973e02d,8
357,analytical40-1025x1031-D-0-http0-native-rsi64,analytical40-1025x1031,D,http0,0,native-rsi64,cogband128,2907.8872979999915,3039.8804419999124,2.302748503,2.374241000000012,154841088,2147483648,native,40,analytical40-1025x1031|D|http0,1.5990950000741577,527421746825,22.857641000086915,2932.540126000049,null,True,27254333,analytical40-1025x1031|D|0,0,,,833696,320,234,0.002385,65536,4.612373,0,165957120,67108864,139,0,0,4.779577000000002,66996945,147517440,0.14321599999999998,3225712,8,8,fa943ad14ea8016e1abe65a5f32fc0b307589732488fbe9f1c48b5843019f612,261,0.003557,,,,,,,2460.0526830000017,0.046646,,,,,,,0,0,0,19603592,2055,4,2059,2874.297611,29.751781999999984,0,0.030833999999999986,16,0.000761,205464964,,9360,19447720,2355.5122590000005,16.782685000000004,2,150.42460399999996,0.7045589999999999,365920,0,0,0,0,0,0,0,,,,,,,,,,,,,,,,,,,,,,,,,,,,,,,,,,,,,,,,,,,,,,,,,,,,,,,,,,,,,,,,,,,,,,,,,,,,,,,,,,,,,,,,,,,,,0.011084,2,0,0,,,,,,,,,,,,,,,,,,,,,,,,,,,,,748,398,,,,,,,,,,,,,,,,,,,2640,,,,,,,,,,,,,,,,,,,6.028068,0,0.0,0,234,,,,,,,,,,,,,,,,,,,,,,,,,,,,,index64,19603592,2059,native_grid_planar_fractional,True,2,2877.4792140000045,private-reference/5995fe0474ccc04a/00357.json.gz,20081104,True,2469,10,20081104,2479,2479,32796,0.6837949999862758,a7389146e4f56e6ee457a9ed39c6f9e8a5faf8be467c066635197793e46d52a4,26442685,skarve_normalized_f64_v1,29.71882800000003,524513859506,,True,2967.984193999996,private-reference/bdee726171802dc5/00357.json.gz,84a500f69793f5bef78dfabc54f5174383e5c40c13eca425f3ea6f0209c6d415,8
358,analytical36-B-1-local-native-rsi256,analytical36,B,local,1,native-rsi256,cogband128,28.105720999974437,146.95605700001124,0.085476051,0.14618999999999005,75096064,2147483648,native,1,analytical36|B|local,0.348370999972758,527654487379,23.445660999982465,52.17890200003694,null,True,6294806,analytical36|B|1,0,,,45576,8,5,0.002235,32768,1.0121950000000002,0,2375424,67108864,0,0,0,0.015099999999999999,2378979,2111488,0.0010220000000000001,511168,0,8,d4bd1a5dea09d3f7def9241c1251866253189fe02efcf68a0a96ab80b8c77b46,5,0.001533,,,,,,,6.6536219999999995,0.052057,,,,,,,0,0,0,0,0,0,0,11.373263,0.393603,0,0.004628999999999999,8,0.000391,201928884,,10,477274,5.47989,0.129553,1,3.270381,0.057538,2307,0,0,0,0,0,0,0,,,,,,,,,,,,,,,,,,,,,,,,,,,,,,,,,,,,,,,,,,,,,,,,,,,,,,,,,,,,,,,,,,,,,,,,,,,,,,,,,,,,,,,,,,,,,0.002425,1,0,0,,,,,,,,,,,,,,,,,,,,,,,,,,,,,0,0,,,,,,,,,,,,,,,,,,,0,,,,,,,,,,,,,,,,,,,0.291144,0,0.0,0,5,,,,,,,,,,,,,,,,,,,,,,,,,,,,,index256,0,0,native_grid_planar_fractional,True,1,12.173125000003893,private-reference/330e6dc013493243/00358.json.gz,0,True,0,0,0,0,0,1028,0.0597519999701035,d12c50ef5f2eb483307595d687307a30b603990fff77734d225f99dfee78473e,6142678,skarve_normalized_f64_v1,15.863877000015236,527626381268,,True,85.68630700005997,private-reference/cc40080424a03dce/00358.json.gz,6f74ed7806d49743630bd23791a11d43384180f0f4503363f3e0dd3311825421,8
359,analytical36-B-2-http0-native-rsi64,analytical36,B,http0,2,native-rsi64,cogband128,77.52284599996528,195.1071299999967,0.11494278,0.17617799999999306,76185600,2147483648,native,1,analytical36|B|http0,0.47041799996350164,527889706659,21.48905400008516,99.80786000005537,null,True,6454230,analytical36|B|2,0,,,45576,8,52,0.002084,32768,1.398037,0,1818432,67108864,0,0,0,0.14298400000000006,1855404,1616384,0.007088,1018528,0,8,1eb1e9ced1cffe58c84399e68de436938f671ea4d883f90e0a32f554e679767f,67,0.0018139999999999999,,,,,,,27.075016,0.032465999999999995,,,,,,,0,0,0,170854,20,2,22,53.961872,0.3170830000000001,0,0.0045390000000000005,8,0.000451,202435952,,104,242621,25.776078000000002,0.14608200000000002,1,2.1422820000000007,0.056604,4490,0,0,0,0,0,0,0,,,,,,,,,,,,,,,,,,,,,,,,,,,,,,,,,,,,,,,,,,,,,,,,,,,,,,,,,,,,,,,,,,,,,,,,,,,,,,,,,,,,,,,,,,,,,0.0033469999999999997,1,0,0,,,,,,,,,,,,,,,,,,,,,,,,,,,,,58,37,,,,,,,,,,,,,,,,,,,34,,,,,,,,,,,,,,,,,,,2.7025110000000003,0,0.0,0,52,,,,,,,,,,,,,,,,,,,,,,,,,,,,,index64,170854,22,native_grid_planar_fractional,True,1,54.685736000010365,private-reference/a05d9890b69a0436/00359.json.gz,268262,True,65,5,268262,70,70,1060,0.061315000039030565,d465def57fae7479bd4c661eef066e439ba015c938a58cc0d5ff214af3707011,6142678,skarve_normalized_f64_v1,22.770683999965513,527812183633,,True,133.52356199993665,private-reference/91e6c45bd73aab30/00359.json.gz,1129d3def22775571519658542c17aa3a421272deb2204698d06e6d985d4d04e,8
360,analytical40-1025x1031-C-2-local-natural-ee,analytical40-1025x1031,C,local,2,natural-ee,cogband128,835.0222679999888,1051.7010320000963,0.96519949,1.05072100000001,207167488,2147483648,upstream,40,analytical40-1025x1031|C|local,3.8064829999484573,528950131013,,840.8142800000178,null,True,26442685,analytical40-1025x1031|C|2,,,,,,,,,,,,,,,,,,,,,,,,,,,,,,,,,,,,,,,,,,,,,,,,,,,,,,,,,,,,,,,,,,,,,,,,,,,,,,,,,,,,,,,,,,,,,,,,,,,,,,,,,,,,,,,,,,,,,,,,,,,,,,,,,,,,,,,,,,,,,,,,,,,,,,,,,,,,,,,,,,,,,,,,,,,,,,,,,,,,,,,,,,,,,,,,,,,,,,,,,,,,,,,,,,,,,,,,,,,,,,,,,,,,,,,,,,,,,,,,,,,,,,,,,,,,,,,,,,,,,,,,,,feature-sequential,,,exactextract_fractional_v030,True,,818.3846180000955,private-reference/36e15ff7fb69a210/00360.json.gz,0,True,0,0,0,0,0,4421,0.17871299996841117,4168f672772fe83ed290f80dd95245d27d5255023e118bf7e69cca88fb6184c4,26442685,,16.454467000016848,528115108094,,True,965.4663100000107,private-reference/06898e28b6352e82/00360.json.gz,a2cc54e0508377edea975bf721e15bb4a653c6b355846b4479f509a3554ae06f,1
361,analytical36-D-1-http0-native-cog,analytical36,D,http0,1,native-cog,cog128,479.4667379999282,610.1488289999679,0.524260038,0.5951649999999802,155918336,2147483648,native,36,analytical36|D|http0,2.9823809999243167,529611277459,21.780170000056387,504.5375539999668,null,True,9387192,analytical36|D|1,0.001964000034604396,,,1497376,288,36,0.001824,32768,0.959477,0,85515264,67108864,7,0,0,0.5688389999999999,66708435,76013568,0.021499000000000008,660976,0,8,55fae16001e91e77d565559d82f70bd8f181df86ff6de7de5fa0cf640b046bde,18,0.0008420000000000001,,,,,,,325.622157,0.040732000000000004,,,,,,,0,0,0,9229761,19,2,21,453.072634,14.478070999999998,0,0.029340999999999996,8,0.000391,337747748,,1296,17181864,270.887472,6.4460549999999985,1,124.37284999999999,0.38062100000000004,157392,0,0,0,0,0,0,0,,,,,,,,,,,,,,,,,,,,,,,,,,,,,,,,,,,,,,,,,,,,,,,,,,,,,,,,,,,,,,,,,,,,,,,,,,,,,,,,,,,,,,,,,,,,,0.003567,1,0,0,,,,,,,,,,,,,,,,,,,,,,,,,,,,,0,0,,,,,,,,,,,,,,,,,,,18,,,,,,,,,,,,,,,,,,,1.250918,0,0.0,0,36,,,,,,,,,,,,,,,,,,,,,,,,,,,,,,9229761,21,native_grid_planar_fractional,True,1,455.3068569999823,private-reference/a8e0903753058e6f/00361.json.gz,9236769,True,26,4,9236769,30,30,28867,0.4908260000320297,59b57f77bcbfc3eeb1e510375e2bb4e8862f43dfc1abc1a2806921a6fa4d3ee3,9387192,skarve_normalized_f64_v1,23.662420999926326,529131811373,,True,538.8714260000143,private-reference/dd568cb994fb4407/00361.json.gz,e1209731ded2374851fc854f41317e17244dd486841a59ecd1fba35c2d4d8797,8
362,worldpop1-B-2-local-native-tiff,worldpop1,B,local,2,native-tiff,ordinary,1168.0444159999297,1286.1726550000867,1.2258552839999999,1.2851170000000138,86765568,2147483648,native,1,worldpop1|B|local,0.2591140000731684,530959620917,24.967326000023604,1193.5735890000387,null,True,18084641,worldpop1|B|2,0.0015630000689270673,,,45576,8,81,0.002635,32768,3.44441,0,11943936,67108864,0,0,0,0.6835509999999999,12000231,10616832,0.08148000000000004,1992496,0,8,d9f73d3fd12438f673af7cffe620b04c9dcbca5f171483f6d96f1c84649c69c7,81,0.001473,,,,,,,1142.9394200000002,0.061834999999999994,,128,19648,False,128,128,0,0,0,0,0,0,0,1158.642289,2.806092000000001,0,0.005482999999999999,8,0.000401,337647092,,162,2003838,1094.494039,2.1003309999999997,1,11.441952,0.07913,19250,0,0,0,0,0,0,0,,,,,,,,,,,,,,,,,,,,,,,,,,,,,,,,,,,,,,,,,,,,,,,,,,,,,,,,,,,,,,,,,,,,,,,,,,,,,,,,,,,,,,,,,,,,,0.002124,1,0,0,,,,,,,,,,,,,,,,,,,,,,,,,,,,,0,0,,,,,,,,,,,,,,,,,,,0,,,,,,,,,,,,,,,,,,,0.041674,0,0.009139,0,81,,,,,,,,,,,,,,,,,,,,,,,,,,,,,,0,0,native_grid_planar_fractional,True,1,1159.535807999987,private-reference/2a17e2c8bb75ec2e/00362.json.gz,0,True,0,0,0,0,0,1240,0.0668550000000323,ae861dc4801af35ca6376dd8cf332a700265b4f0daf25e4721ef113acc83f37f,18084641,skarve_normalized_f64_v1,8.42275399998016,529791576702,,True,1226.4120869999715,private-reference/1bd0f986fa996d1b/00362.json.gz,288c59113aaae9321fb1e2f20310eb0f7a67eeb170f5247dc527b47b9901578c,8
363,real-age36-A-1-local-natural-ee,real-age36,A,local,1,natural-ee,cogband128,21.36997100001281,215.98402899996927,0.142204217,0.2152110000000107,84406272,2147483648,upstream,1,real-age36|A|local,0.1281289999042201,531204617973,,23.395118000053117,null,True,27889906,real-age36|A|1,,,,,,,,,,,,,,,,,,,,,,,,,,,,,,,,,,,,,,,,,,,,,,,,,,,,,,,,,,,,,,,,,,,,,,,,,,,,,,,,,,,,,,,,,,,,,,,,,,,,,,,,,,,,,,,,,,,,,,,,,,,,,,,,,,,,,,,,,,,,,,,,,,,,,,,,,,,,,,,,,,,,,,,,,,,,,,,,,,,,,,,,,,,,,,,,,,,,,,,,,,,,,,,,,,,,,,,,,,,,,,,,,,,,,,,,,,,,,,,,,,,,,,,,,,,,,,,,,,,,,,,,,,feature-sequential,,,exactextract_fractional_v030,True,,14.141487999950186,private-reference/e0514763583ab5b7/00363.json.gz,0,True,0,0,0,0,0,148,0.05645500004902715,4d62e4062d54a3b3f202150e9892b26049136785f9eb263d04be6f8ff37df14f,27889906,,7.16931299996304,531183248113,,True,142.31165400008194,private-reference/997f12aa6e31ae2b/00363.json.gz,d705ec9d4aaaf6501e654bfd50ecbb0cc2d93f5ac257fc47f6a242ff2ae42b54,1
364,analytical36-B-0-local-native-skv-raw,analytical36,B,local,0,native-skv-raw,skv,11.115466999967794,123.30349299998034,0.066592863,0.12243399999999838,56778752,2147483648,native,1,analytical36|B|local,0.1801339999474294,531381815142,21.278907000009895,32.802328999991914,null,True,5770145,analytical36|B|0,0.0008009999419300584,,,45576,8,18,0.002315,32768,1.573594,0,2375424,67108864,0,0,0,0.047640999999999996,2387934,2111488,0.001715,658576,0,8,c26f6ae2c19d5b33bd167e37cf1eb964c233070551772bea959dc7a7bb02b16b,18,0.000892,,,,,,,4.488284,0.047576,,128,7552,False,128,128,0,0,0,0,0,0,0,9.815236,0.412023,0,0.004920999999999999,8,0.000641,329265948,,18,474119,3.7565389999999996,0.13067,1,3.542792,0.048898000000000004,4359,0,0,0,0,0,0,0,,,,,,,,,,,,,,,,,,,,,,,,,,,,,,,,,,,,,,,,,,,,,,,,,,,,,,,,,,,,,,,,,,,,,,,,,,,,,,,,,,,,,,,,,,,,,0.0054009999999999996,1,0,0,,,,,,,,,,,,,,,,,,,,,,,,,,,,,0,0,,,,,,,,,,,,,,,,,,,0,,,,,,,,,,,,,,,,,,,0.052797000000000004,0,0.004699,0,18,,,,,,,,,,,,,,,,,,,,,,,,,,,,,raw,0,0,native_grid_planar_fractional,True,1,10.54246699993655,private-reference/4a1971e152ae73fd/00364.json.gz,0,True,0,0,0,0,0,1018,0.06191500006025308,ca14ceabda820a34951c21e56b493ed8c56bd09015c599a5760be04ef843460e,5770145,skarve_normalized_f64_v1,0.5057229999465562,531370699225,,True,66.95452700000715,private-reference/fb26ff323416b012/00364.json.gz,4b5556aeda9e1799b44861197db5f5ff49fc6696d77876e4b988b266552f1af6,8
365,analytical36-C-1-local-natural-ee,analytical36,C,local,1,natural-ee,cogband128,282.1733610001047,490.00221400001465,0.410304339,0.4893079999999941,165707776,2147483648,upstream,36,analytical36|C|local,8.468901000014739,531877525284,,292.5557319999825,null,True,6142678,analytical36|C|1,,,,,,,,,,,,,,,,,,,,,,,,,,,,,,,,,,,,,,,,,,,,,,,,,,,,,,,,,,,,,,,,,,,,,,,,,,,,,,,,,,,,,,,,,,,,,,,,,,,,,,,,,,,,,,,,,,,,,,,,,,,,,,,,,,,,,,,,,,,,,,,,,,,,,,,,,,,,,,,,,,,,,,,,,,,,,,,,,,,,,,,,,,,,,,,,,,,,,,,,,,,,,,,,,,,,,,,,,,,,,,,,,,,,,,,,,,,,,,,,,,,,,,,,,,,,,,,,,,,,,,,,,,feature-sequential,,,exactextract_fractional_v030,True,,264.5723050000015,private-reference/69224588629d96c6/00365.json.gz,0,True,0,0,0,0,0,4002,0.22040600003947475,ebd4ef59b2169460c34a1e3380f507b138a3f33c9df9d2c4c9c3d1773cb7ac50,6142678,,17.375891000028787,531595351031,,True,410.42433799998435,private-reference/6eb357e9808253c2/00365.json.gz,82f1b1e08f5e7be119f9690d7038fc769d69342465f43e3a231c32d3e6ce42d4,1
366,analytical36-A-1-local-native-rsi256,analytical36,A,local,1,native-rsi256,cogband128,30.201247000036346,151.85718800000814,0.089676126,0.15095100000002049,75116544,2147483648,native,1,analytical36|A|local,0.27674900002239156,532096203914,22.194706999925984,52.96139699999003,null,True,6294806,analytical36|A|1,0.4473239999924772,,,,,,,,,,,,,,,,,,,,,,,,,0,0,0,0,2359296,4,,,,,,,,,,,,,,,,,,,,,,,True,,,,,,,,,,,,,,,,16777216,,0,0.05949,1,4,0,,0,shared_only_for_identical_data_and_mask_block_footprints_then_flushed_on_transition_or_window_exit,trusted_manifest,,local_original,,,,,,,,,,,,,,,,,,,,,,,,,,,,,,,,,,,,,,,,,,,,,,False,,,,,,,,,,,,,,,,,,,,,,,,,,,,,,,,,,,,,,,,,,,,,,,,,,,,,,,,,,,,,,,,,,,,,,,,,0.00021,0.010882,,,,,12.048399,exclusive partition of this query call; source post-validation is in remaining execution; FFI envelope and transport subspans are not added to this partition,,,0.018788,12.078279,,,,2096:708333:74944:1789305352:685524483:1789305352:685524483,local,,,,,,,,,,,,,,,,,,,,,0,,,,,,4,4703297,9,True,0,0,False,3,74944,1,False,0,232315,4,134217728,0,0,0,0,0,,0,index256,,,native_grid_planar_fractional,True,1,12.444348000030914,private-reference/fff5f60506142701/00366.json.gz,0,True,0,0,0,0,0,142,0.06276700003127189,2396f5f00370dce99e7cb635589e0cea5188c4efa1d3b49f8b67a31975ca64dc,6142678,skarve_normalized_f64_v1,17.236447999948723,532066002586,,True,90.07078199999796,private-reference/6783cd54803f9b39/00366.json.gz,99514328c1384d283270af2ff3fce667b36756da89c294b04faeb4f1a2b8e178,1
367,analytical36-B-0-http0-native-skv-raw,analytical36,B,http0,0,native-skv-raw,skv,27.83462200000031,138.57306099998823,0.07587337799999999,0.1313759999999604,58617856,2147483648,native,1,analytical36|B|http0,0.36344099999041646,532274995702,19.881963000102587,48.31723500001317,null,True,5770145,analytical36|B|0,0.0006720000556015293,,,45576,8,18,0.001834,32768,1.4548290000000001,0,2375424,67108864,0,0,0,0.11048100000000002,2387934,2111488,0.002897,658576,0,8,c26f6ae2c19d5b33bd167e37cf1eb964c233070551772bea959dc7a7bb02b16b,18,0.0009620000000000001,,,,,,,18.285970000000006,0.03427,,128,7552,False,128,128,0,0,0,284706,20,2,22,25.157325,0.53987,0,0.005006,8,0.00048100000000000004,329265948,,18,474119,17.451246,0.157338,1,4.150627000000001,0.080216,4359,0,0,0,0,0,0,0,,,,,,,,,,,,,,,,,,,,,,,,,,,,,,,,,,,,,,,,,,,,,,,,,,,,,,,,,,,,,,,,,,,,,,,,,,,,,,,,,,,,,,,,,,,,,0.009219,1,0,0,,,,,,,,,,,,,,,,,,,,,,,,,,,,,0,0,,,,,,,,,,,,,,,,,,,0,,,,,,,,,,,,,,,,,,,1.006409,0,0.003978,0,18,,,,,,,,,,,,,,,,,,,,,,,,,,,,,raw,284706,22,native_grid_planar_fractional,True,1,25.77495299999555,private-reference/082feaaf9635e67d/00367.json.gz,301090,True,21,2,301090,23,23,1018,0.05786700000953715,ca14ceabda820a34951c21e56b493ed8c56bd09015c599a5760be04ef843460e,5770145,skarve_normalized_f64_v1,1.9958000000315224,532247160579,,True,82.63028199996825,private-reference/1979ca8be7c9a49c/00367.json.gz,0e43c8e43b8da5f159b56fbace710e9c1b3d87bd37d439c7dbf1116fbacce4f1,8
368,worldpop1-B-1-local-native-rsi256,worldpop1,B,local,1,native-rsi256,cogband128,58.215811000081885,177.81124099997214,0.118000317,0.17694000000000187,84348928,2147483648,native,1,worldpop1|B|local,1.8619610000314424,532491767342,24.549151000087477,84.95025600007011,null,True,18817225,worldpop1|B|1,0,,,45576,8,23,0.002395,32768,2.3756690000000003,0,13565952,67108864,0,0,0,0.07000000000000002,13581937,12058624,0.004428999999999999,1413040,0,8,e23d7d982065f061c93aa6cb0882c80844b44377966135aa51276f6e774ccfc0,25,0.001192,,,,,,,40.29018899999999,0.038969,,,,,,,0,0,0,0,0,0,0,48.793688,2.936976,0,0.004719000000000001,8,0.000391,202831124,,46,1088180,33.14341300000001,1.692751,1,5.653961,0.051706,7866,0,0,0,0,0,0,0,,,,,,,,,,,,,,,,,,,,,,,,,,,,,,,,,,,,,,,,,,,,,,,,,,,,,,,,,,,,,,,,,,,,,,,,,,,,,,,,,,,,,,,,,,,,,0.0013930000000000001,1,0,0,,,,,,,,,,,,,,,,,,,,,,,,,,,,,14,9,,,,,,,,,,,,,,,,,,,0,,,,,,,,,,,,,,,,,,,0.14208700000000002,0,0.0,0,23,,,,,,,,,,,,,,,,,,,,,,,,,,,,,index256,0,0,native_grid_planar_fractional,True,1,49.599485999920034,private-reference/d7692b4f6c5fcf02/00368.json.gz,0,True,0,0,0,0,0,1252,0.07098300000052404,79dbde3afe02fa0d6e9c2b3d91f1fb6242b60b501526a087660dbfa96451303f,18648801,skarve_normalized_f64_v1,8.520722000071146,532433551451,,True,118.42622100004974,private-reference/9f21cbad433b8fb7/00368.json.gz,a934a6f268400401edc23cc03d96ae2e83a135f86dd8a27b1d78d975fa688fd3,8
369,real-age36-A-1-http0-native-cog,real-age36,A,http0,1,native-cog,cogband128,38.09512400005133,143.23226800001976,0.08082457900000001,0.13414800000001037,74309632,2147483648,native,1,real-age36|A|http0,0.7415079999191221,532675953392,19.15566500008481,58.19164100000762,null,True,27889906,real-age36|A|1,0.0011219999578315765,,,,,,,,,,,,,,,,,,,,,,,,,,,,,,,,,,,,,,,,,,,,,,,,,,,,,,,,,,,,,,,,,,,,,16777216,,0,1.038287,1,4,0,,0,shared_only_for_identical_data_and_mask_block_footprints_then_flushed_on_transition_or_window_exit,trusted_manifest,,http_original,,,,,,,,,,,,,,,,,,,,,,,,,,,,,,,,,,,,,,,,,,,,,,True,,785299,4194304,14,0,5551,21,25,788499,788499,0,25,4,785299,29,,,,,,,,,,,,,,,,,,,,,,,0,2359296,67108864,4,0,0,0,0,4,2362076,2097152,,590135,781420,17,2,19,257088,268435456,,8,14466,0,,67108864,256,4,4,,,0.475882,,,0.017584,0.108159,,,19.561811,0.5627460000000001,0.072727,18.431138,,,0.688144,0.0,,21.922575,0.02993,,,,,,,,,,,,,,,,,,,,,,,,,,,,,,,,,,,,,,,,,,,,,,,,,,,,,,785299,29,native_grid_planar_fractional,True,1,22.186357999999018,private-reference/6fb465b528f57c9f/00369.json.gz,785299,True,25,4,785299,29,29,147,0.035602000025392044,9b3de538e6269d30bc4fc33ff1fa2d1806352d652f4413ee5b2984b345d15f82,27889906,skarve_normalized_f64_v1,15.868224000087139,532637858327,,True,89.56663100002515,private-reference/82db9030abdf9466/00369.json.gz,464526bf75b6b43bcc9095aec594c7490bec3888494ca3317741dc9b8afbbc79,1
370,analytical36-A-1-local-native-tiff,analytical36,A,local,1,native-tiff,band256,22.61392100001558,128.81488499999705,0.074615805,0.12784200000001533,75321344,2147483648,native,1,analytical36|A|local,0.39438499993593723,532853564876,18.96990700004153,42.17293700003211,null,True,5078720,analytical36|A|1,0.000982000074145617,,,,,,,,,,,,,,,,,,,,,,,,,,,,,,,,,,,,,,,,,,,,,,,,,,,,,,,,,,,,,,,,,,,,,16777216,,0,0.047616,1,4,0,,0,shared_only_for_identical_data_and_mask_block_footprints_then_flushed_on_transition_or_window_exit,trusted_manifest,,local_original,,,,,,,,,,,,,,,,,,,,,,,,,,,,,,,,,,,,,,,,,,,,,,False,,,,,,,,,,,,,,,,,,,,,,,,,,,,,,,,,,,,,,0,2359296,67108864,4,0,0,0,0,4,2362140,2097152,,590151,0,0,0,0,259632,268435456,,8,14466,0,,67108864,256,4,4,,,0.47315500000000005,,,0.009791000000000001,0.07285699999999999,,,5.824671,0.460878,0.029209000000000002,4.851667,,,0.017004,0.0,,6.540263,0.030051,,,,,,,,,,,,,,,,,,,,,,,,,,,,,,,,,,,,,,,,,,,,,,,,,,,,,,,,native_grid_planar_fractional,True,1,6.783644000051936,private-reference/0da925580dde6374/00370.json.gz,0,True,0,0,0,0,0,142,0.038507999988723896,2396f5f00370dce99e7cb635589e0cea5188c4efa1d3b49f8b67a31975ca64dc,5078720,skarve_normalized_f64_v1,15.787360999979683,532830950975,,True,75.01648400000249,private-reference/b74539176233f95d/00370.json.gz,a69f63376b94cb9e77a75d68d35423625d174c79f437df41057356710a38f7cb,1
371,analytical40-1025x1031-C-2-http0-native-rsi64,analytical40-1025x1031,C,http0,2,native-rsi64,cogband128,1674.6138280000196,1803.8583840000229,1.3277774629999999,1.3987699999999847,152760320,2147483648,native,40,analytical40-1025x1031|C|http0,2.3292679999258326,534676540757,22.149960999968243,1699.40025599999,null,True,27254333,analytical40-1025x1031|C|2,0,,,107796,40,120,0.009559,65536,1.609544,0,88473600,67108864,30,0,0,1.6584300000000005,66581190,78643200,0.07164699999999997,1355104,1,1,8f92e7715f11f86074016481c075f92455ebe481f82f0eb8b48e7392b64a625c,256,0.005571,,,,,,,1366.2928399999994,0.018487,,,,,,,0,0,0,11384093,1132,4,1136,1645.3206610000002,15.329096000000002,0,0.013526999999999999,2,0.0016430000000000001,202859156,,4800,7687360,1312.543534,7.108342000000001,2,60.629531,0.17946299999999998,136960,0,0,0,0,0,0,0,,,,,,,,,,,,,,,,,,,,,,,,,,,,,,,,,,,,,,,,,,,,,,,,,,,,,,,,,,,,,,,,,,,,,,,,,,,,,,,,,,,,,,,,,,,,,0.011493,2,0,0,,,,,,,,,,,,,,,,,,,,,,,,,,,,,392,392,,,,,,,,,,,,,,,,,,,1280,,,,,,,,,,,,,,,,,,,7.569135,0,0.0,0,120,,,,,,,,,,,,,,,,,,,,,,,,,,,,,index64,11384093,1136,native_grid_planar_fractional,True,2,1646.7536170000585,private-reference/28d2bed03acd965e/00371.json.gz,11856613,True,1540,10,11856613,1550,1550,4392,0.13224699989677902,ac14431e595cf0df4b69f51d7c381c2086f1ac292aa6ad1c1b6b84ce03955fd4,26442685,skarve_normalized_f64_v1,27.722311999923477,533001927080,,True,1732.280001999925,private-reference/e34e92f7492ee7da/00371.json.gz,b6d93e1c9025caf8e0ed3c3a24c731236489a513d03f2f2d99a5d829b8c0d61d,1
372,real-age36-C-1-local-native-rsi256,real-age36,C,local,1,native-rsi256,cogband128,407.72481199996946,691.4568439999584,0.549987974,0.690480999999977,150228992,2147483648,native,36,real-age36|C|local,9.260140000037609,535433681088,39.74837900000239,457.02101799997763,null,True,28028498,real-age36|C|1,0,,,87056,36,8,0.0030960000000000002,65536,0.413512,0,84934656,67108864,2,0,0,3.3945030000000003,61353690,75497472,0.00492,147520,1,1,18954d672fd3a7ae378d4f6bf914726f8a557bfcb2d7fe69ed7921510415a25c,4,0.0032059999999999996,,,,,,,313.994518,0.075181,,,,,,,0,0,0,0,0,0,0,390.540653,24.357799999999997,0,0.0075840000000000005,2,0.000771,201652212,,288,8225424,263.178186,9.760792999999998,2,75.19161100000001,0.086615,34272,0,0,0,0,0,0,0,,,,,,,,,,,,,,,,,,,,,,,,,,,,,,,,,,,,,,,,,,,,,,,,,,,,,,,,,,,,,,,,,,,,,,,,,,,,,,,,,,,,,,,,,,,,,0.005581,2,0,0,,,,,,,,,,,,,,,,,,,,,,,,,,,,,0,0,,,,,,,,,,,,,,,,,,,0,,,,,,,,,,,,,,,,,,,0.654077,0,0.0,0,8,,,,,,,,,,,,,,,,,,,,,,,,,,,,,index256,0,0,native_grid_planar_fractional,True,2,392.3070270000153,private-reference/623182c904d968fb/00372.json.gz,0,True,0,0,0,0,0,4218,0.179632000026686,90b8e74a54c8732d101857ef774fa9a6f291a71188a73e650c6fecf47092bbd0,27889906,skarve_normalized_f64_v1,15.23049800005083,535025956407,,True,550.1693879999721,private-reference/df505bbaec498a87/00372.json.gz,34943547a1e4f5c171cd2181e7758d9ebc60884271b9fff63b5a7afced67047e,1
373,analytical40-1025x1031-D-0-local-native-rsi64,analytical40-1025x1031,D,local,0,native-rsi64,cogband128,1376.8195569999762,1540.481366999984,1.441386684,1.5396240000000319,143699968,2147483648,native,40,analytical40-1025x1031|D|local,2.5030819999756204,537000261861,24.78112100004637,1404.3274200000724,null,True,27254333,analytical40-1025x1031|D|0,0,,,833696,320,234,0.003006,65536,4.460173,0,165957120,67108864,139,0,0,8.022501000000002,66996945,147517440,0.14512399999999998,3225712,8,8,fa943ad14ea8016e1abe65a5f32fc0b307589732488fbe9f1c48b5843019f612,261,0.002686,,,,,,,1174.6400059999994,0.038026,,,,,,,0,0,0,0,0,0,0,1356.26741,29.386321999999982,0,0.03198399999999999,16,0.000932,205465812,,9360,19447720,1032.937645000001,15.516545999999998,2,162.30098099999998,0.42139499999999996,365920,0,0,0,0,0,0,0,,,,,,,,,,,,,,,,,,,,,,,,,,,,,,,,,,,,,,,,,,,,,,,,,,,,,,,,,,,,,,,,,,,,,,,,,,,,,,,,,,,,,,,,,,,,,0.005892,2,0,0,,,,,,,,,,,,,,,,,,,,,,,,,,,,,748,398,,,,,,,,,,,,,,,,,,,0,,,,,,,,,,,,,,,,,,,0.5027309999999999,0,0.0,0,234,,,,,,,,,,,,,,,,,,,,,,,,,,,,,index64,0,0,native_grid_planar_fractional,True,2,1359.2689769999424,private-reference/468cc3fa8dddcf67/00373.json.gz,0,True,0,0,0,0,0,32796,0.8355359999541179,a7389146e4f56e6ee457a9ed39c6f9e8a5faf8be467c066635197793e46d52a4,26442685,skarve_normalized_f64_v1,16.709232000039265,535623440620,,True,1441.6450850000047,private-reference/6ad31f06a2d81864/00373.json.gz,1e0e3ff6f45dca849b4d1370c8c1332842a38c529d8b46546710ea45e5f52639,8
374,analytical40-1025x1031-D-2-http0-native-skv-summary,analytical40-1025x1031,D,http0,2,native-skv-summary,skv,735.158790000014,883.6543720000236,0.7709921710000001,0.849833000000018,133533696,2147483648,native,40,analytical40-1025x1031|D|http0,0.7558050000397998,537955950350,25.92419899997367,762.0592979999401,null,True,24731327,analytical40-1025x1031|D|2,0.0010720000318542589,,,1663296,320,51,0.001503,32768,3.615358,0,284083200,67108864,37,0,0,1.5350220000000006,65907890,252518400,0.028544000000000003,1806688,0,8,d2590882b47ebea8c43f2a2bd72f6cfeea252037828b6e02a92fb686ab2d50d4,67,0.001102,,,,,,,373.60585599999996,0.041462,,,,,,,0,0,0,18383783,58,2,60,729.2547860000001,59.49196100000002,0,0.026444999999999993,8,0.000511,332024480,,51,42809480,289.90458699999994,22.238286000000002,1,344.20212599999996,0.31392699999999996,373560,0,0,0,0,0,0,0,,,,,,,,,,,,,,,,,,,,,,,,,,,,,,,,,,,,,,,,,,,,,,,,,,,,,,,,,,,,,,,,,,,,,,,,,,,,,,,,,,,,,,,,,,,,,0.012320999999999999,1,0,74,,,,,,,,,,,,,,,,,,,,,,,,,,,,,58,74,,,,,,,,,,,,,,,,,,,0,,,,,,,,,,,,,,,,,,,1.518031,0,0.0,0,51,,,,,,,,,,,,,,,,,,,,,,,,,,,,,summary,18383783,60,native_grid_planar_fractional,True,1,732.2784079999565,private-reference/d3eddd3426350dc4/00374.json.gz,18400167,True,59,2,18400167,61,61,32004,0.5502980000073876,fe4788941186043b47c3c938b8e03aec929f13596245599f1e8a159efe982361,24731327,skarve_normalized_f64_v1,2.3252870000760595,537220791000,,True,803.9197059999879,private-reference/d2d70f768beed17e/00374.json.gz,fc77e0d23a816c4854301c78ffcaca03fac1862d830839e39629d12d03597589,8
375,real-age36-A-2-http0-native-skv-raw,real-age36,A,http0,2,native-skv-raw,skv,26.73263200006204,151.348095000003,0.079263202,0.14271600000000717,58732544,2147483648,native,1,real-age36|A|http0,0.6231790000583715,538164712005,23.833444999922904,51.41206299992973,null,True,28933939,real-age36|A|2,0.0011719999974957318,,,,,,,,,,,,,,,,,,,,,,,,,,,,,,,,,,,,,,,,,,,,,,,,,,,,,,,,,,,,,,,,,,,,,,False,,,,,,skv,,,,False,,16384,0,0,0,0,0.0,0.0,0,0,0,0,0,0,2.004237,16,98880,10,0.0,0.0,192,11584,918983,19,262144,0.078887,2359296,2359932,0,0,4,262144,0.002984,2.1370690000000003,0,14,98880,1.175414,65536,1310720,803719,16.662878000000006,0,0,source_handle_lifetime,False,,,918983,4194304,0,0,0,0,18,904903,904903,0,19,2,918983,21,9742336,False,strong_etag_conditional_ranges,http,918983,4194304,0,0,0,0,18,904903,904903,0,19,2,918983,21,,,,,0,2359296,67108864,4,0,0,0,0,4,2362012,2097152,,590119,902599,18,2,20,258864,268435456,,16,14466,0,,67108864,256,4,4,,,0.62075,,,0.022058,0.09828100000000001,,,21.294958,2.1370690000000003,0.060004999999999996,18.84824,,,0.546387,0.0,,23.651365000000002,0.012081,,,,,,,,,,,,,,,,,,,,,,,,,,,,,,,,,,,,,,,,,,,,,,,,,,,,,raw,918983,21,native_grid_planar_fractional,True,1,24.09727000008388,private-reference/ba4695472a07f471/00375.json.gz,918983,True,19,2,918983,21,21,146,0.040671000078873476,23ad059059d201f1ebaf83a27fbf945ec9e110f22eaa6ab13fd400ec1b6b2357,28933939,skarve_normalized_f64_v1,2.58989200005999,538137979734,,True,87.52796900000703,private-reference/5ddfa94ef292826f/00375.json.gz,671fe270153bf6bad0c5d8e11f7c8ced1debb36ffdfee1ea30d18d613c521272,1
376,analytical36-C-1-local-native-rsi256,analytical36,C,local,1,native-rsi256,cogband128,394.4303740000805,546.6905129999304,0.469982872,0.5458029999999781,152776704,2147483648,native,36,analytical36|C|local,9.94901799992931,538732499576,28.598812000041107,433.2171590000371,null,True,6294806,analytical36|C|1,0,,,87056,36,8,0.002624,65536,0.23947700000000002,0,84934656,67108864,2,0,0,3.971659,61355354,75497472,0.008846,148960,1,1,bdfdf8cd0ba43b86d0e2dd2b60bba822a28580b3e94f4947415c8571bb355a27,4,0.002694,,,,,,,295.468635,0.027048,,,,,,,0,0,0,0,0,0,0,373.494231,21.508194,0,0.010737,2,0.001312,201653708,,288,8363340,239.6374,14.612945999999999,2,76.58743900000002,0.18108600000000002,34776,0,0,0,0,0,0,0,,,,,,,,,,,,,,,,,,,,,,,,,,,,,,,,,,,,,,,,,,,,,,,,,,,,,,,,,,,,,,,,,,,,,,,,,,,,,,,,,,,,,,,,,,,,,0.005209,2,0,0,,,,,,,,,,,,,,,,,,,,,,,,,,,,,0,0,,,,,,,,,,,,,,,,,,,0,,,,,,,,,,,,,,,,,,,0.6321979999999999,0,0.0,0,8,,,,,,,,,,,,,,,,,,,,,,,,,,,,,index256,0,0,native_grid_planar_fractional,True,2,374.7879820000435,private-reference/51fa8886a7bc9897/00376.json.gz,0,True,0,0,0,0,0,4010,0.11389799999506067,b377ff7f69c2e6aff33c3a6c22dcb9c59ccc16b052e6610bb89b8b3f1b16adba,6142678,skarve_normalized_f64_v1,19.52394500005994,538338069193,,True,470.05017599997245,private-reference/d6573a3b1824049c/00376.json.gz,e56f3718a5cb0bd2fbf6d5d1629f32bceeb3730c7eefb8d2edcd291c8b3a22a6,1
377,analytical36-B-1-http0-native-skv-raw,analytical36,B,http0,1,native-skv-raw,skv,28.09091599999647,152.58465399995202,0.079379506,0.141303999999991,58486784,2147483648,native,1,analytical36|B|http0,0.3014220000068235,538946339054,22.376922000034938,50.985395999987304,null,True,5770145,analytical36|B|1,0.0009720000662127859,,,45576,8,18,0.001122,32768,1.433811,0,2375424,67108864,0,0,0,0.08953599999999999,2387934,2111488,0.006921,660976,0,8,55fae16001e91e77d565559d82f70bd8f181df86ff6de7de5fa0cf640b046bde,18,0.001092,,,,,,,18.764537999999998,0.047893,,128,7552,False,128,128,0,0,0,284706,20,2,22,25.341665,0.4785880000000002,0,0.0040739999999999995,8,0.00033099999999999997,329268240,,18,477274,18.014555,0.14071299999999998,1,3.786909,0.048498000000000006,4372,0,0,0,0,0,0,0,,,,,,,,,,,,,,,,,,,,,,,,,,,,,,,,,,,,,,,,,,,,,,,,,,,,,,,,,,,,,,,,,,,,,,,,,,,,,,,,,,,,,,,,,,,,,0.013132999999999999,1,0,0,,,,,,,,,,,,,,,,,,,,,,,,,,,,,0,0,,,,,,,,,,,,,,,,,,,0,,,,,,,,,,,,,,,,,,,1.155088,0,0.003767,0,18,,,,,,,,,,,,,,,,,,,,,,,,,,,,,raw,284706,22,native_grid_planar_fractional,True,1,25.926950999973997,private-reference/4912197842a4ccbe/00377.json.gz,301090,True,21,2,301090,23,23,1028,0.046360000055756245,d12c50ef5f2eb483307595d687307a30b603990fff77734d225f99dfee78473e,5770145,skarve_normalized_f64_v1,2.112925999995241,538918248108,,True,86.43272899996646,private-reference/c87b96d06e71376e/00377.json.gz,b55eb3aecf5bb87b77eb9cd0cd2ce7fd3bf6fbf8842f4646984b474360deae22,8
378,worldpop1-B-0-local-native-rsi64,worldpop1,B,local,0,native-rsi64,cogband128,51.34488999999576,178.13247100002627,0.110342882,0.17692599999998038,75788288,2147483648,native,1,worldpop1|B|local,0.28240000006007904,539161668534,22.570307000023604,74.4310329999962,null,True,20322025,worldpop1|B|0,0,,,45576,8,125,0.004097,32768,5.27684,0,4608000,67108864,0,0,0,0.22845600000000002,4694875,4096000,0.009235999999999998,3464512,0,8,75a28fa9b3ec357a1a2cfe00e9d20b35521faa580a470859e8547aa21dafdd9f,289,0.002043,,,,,,,33.138946,0.06499300000000001,,,,,,,0,0,0,0,0,0,0,42.096339,1.0765129999999994,0,0.006062,8,0.000571,204882556,,250,219358,27.64438800000001,0.6864840000000002,1,1.4421530000000007,0.035261,7612,0,0,0,0,0,0,0,,,,,,,,,,,,,,,,,,,,,,,,,,,,,,,,,,,,,,,,,,,,,,,,,,,,,,,,,,,,,,,,,,,,,,,,,,,,,,,,,,,,,,,,,,,,,0.001823,1,0,0,,,,,,,,,,,,,,,,,,,,,,,,,,,,,435,225,,,,,,,,,,,,,,,,,,,0,,,,,,,,,,,,,,,,,,,0.230941,0,0.0,0,125,,,,,,,,,,,,,,,,,,,,,,,,,,,,,index64,0,0,native_grid_planar_fractional,True,1,43.130314999984876,private-reference/30434bb02ca63952/00378.json.gz,0,True,0,0,0,0,0,1258,0.05859200007307663,4a6cd2a5f470531511575f9777b40a41556bbc3b42879e046e29fc5ae511a873,18648801,skarve_normalized_f64_v1,8.149480999918524,539110323294,,True,110.79479900001843,private-reference/255060a1fd548e8d/00378.json.gz,cf9fc43223c3c8f84bb2650a03fff7aeb222d7ea3d684f7fad06731023cee4d1,8
379,analytical40-1025x1031-C-0-local-native-rsi64,analytical40-1025x1031,C,local,0,native-rsi64,cogband128,742.2820040000033,866.5429299999232,0.8021936669999999,0.865756000000033,141987840,2147483648,native,40,analytical40-1025x1031|C|local,3.2168409999258074,540065208625,21.896356999945965,767.6630569999361,null,True,27254333,analytical40-1025x1031|C|0,0,,,107796,40,120,0.002264,65536,1.7884269999999998,0,88473600,67108864,30,0,0,1.414919,66581190,78643200,0.06402699999999996,1349344,1,1,aaf13e32f1482c0bb63d5a192c2b48932bdeea230c9d5be099de8118ceae7203,256,0.002855,,,,,,,659.3911850000001,0.030803000000000004,,,,,,,0,0,0,0,0,0,0,723.965139,14.839504999999997,0,0.0069,2,0.0006999999999999999,202854244,,4800,7210000,571.784926,8.496366999999996,2,57.241151,0.21163800000000002,133120,0,0,0,0,0,0,0,,,,,,,,,,,,,,,,,,,,,,,,,,,,,,,,,,,,,,,,,,,,,,,,,,,,,,,,,,,,,,,,,,,,,,,,,,,,,,,,,,,,,,,,,,,,,0.003986999999999999,2,0,0,,,,,,,,,,,,,,,,,,,,,,,,,,,,,392,392,,,,,,,,,,,,,,,,,,,0,,,,,,,,,,,,,,,,,,,0.482808,0,0.0,0,120,,,,,,,,,,,,,,,,,,,,,,,,,,,,,index64,0,0,native_grid_planar_fractional,True,2,724.9718769999163,private-reference/f42e3523eb7e4fdf/00379.json.gz,0,True,0,0,0,0,0,4423,0.0995230000171432,96e4df19c2690d62cddac1e7d828f44054cd2c0dff19c8c2f63690a5c5df9d0e,26442685,skarve_normalized_f64_v1,17.204732999971384,539322928173,,True,802.4596600000677,private-reference/54296407d793fcd1/00379.json.gz,9e775e4d3636d1a2105119e199de597a58ef934b5d33aadd46d2f09e993f251d,1
380,analytical40-1025x1031-D-0-http0-native-tiff,analytical40-1025x1031,D,http0,0,native-tiff,band256,4091.0662009999896,4208.105549000038,3.717545084,3.781763000000012,155160576,2147483648,native,40,analytical40-1025x1031|D|http0,0.8970169999429345,544323464744,20.764487000064946,4112.932241000067,null,True,21771767,analytical40-1025x1031|D|0,0.0008120000529743265,,,1663296,320,134,0.01,32768,2.518901,0,378455040,67108864,106,0,0,4.63531,65918628,336404480,0.07811100000000007,1796464,0,8,306c40a2d8671545e1d51db4612ee3740a1a31d9dfa6f66422309f0cd8743037,67,0.001092,,,,,,,3435.3373550000015,0.041462,,,,,,,0,0,0,42812255,1364,2,1366,4061.597569,64.20280100000001,0,0.03786400000000001,8,0.000501,339049116,,5360,80723880,3244.5266189999993,32.343959,1,620.0473079999997,0.508363,669920,0,0,0,0,0,0,0,,,,,,,,,,,,,,,,,,,,,,,,,,,,,,,,,,,,,,,,,,,,,,,,,,,,,,,,,,,,,,,,,,,,,,,,,,,,,,,,,,,,,,,,,,,,,0.004457,1,0,0,,,,,,,,,,,,,,,,,,,,,,,,,,,,,0,0,,,,,,,,,,,,,,,,,,,1321,,,,,,,,,,,,,,,,,,,1.306358,0,0.0,0,134,,,,,,,,,,,,,,,,,,,,,,,,,,,,,,42812255,1366,native_grid_planar_fractional,True,1,4063.8202690000753,private-reference/0d80468271cb0dcb/00380.json.gz,42820065,True,1373,4,42820065,1377,1377,32796,0.5317489999470126,a7389146e4f56e6ee457a9ed39c6f9e8a5faf8be467c066635197793e46d52a4,21771767,skarve_normalized_f64_v1,26.710276000017075,540232398963,,True,4143.333935999976,private-reference/40528d7b5614c075/00380.json.gz,c492785689ce0c80cfc10ad5a57846428aaca81af84a6d9b5cbe536f8009be4d,8
381,analytical36-A-0-local-native-skv-summary,analytical36,A,local,0,native-skv-summary,skv,6.3319289999981265,127.77544100003979,0.06612253700000001,0.1269309999999848,56082432,2147483648,native,1,analytical36|A|local,0.08277500000986038,544524577811,25.154982000003656,31.875134000074468,null,True,5770145,analytical36|A|0,0.001192000013361394,,,,,,,,,,,,,,,,,,,,,,,,,,,,,,,,,,,,,,,,,,,,,,,,,,,,,,,,,,,,,,,,,,,,,,False,,,,,,skv,,,,False,,16384,0,0,0,0,0.0,0.0,0,0,0,0,0,0,0.772126,12,90640,0,0.0,0.0,192,11584,220605,24,196608,0.10518000000000001,1769472,1771572,0,0,12,196608,0.002295,0.3513200000000001,0,5,90640,0.672398,65536,983040,113581,0.285188,4,0,source_handle_lifetime,False,,,,,,,,,,,,,,,,,9742336,False,pinned_file_stat,local,,,,,,,,,,,,,,,,,,,,,67108864,,,,,,,1777812,1572864,,,,,,,,,,,,,,,128,12,,,,,0.0,0.0,,,,,,0.3513200000000001,,2.109289,,,,0.0,,5.508799,,,,,,,,,,,,,,,,,,,,,,,,,,,1,0,0,0,False,12,146889793,25,,,4,False,,,,,,164378,12,,,,,4,,4,4,summary,,,native_grid_planar_fractional,True,1,5.750912000053177,private-reference/50254f221e9af77f/00381.json.gz,0,True,0,0,0,0,0,142,0.03572100001747458,1f5800e6da13026f5dcd51f66d3119f4d36ecd81f15e95f6dc5bc29682e31b2a,5770145,skarve_normalized_f64_v1,0.541138000016872,544518246774,,True,66.61215599990555,private-reference/b0ffb4f004a60aac/00381.json.gz,b1109badd81836df05d6ae0be7e3e017629f820032a77436fd1056d21e2611a1,1
382,worldpop1-A-0-http0-native-rsi256,worldpop1,A,http0,0,native-rsi256,cogband128,70.06788599994707,181.87573900002008,0.11007019999999998,0.16747899999998594,74657792,2147483648,native,1,worldpop1|A|http0,0.6893549999631432,544743670243,19.973496999909912,90.92779099989912,null,True,18817225,worldpop1|A|0,3.371668999989197,,,,,,,,,,,,,,,,,,,,,,,,,65520,1,0,0,9437184,16,,,,,,,,,,,,,,,,,,,,,,,True,,,,,,,,,,,,,,,,16777216,,0,1.438756,1,16,0,,0,shared_only_for_identical_data_and_mask_block_footprints_then_flushed_on_transition_or_window_exit,trusted_manifest,,http_original,,,,,,,,,,,,,,,,,,,,,,,,,,,,,,,,,,,,,,,,,,,,,,True,,957723,4194304,19,0,844,19,35,962203,962203,0,35,5,957723,40,,,,,,,,,,,,,,,,,,,,,,,,,,,,,,,,,,,,,,,,,,,,,,,,,,,,,,,,,,0.0008320000000000001,0.581847,,,,,53.872431,exclusive partition of this query call; source post-validation is in remaining execution; FFI envelope and transport subspans are not added to this partition,,,0.497907,54.953017,,,"""9ce6346bdd3f102f86c80893ee5103d3c65f7b8c529d316a328d28a7a9162e3a""",,http,131056,0,0,0,0,0,2,0,0,0,2,3,131056,5,,,,,,,65520,,,,,,16,8963137,25,True,0,9,False,1,168424,1,False,1,385332,16,134217728,0,0,8,9,65536,,9,index256,957723,40,native_grid_planar_fractional,True,1,55.45482599995921,private-reference/46e079c7e40d5c97/00382.json.gz,1088779,True,37,8,1088779,45,45,161,0.060381000025699905,dfd61dc71363e7bd4be6ab2e28d4f02024cc1dfcf706390a8cb14dfa20bfb7b8,18648801,skarve_normalized_f64_v1,11.171731999979784,544673601756,,True,124.0483960000347,private-reference/2abc2d2b6877f727/00382.json.gz,36b07667ab038210764059141743ec236e6f927ce2a30c410ff96f6b40e73d29,1
383,analytical40-1025x1031-C-1-local-native-cog,analytical40-1025x1031,C,local,1,native-cog,cogband128,964.3357859999924,1080.294135000031,1.023692657,1.0796009999999967,149159936,2147483648,native,40,analytical40-1025x1031|C|local,8.216438999966158,545862133239,19.2817219999597,992.0314269999153,null,True,26442685,analytical40-1025x1031|C|1,0.000841999963085982,,,,,,,,,,,,,,,,,,,,,,,,,,,,,,,,,,,,,,,,,,,,,,,,,,,,,,,,,,,,,,,,,,,,,16777216,,0,0.047975000000000004,1,32,0,,0,shared_only_for_identical_data_and_mask_block_footprints_then_flushed_on_transition_or_window_exit,trusted_manifest,,local_original,,,,,,,,,,,,,,,,,,,,,,,,,,,,,,,,,,,,,,,,,,,,,,False,,,,,,,,,,,,,,,,,,,,,,,,,,,,,,,,,,,,,,0,377487360,67108864,5,318572757,27,0,0,32,58994955,335544320,,11798479,0,0,0,0,628560,268435456,,1280,418896,0,,67108864,256,32,16,,,80.61119699999999,,,12.410686999999998,0.147644,,,867.730521,63.081991,0.12255400000000001,713.7000790000001,,,0.013828,0.0,,949.196222,0.029188,,,,,,,,,,,,,,,,,,,,,,,,,,,,,,,,,,,,,,,,,,,,,,,,,,,,,,,,native_grid_planar_fractional,True,1,949.7006310000415,private-reference/a8773698d6809faa/00383.json.gz,0,True,0,0,0,0,0,4415,0.1088449999997465,f799effb4e1b125bfdbf5c1f92cca3183010ea1d50e09b9a30517254f539ca7d,26442685,skarve_normalized_f64_v1,14.522513999963849,544897797584,,True,1023.9052190000848,private-reference/1f1a5dbec6b15d3f/00383.json.gz,fb08c0c476712396b30cb185002cef8cd9566310aea6f74e0cc71796bfd003a9,1
384,analytical40-1025x1031-B-0-local-native-tiff,analytical40-1025x1031,B,local,0,native-tiff,band256,61.989874999994754,176.9174490000296,0.121675943,0.17610899999999674,83636224,2147483648,native,1,analytical40-1025x1031|B|local,1.890827000011086,546084843580,25.08369899999252,89.17502099996,null,True,21771767,analytical40-1025x1031|B|0,0.0017920000345839071,,,45576,8,18,0.003135,32768,3.9139760000000003,0,9469440,67108864,0,0,0,0.072278,9482238,8417280,0.002983,1250704,0,16,ef6b09bc67fd03a2bdf45c1df0a3bc4c119631f3320f22b881ed2a41b7eda9d6,18,0.001121,,,,,,,26.268628000000003,0.043866999999999996,,256,16960,True,128,256,0,0,0,0,0,0,0,45.591848999999996,1.534067,0,0.005157,8,0.00046,338698632,,36,2018097,21.888944,0.5245150000000001,1,15.107036999999998,0.07047600000000001,8898,0,0,0,0,0,0,0,,,,,,,,,,,,,,,,,,,,,,,,,,,,,,,,,,,,,,,,,,,,,,,,,,,,,,,,,,,,,,,,,,,,,,,,,,,,,,,,,,,,,,,,,,,,,0.001813,1,0,0,,,,,,,,,,,,,,,,,,,,,,,,,,,,,0,0,,,,,,,,,,,,,,,,,,,0,,,,,,,,,,,,,,,,,,,0.061842999999999995,0,0.01994,1,18,,,,,,,,,,,,,,,,,,,,,,,,,,,,,,0,0,native_grid_planar_fractional,True,1,46.68800100000681,private-reference/e2c31cf107610018/00384.json.gz,0,True,0,0,0,0,0,1045,0.06682200000796001,e385de722110847164317a15def49987a963ed2c14cbed05e1ad8a49c4ea6240,21771767,skarve_normalized_f64_v1,15.227129999971112,546022852904,,True,122.13803700001336,private-reference/8c7cdc3bfd9b4f6b/00384.json.gz,d66565bcbb474b895edd7b9bcb66b03efb7d62f0cfbc2f9fab18f1d6e3b2ee6a,8
385,analytical36-D-1-local-native-tiff,analytical36,D,local,1,native-tiff,ordinary,667.4335579999706,793.8039179999805,0.722267993,0.7935890000000256,146518016,2147483648,native,36,analytical36|D|local,1.4887550000821648,546898482322,21.45366299998841,690.678164000019,null,True,4464831,analytical36|D|1,0.001000999986899842,,,1497376,288,36,0.003846,32768,0.967427,0,85515264,67108864,7,0,0,0.566138,66708435,76013568,0.024458,660976,0,8,55fae16001e91e77d565559d82f70bd8f181df86ff6de7de5fa0cf640b046bde,18,0.000882,,,,,,,516.9690579999999,0.037647,,,,,,,0,0,0,0,0,0,0,649.340782,14.768008,0,0.025918999999999998,8,0.00043099999999999996,337747748,,1296,17181864,463.42117899999994,8.326792,1,130.48922799999997,0.35653,157392,0,0,0,0,0,0,0,,,,,,,,,,,,,,,,,,,,,,,,,,,,,,,,,,,,,,,,,,,,,,,,,,,,,,,,,,,,,,,,,,,,,,,,,,,,,,,,,,,,,,,,,,,,,0.001251,1,0,0,,,,,,,,,,,,,,,,,,,,,,,,,,,,,0,0,,,,,,,,,,,,,,,,,,,0,,,,,,,,,,,,,,,,,,,0.09680699999999999,0,0.0,0,36,,,,,,,,,,,,,,,,,,,,,,,,,,,,,,0,0,native_grid_planar_fractional,True,1,651.846245999991,private-reference/4bbbe6038ad03aef/00385.json.gz,0,True,0,0,0,0,0,28867,0.5393159999584896,59b57f77bcbfc3eeb1e510375e2bb4e8862f43dfc1abc1a2806921a6fa4d3ee3,4464831,skarve_normalized_f64_v1,15.04094399990663,546231049164,,True,722.0649109999613,private-reference/d932212816455886/00385.json.gz,e438624ca93f1b3e8715f6a260b26f97a64f4fc641fecb42c58b04cc5f3ac492,8
386,analytical36-C-2-local-native-rsi64,analytical36,C,local,2,native-rsi64,cogband128,341.7146919999823,464.5597179999186,0.397121531,0.4639439999999695,110657536,2147483648,native,36,analytical36|C|local,1.3787279999633029,547413476877,18.19619299999431,361.49117699994804,null,True,6454230,analytical36|C|2,0,,,87056,36,56,0.002284,65536,0.444463,0,37158912,67108864,0,0,0,0.3799309999999999,37289672,33030144,0.025543000000000003,382048,1,1,63bcac4cb2663ab73304a35507a42086b9b9aacae5e5e0819201c2392ade3006,64,0.0027749999999999997,,,,,,,293.83019699999994,0.027242000000000002,,,,,,,0,0,0,0,0,0,0,323.700025,7.3184309999999995,0,0.008341999999999999,2,0.0008309999999999999,201886788,,2016,3176928,255.48305100000007,3.1745470000000013,2,27.225125,0.08388700000000002,57024,0,0,0,0,0,0,0,,,,,,,,,,,,,,,,,,,,,,,,,,,,,,,,,,,,,,,,,,,,,,,,,,,,,,,,,,,,,,,,,,,,,,,,,,,,,,,,,,,,,,,,,,,,,0.004948,2,0,0,,,,,,,,,,,,,,,,,,,,,,,,,,,,,72,72,,,,,,,,,,,,,,,,,,,0,,,,,,,,,,,,,,,,,,,0.6868609999999999,0,0.0,0,56,,,,,,,,,,,,,,,,,,,,,,,,,,,,,index64,0,0,native_grid_planar_fractional,True,2,324.8909179999373,private-reference/56c668fac0c7c108/00386.json.gz,0,True,0,0,0,0,0,4006,0.09792799994556844,8fbff0b61c68af05158cd4dfde5b7131f1151eedff44ed4c69d74f02fa43b918,6142678,skarve_normalized_f64_v1,16.721748999998454,547071762546,,True,397.3127739999427,private-reference/dd2107d628ea233c/00386.json.gz,90712019b64cb2ad4e65c92c5541ec9ca98f7dc1aee278044ce320ce37b28f77,1
387,analytical36-D-0-http0-native-cog,analytical36,D,http0,0,native-cog,cog128,570.8698010000717,720.6554639999467,0.6368528560000001,0.7099730000000193,156123136,2147483648,native,36,analytical36|D|http0,2.170341000010012,548174818843,27.00681800001803,600.3752280000754,null,True,9387192,analytical36|D|0,0.0007310000000870787,,,1497376,288,36,0.001813,32768,1.219206,0,85515264,67108864,7,0,0,0.5153650000000003,66708435,76013568,0.016762000000000003,658576,0,8,c26f6ae2c19d5b33bd167e37cf1eb964c233070551772bea959dc7a7bb02b16b,18,0.001112,,,,,,,386.2483640000001,0.034352,,,,,,,0,0,0,9229761,19,2,21,543.270321,19.223649999999996,0,0.03104699999999999,8,0.000411,337745456,,1296,17068284,326.1209640000001,6.5302560000000005,1,153.53762000000003,0.388859,156924,0,0,0,0,0,0,0,,,,,,,,,,,,,,,,,,,,,,,,,,,,,,,,,,,,,,,,,,,,,,,,,,,,,,,,,,,,,,,,,,,,,,,,,,,,,,,,,,,,,,,,,,,,,0.004056,1,0,0,,,,,,,,,,,,,,,,,,,,,,,,,,,,,0,0,,,,,,,,,,,,,,,,,,,18,,,,,,,,,,,,,,,,,,,1.423952,0,0.0,0,36,,,,,,,,,,,,,,,,,,,,,,,,,,,,,,9229761,21,native_grid_planar_fractional,True,1,545.815171000072,private-reference/f9b705bc0cbf420b/00387.json.gz,9236769,True,26,4,9236769,30,30,28762,0.5392049999954907,a9e2337fccaa006ca4a489ba411cad2a8b91d47a0e971c214c4c67110e4e4f97,9387192,skarve_normalized_f64_v1,24.489877000064553,547603949613,,True,647.049602999914,private-reference/a145a102b839c82b/00387.json.gz,d01bf1142a7d9e2b056519a03d76105845e36f79724f44e032bdf3238c9be21b,8
388,analytical36-D-0-local-native-rsi256,analytical36,D,local,0,native-rsi256,cogband128,398.5845980000704,527.258383000003,0.46129082,0.526537999999988,153800704,2147483648,native,36,analytical36|D|local,7.520380000073601,548750770268,21.354524999992464,427.7344990000529,null,True,6294806,analytical36|D|0,0,,,667776,288,10,0.0027140000000000003,65536,0.803655,0,85515264,67108864,2,0,0,2.7267230000000002,61940632,76013568,0.005289,509152,8,8,e02ad3c4dc77a71b74e301dd8a264f1b4cc37cd202086d7c973eb6c6359136cf,5,0.0027340000000000003,,,,,,,236.21565600000002,0.038598,,,,,,,0,0,0,0,0,0,0,379.513204,17.057187,0,0.032790999999999994,16,0.000722,202749296,,360,17068284,199.388957,5.406002999999999,2,141.36240400000003,0.439695,82872,0,0,0,0,0,0,0,,,,,,,,,,,,,,,,,,,,,,,,,,,,,,,,,,,,,,,,,,,,,,,,,,,,,,,,,,,,,,,,,,,,,,,,,,,,,,,,,,,,,,,,,,,,,0.003646,2,0,0,,,,,,,,,,,,,,,,,,,,,,,,,,,,,0,0,,,,,,,,,,,,,,,,,,,0,,,,,,,,,,,,,,,,,,,0.433306,0,0.0,0,10,,,,,,,,,,,,,,,,,,,,,,,,,,,,,index256,0,0,native_grid_planar_fractional,True,2,381.75071600005595,private-reference/8ea63367b8ecdbb8/00388.json.gz,0,True,0,0,0,0,0,28762,0.4908920000161743,a9e2337fccaa006ca4a489ba411cad2a8b91d47a0e971c214c4c67110e4e4f97,6142678,skarve_normalized_f64_v1,16.338742000016282,548352185700,,True,461.515372000008,private-reference/acc5d3d9fe4219f9/00388.json.gz,29dd4fa4c4dfb55fc2b60493af7e467c442dfd1f79e9b36a141496ba6f328f43,8
389,real-age36-A-0-local-native-tiff,real-age36,A,local,0,native-tiff,band256,17.453488000001016,145.2694120000615,0.07455441500000001,0.14449600000000373,72581120,2147483648,native,1,real-age36|A|local,0.3893780000225888,548942656104,20.60842399998819,38.7074829999392,null,True,27830980,real-age36|A|0,0.0018439999394104234,,,,,,,,,,,,,,,,,,,,,,,,,,,,,,,,,,,,,,,,,,,,,,,,,,,,,,,,,,,,,,,,,,,,,16777216,,0,0.059267,1,4,0,,0,shared_only_for_identical_data_and_mask_block_footprints_then_flushed_on_transition_or_window_exit,trusted_manifest,,local_original,,,,,,,,,,,,,,,,,,,,,,,,,,,,,,,,,,,,,,,,,,,,,,False,,,,,,,,,,,,,,,,,,,,,,,,,,,,,,,,,,,,,,0,2359296,67108864,4,0,0,0,0,4,2362076,2097152,,590135,0,0,0,0,255696,268435456,,8,14466,0,,67108864,256,4,4,,,0.502128,,,0.015711,0.08988700000000001,,,8.119407,0.519965,0.030951000000000003,6.783925999999999,,,0.029127,0.0,,8.924974,0.033877000000000004,,,,,,,,,,,,,,,,,,,,,,,,,,,,,,,,,,,,,,,,,,,,,,,,,,,,,,,,native_grid_planar_fractional,True,1,9.200356000064858,private-reference/f578a45d277bd631/00389.json.gz,0,True,0,0,0,0,0,147,0.040490000060344755,6940c6944641a1780ca8953cc3717b93b8d469d79cc0c9210e4197c0ed319f97,27830980,skarve_normalized_f64_v1,8.206428999983473,548925204419,,True,74.92099099999905,private-reference/4f603179bd1a1de5/00389.json.gz,764c8f51b626c418273c61776702da7f1d7161ef59f8f7589dd4c5c2686cc210,1
390,analytical40-1025x1031-C-1-http0-native-rsi256,analytical40-1025x1031,C,http0,1,native-rsi256,cogband128,2136.9381900000235,2262.4386730000197,1.64952492,1.7228040000000249,159907840,2147483648,native,40,analytical40-1025x1031|C|http0,0.7260850001102881,551238195586,19.05150599998251,2156.9325289999597,null,True,26638653,analytical40-1025x1031|C|1,0,,,107796,40,24,0.006673,65536,0.631575,0,283115520,67108864,19,0,0,8.564271,58994955,251658240,0.012525000000000001,410368,1,1,12dca11e59397b7258842c937af1c5aa5844589e08c81a67c319a4da0e440b82,16,0.005471,,,,,,,1848.986042,0.029528,,,,,,,0,0,0,19507814,1933,4,1937,2104.654348,47.998856,0,0.008105999999999999,2,0.000952,201914400,,960,29035320,1748.822186,19.235172000000002,2,239.18193699999998,0.210735,118240,0,0,0,0,0,0,0,,,,,,,,,,,,,,,,,,,,,,,,,,,,,,,,,,,,,,,,,,,,,,,,,,,,,,,,,,,,,,,,,,,,,,,,,,,,,,,,,,,,,,,,,,,,,0.012826,2,0,0,,,,,,,,,,,,,,,,,,,,,,,,,,,,,8,8,,,,,,,,,,,,,,,,,,,0,,,,,,,,,,,,,,,,,,,7.496447,0,0.0,0,24,,,,,,,,,,,,,,,,,,,,,,,,,,,,,index256,19507814,1937,native_grid_planar_fractional,True,2,2105.7387119999476,private-reference/43222b3255637be1/00390.json.gz,19660846,True,1957,10,19660846,1967,1967,4415,0.1009389999353516,f799effb4e1b125bfdbf5c1f92cca3183010ea1d50e09b9a30517254f539ca7d,26442685,skarve_normalized_f64_v1,31.093309999960184,549101257456,,True,2188.7098660000674,private-reference/33c18aacf4226cf4/00390.json.gz,b5fd51e5e201db6ea375840a5620188a415207ae8a34d47fa44fa71672ddc3f2,1
391,real-age36-A-2-http0-native-skv-summary,real-age36,A,http0,2,native-skv-summary,skv,20.783236000056604,124.93582199999764,0.06861083500000001,0.11961799999997424,58171392,2147483648,native,1,real-age36|A|http0,0.6027250000215645,551450333508,20.288574999995035,41.87606200002847,null,True,28933939,real-age36|A|2,0.0007619998996233335,,,,,,,,,,,,,,,,,,,,,,,,,,,,,,,,,,,,,,,,,,,,,,,,,,,,,,,,,,,,,,,,,,,,,,True,,,,,,skv,,,,False,,16384,0,5,0,0,0.0,0.992114,0,0,0,0,0,0,1.721455,12,98880,10,0.0,0.0,192,11584,724124,15,196608,0.069086,1769472,1771380,0,0,12,196608,0.005200999999999999,0.408314,0,22,98880,0.6797570000000001,65536,983040,608860,11.50157,4,0,source_handle_lifetime,False,,,724124,4194304,0,0,0,0,14,709532,709532,0,15,2,724124,17,9742336,False,strong_etag_conditional_ranges,http,724124,4194304,0,0,0,0,14,709532,709532,0,15,2,724124,17,,,,,,,67108864,,,,,,,1777620,1572864,,,,,,,,,,,,,,,128,12,,,,,0.025482000000000005,0.9943280000000002,,,,,,0.408314,,12.807947,,,,0.0,,18.661975,,,,,,,,,,,,,,,,,,,,,,,,,,,1,5,698368,2,True,12,146889793,21,,,4,False,,,,,,166306,12,,,,,4,,4,4,summary,724124,17,native_grid_planar_fractional,True,1,19.007395000016913,private-reference/fe19c91de6d6dc9a/00391.json.gz,724124,True,15,2,724124,17,17,146,0.042873999973380705,23ad059059d201f1ebaf83a27fbf945ec9e110f22eaa6ab13fd400ec1b6b2357,28933939,skarve_normalized_f64_v1,1.7285780000975137,551429550393,,True,73.15943999992669,private-reference/5f6752189f7ad1e9/00391.json.gz,d7fb92c01d0e3514acc26e2f38d5b9e4037e5d1b0c547d78b84f881d12d64479,1
392,analytical36-B-0-local-native-skv-summary,analytical36,B,local,0,native-skv-summary,skv,9.948066999982075,124.22462400002132,0.06383275699999999,0.1234579999999994,56651776,2147483648,native,1,analytical36|B|local,0.13266100006603665,551610923607,21.102725999980976,31.390200000032564,null,True,5770145,analytical36|B|0,0.00047100002120714635,,,45576,8,18,0.002214,32768,1.151753,0,2375424,67108864,0,0,0,0.024089999999999997,2387934,2111488,0.001682,658576,0,8,c26f6ae2c19d5b33bd167e37cf1eb964c233070551772bea959dc7a7bb02b16b,18,0.001052,,,,,,,4.204495,0.039017,,,,,,,0,0,0,0,0,0,0,8.812424,0.40454600000000007,0,0.004577999999999999,8,0.000501,329258396,,18,408583,3.540954,0.132288,1,3.206347,0.043866999999999996,3847,0,0,0,0,0,0,0,,,,,,,,,,,,,,,,,,,,,,,,,,,,,,,,,,,,,,,,,,,,,,,,,,,,,,,,,,,,,,,,,,,,,,,,,,,,,,,,,,,,,,,,,,,,,0.0057810000000000005,1,0,4,,,,,,,,,,,,,,,,,,,,,,,,,,,,,4,4,,,,,,,,,,,,,,,,,,,0,,,,,,,,,,,,,,,,,,,0.044628,0,0.0,0,18,,,,,,,,,,,,,,,,,,,,,,,,,,,,,summary,0,0,native_grid_planar_fractional,True,1,9.472532000017964,private-reference/f1c17dbcabf6a73b/00392.json.gz,0,True,0,0,0,0,0,1018,0.06017800001245632,ca14ceabda820a34951c21e56b493ed8c56bd09015c599a5760be04ef843460e,5770145,skarve_normalized_f64_v1,0.4107580000436428,551600974608,,True,64.1915329999847,private-reference/f602b3c0d425d5e0/00392.json.gz,141e085db4b5c4b0bbdd1d049d603fac33e4dc307b40f2feee60fbfbaa60f2bb,8
393,real-age36-B-0-http0-native-cog,real-age36,B,http0,0,native-cog,cogband128,45.483848999992915,160.6241569999156,0.089540815,0.15103200000001493,74543104,2147483648,native,1,real-age36|B|http0,0.4142989999991187,551810390278,21.046038000008593,67.24624000003132,null,True,27889906,real-age36|B|0,0.0008920000027501374,,,45576,8,16,0.002716,32768,1.4611929999999997,0,2359296,67108864,0,0,0,0.06714,2370416,2097152,0.0063349999999999995,656416,0,8,91cbd51efde644c68ee88a85ab00825c523ddea07c3f9b7d5eef8af49e1ceb58,16,0.001373,,,,,,,22.070629999999998,0.038255,,128,7168,False,128,128,0,0,0,781420,17,2,19,28.875670999999997,0.545994,0,0.006034,8,0.000501,336298056,,32,466339,20.221078000000002,0.27615,1,3.8702980000000005,0.09789099999999999,4338,0,0,0,0,0,0,0,,,,,,,,,,,,,,,,,,,,,,,,,,,,,,,,,,,,,,,,,,,,,,,,,,,,,,,,,,,,,,,,,,,,,,,,,,,,,,,,,,,,,,,,,,,,,0.004379,1,0,0,,,,,,,,,,,,,,,,,,,,,,,,,,,,,0,0,,,,,,,,,,,,,,,,,,,1,,,,,,,,,,,,,,,,,,,1.161825,0,0.003788,0,16,,,,,,,,,,,,,,,,,,,,,,,,,,,,,,781420,19,native_grid_planar_fractional,True,1,29.599953999991158,private-reference/88cc6789fd45741e/00393.json.gz,785299,True,25,4,785299,29,29,1126,0.2357329999540525,e5be80f35647b04d8164614e8b572f17a141c185e6dbc1b2ec94c2f8a04c4630,27889906,skarve_normalized_f64_v1,15.6419800000549,551764906269,,True,98.65484699992066,private-reference/c4aa76a9afa4a7f0/00393.json.gz,200e621488d5e09aa05ad703331e301b2218d3d291dc0e6799c7e14b1c05351d,8
394,analytical36-B-1-http0-native-rsi64,analytical36,B,http0,1,native-rsi64,cogband128,75.69419100002506,185.36957899993922,0.11056993,0.16672799999997778,76181504,2147483648,native,1,analytical36|B|http0,0.26476999994429207,552041252850,19.816335000086838,96.08118600010584,null,True,6454230,analytical36|B|1,0,,,45576,8,52,0.001533,32768,1.440409,0,1818432,67108864,0,0,0,0.13115300000000002,1855404,1616384,0.006082000000000001,1012480,0,8,1921d53e4be64d8596c54ec719b10b0c6cc271305d99a4a5c2d73cfccd5e8285,67,0.001473,,,,,,,26.814437,0.032243999999999995,,,,,,,0,0,0,170854,20,2,22,53.192396,0.30636899999999995,0,0.0038590000000000005,8,0.00035999999999999997,202429824,,104,239706,25.48904399999999,0.140333,1,2.122044,0.038836,4463,0,0,0,0,0,0,0,,,,,,,,,,,,,,,,,,,,,,,,,,,,,,,,,,,,,,,,,,,,,,,,,,,,,,,,,,,,,,,,,,,,,,,,,,,,,,,,,,,,,,,,,,,,,0.0036669999999999997,1,0,0,,,,,,,,,,,,,,,,,,,,,,,,,,,,,58,37,,,,,,,,,,,,,,,,,,,34,,,,,,,,,,,,,,,,,,,2.672585,0,0.0,0,52,,,,,,,,,,,,,,,,,,,,,,,,,,,,,index64,170854,22,native_grid_planar_fractional,True,1,53.72843999998622,private-reference/60e372f9b101be60/00394.json.gz,268262,True,65,5,268262,70,70,1028,0.04217200000766752,d12c50ef5f2eb483307595d687307a30b603990fff77734d225f99dfee78473e,6142678,skarve_normalized_f64_v1,21.919781999940824,551965559711,,True,128.7600719999773,private-reference/05a820832ea515a8/00394.json.gz,9666d5a9a6abefafac91a4662e177c9b10512a8b8bcef5ffee78b4f882abc569,8
395,real-age36-A-0-http0-native-tiff,real-age36,A,http0,0,native-tiff,band256,29.446045999975468,134.36333599997852,0.07565417999999999,0.12795000000002688,74985472,2147483648,native,1,real-age36|A|http0,0.8185809999758931,552214861382,19.528928999989148,50.036462999969444,null,True,27830980,real-age36|A|0,0.000831999955153151,,,,,,,,,,,,,,,,,,,,,,,,,,,,,,,,,,,,,,,,,,,,,,,,,,,,,,,,,,,,,,,,,,,,,16777216,,0,1.3962160000000001,1,4,0,,0,shared_only_for_identical_data_and_mask_block_footprints_then_flushed_on_transition_or_window_exit,trusted_manifest,,http_original,,,,,,,,,,,,,,,,,,,,,,,,,,,,,,,,,,,,,,,,,,,,,,True,,781486,4194304,10,0,4579,19,15,783406,783406,0,15,4,781486,19,,,,,,,,,,,,,,,,,,,,,,,0,2359296,67108864,4,0,0,0,0,4,2362076,2097152,,590135,777465,5,2,7,255696,268435456,,8,14466,0,,67108864,256,4,4,,,0.488689,,,0.018324999999999998,0.090238,,,11.884401,0.5489459999999999,0.077032,10.857024,,,0.535308,0.0,,13.885774999999999,0.026392000000000002,,,,,,,,,,,,,,,,,,,,,,,,,,,,,,,,,,,,,,,,,,,,,,,,,,,,,,781486,19,native_grid_planar_fractional,True,1,14.188771000021916,private-reference/29d0029b4d25d8cd/00395.json.gz,781486,True,15,4,781486,19,19,147,0.04723300003206532,6940c6944641a1780ca8953cc3717b93b8d469d79cc0c9210e4197c0ed319f97,27830980,skarve_normalized_f64_v1,15.204863000008118,552185415305,,True,81.67295700002342,private-reference/1011344724e7fd20/00395.json.gz,90ea6c2e4c994a809dd35b7f014010305b0d85e5ac779589a62ae9141f364e71,1
396,real-age36-B-1-http0-native-rsi256,real-age36,B,http0,1,native-rsi256,cogband128,42.4905709999166,148.15392599996358,0.083388656,0.13841600000000653,75014144,2147483648,native,1,real-age36|B|http0,0.48405100005766144,552401429634,18.191032999993695,61.36412399996516,null,True,28028498,real-age36|B|1,0,,,45576,8,4,0.001473,32768,0.915318,0,2359296,67108864,0,0,0,0.021012,2362076,2097152,0.001384,508960,0,8,dbe8074b538a4294b0c061f28d875077d1a3a016859b6176695269a9aaad1cae,4,0.004298000000000001,,,,,,,19.461987999999998,0.039307,,,,,,,0,0,0,781420,17,2,19,27.505233,0.459392,0,0.004347999999999999,8,0.00033,201926200,,8,469440,18.408109,0.212999,1,3.280253,0.048986999999999996,2318,0,0,0,0,0,0,0,,,,,,,,,,,,,,,,,,,,,,,,,,,,,,,,,,,,,,,,,,,,,,,,,,,,,,,,,,,,,,,,,,,,,,,,,,,,,,,,,,,,,,,,,,,,,0.004028,1,0,0,,,,,,,,,,,,,,,,,,,,,,,,,,,,,0,0,,,,,,,,,,,,,,,,,,,1,,,,,,,,,,,,,,,,,,,3.571333,0,0.0,0,4,,,,,,,,,,,,,,,,,,,,,,,,,,,,,index256,781420,19,native_grid_planar_fractional,True,1,28.053159000023697,private-reference/77d806db219c37a5/00396.json.gz,850835,True,26,5,850835,31,31,1124,0.047593999966011324,a3ba031d3788621800950943579f5eab46d6bdbeb6ec71f27b742a767f11bc3f,27889906,skarve_normalized_f64_v1,14.38567000002422,552358939514,,True,92.73544999996375,private-reference/b5f1abe9b9856e4d/00396.json.gz,263abfa0a8cde5078daa80c159fe9122a8ee74264f91adf5d958b0ac5c2dccb7,8
397,real-age36-B-1-local-native-skv-raw,real-age36,B,local,1,native-skv-raw,skv,10.726635000082752,118.90908699990632,0.06165993100000001,0.11818199999999024,56778752,2147483648,native,1,real-age36|B|local,0.1320190000342336,552561370726,19.418753999957516,30.54897099991649,null,True,28933939,real-age36|B|1,0.0006420000318030361,,,45576,8,16,0.001133,32768,1.174898,0,2359296,67108864,0,0,0,0.020504999999999995,2370160,2097152,0.0010919999999999999,658864,0,8,f9c804f4bbe2085423ae54bcdc6b2b8b95cb5ec97d5c6a5a659d9c958d71075c,16,0.001382,,,,,,,5.167541000000001,0.039468,,128,7168,False,128,128,0,0,0,0,0,0,0,9.690721,0.467517,0,0.004098,8,0.00033,329265640,,16,469440,4.3650340000000005,0.22836800000000002,1,3.1892709999999997,0.036051,4353,0,0,0,0,0,0,0,,,,,,,,,,,,,,,,,,,,,,,,,,,,,,,,,,,,,,,,,,,,,,,,,,,,,,,,,,,,,,,,,,,,,,,,,,,,,,,,,,,,,,,,,,,,,0.005201,1,0,0,,,,,,,,,,,,,,,,,,,,,,,,,,,,,0,0,,,,,,,,,,,,,,,,,,,0,,,,,,,,,,,,,,,,,,,0.048324,0,0.003066,0,16,,,,,,,,,,,,,,,,,,,,,,,,,,,,,raw,0,0,native_grid_planar_fractional,True,1,10.203396999941106,private-reference/c35416e08d038522/00397.json.gz,0,True,0,0,0,0,0,1124,0.04509900008997647,a3ba031d3788621800950943579f5eab46d6bdbeb6ec71f27b742a767f11bc3f,28933939,skarve_normalized_f64_v1,0.47473300003275654,552550643932,,True,61.98514200002592,private-reference/0c22a139a74d8a1e/00397.json.gz,d50e5bd67a686ffb5127beb65925bc74f30ea39cbb338397d7a647082eaea7de,8
398,real-age36-C-1-http0-native-skv-raw,real-age36,C,http0,1,native-skv-raw,skv,244.5414899999605,362.67199400003847,0.29328561500000006,0.35172600000001353,151965696,2147483648,native,36,real-age36|C|http0,5.4490659999828495,552955886687,20.554163000042536,270.7373179999877,null,True,28933939,real-age36|C|1,0.0007119999736460159,,,,,,,,,,,,,,,,,,,,,,,,,,,,,,,,,,,,,,,,,,,,,,,,,,,,,,,,,,,,,,,,,,,,,,False,,,,,,skv,,,,False,,16384,0,0,0,0,0.0,0.0,0,0,0,576,8,0,54.47842099999997,576,98880,10,0.0,0.0,248832,11584,28933939,11,9437184,0.080287,84934656,84945372,0,0,4,9437184,0.009539,58.453114,0,574,98880,16.91437299999997,65536,47185920,28818675,65.45850300000001,0,0,source_handle_lifetime,False,,,28933939,4194304,0,9,0,0,10,3998950,3554185,0,11,2,28933939,13,9742336,False,strong_etag_conditional_ranges,http,28933939,4194304,0,9,0,0,10,3998950,3554185,0,11,2,28933939,13,,,,,0,84934656,67108864,3,21236991,1,0,0,4,63710973,75497472,,21236479,28917555,10,2,12,257088,268435456,,8,377416,0,,67108864,256,4,4,,,15.068839,,,2.363004,0.15262,,,225.024474,58.453114,0.100658,158.16044,,,0.491695,0.0,,242.068934,0.012384000000000001,,,,,,,,,,,,,,,,,,,,,,,,,,,,,,,,,,,,,,,,,,,,,,,,,,,,,raw,28933939,13,native_grid_planar_fractional,True,1,242.61974600005942,private-reference/9123718beab0d9d0/00398.json.gz,28933939,True,11,2,28933939,13,13,4218,0.13292099993122974,90b8e74a54c8732d101857ef774fa9a6f291a71188a73e650c6fecf47092bbd0,28933939,skarve_normalized_f64_v1,1.7822400000113703,552711345188,,True,303.8559219999115,private-reference/a6ec7620fc623d5b/00398.json.gz,bf51e772700834808634b315aa01169c2223923956581d2e042860ef8c9f34f6,1
399,real-age36-B-2-local-native-cog,real-age36,B,local,2,native-cog,cogband128,19.577346999994916,127.78810800000429,0.07201485599999999,0.12700399999999945,72245248,2147483648,native,1,real-age36|B|local,0.334944999963227,553136057447,18.510642000023836,39.05193399998552,null,True,27889906,real-age36|B|2,0.001041999894368928,,,45576,8,16,0.002645,32768,1.1261729999999999,0,2359296,67108864,0,0,0,0.024974000000000003,2370416,2097152,0.0014809999999999995,664432,0,8,141b322b011ae0b08bb16788da619152254bb789b26cad4c288d379965e27b86,16,0.001252,,,,,,,6.5174140000000005,0.03621,,128,7168,False,128,128,0,0,0,0,0,0,0,11.159421,0.45021200000000006,0,0.005840000000000001,8,0.000581,336306128,,32,472634,4.872441,0.22823900000000003,1,3.310338,0.05457,4377,0,0,0,0,0,0,0,,,,,,,,,,,,,,,,,,,,,,,,,,,,,,,,,,,,,,,,,,,,,,,,,,,,,,,,,,,,,,,,,,,,,,,,,,,,,,,,,,,,,,,,,,,,,0.001562,1,0,0,,,,,,,,,,,,,,,,,,,,,,,,,,,,,0,0,,,,,,,,,,,,,,,,,,,0,,,,,,,,,,,,,,,,,,,0.054961,0,0.003556,0,16,,,,,,,,,,,,,,,,,,,,,,,,,,,,,,0,0,native_grid_planar_fractional,True,1,11.961116999941623,private-reference/272b58b1bc03e322/00399.json.gz,0,True,0,0,0,0,0,1129,0.1262490000044636,fba1d5ef79886e5e7200884dceab42f930764eafb8fbd4698b34106f15ed3623,27889906,skarve_normalized_f64_v1,7.482708999987153,553116479218,,True,72.35178900009487,private-reference/fcf25508a5e221d0/00399.json.gz,c31951a7fdf30c67e8055b82e7ebceebe8c525b872e8154dde8bc5e762862041,8
400,analytical40-1025x1031-C-1-local-natural-ee,analytical40-1025x1031,C,local,1,natural-ee,cogband128,837.3565970000527,1054.6967960000302,0.9688204950000001,1.052896999999973,207241216,2147483648,upstream,40,analytical40-1025x1031|C|local,3.3671029999595703,554201214921,,842.744883000023,null,True,26442685,analytical40-1025x1031|C|1,,,,,,,,,,,,,,,,,,,,,,,,,,,,,,,,,,,,,,,,,,,,,,,,,,,,,,,,,,,,,,,,,,,,,,,,,,,,,,,,,,,,,,,,,,,,,,,,,,,,,,,,,,,,,,,,,,,,,,,,,,,,,,,,,,,,,,,,,,,,,,,,,,,,,,,,,,,,,,,,,,,,,,,,,,,,,,,,,,,,,,,,,,,,,,,,,,,,,,,,,,,,,,,,,,,,,,,,,,,,,,,,,,,,,,,,,,,,,,,,,,,,,,,,,,,,,,,,,,,,,,,,,,feature-sequential,,,exactextract_fractional_v030,True,,820.9326859999919,private-reference/7bdc2868ac9cda59/00400.json.gz,0,True,0,0,0,0,0,4399,0.1339810000899888,918cf94dac95b5bc96bcce8fa7cc14d8211fdecff1cca9d72b85da403836074d,26442685,,16.28644400000212,553363858985,,True,970.1368290000119,private-reference/f36f7595a4932178/00400.json.gz,3df0668f9605b393ca39834e353ae00c42ecdb5ea7a4e12a9095b2de08bf5527,1
401,analytical36-B-0-local-natural-ee,analytical36,B,local,0,natural-ee,cogband128,35.857176000035906,214.26934199996595,0.144561938,0.21363099999999235,90165248,2147483648,upstream,1,analytical36|B|local,0.11833599990040966,554466879086,,37.55328800002644,null,True,6142678,analytical36|B|0,,,,,,,,,,,,,,,,,,,,,,,,,,,,,,,,,,,,,,,,,,,,,,,,,,,,,,,,,,,,,,,,,,,,,,,,,,,,,,,,,,,,,,,,,,,,,,,,,,,,,,,,,,,,,,,,,,,,,,,,,,,,,,,,,,,,,,,,,,,,,,,,,,,,,,,,,,,,,,,,,,,,,,,,,,,,,,,,,,,,,,,,,,,,,,,,,,,,,,,,,,,,,,,,,,,,,,,,,,,,,,,,,,,,,,,,,,,,,,,,,,,,,,,,,,,,,,,,,,,,,,,,,,raster-sequential,,,exactextract_fractional_v030,True,,21.343905999970048,private-reference/f5e61c1e78f81d91/00401.json.gz,0,True,0,0,0,0,0,1024,0.07428300000356103,d17b82f30332391f8a55e369af156179b5a46795a0c9f9a4ab352319aaa5117a,6142678,,14.436113000101614,554431022181,,True,144.80153299996346,private-reference/6fae2801406719f2/00401.json.gz,7120696be34fb4598133dd5ecfac9be1d8b4af4a787677cf5ed7a5fe091e88d6,8
402,analytical40-1025x1031-D-0-local-native-skv-raw,analytical40-1025x1031,D,local,0,native-skv-raw,skv,973.012027999971,1086.5450810000539,1.025980468,1.0863370000000145,127016960,2147483648,native,40,analytical40-1025x1031|D|local,0.7482050000362506,555606433389,20.28810000001613,994.2542439999897,null,True,24731327,analytical40-1025x1031|D|0,0.0004510000053414842,,,1663296,320,67,0.0023929999999999997,32768,3.2652849999999995,0,378455040,67108864,53,0,0,2.247627,65907890,336404480,0.030091,1796464,0,8,306c40a2d8671545e1d51db4612ee3740a1a31d9dfa6f66422309f0cd8743037,67,0.000871,,,,,,,356.517296,0.040917,,128,16960,False,128,128,0,0,0,0,0,0,0,968.5391159999999,69.07261,0,0.027873999999999993,8,0.00041,332031196,,67,80723880,258.03379700000005,24.59326399999999,1,607.0609919999999,0.729214,669920,0,0,0,0,0,0,0,,,,,,,,,,,,,,,,,,,,,,,,,,,,,,,,,,,,,,,,,,,,,,,,,,,,,,,,,,,,,,,,,,,,,,,,,,,,,,,,,,,,,,,,,,,,,0.004979,1,0,0,,,,,,,,,,,,,,,,,,,,,,,,,,,,,0,0,,,,,,,,,,,,,,,,,,,0,,,,,,,,,,,,,,,,,,,0.046617000000000006,0,0.022046,0,67,,,,,,,,,,,,,,,,,,,,,,,,,,,,,raw,0,0,native_grid_planar_fractional,True,1,971.7453670000396,private-reference/9189ffc5d44e911c/00402.json.gz,0,True,0,0,0,0,0,32796,0.8170879999624958,a7389146e4f56e6ee457a9ed39c6f9e8a5faf8be467c066635197793e46d52a4,24731327,skarve_normalized_f64_v1,0.44158899993362866,554633419818,,True,1025.7952780000323,private-reference/39077d4878bc0596/00402.json.gz,586dfc56a83ff6fba004572e52797b0bd0c6e66d879efc782e200acaa93260fe,8
403,worldpop1-A-0-local-native-rsi256,worldpop1,A,local,0,native-rsi256,cogband128,40.933842999947956,148.780534000025,0.091402614,0.14806200000001013,71962624,2147483648,native,1,worldpop1|A|local,0.15318199996272597,555802593249,18.71472499999527,59.99744300004295,null,True,18817225,worldpop1|A|0,0.2552119999563729,,,,,,,,,,,,,,,,,,,,,,,,,432,6,0,0,9437184,16,,,,,,,,,,,,,,,,,,,,,,,True,,,,,,,,,,,,,,,,16777216,,0,0.04818,1,16,0,,0,shared_only_for_identical_data_and_mask_block_footprints_then_flushed_on_transition_or_window_exit,trusted_manifest,,local_original,,,,,,,,,,,,,,,,,,,,,,,,,,,,,,,,,,,,,,,,,,,,,,False,,,,,,,,,,,,,,,,,,,,,,,,,,,,,,,,,,,,,,,,,,,,,,,,,,,,,,,,,,,,,,,,,,,,,,,,,0.00019999999999999998,0.005359,,,,,31.965721,exclusive partition of this query call; source post-validation is in remaining execution; FFI envelope and transport subspans are not added to this partition,,,0.01213,31.983409999999996,,,,2096:708387:168424:1789305418:815425694:1789305418:815425694,local,,,,,,,,,,,,,,,,,,,,,0,,,,,,16,4703297,63,True,0,9,False,7,168424,1,False,0,385332,16,134217728,0,0,0,6,0,,9,index256,,,native_grid_planar_fractional,True,1,32.21800699998312,private-reference/c60eecc52e18a1d1/00403.json.gz,0,True,0,0,0,0,0,161,0.040205999994213926,dfd61dc71363e7bd4be6ab2e28d4f02024cc1dfcf706390a8cb14dfa20bfb7b8,18648801,skarve_normalized_f64_v1,8.415209999952822,555761659355,,True,91.74489399993035,private-reference/0489be7a0063300a/00403.json.gz,d74243673b746f981df95fee03cb4c3a419a2b75e95e0b9385faedd8542b8f11,1
404,worldpop1-A-0-http0-native-rsi64,worldpop1,A,http0,0,native-rsi64,cogband128,59.68978600003538,171.52878000001692,0.099319805,0.15778199999999742,71573504,2147483648,native,1,worldpop1|A|http0,0.5902130000094985,556010063182,20.28495499996552,80.76093700003639,null,True,20322025,worldpop1|A|0,2.64696300007472,,,,,,,,,,,,,,,,,,,,,,,,,196560,3,0,0,2359296,64,,,,,,,,,,,,,,,,,,,,,,,True,,,,,,,,,,,,,,,,16777216,,0,1.160094,1,64,0,,0,shared_only_for_identical_data_and_mask_block_footprints_then_flushed_on_transition_or_window_exit,trusted_manifest,,http_original,,,,,,,,,,,,,,,,,,,,,,,,,,,,,,,,,,,,,,,,,,,,,,True,,487457,4194304,19,0,480033,51,35,491937,491937,0,35,5,487457,40,,,,,,,,,,,,,,,,,,,,,,,,,,,,,,,,,,,,,,,,,,,,,,,,,,,,,,,,,,0.001252,0.545808,,,,,43.667375,exclusive partition of this query call; source post-validation is in remaining execution; FFI envelope and transport subspans are not added to this partition,,,0.592298,44.806733,,,"""a700cc9d65c64ee3b93835d82d56b3594f2821579bd20722c70ceadcdf21bc9b""",,http,262096,0,0,0,0,0,4,0,0,0,4,3,262096,7,,,,,,,65520,,,,,,64,5502017,289,True,0,225,False,1,1673224,1,False,1,53556,64,134217728,0,0,222,225,65536,,225,index64,487457,40,native_grid_planar_fractional,True,1,45.52649900006145,private-reference/853f6bd094345b1d/00404.json.gz,749553,True,39,8,749553,47,47,161,0.06247300007089507,dfd61dc71363e7bd4be6ab2e28d4f02024cc1dfcf706390a8cb14dfa20bfb7b8,18648801,skarve_normalized_f64_v1,11.445536999985961,555950373086,,True,112.76854400000502,private-reference/b5d05e7c9fa67bda/00404.json.gz,2c9734b66b7da6bb34cc2bd3ba868f160b89325ea35004863e1a232ad5810890,1
405,analytical40-1025x1031-D-2-local-native-skv-raw,analytical40-1025x1031,D,local,2,native-skv-raw,skv,990.2258020000545,1113.879781000037,1.048068633,1.1134950000000003,127037440,2147483648,native,40,analytical40-1025x1031|D|local,0.33601299992369604,557160380452,22.4671019999505,1013.227895,null,True,24731327,analytical40-1025x1031|D|2,0.0007109999842214165,,,1663296,320,67,0.0036160000000000003,32768,3.2487850000000003,0,378455040,67108864,53,0,0,3.123092,65907890,336404480,0.039813,1806688,0,8,d2590882b47ebea8c43f2a2bd72f6cfeea252037828b6e02a92fb686ab2d50d4,67,0.001081,,,,,,,379.47408099999996,0.046296,,128,16960,False,128,128,0,0,0,0,0,0,0,986.600272,70.67111700000001,0,0.028824999999999993,8,0.000511,332041440,,67,80820360,274.787695,27.736809000000004,1,601.8338469999999,0.8891959999999999,670520,0,0,0,0,0,0,0,,,,,,,,,,,,,,,,,,,,,,,,,,,,,,,,,,,,,,,,,,,,,,,,,,,,,,,,,,,,,,,,,,,,,,,,,,,,,,,,,,,,,,,,,,,,,0.00603,1,0,0,,,,,,,,,,,,,,,,,,,,,,,,,,,,,0,0,,,,,,,,,,,,,,,,,,,0,,,,,,,,,,,,,,,,,,,0.06281400000000001,0,0.024551,0,67,,,,,,,,,,,,,,,,,,,,,,,,,,,,,raw,0,0,native_grid_planar_fractional,True,1,989.1901259999258,private-reference/388e0fe4eaed3063/00405.json.gz,0,True,0,0,0,0,0,32004,0.5765390000078696,fe4788941186043b47c3c938b8e03aec929f13596245599f1e8a159efe982361,24731327,skarve_normalized_f64_v1,0.45502000000396947,556170154731,,True,1047.9151849999653,private-reference/d11d146312168418/00405.json.gz,47e050487528b435346352ba80ddcf25a9afde79bb01f252e02cad68c97c700c,8
406,analytical36-A-0-http0-native-cog,analytical36,A,http0,0,native-cog,cogband128,43.07743799995478,157.68593099994632,0.092437191,0.14958799999999428,76308480,2147483648,native,1,analytical36|A|http0,0.8446709999816449,557367872453,23.309015999984695,67.56126799996309,null,True,6142678,analytical36|A|0,0.0012220000371598871,,,,,,,,,,,,,,,,,,,,,,,,,,,,,,,,,,,,,,,,,,,,,,,,,,,,,,,,,,,,,,,,,,,,,16777216,,0,1.7673,1,4,0,,0,shared_only_for_identical_data_and_mask_block_footprints_then_flushed_on_transition_or_window_exit,trusted_manifest,,http_original,,,,,,,,,,,,,,,,,,,,,,,,,,,,,,,,,,,,,,,,,,,,,,True,,176552,4194304,13,0,6912,19,25,179752,179752,0,25,4,176552,29,,,,,,,,,,,,,,,,,,,,,,,0,2359296,67108864,4,0,0,0,0,4,2362140,2097152,,590151,169544,18,2,20,258240,268435456,,8,14466,0,,67108864,256,4,4,,,0.542062,,,0.023468999999999997,0.07707699999999999,,,17.365173,0.376411,0.030099,16.497494,,,0.519485,0.0,,19.573538000000003,0.020854,,,,,,,,,,,,,,,,,,,,,,,,,,,,,,,,,,,,,,,,,,,,,,,,,,,,,,176552,29,native_grid_planar_fractional,True,1,19.917454000051293,private-reference/f9bf81039065a998/00406.json.gz,176552,True,25,4,176552,29,29,142,0.05769500000951666,1f5800e6da13026f5dcd51f66d3119f4d36ecd81f15e95f6dc5bc29682e31b2a,6142678,skarve_normalized_f64_v1,23.095697999906406,557324795456,,True,100.13778799998363,private-reference/738d0cb567fb16c8/00406.json.gz,37f81d03736e3310a295e7cbd02ad978c3076de856420104877276750222372b,1
407,analytical36-B-2-http0-native-rsi256,analytical36,B,http0,2,native-rsi256,cogband128,50.96675000004325,160.93995100004577,0.09588982000000001,0.15077999999999747,76914688,2147483648,native,1,analytical36|B|http0,0.8072089999586751,557576447756,20.04815200007215,72.0340100000385,null,True,6294806,analytical36|B|2,0,,,45576,8,5,0.004357,32768,1.036827,0,2375424,67108864,0,0,0,0.03533599999999999,2378979,2111488,0.002523,516544,0,8,40ef5ef21b6c88686db68542a6de662f25a748942899c5b46a591d8bef511c5c,5,0.0027140000000000003,,,,,,,19.119424999999996,0.040305999999999995,,,,,,,0,0,0,170854,20,2,22,27.399932,0.3655810000000001,0,0.006800999999999999,8,0.001112,201933968,,10,480189,17.889843,0.139589,1,3.7896989999999997,0.08670299999999999,2320,0,0,0,0,0,0,0,,,,,,,,,,,,,,,,,,,,,,,,,,,,,,,,,,,,,,,,,,,,,,,,,,,,,,,,,,,,,,,,,,,,,,,,,,,,,,,,,,,,,,,,,,,,,0.005659,1,0,0,,,,,,,,,,,,,,,,,,,,,,,,,,,,,0,0,,,,,,,,,,,,,,,,,,,0,,,,,,,,,,,,,,,,,,,2.9087430000000003,0,0.0,0,5,,,,,,,,,,,,,,,,,,,,,,,,,,,,,index256,170854,22,native_grid_planar_fractional,True,1,28.581256999927973,private-reference/63e14e30b0ce937d/00407.json.gz,243398,True,28,5,243398,33,33,1060,0.07157699997151212,d465def57fae7479bd4c661eef066e439ba015c938a58cc0d5ff214af3707011,6142678,skarve_normalized_f64_v1,22.307124000008116,557525480685,,True,105.45371800003522,private-reference/80b1d07c79a26745/00407.json.gz,e81a972e61c6bc2fc392ac653d31997ef8c4b3b1b1798a26ab90604351dff246,8
408,analytical36-B-0-local-native-cog,analytical36,B,local,0,native-cog,cogband128,28.754156999980296,150.48119900006895,0.08920371599999999,0.14954799999998158,74993664,2147483648,native,1,analytical36|B|local,0.27865100003054977,557765478047,24.661063999928956,53.899182000009205,null,True,6142678,analytical36|B|0,0.0012119999155402184,,,45576,8,18,0.0025050000000000003,32768,1.0458800000000001,0,2375424,67108864,0,0,0,0.026751999999999995,2388222,2111488,0.001482,658576,0,8,c26f6ae2c19d5b33bd167e37cf1eb964c233070551772bea959dc7a7bb02b16b,18,0.001182,,,,,,,6.029698,0.0424,,128,7552,False,128,128,0,0,0,0,0,0,0,10.606129000000001,0.39127399999999996,0,0.00536,8,0.000401,336300828,,36,474119,4.723341,0.13203900000000002,1,3.3160030000000003,0.049585,4359,0,0,0,0,0,0,0,,,,,,,,,,,,,,,,,,,,,,,,,,,,,,,,,,,,,,,,,,,,,,,,,,,,,,,,,,,,,,,,,,,,,,,,,,,,,,,,,,,,,,,,,,,,,0.001573,1,0,0,,,,,,,,,,,,,,,,,,,,,,,,,,,,,0,0,,,,,,,,,,,,,,,,,,,0,,,,,,,,,,,,,,,,,,,0.057248999999999994,0,0.005671000000000001,0,18,,,,,,,,,,,,,,,,,,,,,,,,,,,,,,0,0,native_grid_planar_fractional,True,1,11.312485000075867,private-reference/f66c78f65e5834ce/00408.json.gz,0,True,0,0,0,0,0,1018,0.062008000099922356,ca14ceabda820a34951c21e56b493ed8c56bd09015c599a5760be04ef843460e,6142678,skarve_normalized_f64_v1,17.37278200005221,557736723199,,True,89.73955499993735,private-reference/26c6422090f193f4/00408.json.gz,11f5eba5831a1af603e21bb78b20e09fa381c30820a56225ffb0e43c61680cba,8
409,analytical40-1025x1031-B-0-http0-native-skv-raw,analytical40-1025x1031,B,http0,0,native-skv-raw,skv,92.15672300001643,201.16609299998345,0.121424924,0.179427000000004,67395584,2147483648,native,1,analytical40-1025x1031|B|http0,0.29305700002169033,558011695315,18.680803000052038,111.33329900007993,null,True,24731327,analytical40-1025x1031|B|0,0.0008209999577957205,,,45576,8,67,0.001482,32768,3.536586,0,9461376,67108864,0,0,0,0.25349099999999997,9507941,8410112,0.015078000000000001,1796464,0,8,306c40a2d8671545e1d51db4612ee3740a1a31d9dfa6f66422309f0cd8743037,67,0.0008619999999999999,,,,,,,67.25842399999999,0.036229000000000004,,128,16960,False,128,128,0,0,0,1070505,74,2,76,89.417419,1.8107920000000004,0,0.004019,8,0.00033099999999999997,330413048,,67,2018097,64.450935,0.6179709999999998,1,17.16708,0.046909,16748,0,0,0,0,0,0,0,,,,,,,,,,,,,,,,,,,,,,,,,,,,,,,,,,,,,,,,,,,,,,,,,,,,,,,,,,,,,,,,,,,,,,,,,,,,,,,,,,,,,,,,,,,,,0.011793,1,0,0,,,,,,,,,,,,,,,,,,,,,,,,,,,,,0,0,,,,,,,,,,,,,,,,,,,0,,,,,,,,,,,,,,,,,,,1.100915,0,0.007374,0,67,,,,,,,,,,,,,,,,,,,,,,,,,,,,,raw,1070505,76,native_grid_planar_fractional,True,1,90.02805900001931,private-reference/667e718b21d7aa3b/00409.json.gz,1086889,True,75,2,1086889,77,77,1045,0.046599000029345916,e385de722110847164317a15def49987a963ed2c14cbed05e1ad8a49c4ea6240,24731327,skarve_normalized_f64_v1,2.0782870000175535,557919538622,,True,142.84592699993937,private-reference/f159b96c64b78756/00409.json.gz,3da20900f8292976710b9260b6e1d23c4028f35d2c8ab76dc059cd9621735031,8
410,analytical40-1025x1031-C-2-local-native-skv-raw,analytical40-1025x1031,C,local,2,native-skv-raw,skv,463.2744539999294,573.4600750000709,0.520160684,0.572685000000007,126095360,2147483648,native,40,analytical40-1025x1031|C|local,7.708329000024605,558618215869,18.52509600007579,489.7105150000698,null,True,24731327,analytical40-1025x1031|C|2,0.0005409999630501261,,,,,,,,,,,,,,,,,,,,,,,,,,,,,,,,,,,,,,,,,,,,,,,,,,,,,,,,,,,,,,,,,,,,,,False,,,,,,skv,,,,False,,16384,0,0,0,0,0.0,0.0,0,0,0,2560,32,0,90.59077500000012,2560,370800,0,0.0,0.0,3686400,11584,24194087,78,41943040,0.086826,377487360,377545072,0,0,16,41943040,0.041767,134.009698,0,2515,370800,74.03289499999998,65536,209715200,23806903,8.280423999999996,0,0,source_handle_lifetime,False,,,,,,,,,,,,,,,,,9742336,False,pinned_file_stat,local,,,,,,,,,,,,,,,,,,,0,377487360,67108864,2,330361010,14,0,0,16,47194430,335544320,,23596703,0,0,0,0,630624,268435456,,32,418896,0,,67108864,256,16,16,,,79.161413,,,3.0793350000000013,0.24721999999999997,,,381.8740620000001,134.009698,0.237692,220.09829200000001,,,0.011192,0.0,,462.147451,0.009899,,,,,,,,,,,,,,,,,,,,,,,,,,,,,,,,,,,,,,,,,,,,,,,,,,,,,raw,,,native_grid_planar_fractional,True,1,462.71176400000513,private-reference/185a7a628c375907/00410.json.gz,0,True,0,0,0,0,0,4392,0.10840600009487389,ac14431e595cf0df4b69f51d7c381c2086f1ac292aa6ad1c1b6b84ce03955fd4,24731327,skarve_normalized_f64_v1,0.45008500001131324,558154941054,,True,520.6110799999806,private-reference/b83c811d62a01174/00410.json.gz,df9414970248809a0fc444c65d499426f514a438f097969ecccc2f372ad312af,1
411,analytical36-B-2-local-native-cog,analytical36,B,local,2,native-cog,cogband128,26.914252000096894,137.77311999990616,0.07847886200000001,0.13690500000001293,74866688,2147483648,native,1,analytical36|B|local,0.17791800007671554,558800980037,19.27308299991637,46.584178999978576,null,True,6142678,analytical36|B|2,0.000781000039751234,,,45576,8,18,0.001663,32768,1.0269409999999999,0,2375424,67108864,0,0,0,0.037119000000000006,2388222,2111488,0.0013229999999999997,666976,0,8,ffe7a97fa2f07ec5058551e0ed95c80f9c8135d7786b6a5147d2967b095224d8,18,0.0009519999999999999,,,,,,,6.271151000000001,0.036279000000000006,,128,7552,False,128,128,0,0,0,0,0,0,0,11.297884,0.4281460000000001,0,0.004247999999999999,8,0.000321,336309200,,36,480189,4.767424999999999,0.155345,1,3.809244,0.03567700000000001,4398,0,0,0,0,0,0,0,,,,,,,,,,,,,,,,,,,,,,,,,,,,,,,,,,,,,,,,,,,,,,,,,,,,,,,,,,,,,,,,,,,,,,,,,,,,,,,,,,,,,,,,,,,,,0.001443,1,0,0,,,,,,,,,,,,,,,,,,,,,,,,,,,,,0,0,,,,,,,,,,,,,,,,,,,0,,,,,,,,,,,,,,,,,,,0.055786,0,0.004007,0,18,,,,,,,,,,,,,,,,,,,,,,,,,,,,,,0,0,native_grid_planar_fractional,True,1,11.871494000047278,private-reference/fcb576f3ae66aefa/00411.json.gz,0,True,0,0,0,0,0,1060,0.0456169999552003,d465def57fae7479bd4c661eef066e439ba015c938a58cc0d5ff214af3707011,6142678,skarve_normalized_f64_v1,14.992943000038395,558774065806,,True,78.81480100002136,private-reference/096e6278b132d063/00411.json.gz,b4ff0f27a33cc744ac80e11ab8c99fc1742fb1c3e3e82a90556cd411b78a15c8,8
412,analytical40-1025x1031-A-2-http0-natural-ee,analytical40-1025x1031,A,http0,2,natural-ee,cogband128,51.114096999981484,229.05775499998526,0.155950478,0.2229199999999878,94167040,2147483648,upstream,1,analytical40-1025x1031|A|http0,0.13226099997609708,559057459564,,53.31935499998508,null,True,26442685,analytical40-1025x1031|A|2,,,,,,,,,,,,,,,,,,,,,,,,,,,,,,,,,,,,,,,,,,,,,,,,,,,,,,,,,,,,,,,,,,,,,,,,,,,,,,,,,,,,,,,,,,,,,,,,,,,,,,,,,,,,,,,,,,,,,,,,,,,,,,,,,,,,,,,,,,,,,,,,,,,,,,,,,,,,,,,,,,,,,,,,,,,,,,,,,,,,,,,,,,,,,,,,,,,,,,,,,,,,,,,,,,,,,,,,,,,,,,,,,,,,,,,,,,,,,,,,,,,,,,,,,,,,,,,,,,,,,,,,,,feature-sequential,,,exactextract_fractional_v030,True,,33.7107840000499,private-reference/416e376f55785328/00412.json.gz,704512,True,4,1,704512,5,5,140,0.06430199994156283,081315e0f96de7b4a4093b78c719c53aa57bc892791130c6c6b213e97678cfd5,26442685,,17.335022999986904,559006346009,,True,158.4382179999011,private-reference/96e19dc80c833e70/00412.json.gz,15a08267da11c23c9d44fd0ac389b43cc9f204f1adccbb146ec5f350c1dbaac4,1
413,analytical40-1025x1031-B-0-local-native-rsi64,analytical40-1025x1031,B,local,0,native-rsi64,cogband128,55.796112000052744,162.54482599993025,0.107076276,0.1616329999999948,78147584,2147483648,native,1,analytical40-1025x1031|B|local,0.39126399997257977,559275778863,21.217219999925874,77.5992449999876,null,True,27254333,analytical40-1025x1031|B|0,0,,,45576,8,117,0.002645,32768,4.492354,0,4148928,67108864,0,0,0,0.16400899999999996,4232115,3687936,0.0068540000000000025,3225712,0,8,fa943ad14ea8016e1abe65a5f32fc0b307589732488fbe9f1c48b5843019f612,261,0.001333,,,,,,,27.291602000000005,0.049353,,,,,,,0,0,0,0,0,0,0,37.688151000000005,0.6310779999999995,0,0.005019000000000001,8,0.00042,204643392,,234,486193,23.261993999999994,0.26448199999999994,1,3.653052,0.049635,9148,0,0,0,0,0,0,0,,,,,,,,,,,,,,,,,,,,,,,,,,,,,,,,,,,,,,,,,,,,,,,,,,,,,,,,,,,,,,,,,,,,,,,,,,,,,,,,,,,,,,,,,,,,,0.006523,1,0,0,,,,,,,,,,,,,,,,,,,,,,,,,,,,,374,199,,,,,,,,,,,,,,,,,,,0,,,,,,,,,,,,,,,,,,,0.245656,0,0.0,0,117,,,,,,,,,,,,,,,,,,,,,,,,,,,,,index64,0,0,native_grid_planar_fractional,True,1,38.85988599995471,private-reference/d3c4b9a0b5c57a36/00413.json.gz,0,True,0,0,0,0,0,1045,0.06300999996255996,e385de722110847164317a15def49987a963ed2c14cbed05e1ad8a49c4ea6240,26442685,skarve_normalized_f64_v1,16.86143400002038,559219982250,,True,107.50769699995999,private-reference/bf31e61db36751b6/00413.json.gz,3773c699f38a3f887c0d9ffccc19006108a8f9cce98c73fda45ecd9f8946e4e7,8
414,real-age36-C-2-local-native-skv-raw,real-age36,C,local,2,native-skv-raw,skv,219.8337759999731,349.0703999999596,0.289809951,0.3481140000000096,142581760,2147483648,native,36,real-age36|C|local,8.184378999999353,559656981314,26.200276000054146,254.45658399996773,null,True,28933939,real-age36|C|2,0.0008020000450414955,,,,,,,,,,,,,,,,,,,,,,,,,,,,,,,,,,,,,,,,,,,,,,,,,,,,,,,,,,,,,,,,,,,,,,False,,,,,,skv,,,,False,,16384,0,0,0,0,0.0,0.0,0,0,0,576,8,0,54.618089999999974,576,74160,0,0.0,0.0,248832,11584,28909219,18,9437184,0.085813,84934656,84945372,0,0,4,9437184,0.006393,72.30867599999998,0,567,74160,17.02082499999999,65536,47185920,28818675,18.854078,0,0,source_handle_lifetime,False,,,,,,,,,,,,,,,,,9742336,False,pinned_file_stat,local,,,,,,,,,,,,,,,,,,,0,84934656,67108864,3,21236991,1,0,0,4,63710973,75497472,,21236479,0,0,0,0,258864,268435456,,8,377416,0,,67108864,256,4,4,,,18.187892,,,2.712355,0.087977,,,199.805698,72.30867599999998,0.083218,116.30371600000002,,,0.014628,0.0,,218.565236,0.010249,,,,,,,,,,,,,,,,,,,,,,,,,,,,,,,,,,,,,,,,,,,,,,,,,,,,,raw,,,native_grid_planar_fractional,True,1,219.21553200002108,private-reference/34cc332fd33dcf21/00414.json.gz,0,True,0,0,0,0,0,4211,0.13632900004267867,78ea1b1d7c574d80aac7cf2fe459d522f8702c4e987f34f246a9977617de8717,28933939,skarve_normalized_f64_v1,0.4748320000089734,559437146826,,True,290.3109510000377,private-reference/6d63abb53380e752/00414.json.gz,b0358bf0e51daf8b5adcd828deb8136c3292bb1f945ab2fcbdb1c7e2d34d5ac2,1
415,analytical40-1025x1031-A-0-local-natural-ee,analytical40-1025x1031,A,local,0,natural-ee,cogband128,48.171542000090994,240.70978300005663,0.167984929,0.23980499999998983,90058752,2147483648,upstream,1,analytical40-1025x1031|A|local,0.6844189999810624,559932716590,,50.81505999999081,null,True,26442685,analytical40-1025x1031|A|0,,,,,,,,,,,,,,,,,,,,,,,,,,,,,,,,,,,,,,,,,,,,,,,,,,,,,,,,,,,,,,,,,,,,,,,,,,,,,,,,,,,,,,,,,,,,,,,,,,,,,,,,,,,,,,,,,,,,,,,,,,,,,,,,,,,,,,,,,,,,,,,,,,,,,,,,,,,,,,,,,,,,,,,,,,,,,,,,,,,,,,,,,,,,,,,,,,,,,,,,,,,,,,,,,,,,,,,,,,,,,,,,,,,,,,,,,,,,,,,,,,,,,,,,,,,,,,,,,,,,,,,,,,feature-sequential,,,exactextract_fractional_v030,True,,31.983588000002783,private-reference/01652cb592c4afaa/00415.json.gz,0,True,0,0,0,0,0,140,0.0902310000583384,bdaf081fd00e91a4c1b2dd88a95de6cd9921fc3385fec83c4bad7d27585e7b7f,26442685,,16.09352500008754,559884545298,,True,168.33791999999903,private-reference/84ffe94f1f103034/00415.json.gz,b7572946b6db59c666da60164fac6a9746c7cc97b113e18d04d56f9b05b802d2,1
416,real-age36-B-0-local-native-tiff,real-age36,B,local,0,native-tiff,band256,20.73336199998721,133.46235099993464,0.07367913200000001,0.1327229999999986,73162752,2147483648,native,1,real-age36|B|local,0.36730700003317907,560122384071,21.08075099999951,42.37668900009339,null,True,27830980,real-age36|B|0,0.000831999955153151,,,45576,8,4,0.0017239999999999998,32768,1.601299,0,2359296,67108864,0,0,0,0.01181,2362076,2097152,0.0007310000000000001,506848,0,16,c859d602742ba024432d30760df34387827163bb060e9c2d286f0b370e4e4c49,4,0.001423,,,,,,,6.768737,0.03676,,256,7168,True,128,256,0,0,0,0,0,0,0,11.742458000000001,0.49579999999999996,0,0.0043159999999999995,8,0.00033999999999999997,336804904,,8,466339,5.601843,0.212002,1,3.138807,0.08332999999999999,2310,0,0,0,0,0,0,0,,,,,,,,,,,,,,,,,,,,,,,,,,,,,,,,,,,,,,,,,,,,,,,,,,,,,,,,,,,,,,,,,,,,,,,,,,,,,,,,,,,,,,,,,,,,,0.001322,1,0,0,,,,,,,,,,,,,,,,,,,,,,,,,,,,,0,0,,,,,,,,,,,,,,,,,,,0,,,,,,,,,,,,,,,,,,,0.064423,0,0.00494,1,4,,,,,,,,,,,,,,,,,,,,,,,,,,,,,,0,0,native_grid_planar_fractional,True,1,12.285999000027914,private-reference/59fb74c19a16243c/00416.json.gz,0,True,0,0,0,0,0,1126,0.04884200006927131,e5be80f35647b04d8164614e8b572f17a141c185e6dbc1b2ec94c2f8a04c4630,27830980,skarve_normalized_f64_v1,8.39437199999793,560101650690,,True,74.02277099993171,private-reference/21a09aa0639f8df6/00416.json.gz,2dbfc8c76910579bce0ad8004e51ad5e8874992fed01d05c9652081aab630a87,8
417,analytical40-1025x1031-C-1-http0-native-cog,analytical40-1025x1031,C,http0,1,native-cog,cog128,2046.1186399999178,2173.88405600002,2.0768815729999996,2.144363000000027,168058880,2147483648,native,40,analytical40-1025x1031|C|http0,2.536303999931988,562325570639,24.058803000002627,2072.9125120000162,null,True,42018905,analytical40-1025x1031|C|1,0.0008220000609071576,,,,,,,,,,,,,,,,,,,,,,,,,,,,,,,,,,,,,,,,,,,,,,,,,,,,,,,,,,,,,,,,,,,,,16777216,,0,1.334017,40,64,0,,0,shared_only_for_identical_data_and_mask_block_footprints_then_flushed_on_transition_or_window_exit,trusted_manifest,,http_original,,,,,,,,,,,,,,,,,,,,,,,,,,,,,,,,,,,,,,,,,,,,,,True,,41524206,4194304,13,37,124546667,115,40,4061511,4061511,0,40,4,41524206,44,,,,,,,,,,,,,,,,,,,,,,,0,377487360,67108864,11,313277827,53,0,0,64,64308029,335544320,,6489271,41516554,33,2,35,628560,268435456,,1280,418896,0,,67108864,256,64,16,,,80.10977700000005,,,1.848166,0.144704,,,1940.8667499999995,64.82411300000001,0.12157100000000001,1757.5075899999997,,,0.493567,0.0,,2023.409971,0.020279,,,,,,,,,,,,,,,,,,,,,,,,,,,,,,,,,,,,,,,,,,,,,,,,,,,,,,41524206,44,native_grid_planar_fractional,True,1,2024.065743000051,private-reference/24aa61d10b37d7fb/00417.json.gz,41524206,True,40,4,41524206,44,44,4415,0.111342999957742,f799effb4e1b125bfdbf5c1f92cca3183010ea1d50e09b9a30517254f539ca7d,42018905,skarve_normalized_f64_v1,21.937245999993138,560279452090,,True,2105.901743000004,private-reference/31ef93e8dc030113/00417.json.gz,cc856c9a7fd4d36994602fca67b7ff9f86425c687fcf9e5ee8df7157b9fa6c4a,1
418,analytical40-1025x1031-D-1-local-native-skv-raw,analytical40-1025x1031,D,local,1,native-skv-raw,skv,979.2735379999158,1105.4604290000043,1.040087618,1.1047309999999868,127025152,2147483648,native,40,analytical40-1025x1031|D|local,0.6882540000106019,563479918654,22.7625170000465,1002.9337099999793,null,True,24731327,analytical40-1025x1031|D|1,0.0006519999260490295,,,1663296,320,67,0.001944,32768,3.0354829999999997,0,378455040,67108864,53,0,0,2.9014950000000015,65907890,336404480,0.033909000000000016,1799632,0,8,10b73ba3c4f77670ec8a26cf62bfd6c31fe3b17dcf8b0b163b7a9af5a8d178cd,67,0.0008810000000000001,,,,,,,359.9730560000001,0.039291,,128,16960,False,128,128,0,0,0,0,0,0,0,976.034168,69.28546599999997,0,0.026878999999999993,8,0.00037099999999999996,332034300,,67,80881680,259.983411,24.945667999999994,1,611.7655950000001,0.28587999999999997,670520,0,0,0,0,0,0,0,,,,,,,,,,,,,,,,,,,,,,,,,,,,,,,,,,,,,,,,,,,,,,,,,,,,,,,,,,,,,,,,,,,,,,,,,,,,,,,,,,,,,,,,,,,,,0.004979,1,0,0,,,,,,,,,,,,,,,,,,,,,,,,,,,,,0,0,,,,,,,,,,,,,,,,,,,0,,,,,,,,,,,,,,,,,,,0.048118,0,0.020257,0,67,,,,,,,,,,,,,,,,,,,,,,,,,,,,,raw,0,0,native_grid_planar_fractional,True,1,978.2115330000352,private-reference/3b8ca92cb530fa0e/00418.json.gz,0,True,0,0,0,0,0,32804,0.6079570000565582,365f94acb67595ceff5b6f6e9b8b49e3e1f3374adb31b96e3eab040965552af1,24731327,skarve_normalized_f64_v1,0.44886799992127635,562500644745,,True,1040.4555059999439,private-reference/a0a9c1ae31bd12ce/00418.json.gz,5e45d4ecfa535ded2188a475d7a36049b8836731f2b3f162345e34ec850a6dcc,8
419,real-age36-B-0-http0-native-tiff,real-age36,B,http0,0,native-tiff,band256,37.94605500002035,157.34978600005434,0.08732449399999999,0.15082899999998745,75259904,2147483648,native,1,real-age36|B|http0,0.7106839999551084,563693576947,21.079088999954365,59.95103999998719,null,True,27830980,real-age36|B|0,0.0018839999711417477,,,45576,8,4,0.001834,32768,1.7625590000000002,0,2359296,67108864,0,0,0,0.025618000000000002,2362076,2097152,0.001662,506848,0,16,c859d602742ba024432d30760df34387827163bb060e9c2d286f0b370e4e4c49,4,0.001413,,,,,,,12.796312,0.036677,,256,7168,True,128,256,0,0,0,777465,5,2,7,19.368109,0.524494,0,0.004371000000000001,8,0.00042100000000000004,336804904,,8,466339,11.836113000000001,0.210863,1,3.307303,0.08468200000000001,2310,0,0,0,0,0,0,0,,,,,,,,,,,,,,,,,,,,,,,,,,,,,,,,,,,,,,,,,,,,,,,,,,,,,,,,,,,,,,,,,,,,,,,,,,,,,,,,,,,,,,,,,,,,,0.003907,1,0,0,,,,,,,,,,,,,,,,,,,,,,,,,,,,,0,0,,,,,,,,,,,,,,,,,,,1,,,,,,,,,,,,,,,,,,,1.283037,0,0.006132,1,4,,,,,,,,,,,,,,,,,,,,,,,,,,,,,,777465,7,native_grid_planar_fractional,True,1,20.3471620000073,private-reference/7975cf96d49576fd/00419.json.gz,781486,True,15,4,781486,19,19,1126,0.06263400007355813,e5be80f35647b04d8164614e8b572f17a141c185e6dbc1b2ec94c2f8a04c4630,27830980,skarve_normalized_f64_v1,17.528894999941258,563655630672,,True,93.16337299992483,private-reference/a4e9d10ffed3ad1d/00419.json.gz,4cd702c1c820186a88f350c7c3e70e6af9c6873788eb3702a330c88a46d1008c,8
420,analytical36-A-0-local-native-cog,analytical36,A,local,0,native-cog,cogband128,21.772166999994624,130.45023699999092,0.070815117,0.12976500000002034,74706944,2147483648,native,1,analytical36|A|local,0.42934199996125244,563869757414,18.138177999958316,40.54097300002013,null,True,6142678,analytical36|A|0,0.0007109999842214165,,,,,,,,,,,,,,,,,,,,,,,,,,,,,,,,,,,,,,,,,,,,,,,,,,,,,,,,,,,,,,,,,,,,,16777216,,0,0.064498,1,4,0,,0,shared_only_for_identical_data_and_mask_block_footprints_then_flushed_on_transition_or_window_exit,trusted_manifest,,local_original,,,,,,,,,,,,,,,,,,,,,,,,,,,,,,,,,,,,,,,,,,,,,,False,,,,,,,,,,,,,,,,,,,,,,,,,,,,,,,,,,,,,,0,2359296,67108864,4,0,0,0,0,4,2362140,2097152,,590151,0,0,0,0,258240,268435456,,8,14466,0,,67108864,256,4,4,,,0.4916830000000001,,,0.008882999999999999,0.07902300000000001,,,5.682291,0.376405,0.028711999999999998,4.960129,,,0.01653,0.0,,6.422619,0.030446,,,,,,,,,,,,,,,,,,,,,,,,,,,,,,,,,,,,,,,,,,,,,,,,,,,,,,,,native_grid_planar_fractional,True,1,6.665141000098629,private-reference/d5af36c7daf2a011/00420.json.gz,0,True,0,0,0,0,0,142,0.03582500005450129,1f5800e6da13026f5dcd51f66d3119f4d36ecd81f15e95f6dc5bc29682e31b2a,6142678,skarve_normalized_f64_v1,15.06685300000754,563847985236,,True,70.91595999997935,private-reference/72abc9697a0eb12d/00420.json.gz,ec8b5d8b351bb1e1eca3cfa162f7ccb423be0dfe02b937e60a05cb74dff4968a,1
421,worldpop1-B-1-http0-native-skv-summary,worldpop1,B,http0,1,native-skv-summary,skv,66.66281799994067,177.72007600001416,0.10118464499999999,0.16028899999997748,66088960,2147483648,native,1,worldpop1|B|http0,0.3811310000401136,564087502214,19.401775000005728,86.73347800004194,null,True,22778369,worldpop1|B|1,0.0008119999392874888,,,45576,8,55,0.003426,32768,3.3954079999999998,0,8110080,67108864,0,0,0,0.16751400000000002,8147425,7208960,0.008316,1988464,0,8,01b3f1289f4fcd2c7c71f983a2978189e2af30bdbd9b8234b21645775f8c1d83,81,0.001102,,,,,,,55.67166499999998,0.034984,,,,,,,0,0,0,1341662,57,2,59,64.158863,2.2982480000000005,0,0.007492999999999998,8,0.000541,330588544,,55,547508,51.854912999999996,1.2624799999999998,1,3.5252150000000007,0.088412,7854,0,0,0,0,0,0,0,,,,,,,,,,,,,,,,,,,,,,,,,,,,,,,,,,,,,,,,,,,,,,,,,,,,,,,,,,,,,,,,,,,,,,,,,,,,,,,,,,,,,,,,,,,,,0.008886,1,0,49,,,,,,,,,,,,,,,,,,,,,,,,,,,,,89,49,,,,,,,,,,,,,,,,,,,0,,,,,,,,,,,,,,,,,,,1.102335,0,0.0,0,55,,,,,,,,,,,,,,,,,,,,,,,,,,,,,summary,1341662,59,native_grid_planar_fractional,True,1,64.9727539999958,private-reference/2897cb840b04ade6/00421.json.gz,1358046,True,58,2,1358046,60,60,1252,0.07571700007247273,79dbde3afe02fa0d6e9c2b3d91f1fb6242b60b501526a087660dbfa96451303f,22778369,skarve_normalized_f64_v1,1.6081349999694794,564020839776,,True,118.2204389999697,private-reference/cbe77cffe8387791/00421.json.gz,4a92a24655829304db4cb8936dd1948cdc0a281185de247d3fd0dda1beb6a2c8,8
422,analytical36-A-2-http0-native-skv-raw,analytical36,A,http0,2,native-skv-raw,skv,19.915181999976994,127.63284899995142,0.065878448,0.12144700000001762,58073088,2147483648,native,1,analytical36|A|http0,0.5052490000707621,564261320224,20.01023200000418,40.67336499997509,null,True,5770145,analytical36|A|2,0.000681000074109761,,,,,,,,,,,,,,,,,,,,,,,,,,,,,,,,,,,,,,,,,,,,,,,,,,,,,,,,,,,,,,,,,,,,,,False,,,,,,skv,,,,False,,16384,0,0,0,0,0.0,0.0,0,0,0,0,0,0,0.752839,16,131840,14,0.0,0.0,192,11584,299882,19,262144,0.068074,2359296,2359996,0,0,4,262144,0.0030759999999999997,1.829651,0,14,131840,0.8131,65536,1310720,151658,12.894789,0,0,source_handle_lifetime,False,,,299882,4194304,0,0,0,0,18,285802,285802,0,19,2,299882,21,9742336,False,strong_etag_conditional_ranges,http,299882,4194304,0,0,0,0,18,285802,285802,0,19,2,299882,21,,,,,0,2359296,67108864,4,0,0,0,0,4,2362076,2097152,,590135,283498,18,2,20,261408,268435456,,16,14466,0,,67108864,256,4,4,,,0.529604,,,0.018433,0.097227,,,16.112332000000002,1.829651,0.058777,13.898341000000002,,,0.426911,0.0,,17.825483,0.01071,,,,,,,,,,,,,,,,,,,,,,,,,,,,,,,,,,,,,,,,,,,,,,,,,,,,,raw,299882,21,native_grid_planar_fractional,True,1,18.111934999978985,private-reference/b8d935216b5c6efe/00422.json.gz,299882,True,19,2,299882,21,21,141,0.03384199999345583,74bd9cb0f1e396b15bb77e6772dbe47601b4bc5fe3cd426185623312b8b04943,5770145,skarve_normalized_f64_v1,1.7653989999644182,564241405161,,True,71.64669099995535,private-reference/4b136c714d56c0d4/00422.json.gz,2c7b7b411c60fb29c4fc8e2fe51e44059fe4edb9c9160feb7aacc71849156fb4,1
423,real-age36-B-2-http0-native-cog,real-age36,B,http0,2,native-cog,cogband128,46.91661000003933,159.189801000025,0.091307325,0.1494130000000098,74346496,2147483648,native,1,real-age36|B|http0,0.267697000026601,564459665999,22.458385999925667,69.84589299997879,null,True,27889906,real-age36|B|2,0.0016530000266357092,,,45576,8,16,0.001483,32768,1.275591,0,2359296,67108864,0,0,0,0.06740600000000001,2370416,2097152,0.0037479999999999996,664432,0,8,141b322b011ae0b08bb16788da619152254bb789b26cad4c288d379965e27b86,16,0.001352,,,,,,,22.157088999999996,0.051913999999999995,,128,7168,False,128,128,0,0,0,781420,17,2,19,28.529055,0.5919679999999999,0,0.004027,8,0.000351,336306128,,32,472634,20.131635000000006,0.260787,1,3.8799279999999996,0.045975999999999996,4377,0,0,0,0,0,0,0,,,,,,,,,,,,,,,,,,,,,,,,,,,,,,,,,,,,,,,,,,,,,,,,,,,,,,,,,,,,,,,,,,,,,,,,,,,,,,,,,,,,,,,,,,,,,0.0048590000000000005,1,0,0,,,,,,,,,,,,,,,,,,,,,,,,,,,,,0,0,,,,,,,,,,,,,,,,,,,1,,,,,,,,,,,,,,,,,,,1.037783,0,0.004699,0,16,,,,,,,,,,,,,,,,,,,,,,,,,,,,,,781420,19,native_grid_planar_fractional,True,1,29.190488000040204,private-reference/aae6e8fec4dce38a/00423.json.gz,785299,True,25,4,785299,29,29,1129,0.1130260000081762,fba1d5ef79886e5e7200884dceab42f930764eafb8fbd4698b34106f15ed3623,27889906,skarve_normalized_f64_v1,17.608367000093494,564412749279,,True,100.72747300000628,private-reference/31910bec574828eb/00423.json.gz,a2531349a3f7782e052bcfcd4792d3bb84cf615b63651c81be4d69bbf9aecb79,8
424,analytical36-D-2-http0-native-skv-summary,analytical36,D,http0,2,native-skv-summary,skv,271.75456000009035,385.8591419999584,0.309534086,0.37477699999996616,130568192,2147483648,native,36,analytical36|D|http0,0.7103409999444921,564889359425,18.76474599998801,291.5028040000607,null,True,5770145,analytical36|D|2,0.0008819999948173063,,,1497376,288,18,0.001353,32768,1.5648369999999998,0,85515264,67108864,4,0,0,0.387463,64336242,76013568,0.012680000000000002,666976,0,8,ffe7a97fa2f07ec5058551e0ed95c80f9c8135d7786b6a5147d2967b095224d8,18,0.0011719999999999999,,,,,,,148.80034700000002,0.058026,,,,,,,0,0,0,5616903,20,2,22,266.674758,20.182574000000002,0,0.023822999999999993,8,0.00032,330718948,,18,14927508,122.13198100000004,5.971828,1,114.32062799999999,0.267776,139896,0,0,0,0,0,0,0,,,,,,,,,,,,,,,,,,,,,,,,,,,,,,,,,,,,,,,,,,,,,,,,,,,,,,,,,,,,,,,,,,,,,,,,,,,,,,,,,,,,,,,,,,,,,0.014477,1,0,8,,,,,,,,,,,,,,,,,,,,,,,,,,,,,4,8,,,,,,,,,,,,,,,,,,,0,,,,,,,,,,,,,,,,,,,1.1358960000000002,0,0.0,0,18,,,,,,,,,,,,,,,,,,,,,,,,,,,,,summary,5616903,22,native_grid_planar_fractional,True,1,269.15299300003426,private-reference/a63c772fd660efb7/00424.json.gz,5633287,True,21,2,5633287,23,23,29879,0.49340600003233703,4c8f72b841b57deaf9bf2c4afcce533e3b74f4c7b7277eaf902887de2273b3e8,5770145,skarve_normalized_f64_v1,2.1042130000523684,564617605326,,True,320.18877999996675,private-reference/a23d1cf31cf9a5ea/00424.json.gz,b8feadead7a926873e23914507708c749dbdb193df7cc3080efc7accdb7b05e8,8
425,real-age36-B-0-local-native-rsi256,real-age36,B,local,0,native-rsi256,cogband128,19.904196999959822,123.07197400002678,0.06720038,0.122429000000011,72429568,2147483648,native,1,real-age36|B|local,0.34774200003084843,565074527952,17.955282000002626,38.41650200001823,null,True,28028498,real-age36|B|0,0,,,45576,8,4,0.001553,32768,0.8912190000000001,0,2359296,67108864,0,0,0,0.012063000000000003,2362076,2097152,0.000622,506848,0,8,c859d602742ba024432d30760df34387827163bb060e9c2d286f0b370e4e4c49,4,0.001462,,,,,,,6.694066,0.036496,,,,,,,0,0,0,0,0,0,0,10.913816,0.451119,0,0.004167,8,0.000321,201924436,,8,466339,5.602713,0.21977999999999998,1,3.0406070000000005,0.05501,2310,0,0,0,0,0,0,0,,,,,,,,,,,,,,,,,,,,,,,,,,,,,,,,,,,,,,,,,,,,,,,,,,,,,,,,,,,,,,,,,,,,,,,,,,,,,,,,,,,,,,,,,,,,,0.001183,1,0,0,,,,,,,,,,,,,,,,,,,,,,,,,,,,,0,0,,,,,,,,,,,,,,,,,,,0,,,,,,,,,,,,,,,,,,,0.173324,0,0.0,0,4,,,,,,,,,,,,,,,,,,,,,,,,,,,,,index256,0,0,native_grid_planar_fractional,True,1,11.43570399995042,private-reference/5d0b6277e2f15a74/00425.json.gz,0,True,0,0,0,0,0,1126,0.0513129999717421,e5be80f35647b04d8164614e8b572f17a141c185e6dbc1b2ec94c2f8a04c4630,27889906,skarve_normalized_f64_v1,8.412279999902239,565054623866,,True,67.28590199998052,private-reference/de2d9ee4d70e8d3a/00425.json.gz,c4ba47e06da73416099d7fb83033fbc869a5ac307318835035e026625fc01314,8
426,worldpop1-A-1-local-native-rsi64,worldpop1,A,local,1,native-rsi64,cogband128,25.04543999998532,138.8009620000048,0.07690401999999999,0.13781900000000746,69480448,2147483648,native,1,worldpop1|A|local,0.16290600001411804,565246890664,18.258202999959394,43.6574660000133,null,True,20322025,worldpop1|A|1,0.30449300004420365,,,,,,,,,,,,,,,,,,,,,,,,,3456,48,0,0,2359296,64,,,,,,,,,,,,,,,,,,,,,,,True,,,,,,,,,,,,,,,,16777216,,0,0.046495,1,64,0,,0,shared_only_for_identical_data_and_mask_block_footprints_then_flushed_on_transition_or_window_exit,trusted_manifest,,local_original,,,,,,,,,,,,,,,,,,,,,,,,,,,,,,,,,,,,,,,,,,,,,,False,,,,,,,,,,,,,,,,,,,,,,,,,,,,,,,,,,,,,,,,,,,,,,,,,,,,,,,,,,,,,,,,,,,,,,,,,0.000321,0.0054600000000000004,,,,,15.552056,exclusive partition of this query call; source post-validation is in remaining execution; FFI envelope and transport subspans are not added to this partition,,,0.012563,15.5704,,,,2096:708384:1673224:1789305417:881534163:1789305417:881534163,local,,,,,,,,,,,,,,,,,,,,,0,,,,,,64,1242177,255,True,0,225,False,9,1673224,1,False,0,58500,64,134217728,0,0,0,48,0,,225,index64,,,native_grid_planar_fractional,True,1,15.905007000014848,private-reference/46046610128ba526/00426.json.gz,0,True,0,0,0,0,0,160,0.03763800009437546,bfb4cbec95ce9af2e5355642ae1e36dee8e8afba00ebe3df1a5c7789d9b91c7f,18648801,skarve_normalized_f64_v1,8.792169000003014,565221845305,,True,77.41206599996531,private-reference/b8fcab5e8810033e/00426.json.gz,9084f34f495aa1724494e32af9e52070982dfa317d7b7cb1d76b5dc9efc3dd3c,1
427,analytical40-1025x1031-A-1-http0-native-tiff,analytical40-1025x1031,A,http0,1,native-tiff,band256,68.36231499994483,179.03823399990415,0.11050332100000002,0.16877199999998993,84111360,2147483648,native,1,analytical40-1025x1031|A|http0,1.3335329999790702,565468984209,19.261868000057802,89.1544140000633,null,True,21771767,analytical40-1025x1031|A|1,0.0012030000107188243,,,,,,,,,,,,,,,,,,,,,,,,,,,,,,,,,,,,,,,,,,,,,,,,,,,,,,,,,,,,,,,,,,,,,16777216,,0,1.125855,1,16,0,,0,shared_only_for_identical_data_and_mask_block_footprints_then_flushed_on_transition_or_window_exit,trusted_manifest,,http_original,,,,,,,,,,,,,,,,,,,,,,,,,,,,,,,,,,,,,,,,,,,,,,True,,548294,4194304,9,0,7446,17,27,551750,551750,0,27,4,548294,31,,,,,,,,,,,,,,,,,,,,,,,0,9437184,67108864,16,0,0,0,0,16,9448560,8388608,,590151,540484,18,2,20,628560,268435456,,32,14466,0,,67108864,256,16,16,,,2.2008689999999995,,,0.07161200000000001,0.149612,,,42.819238000000006,1.500706,0.126239,38.98464200000001,,,0.462851,0.0,,46.661095,0.025647,,,,,,,,,,,,,,,,,,,,,,,,,,,,,,,,,,,,,,,,,,,,,,,,,,,,,,548294,31,native_grid_planar_fractional,True,1,46.91994600000271,private-reference/391f1026746cebac/00427.json.gz,548294,True,27,4,548294,31,31,140,0.03459299989572173,acf0aa5bd7bc7b148855f79ff60ed369d76381ee8c619a1294380c8c784c473a,21771767,skarve_normalized_f64_v1,21.402987999977086,565400622114,,True,120.40440900000249,private-reference/94307ac7386a296c/00427.json.gz,555731ce0f3dd7040644f73859fdbfe67339584342171c44202520acc870c185,1
428,real-age36-C-1-local-native-tiff,real-age36,C,local,1,native-tiff,band256,252.8722069999958,370.5507789999274,0.316330444,0.3698880000000315,150151168,2147483648,native,36,real-age36|C|local,8.884792999992897,565876321179,21.08876699992379,283.04226299997026,null,True,27830980,real-age36|C|1,0.0009619999445931171,,,,,,,,,,,,,,,,,,,,,,,,,,,,,,,,,,,,,,,,,,,,,,,,,,,,,,,,,,,,,,,,,,,,,16777216,,0,0.046144,1,12,0,,0,shared_only_for_identical_data_and_mask_block_footprints_then_flushed_on_transition_or_window_exit,trusted_manifest,,local_original,,,,,,,,,,,,,,,,,,,,,,,,,,,,,,,,,,,,,,,,,,,,,,False,,,,,,,,,,,,,,,,,,,,,,,,,,,,,,,,,,,,,,0,84934656,67108864,10,20057966,2,0,0,12,64895558,75497472,,10028471,0,0,0,0,257088,268435456,,288,377416,0,,67108864,256,12,4,,,15.028902000000002,,,2.5576149999999997,0.072532,,,228.548428,17.414017,0.029614,194.547907,,,0.01649,0.0,,244.002107,0.029344,,,,,,,,,,,,,,,,,,,,,,,,,,,,,,,,,,,,,,,,,,,,,,,,,,,,,,,,native_grid_planar_fractional,True,1,244.5314279999593,private-reference/b2475fa7b9ea2ed9/00428.json.gz,0,True,0,0,0,0,0,4218,0.1928599999700964,90b8e74a54c8732d101857ef774fa9a6f291a71188a73e650c6fecf47092bbd0,27830980,skarve_normalized_f64_v1,8.140505000028497,565623448852,,True,316.6305800000373,private-reference/522cdde963b2e21c/00428.json.gz,d7092e6d48830eff68e748614ddae2f5d87b272a534d5ab25b8158ab662f9fc7,1
429,analytical36-B-1-http0-native-skv-summary,analytical36,B,http0,1,native-skv-summary,skv,26.030287999901702,127.37894700001107,0.069649056,0.12107599999998797,58482688,2147483648,native,1,analytical36|B|http0,0.2512060000299243,566058500379,19.299531999990904,45.77623099999073,null,True,5770145,analytical36|B|1,0.0006110000185799436,,,45576,8,18,0.001072,32768,1.2302140000000001,0,2375424,67108864,0,0,0,0.061279999999999994,2387934,2111488,0.002872,660976,0,8,55fae16001e91e77d565559d82f70bd8f181df86ff6de7de5fa0cf640b046bde,18,0.0009220000000000001,,,,,,,17.492761000000005,0.031086,,,,,,,0,0,0,284706,20,2,22,23.647074,0.538046,0,0.0038969999999999994,8,0.00033099999999999997,329260688,,18,411738,16.706741,0.156724,1,3.6832399999999996,0.042928999999999995,3860,0,0,0,0,0,0,0,,,,,,,,,,,,,,,,,,,,,,,,,,,,,,,,,,,,,,,,,,,,,,,,,,,,,,,,,,,,,,,,,,,,,,,,,,,,,,,,,,,,,,,,,,,,,0.009477,1,0,4,,,,,,,,,,,,,,,,,,,,,,,,,,,,,4,4,,,,,,,,,,,,,,,,,,,0,,,,,,,,,,,,,,,,,,,1.07394,0,0.0,0,18,,,,,,,,,,,,,,,,,,,,,,,,,,,,,summary,284706,22,native_grid_planar_fractional,True,1,24.145308000015575,private-reference/a8f2d8d851ec8377/00429.json.gz,301090,True,21,2,301090,23,23,1028,0.04278799997337046,d12c50ef5f2eb483307595d687307a30b603990fff77734d225f99dfee78473e,5770145,skarve_normalized_f64_v1,1.8384349999678307,566032470602,,True,75.57878499994786,private-reference/f78bdb4dcca3ec44/00429.json.gz,02780a5313259fdf16b4cbc716164006f732195aaf42db82dc059ca92a37b714,8
430,real-age36-A-1-local-native-skv-raw,real-age36,A,local,1,native-skv-raw,skv,6.92851899998459,114.28600400006417,0.057979595,0.1137990000000002,56242176,2147483648,native,1,real-age36|A|local,0.4007779999710692,566215873906,19.05069100007495,26.662331000011363,null,True,28933939,real-age36|A|1,0.0006010000106471125,,,,,,,,,,,,,,,,,,,,,,,,,,,,,,,,,,,,,,,,,,,,,,,,,,,,,,,,,,,,,,,,,,,,,,False,,,,,,skv,,,,False,,16384,0,0,0,0,0.0,0.0,0,0,0,0,0,0,1.6065689999999997,16,74160,0,0.0,0.0,192,11584,894263,26,262144,0.101575,2359296,2359932,0,0,4,262144,0.0010400000000000001,1.7382399999999998,0,7,74160,0.6804340000000002,65536,1310720,803719,0.4464449999999999,0,0,source_handle_lifetime,False,,,,,,,,,,,,,,,,,9742336,False,pinned_file_stat,local,,,,,,,,,,,,,,,,,,,0,2359296,67108864,4,0,0,0,0,4,2362012,2097152,,590119,0,0,0,0,257088,268435456,,16,14466,0,,67108864,256,4,4,,,0.500097,,,0.008546999999999999,0.110931,,,5.2210399999999995,1.7382399999999998,0.081999,3.2143300000000004,,,0.013725,0.0,,6.055925,0.012593,,,,,,,,,,,,,,,,,,,,,,,,,,,,,,,,,,,,,,,,,,,,,,,,,,,,,raw,,,native_grid_planar_fractional,True,1,6.36280200001238,private-reference/b419a8cab1fa5da4/00430.json.gz,0,True,0,0,0,0,0,147,0.03929100000732433,9b3de538e6269d30bc4fc33ff1fa2d1806352d652f4413ee5b2984b345d15f82,28933939,skarve_normalized_f64_v1,0.5228890000807951,566208946128,,True,58.08983699989767,private-reference/e1551a55f58e21f9/00430.json.gz,a5f78918c85c4a54669f7fe5ace4d9c6057fd37a1ba062822d1db34754751d1f,1
431,analytical36-A-1-local-native-skv-raw,analytical36,A,local,1,native-skv-raw,skv,5.16103099994325,109.02972099995623,0.055538616,0.10811199999997712,56315904,2147483648,native,1,analytical36|A|local,0.7197969999879206,566367965399,18.64320200002112,24.714496000001418,null,True,5770145,analytical36|A|1,0.0006310000344456057,,,,,,,,,,,,,,,,,,,,,,,,,,,,,,,,,,,,,,,,,,,,,,,,,,,,,,,,,,,,,,,,,,,,,,False,,,,,,skv,,,,False,,16384,0,0,0,0,0.0,0.0,0,0,0,0,0,0,0.683931,16,90640,0,0.0,0.0,192,11584,258682,28,262144,0.081729,2359296,2359996,0,0,4,262144,0.0011409999999999999,1.6426939999999999,0,5,90640,0.6254479999999999,65536,1310720,151658,0.340029,0,0,source_handle_lifetime,False,,,,,,,,,,,,,,,,,9742336,False,pinned_file_stat,local,,,,,,,,,,,,,,,,,,,0,2359296,67108864,4,0,0,0,0,4,2362076,2097152,,590135,0,0,0,0,259632,268435456,,16,14466,0,,67108864,256,4,4,,,0.48811699999999997,,,0.006971999999999999,0.103959,,,3.669623,1.6426939999999999,0.061742000000000005,1.8476830000000002,,,0.010539,0.0,,4.4428469999999995,0.008996,,,,,,,,,,,,,,,,,,,,,,,,,,,,,,,,,,,,,,,,,,,,,,,,,,,,,raw,,,native_grid_planar_fractional,True,1,4.701797000052466,private-reference/43d33d4ec8bfbbfd/00431.json.gz,0,True,0,0,0,0,0,142,0.03930200000468176,2396f5f00370dce99e7cb635589e0cea5188c4efa1d3b49f8b67a31975ca64dc,5770145,skarve_normalized_f64_v1,0.4165269999703014,566362804318,,True,55.83266899998307,private-reference/e2a2415372cd02d6/00431.json.gz,7f41e8d2d97c3ab79f60a6a8b82369b98e940f01e1d943fcc49b2256bcce41d2,1
432,real-age36-D-2-local-native-rsi64,real-age36,D,local,2,native-rsi64,cogband128,579.9502840000059,703.5156319999487,0.633649627,0.7027720000000102,137932800,2147483648,native,36,real-age36|D|local,0.8496509999531554,567096159713,20.39531699995223,601.4655330000096,null,True,28148818,real-age36|D|2,0,,,667776,288,100,0.002515,65536,1.392959,0,66355200,67108864,0,0,0,0.777332,66559900,58982400,0.05454000000000003,1018000,8,8,7977e1f5c12c982857d6e6ed9d512ad4c2239e6924905bd559ba01551531b318,64,0.0031860000000000005,,,,,,,503.29050000000007,0.054147999999999995,,,,,,,0,0,0,0,0,0,0,568.3883149999999,10.649728000000001,0,0.02814199999999999,16,0.000651,203257948,,3600,8609832,443.076567,5.212682999999999,2,58.370757000000026,0.575793,161244,0,0,0,0,0,0,0,,,,,,,,,,,,,,,,,,,,,,,,,,,,,,,,,,,,,,,,,,,,,,,,,,,,,,,,,,,,,,,,,,,,,,,,,,,,,,,,,,,,,,,,,,,,,0.006151,2,0,0,,,,,,,,,,,,,,,,,,,,,,,,,,,,,114,72,,,,,,,,,,,,,,,,,,,0,,,,,,,,,,,,,,,,,,,0.5522009999999998,0,0.0,0,100,,,,,,,,,,,,,,,,,,,,,,,,,,,,,index64,0,0,native_grid_planar_fractional,True,2,570.8358650000491,private-reference/5c77f18aef10fac7/00432.json.gz,0,True,0,0,0,0,0,32702,0.5754240000896971,5e6f375cc92abcd9cc8d8fd07e5887c228b07307989a3ae1a94fa98ceb17f110,27889906,skarve_normalized_f64_v1,8.533934999945814,566516209288,,True,633.8999060000106,private-reference/c7e1979a914bf025/00432.json.gz,c1293add5d6bb7d46a1d63bef43f20755ec65189db1f0762eb8e8f5e413e88dd,8
433,analytical40-1025x1031-A-2-local-native-skv-summary,analytical40-1025x1031,A,local,2,native-skv-summary,skv,13.627722000023823,126.6963380001016,0.067975984,0.12561399999998457,58687488,2147483648,native,1,analytical40-1025x1031|A|local,0.38790400003563263,567281547658,20.559396000066954,34.77043600003071,null,True,24731327,analytical40-1025x1031|A|2,0.0007909999339972273,,,,,,,,,,,,,,,,,,,,,,,,,,,,,,,,,,,,,,,,,,,,,,,,,,,,,,,,,,,,,,,,,,,,,,False,,,,,,skv,,,,False,,16384,0,0,0,0,0.0,0.0,0,0,0,0,0,0,2.03947,28,321360,0,0.0,0.0,2880,11584,603090,68,458752,0.098459,4128768,4133668,0,0,28,458752,0.005651,1.135269,0,13,321360,1.704953,65536,2293760,265346,0.7516210000000004,24,0,source_handle_lifetime,False,,,,,,,,,,,,,,,,,9742336,False,pinned_file_stat,local,,,,,,,,,,,,,,,,,,,,,67108864,,,,,,,4148228,3670016,,,,,,,,,,,,,,,128,28,,,,,0.0,0.0,,,,,,1.135269,,5.040744,,,,0.0,,12.478156,,,,,,,,,,,,,,,,,,,,,,,,,,,1,0,0,0,False,28,146889793,73,,,36,False,,,,,,405176,28,,,,,24,,24,36,summary,,,native_grid_planar_fractional,True,1,12.912273999972967,private-reference/9bbac13cb68a673f/00433.json.gz,0,True,0,0,0,0,0,140,0.06242300003123091,0804bf71bee4a10cb67390656e5058e365f08886d4b412c8d3417e8204a98c13,24731327,skarve_normalized_f64_v1,0.6477250000216372,567267919215,,True,68.46224900004927,private-reference/0c069ed74bf1842d/00433.json.gz,d2047019535f47327ff02df75db6c316ec6d421c697d24ce21feb56ddba4b439,1
434,worldpop1-A-2-http0-native-rsi256,worldpop1,A,http0,2,native-rsi256,cogband128,72.35203600009754,190.76454199989712,0.11630818499999998,0.17647000000002322,74756096,2147483648,native,1,worldpop1|A|http0,0.6576779999249993,567510394097,23.74607699994158,96.94780999996055,null,True,18817225,worldpop1|A|2,2.424882000013895,,,,,,,,,,,,,,,,,,,,,,,,,65520,1,0,0,9437184,16,,,,,,,,,,,,,,,,,,,,,,,True,,,,,,,,,,,,,,,,16777216,,0,1.501353,1,16,0,,0,shared_only_for_identical_data_and_mask_block_footprints_then_flushed_on_transition_or_window_exit,trusted_manifest,,http_original,,,,,,,,,,,,,,,,,,,,,,,,,,,,,,,,,,,,,,,,,,,,,,True,,957723,4194304,19,0,844,19,35,962203,962203,0,35,5,957723,40,,,,,,,,,,,,,,,,,,,,,,,,,,,,,,,,,,,,,,,,,,,,,,,,,,,,,,,,,,0.000691,0.400946,,,,,56.111824999999996,exclusive partition of this query call; source post-validation is in remaining execution; FFI envelope and transport subspans are not added to this partition,,,0.436832,56.950294,,,"""9ce6346bdd3f102f86c80893ee5103d3c65f7b8c529d316a328d28a7a9162e3a""",,http,131056,0,0,0,0,0,2,0,0,0,2,3,131056,5,,,,,,,65520,,,,,,16,8963137,25,True,0,9,False,1,168424,1,False,1,397218,16,134217728,0,0,8,9,65536,,9,index256,957723,40,native_grid_planar_fractional,True,1,57.4074630000041,private-reference/e028883cbbc543de/00434.json.gz,1088779,True,37,8,1088779,45,45,159,0.06653099990217015,6b7c811950dafd49b0dace02d8ad09319150a5be646200d1e519d5ed02b8ce8d,18648801,skarve_normalized_f64_v1,12.445376000073338,567438041900,,True,130.20936899999924,private-reference/17dc243303dd2b86/00434.json.gz,a7c9f8a0d09c84870d966139f58eecd39c34fb2d11f70e4a895644c7ddf17e52,1
435,analytical36-C-1-http0-native-rsi256,analytical36,C,http0,1,native-rsi256,cogband128,709.4344780000483,827.977404999956,0.6067781179999999,0.6642260000000135,160149504,2147483648,native,36,analytical36|C|http0,6.76794699995753,568377769533,22.78550500000165,739.4760569999335,null,True,6294806,analytical36|C|1,0,,,87056,36,8,0.002304,65536,0.220541,0,84934656,67108864,2,0,0,2.990596,61355354,75497472,0.0077930000000000004,148960,1,1,bdfdf8cd0ba43b86d0e2dd2b60bba822a28580b3e94f4947415c8571bb355a27,4,0.00539,,,,,,,609.9148319999999,0.018073000000000002,,,,,,,0,0,0,5945372,581,4,585,678.3459539999999,14.894409,0,0.008126,2,0.000892,201652964,,288,8363340,578.706979,7.338241,2,60.910911999999996,0.147337,34776,0,0,0,0,0,0,0,,,,,,,,,,,,,,,,,,,,,,,,,,,,,,,,,,,,,,,,,,,,,,,,,,,,,,,,,,,,,,,,,,,,,,,,,,,,,,,,,,,,,,,,,,,,,0.011341,2,0,0,,,,,,,,,,,,,,,,,,,,,,,,,,,,,0,0,,,,,,,,,,,,,,,,,,,2,,,,,,,,,,,,,,,,,,,6.410136,0,0.0,0,8,,,,,,,,,,,,,,,,,,,,,,,,,,,,,index256,5945372,585,native_grid_planar_fractional,True,2,679.3179549999877,private-reference/3f892daa80db8d6e/00435.json.gz,6090460,True,597,10,6090460,607,607,4010,0.09024400003454502,b377ff7f69c2e6aff33c3a6c22dcb9c59ccc16b052e6610bb89b8b3f1b16adba,6142678,skarve_normalized_f64_v1,30.022561999999198,567668335225,,True,770.0475550000192,private-reference/382305c537f3d450/00435.json.gz,58c6cef478520f182a41373180cf132f6711c560f0bd7d05052c09819801bbf4,1
436,analytical36-A-2-local-native-skv-summary,analytical36,A,local,2,native-skv-summary,skv,6.141602000070634,113.79288999989967,0.057475460000000006,0.11289899999999875,55828480,2147483648,native,1,analytical36|A|local,0.0680430000556953,568554526308,19.13961799994013,25.920308999957342,null,True,5770145,analytical36|A|2,0.0009919999683916103,,,,,,,,,,,,,,,,,,,,,,,,,,,,,,,,,,,,,,,,,,,,,,,,,,,,,,,,,,,,,,,,,,,,,,False,,,,,,skv,,,,False,,16384,0,0,0,0,0.0,0.0,0,0,0,0,0,0,0.8418550000000001,12,90640,0,0.0,0.0,192,11584,220605,24,196608,0.095744,1769472,1771572,0,0,12,196608,0.002333,0.32194599999999995,0,5,90640,0.71625,65536,983040,113581,0.272094,4,0,source_handle_lifetime,False,,,,,,,,,,,,,,,,,9742336,False,pinned_file_stat,local,,,,,,,,,,,,,,,,,,,,,67108864,,,,,,,1777812,1572864,,,,,,,,,,,,,,,128,12,,,,,0.0,0.0,,,,,,0.32194599999999995,,2.115171,,,,0.0,,5.360917,,,,,,,,,,,,,,,,,,,,,,,,,,,1,0,0,0,False,12,146889793,25,,,4,False,,,,,,170168,12,,,,,4,,4,4,summary,,,native_grid_planar_fractional,True,1,5.590564000044651,private-reference/36b06048e86a76ab/00436.json.gz,0,True,0,0,0,0,0,141,0.028831999998146784,74bd9cb0f1e396b15bb77e6772dbe47601b4bc5fe3cd426185623312b8b04943,5770145,skarve_normalized_f64_v1,0.5186600000115504,568548385106,,True,57.81110499992792,private-reference/b746d86aa6004873/00436.json.gz,38195246254fa7737c2d2065223a380a73876fd37c0715fa6c20b734be6738ca,1
437,analytical36-A-1-http0-native-skv-raw,analytical36,A,http0,1,native-skv-raw,skv,20.394314999975904,128.6828139999443,0.065618114,0.12227899999996339,58077184,2147483648,native,1,analytical36|A|http0,0.5852010000353403,568721671580,18.191340000043965,39.37347399994451,null,True,5770145,analytical36|A|1,0.0007520000053773401,,,,,,,,,,,,,,,,,,,,,,,,,,,,,,,,,,,,,,,,,,,,,,,,,,,,,,,,,,,,,,,,,,,,,,False,,,,,,skv,,,,False,,16384,0,0,0,0,0.0,0.0,0,0,0,0,0,0,0.7382879999999998,16,131840,14,0.0,0.0,192,11584,299882,19,262144,0.081077,2359296,2359996,0,0,4,262144,0.003095,1.8678090000000003,0,14,131840,0.810579,65536,1310720,151658,12.747705999999999,0,0,source_handle_lifetime,False,,,299882,4194304,0,0,0,0,18,285802,285802,0,19,2,299882,21,9742336,False,strong_etag_conditional_ranges,http,299882,4194304,0,0,0,0,18,285802,285802,0,19,2,299882,21,,,,,0,2359296,67108864,4,0,0,0,0,4,2362076,2097152,,590135,283498,18,2,20,259632,268435456,,16,14466,0,,67108864,256,4,4,,,0.639589,,,0.019094,0.097286,,,15.651589,1.8678090000000003,0.058737,13.584982,,,0.446407,0.0,,17.940315,0.010289,,,,,,,,,,,,,,,,,,,,,,,,,,,,,,,,,,,,,,,,,,,,,,,,,,,,,raw,299882,21,native_grid_planar_fractional,True,1,18.29513899997437,private-reference/dec82b92961a6c96/00437.json.gz,299882,True,19,2,299882,21,21,142,0.058956999964721035,2396f5f00370dce99e7cb635589e0cea5188c4efa1d3b49f8b67a31975ca64dc,5770145,skarve_normalized_f64_v1,2.0352310000362195,568701276884,,True,71.62290500002655,private-reference/88c0d4f3a8bdbbd9/00437.json.gz,66b3c0d8ee5571ad26be45b6e06eb30d34573e7af4e11f03ea2ae61e05de9491,1
438,real-age36-D-2-http0-native-tiff,real-age36,D,http0,2,native-tiff,band256,1299.5651429999953,1426.870511000061,1.1615229939999998,1.2286870000000079,153788416,2147483648,native,36,real-age36|D|http0,2.149478000092131,570180644425,25.35680500000126,1327.3007820000657,null,True,27830980,real-age36|D|2,0.0038470000163215445,,,1497376,288,32,0.004118,32768,1.2298680000000002,0,84934656,67108864,7,0,0,0.696793,66111319,75497472,0.019816999999999998,664432,0,8,141b322b011ae0b08bb16788da619152254bb789b26cad4c288d379965e27b86,16,0.001562,,,,,,,1155.114256,0.055962,,,,,,,0,0,0,111307458,577,2,579,1278.703103,17.123249999999995,0,0.025445999999999996,8,0.00033999999999999997,337751140,,1152,17014824,1112.6785210000003,8.376511,1,119.63823999999998,0.397725,157572,0,0,0,0,0,0,0,,,,,,,,,,,,,,,,,,,,,,,,,,,,,,,,,,,,,,,,,,,,,,,,,,,,,,,,,,,,,,,,,,,,,,,,,,,,,,,,,,,,,,,,,,,,,0.0057599999999999995,1,0,0,,,,,,,,,,,,,,,,,,,,,,,,,,,,,0,0,,,,,,,,,,,,,,,,,,,1,,,,,,,,,,,,,,,,,,,1.6854390000000001,0,0.0,0,32,,,,,,,,,,,,,,,,,,,,,,,,,,,,,,111307458,579,native_grid_planar_fractional,True,1,1281.0084789999792,private-reference/1e4492b4114a0075/00438.json.gz,111311479,True,587,4,111311479,591,591,32702,0.575903000026301,5e6f375cc92abcd9cc8d8fd07e5887c228b07307989a3ae1a94fa98ceb17f110,27830980,skarve_normalized_f64_v1,17.97158399995169,568881079502,,True,1359.114401999932,private-reference/3ea85f9b4992ec7c/00438.json.gz,1a04b64233c0bca12a4a588da0eb8a5de7f6c9872ecc24641e28321e69b91390,8
439,analytical36-C-0-http0-native-cog,analytical36,C,http0,0,native-cog,cog128,454.84930999998596,575.4082800000333,0.504774673,0.5683750000000316,168153088,2147483648,native,36,analytical36|C|http0,2.02677799995854,570811572529,21.791783000026044,478.8955819999501,null,True,9387192,analytical36|C|0,0.0008819999948173063,,,,,,,,,,,,,,,,,,,,,,,,,,,,,,,,,,,,,,,,,,,,,,,,,,,,,,,,,,,,,,,,,,,,,16777216,,0,1.968814,36,12,0,,0,shared_only_for_identical_data_and_mask_block_footprints_then_flushed_on_transition_or_window_exit,trusted_manifest,,http_original,,,,,,,,,,,,,,,,,,,,,,,,,,,,,,,,,,,,,,,,,,,,,,True,,9170292,4194304,13,13,18328198,35,16,3580186,3580186,0,16,4,9170292,20,,,,,,,,,,,,,,,,,,,,,,,0,84934656,67108864,10,20058510,2,0,0,12,64897318,75497472,,10028743,9163284,9,2,11,258240,268435456,,288,377416,0,,67108864,256,12,4,,,16.663684999999997,,,1.2565419999999998,0.104232,,,412.97244099999995,14.653360000000001,0.03773,363.32187099999993,,,0.560735,0.0,,431.512884,0.024765000000000002,,,,,,,,,,,,,,,,,,,,,,,,,,,,,,,,,,,,,,,,,,,,,,,,,,,,,,9170292,20,native_grid_planar_fractional,True,1,432.10924400000295,private-reference/831ab11ab5108b8f/00439.json.gz,9170292,True,16,4,9170292,20,20,4000,0.11405999998714833,d899d2044a51304c17e4b8f724741943ca7c4792a86bf0124c26ca94bd8d8315,9387192,skarve_normalized_f64_v1,22.62130699989484,570356723419,,True,511.33344699996996,private-reference/ab832b2228c88f93/00439.json.gz,22b8aacfffcad4036729c6a7053db5123747341bde3e0d7e0686626750bea328,1
440,analytical36-C-0-http0-natural-ee,analytical36,C,http0,0,natural-ee,cogband128,244.23263100004533,438.46853000002284,0.354753318,0.4320499999999754,173690880,2147483648,upstream,36,analytical36|C|http0,0.2423370000315117,571289895012,,246.1085820000335,null,True,6142678,analytical36|C|0,,,,,,,,,,,,,,,,,,,,,,,,,,,,,,,,,,,,,,,,,,,,,,,,,,,,,,,,,,,,,,,,,,,,,,,,,,,,,,,,,,,,,,,,,,,,,,,,,,,,,,,,,,,,,,,,,,,,,,,,,,,,,,,,,,,,,,,,,,,,,,,,,,,,,,,,,,,,,,,,,,,,,,,,,,,,,,,,,,,,,,,,,,,,,,,,,,,,,,,,,,,,,,,,,,,,,,,,,,,,,,,,,,,,,,,,,,,,,,,,,,,,,,,,,,,,,,,,,,,,,,,,,,feature-sequential,,,exactextract_fractional_v030,True,,227.05317600002672,private-reference/ec4ce54612485928/00440.json.gz,6142678,True,8,1,6142678,9,9,3997,0.13185299997076072,9bac7d9c47d1803b601e8d3c7161278eee04d44bab00bf86f11d42e52ee54221,6142678,,17.04435600004217,571045662681,,True,359.6240519999583,private-reference/2de25c2d7cd75672/00440.json.gz,50b99afa2045c5c4c1124af1c5009e7898fa1c5ae003198cf7b88e7ab2b35b50,1
441,real-age36-B-2-local-native-rsi64,real-age36,B,local,2,native-rsi64,cogband128,26.544273000013163,132.6295390000496,0.077997891,0.13200300000002585,71487488,2147483648,native,1,real-age36|B|local,0.17087499998069688,571491687036,20.067146000087632,47.06524600010198,null,True,28148818,real-age36|B|2,0,,,45576,8,50,0.001563,32768,1.4821940000000002,0,1843200,67108864,0,0,0,0.060610000000000004,1877950,1638400,0.004288000000000001,1018000,0,8,7977e1f5c12c982857d6e6ed9d512ad4c2239e6924905bd559ba01551531b318,64,0.001252,,,,,,,13.890474000000003,0.037119,,,,,,,0,0,0,0,0,0,0,17.752105,0.38973300000000005,0,0.004286,8,0.00033,202435640,,100,239162,11.830621999999998,0.21148899999999998,1,1.7267340000000007,0.034615,4479,0,0,0,0,0,0,0,,,,,,,,,,,,,,,,,,,,,,,,,,,,,,,,,,,,,,,,,,,,,,,,,,,,,,,,,,,,,,,,,,,,,,,,,,,,,,,,,,,,,,,,,,,,,0.0011719999999999999,1,0,0,,,,,,,,,,,,,,,,,,,,,,,,,,,,,57,36,,,,,,,,,,,,,,,,,,,0,,,,,,,,,,,,,,,,,,,0.15793100000000002,0,0.0,0,50,,,,,,,,,,,,,,,,,,,,,,,,,,,,,index64,0,0,native_grid_planar_fractional,True,1,18.311667000034504,private-reference/86d57e0429437a9a/00441.json.gz,0,True,0,0,0,0,0,1129,0.06226499999684165,fba1d5ef79886e5e7200884dceab42f930764eafb8fbd4698b34106f15ed3623,27889906,skarve_normalized_f64_v1,8.166123000023617,571465143134,,True,78.25386499996512,private-reference/11aa7b4729d68f1e/00441.json.gz,225f981d1d86be7554a6e7d76215aa7071a9f7c3b35c23a783837ecf2270d9dc,8
442,real-age36-B-2-http0-native-skv-summary,real-age36,B,http0,2,native-skv-summary,skv,27.669409000054657,133.8263540000071,0.07594593,0.12751199999999585,59138048,2147483648,native,1,real-age36|B|http0,0.2551620000303956,571669064633,22.131608999984564,50.25774199998523,null,True,28933939,real-age36|B|2,0.0007009999762885855,,,45576,8,16,0.0019939999999999997,32768,1.2103030000000001,0,2359296,67108864,0,0,0,0.069858,2370160,2097152,0.002375,664432,0,8,141b322b011ae0b08bb16788da619152254bb789b26cad4c288d379965e27b86,16,0.001353,,,,,,,18.724245000000003,0.055052000000000004,,,,,,,0,0,0,902599,18,2,20,24.916744,0.62983,0,0.004025999999999999,8,0.00033999999999999997,329264080,,16,407098,17.760688000000002,0.24042300000000003,1,3.134375999999999,0.060311000000000003,3865,0,0,0,0,0,0,0,,,,,,,,,,,,,,,,,,,,,,,,,,,,,,,,,,,,,,,,,,,,,,,,,,,,,,,,,,,,,,,,,,,,,,,,,,,,,,,,,,,,,,,,,,,,,0.015688999999999998,1,0,4,,,,,,,,,,,,,,,,,,,,,,,,,,,,,4,4,,,,,,,,,,,,,,,,,,,0,,,,,,,,,,,,,,,,,,,1.627903,0,0.0,0,16,,,,,,,,,,,,,,,,,,,,,,,,,,,,,summary,902599,20,native_grid_planar_fractional,True,1,25.642071999982363,private-reference/002ba914e7126590/00442.json.gz,918983,True,19,2,918983,21,21,1129,0.04873000000316097,fba1d5ef79886e5e7200884dceab42f930764eafb8fbd4698b34106f15ed3623,28933939,skarve_normalized_f64_v1,1.9744600000421997,571641395173,,True,81.94755700003498,private-reference/5596837f10fd40e0/00442.json.gz,8674e64d4ea05d498b13aae4e41b01a2f3f223cf32a6831c0f46e690559fa771,8
443,real-age36-C-2-local-native-cog,real-age36,C,local,2,native-cog,cogband128,278.4960520000368,400.73300200003814,0.336589385,0.39986399999997957,151089152,2147483648,native,36,real-age36|C|local,8.29755400002341,572095563314,19.770388999972965,306.8074739999247,null,True,27889906,real-age36|C|2,0.0018339999314775923,,,,,,,,,,,,,,,,,,,,,,,,,,,,,,,,,,,,,,,,,,,,,,,,,,,,,,,,,,,,,,,,,,,,,16777216,,0,0.069248,1,8,0,,0,shared_only_for_identical_data_and_mask_block_footprints_then_flushed_on_transition_or_window_exit,trusted_manifest,,local_original,,,,,,,,,,,,,,,,,,,,,,,,,,,,,,,,,,,,,,,,,,,,,,False,,,,,,,,,,,,,,,,,,,,,,,,,,,,,,,,,,,,,,0,84934656,67108864,6,21237758,2,0,0,8,63713274,75497472,,11798159,0,0,0,0,258864,268435456,,288,377416,0,,67108864,256,8,4,,,19.864048999999998,,,2.875418,0.074667,,,249.73923400000004,19.612275999999998,0.029344,207.583033,,,0.013033999999999999,0.0,,270.07349899999997,0.03783,,,,,,,,,,,,,,,,,,,,,,,,,,,,,,,,,,,,,,,,,,,,,,,,,,,,,,,,native_grid_planar_fractional,True,1,270.5387560000645,private-reference/d73a4d6dd98e2d9c/00443.json.gz,0,True,0,0,0,0,0,4211,0.11265700004514656,78ea1b1d7c574d80aac7cf2fe459d522f8702c4e987f34f246a9977617de8717,27889906,skarve_normalized_f64_v1,7.838157000037427,571817067272,,True,337.0374209999909,private-reference/ca65223fa700ce0b/00443.json.gz,a0dd3928bed55c7b5e5844e80a8a228459da59044f32bece836d971e8fe6ddfc,1
444,analytical36-B-2-local-native-rsi256,analytical36,B,local,2,native-rsi256,cogband128,28.66441899993788,181.89870200001224,0.09934783700000001,0.18129100000001586,75157504,2147483648,native,1,analytical36|B|local,0.37367899994933396,572340347438,29.467943999975432,58.71811300005447,null,True,6294806,analytical36|B|2,0,,,45576,8,5,0.001492,32768,0.838385,0,2375424,67108864,0,0,0,0.028814,2378979,2111488,0.0015429999999999999,516544,0,8,40ef5ef21b6c88686db68542a6de662f25a748942899c5b46a591d8bef511c5c,5,0.000981,,,,,,,7.178049000000001,0.059189,,,,,,,0,0,0,0,0,0,0,12.047714,0.431557,0,0.004110999999999999,8,0.000321,201934340,,10,480189,5.668037,0.139599,1,3.631202,0.041504,2320,0,0,0,0,0,0,0,,,,,,,,,,,,,,,,,,,,,,,,,,,,,,,,,,,,,,,,,,,,,,,,,,,,,,,,,,,,,,,,,,,,,,,,,,,,,,,,,,,,,,,,,,,,,0.003516,1,0,0,,,,,,,,,,,,,,,,,,,,,,,,,,,,,0,0,,,,,,,,,,,,,,,,,,,0,,,,,,,,,,,,,,,,,,,0.2832930000000001,0,0.0,0,5,,,,,,,,,,,,,,,,,,,,,,,,,,,,,index256,0,0,native_grid_planar_fractional,True,1,12.857966999945347,private-reference/b7ab297e82d82df2/00444.json.gz,0,True,0,0,0,0,0,1060,0.04394099994442513,d465def57fae7479bd4c661eef066e439ba015c938a58cc0d5ff214af3707011,6142678,skarve_normalized_f64_v1,15.756119999991824,572311682998,,True,99.5249600000534,private-reference/342bc2f97f917706/00444.json.gz,6fe6ecf92784fb88e633fc8baaa0161001d6d98a5d3666373d229c4d60a5c839,8
445,worldpop1-B-1-local-natural-ee,worldpop1,B,local,1,natural-ee,cogband128,192.49294500002634,382.0863889999373,0.308534459,0.3814429999999902,130039808,2147483648,upstream,1,worldpop1|B|local,5.105652999986887,572752544106,,199.2830110000341,null,True,18648801,worldpop1|B|1,,,,,,,,,,,,,,,,,,,,,,,,,,,,,,,,,,,,,,,,,,,,,,,,,,,,,,,,,,,,,,,,,,,,,,,,,,,,,,,,,,,,,,,,,,,,,,,,,,,,,,,,,,,,,,,,,,,,,,,,,,,,,,,,,,,,,,,,,,,,,,,,,,,,,,,,,,,,,,,,,,,,,,,,,,,,,,,,,,,,,,,,,,,,,,,,,,,,,,,,,,,,,,,,,,,,,,,,,,,,,,,,,,,,,,,,,,,,,,,,,,,,,,,,,,,,,,,,,,,,,,,,,,raster-sequential,,,exactextract_fractional_v030,True,,185.79018100001576,private-reference/24bb497a5041ae93/00445.json.gz,0,True,0,0,0,0,0,1242,0.08187099990664137,2084e8e2790c9e2395fef77a7aba04ab818e860cd63a2c213906b311c8df67dd,18648801,,6.618008000032205,572560051572,,True,308.7873579999041,private-reference/6b2db9f9bc19fa79/00445.json.gz,c14485d8c5ca6e219e4d4b6e2f5c37f5c01ef9d83a2c03e695ec6a0a50d18211,8
446,analytical36-A-0-local-native-skv-raw,analytical36,A,local,0,native-skv-raw,skv,6.186283000033654,114.65563899992048,0.058111713999999995,0.11360200000001441,56238080,2147483648,native,1,analytical36|A|local,0.34318199993776943,572932072987,18.741742999964117,25.47989200002121,null,True,5770145,analytical36|A|0,0.0015220000477711437,,,,,,,,,,,,,,,,,,,,,,,,,,,,,,,,,,,,,,,,,,,,,,,,,,,,,,,,,,,,,,,,,,,,,,False,,,,,,skv,,,,False,,16384,0,0,0,0,0.0,0.0,0,0,0,0,0,0,1.332096,16,90640,0,0.0,0.0,192,11584,258682,28,262144,0.112728,2359296,2359996,0,0,4,262144,0.001,1.605617,0,5,90640,0.692585,65536,1310720,151658,0.37822900000000004,0,0,source_handle_lifetime,False,,,,,,,,,,,,,,,,,9742336,False,pinned_file_stat,local,,,,,,,,,,,,,,,,,,,0,2359296,67108864,4,0,0,0,0,4,2362076,2097152,,590135,0,0,0,0,258240,268435456,,16,14466,0,,67108864,256,4,4,,,0.454958,,,0.009638,0.143825,,,4.328872,1.605617,0.082112,2.560154,,,0.018695,0.0,,5.155133999999999,0.012773,,,,,,,,,,,,,,,,,,,,,,,,,,,,,,,,,,,,,,,,,,,,,,,,,,,,,raw,,,native_grid_planar_fractional,True,1,5.482315999984166,private-reference/cdb7307f8a27480d/00446.json.gz,0,True,0,0,0,0,0,142,0.07261400003244489,1f5800e6da13026f5dcd51f66d3119f4d36ecd81f15e95f6dc5bc29682e31b2a,5770145,skarve_normalized_f64_v1,0.626194000005853,572925886865,,True,58.73316899999281,private-reference/5dec74e9368e93ca/00446.json.gz,24dafa17d4f57c113c1bae96026854be77f08ac2cb048a13f694422c57fa738d,1
447,real-age36-D-1-local-native-tiff,real-age36,D,local,1,native-tiff,band256,712.5014800000145,836.9966989999966,0.776532608,0.8360150000000033,144990208,2147483648,native,36,real-age36|D|local,7.183846999964771,573799509726,22.230585999977848,742.1786779999593,null,True,27830980,real-age36|D|1,0.0008309999657285516,,,1497376,288,32,0.003637,32768,1.296759,0,84934656,67108864,7,0,0,0.37980299999999995,66111319,75497472,0.020762,658864,0,8,f9c804f4bbe2085423ae54bcdc6b2b8b95cb5ec97d5c6a5a659d9c958d71075c,16,0.0009620000000000001,,,,,,,581.1089989999999,0.037698999999999996,,,,,,,0,0,0,0,0,0,0,701.147727,17.885234999999998,0,0.027230999999999995,8,0.000501,337745532,,1152,16899840,503.74060000000003,7.025607,1,117.72500000000002,0.47913000000000006,156708,0,0,0,0,0,0,0,,,,,,,,,,,,,,,,,,,,,,,,,,,,,,,,,,,,,,,,,,,,,,,,,,,,,,,,,,,,,,,,,,,,,,,,,,,,,,,,,,,,,,,,,,,,,0.0012619999999999999,1,0,0,,,,,,,,,,,,,,,,,,,,,,,,,,,,,0,0,,,,,,,,,,,,,,,,,,,0,,,,,,,,,,,,,,,,,,,0.070721,0,0.0,0,32,,,,,,,,,,,,,,,,,,,,,,,,,,,,,,0,0,native_grid_planar_fractional,True,1,703.9277229999925,private-reference/66324e1cab4e4227/00447.json.gz,0,True,0,0,0,0,0,32464,0.6000639999683699,5d245bafefa7e2c75db0534640a9a4216d266276c251480c4f58b76cec0d89af,27830980,skarve_normalized_f64_v1,7.968834000052993,573087008406,,True,777.0619899999929,private-reference/9af13c45cba65cd0/00447.json.gz,a6701a8c0afd5f8f3e1fff7af60c02c6ab235da382fd8235baeda13f5011dac1,8
448,worldpop1-B-1-http0-native-cog,worldpop1,B,http0,1,native-cog,cogband128,125.0574929999857,233.98087499992926,0.15027922,0.20774099999999862,85225472,2147483648,native,1,worldpop1|B|http0,0.5407050000485469,574088131680,19.930743000031725,145.74893600001815,null,True,18648801,worldpop1|B|1,0.0008420000767728197,,,45576,8,81,0.002355,32768,3.3435109999999995,0,11943936,67108864,0,0,0,0.3144550000000001,12000231,10616832,0.016203000000000006,1988464,0,8,01b3f1289f4fcd2c7c71f983a2978189e2af30bdbd9b8234b21645775f8c1d83,81,0.001102,,,,,,,96.785734,0.032219,,128,19648,False,128,128,0,0,0,1525130,83,2,85,113.56733,2.945818,0,0.0064719999999999995,8,0.000771,337643072,,162,2005684,89.57718300000005,1.7632350000000006,1,11.756855999999999,0.08425500000000001,19246,0,0,0,0,0,0,0,,,,,,,,,,,,,,,,,,,,,,,,,,,,,,,,,,,,,,,,,,,,,,,,,,,,,,,,,,,,,,,,,,,,,,,,,,,,,,,,,,,,,,,,,,,,,0.002414,1,0,0,,,,,,,,,,,,,,,,,,,,,,,,,,,,,0,0,,,,,,,,,,,,,,,,,,,0,,,,,,,,,,,,,,,,,,,1.231466,0,0.007113,0,81,,,,,,,,,,,,,,,,,,,,,,,,,,,,,,1525130,85,native_grid_planar_fractional,True,1,114.29409700008364,private-reference/6ae568fce69790d9/00448.json.gz,1526154,True,84,4,1526154,88,88,1252,0.07672200001707097,79dbde3afe02fa0d6e9c2b3d91f1fb6242b60b501526a087660dbfa96451303f,18648801,skarve_normalized_f64_v1,10.631203999992067,573963074156,,True,176.2097040000299,private-reference/47b69b6b90858b12/00448.json.gz,4d6e540a13c810f8e5d9fb274284d070841dc289fe7d017cf7dd7314db368ba0,8
449,analytical40-1025x1031-A-1-local-native-skv-raw,analytical40-1025x1031,A,local,1,native-skv-raw,skv,17.911006000076668,127.73914299998523,0.071973662,0.12696799999997666,63971328,2147483648,native,1,analytical40-1025x1031|A|local,1.0686059999898134,574270383755,20.595216000060645,40.10879100007969,null,True,24731327,analytical40-1025x1031|A|1,0.0005809999947814504,,,,,,,,,,,,,,,,,,,,,,,,,,,,,,,,,,,,,,,,,,,,,,,,,,,,,,,,,,,,,,,,,,,,,,False,,,,,,skv,,,,False,,16384,0,0,0,0,0.0,0.0,0,0,0,0,0,0,2.3186590000000002,64,354320,0,0.0,0.0,2304,11584,977905,108,1048576,0.08462499999999999,9437184,9439984,0,0,16,1048576,0.005122,6.461049000000001,0,21,354320,2.5791159999999995,65536,5242880,607201,1.3088109999999997,0,0,source_handle_lifetime,False,,,,,,,,,,,,,,,,,9742336,False,pinned_file_stat,local,,,,,,,,,,,,,,,,,,,0,9437184,67108864,16,0,0,0,0,16,9448304,8388608,,590135,0,0,0,0,628560,268435456,,64,14466,0,,67108864,256,16,16,,,2.1061549999999998,,,0.033932000000000004,0.21029699999999998,,,14.219636000000001,6.461049000000001,0.21888300000000002,7.04031,,,0.013595,0.0,,16.977909999999998,0.009677999999999999,,,,,,,,,,,,,,,,,,,,,,,,,,,,,,,,,,,,,,,,,,,,,,,,,,,,,raw,,,native_grid_planar_fractional,True,1,17.384507999963716,private-reference/0144b179f18ff028/00449.json.gz,0,True,0,0,0,0,0,140,0.03841099999135622,acf0aa5bd7bc7b148855f79ff60ed369d76381ee8c619a1294380c8c784c473a,24731327,skarve_normalized_f64_v1,0.48455099999955564,574252472628,,True,72.30456299998878,private-reference/e88e7628bfb83ae9/00449.json.gz,99623674a9f96f7aca71e65d404748454e42e43288e54143831fc7d1c9f33449,1
450,analytical36-A-0-http0-native-skv-raw,analytical36,A,http0,0,native-skv-raw,skv,21.570659999952113,131.66282300005605,0.069059958,0.1245049999999992,58068992,2147483648,native,1,analytical36|A|http0,0.567337999996198,574445560815,21.324246999938623,43.66618999995353,null,True,5770145,analytical36|A|0,0.001712999960545858,,,,,,,,,,,,,,,,,,,,,,,,,,,,,,,,,,,,,,,,,,,,,,,,,,,,,,,,,,,,,,,,,,,,,,False,,,,,,skv,,,,False,,16384,0,0,0,0,0.0,0.0,0,0,0,0,0,0,0.7380380000000001,16,131840,14,0.0,0.0,192,11584,299882,19,262144,0.074658,2359296,2359996,0,0,4,262144,0.003236,1.8628600000000002,0,14,131840,0.9477630000000002,65536,1310720,151658,13.340097999999998,0,0,source_handle_lifetime,False,,,299882,4194304,0,0,0,0,18,285802,285802,0,19,2,299882,21,9742336,False,strong_etag_conditional_ranges,http,299882,4194304,0,0,0,0,18,285802,285802,0,19,2,299882,21,,,,,0,2359296,67108864,4,0,0,0,0,4,2362076,2097152,,590135,283498,18,2,20,258240,268435456,,16,14466,0,,67108864,256,4,4,,,0.590205,,,0.019384999999999996,0.106366,,,16.553143,1.8628600000000002,0.064378,14.494812000000001,,,0.8873530000000001,0.0,,18.860904,0.022320999999999997,,,,,,,,,,,,,,,,,,,,,,,,,,,,,,,,,,,,,,,,,,,,,,,,,,,,,raw,299882,21,native_grid_planar_fractional,True,1,19.218610999928387,private-reference/9444c573a1dc17ff/00450.json.gz,299882,True,19,2,299882,21,21,142,0.03482399995391461,1f5800e6da13026f5dcd51f66d3119f4d36ecd81f15e95f6dc5bc29682e31b2a,5770145,skarve_normalized_f64_v1,2.312193999955525,574423990555,,True,75.86477500001365,private-reference/51436e3be93138c5/00450.json.gz,ce16e2aa96279c06781df3f1e3a82153d27309fc40e466a02e8912415a7add68,1
451,worldpop1-B-2-local-native-skv-summary,worldpop1,B,local,2,native-skv-summary,skv,24.480631999949765,130.39324900000793,0.076603147,0.12969000000001074,63201280,2147483648,native,1,worldpop1|B|local,0.09619699994800612,574620412604,18.78966300000684,43.57606799999303,null,True,22778369,worldpop1|B|2,0.0005410000767369638,,,45576,8,57,0.0012020000000000002,32768,3.322744,0,8404992,67108864,0,0,0,0.08214700000000004,8443695,7471104,0.003786000000000003,1992496,0,8,d9f73d3fd12438f673af7cffe620b04c9dcbca5f171483f6d96f1c84649c69c7,81,0.001012,,,,,,,16.181233,0.040445,,,,,,,0,0,0,0,0,0,0,23.402098,2.4536510000000002,0,0.004005999999999999,8,0.000311,330592564,,57,611198,12.100783000000002,1.2401680000000002,1,3.2014430000000007,0.036287,8370,0,0,0,0,0,0,0,,,,,,,,,,,,,,,,,,,,,,,,,,,,,,,,,,,,,,,,,,,,,,,,,,,,,,,,,,,,,,,,,,,,,,,,,,,,,,,,,,,,,,,,,,,,,0.005841,1,0,49,,,,,,,,,,,,,,,,,,,,,,,,,,,,,85,49,,,,,,,,,,,,,,,,,,,0,,,,,,,,,,,,,,,,,,,0.029123999999999997,0,0.0,0,57,,,,,,,,,,,,,,,,,,,,,,,,,,,,,summary,0,0,native_grid_planar_fractional,True,1,24.04245599996102,private-reference/77fb8796bde79a5c/00451.json.gz,0,True,0,0,0,0,0,1240,0.049211000032300944,ae861dc4801af35ca6376dd8cf332a700265b4f0daf25e4721ef113acc83f37f,22778369,skarve_normalized_f64_v1,0.38576999997985695,574595932172,,True,76.95884199995362,private-reference/23ade226fa5545c2/00451.json.gz,f7275b6fd7f3139ca671fe109ea0970b72558dff7e2656e60d0ae1c677eedbaa,8
452,real-age36-D-1-http0-native-skv-raw,real-age36,D,http0,1,native-skv-raw,skv,342.07939299994905,462.332536999952,0.393964828,0.4544699999999864,134676480,2147483648,native,36,real-age36|D|http0,4.872887999908926,575111924691,21.857699000065622,369.0195970000332,null,True,28933939,real-age36|D|1,0.0009009999075715314,,,1497376,288,16,0.001673,32768,1.428008,0,84934656,67108864,4,0,0,0.32737399999999994,63740916,75497472,0.008406999999999998,658864,0,8,f9c804f4bbe2085423ae54bcdc6b2b8b95cb5ec97d5c6a5a659d9c958d71075c,16,0.001583,,,,,,,211.93596900000003,0.039252,,128,7168,False,128,128,0,0,0,28917555,18,2,20,337.724917,20.015887,0,0.025559999999999992,8,0.00037,330717820,,16,16899840,184.308258,7.163279,1,121.568213,0.32025699999999996,156708,0,0,0,0,0,0,0,,,,,,,,,,,,,,,,,,,,,,,,,,,,,,,,,,,,,,,,,,,,,,,,,,,,,,,,,,,,,,,,,,,,,,,,,,,,,,,,,,,,,,,,,,,,,0.009217,1,0,0,,,,,,,,,,,,,,,,,,,,,,,,,,,,,0,0,,,,,,,,,,,,,,,,,,,0,,,,,,,,,,,,,,,,,,,1.9658090000000001,0,0.007333,0,16,,,,,,,,,,,,,,,,,,,,,,,,,,,,,raw,28917555,20,native_grid_planar_fractional,True,1,339.83008699999573,private-reference/57e63bbef869f6bb/00452.json.gz,28933939,True,19,2,28933939,21,21,32464,0.5091560000209938,5d245bafefa7e2c75db0534640a9a4216d266276c251480c4f58b76cec0d89af,28933939,skarve_normalized_f64_v1,1.7362019999609402,574769845607,,True,401.41759799996635,private-reference/5f359d39a4644aff/00452.json.gz,029b3b473e1df7fbd9a18e002fe7c1619a0901e80cadd27b3a4d50060e66b005,8
453,analytical40-1025x1031-B-1-http0-native-tiff,analytical40-1025x1031,B,http0,1,native-tiff,band256,91.76935499999672,214.37015999993037,0.13913833399999997,0.201956000000024,84930560,2147483648,native,1,analytical40-1025x1031|B|http0,1.3024200000018027,575414353843,22.494183000048906,115.76296000009734,null,True,21771767,analytical40-1025x1031|B|1,0.0007219999815788469,,,45576,8,18,0.001392,32768,4.165639,0,9469440,67108864,0,0,0,0.133605,9482238,8417280,0.007924,1253776,0,16,1edbfc837a86376667b9fa2d03bd3146438c230bf188a17e2c6631ab6633b432,18,0.001162,,,,,,,47.284716,0.038890999999999995,,256,16960,True,128,256,0,0,0,542589,20,2,22,68.10498700000001,1.5050340000000002,0,0.004104,8,0.000491,338704808,,36,2022042,42.813685,0.5526019999999999,1,15.226049999999999,0.0484,8911,0,0,0,0,0,0,0,,,,,,,,,,,,,,,,,,,,,,,,,,,,,,,,,,,,,,,,,,,,,,,,,,,,,,,,,,,,,,,,,,,,,,,,,,,,,,,,,,,,,,,,,,,,,0.004698,1,0,0,,,,,,,,,,,,,,,,,,,,,,,,,,,,,0,0,,,,,,,,,,,,,,,,,,,0,,,,,,,,,,,,,,,,,,,1.130836,0,0.019095,1,18,,,,,,,,,,,,,,,,,,,,,,,,,,,,,,542589,22,native_grid_planar_fractional,True,1,68.7724709999884,private-reference/56c854f23fc2e842/00453.json.gz,550399,True,29,4,550399,33,33,1041,0.047716000040054496,4f9ba65d57db05a80f1576d13c050ab16b2115cabb8d62b799eea489189b8501,21771767,skarve_normalized_f64_v1,22.94533099995988,575322584538,,True,151.18684799995208,private-reference/5d082d0c482b3ee9/00453.json.gz,cd9d2e4b47446d33b649485e197c53504199065fd3014815c6fc295d72cf526a,8
454,analytical36-C-0-local-native-skv-summary,analytical36,C,local,0,native-skv-summary,skv,129.75214599998708,249.6281100000033,0.1871846,0.24890999999999508,118251520,2147483648,native,36,analytical36|C|local,0.8895960000927516,575711365078,22.333620000040355,153.17263800000092,null,True,5770145,analytical36|C|0,0.0004610000132743153,,,,,,,,,,,,,,,,,,,,,,,,,,,,,,,,,,,,,,,,,,,,,,,,,,,,,,,,,,,,,,,,,,,,,,False,,,,,,skv,,,,False,,16384,0,0,0,0,0.0,0.0,0,0,0,432,12,0,16.298449000000012,432,90640,0,0.0,0.0,248832,11584,4184431,24,7077888,0.081066,63700992,63740052,0,0,12,7077888,0.020358,13.721127,0,565,90640,13.094344000000001,65536,35389440,4077407,3.6582919999999994,144,0,source_handle_lifetime,False,,,,,,,,,,,,,,,,,9742336,False,pinned_file_stat,local,,,,,,,,,,,,,,,,,,,,,67108864,,,,,,,63747828,56623104,,,,,,,,,,,,,,,128,12,,,,,0.0,0.0,,,,,,13.721127,,71.519022,,,,0.0,,128.774601,,,,,,,,,,,,,,,,,,,,,,,,,,,2,0,0,0,False,12,147071268,25,,,4,False,,,,,,164378,12,,,,,4,,8,4,summary,,,native_grid_planar_fractional,True,1,129.23140700002023,private-reference/e828bbafa372dd39/00454.json.gz,0,True,0,0,0,0,0,4000,0.10263500007567927,d899d2044a51304c17e4b8f724741943ca7c4792a86bf0124c26ca94bd8d8315,5770145,skarve_normalized_f64_v1,0.4147389998934159,575581612942,,True,187.5543229999721,private-reference/a7bc93f66baa9879/00454.json.gz,41a1ca89d64cfbe15812933de3ba25c422b3c150172fc654d79f60355c2df44c,1
455,real-age36-D-0-http0-native-cog,real-age36,D,http0,0,native-cog,cog128,436.5275789999714,555.5099729999711,0.47371184400000005,0.5398030000000063,153788416,2147483648,native,36,real-age36|D|http0,0.8677950000901546,576308798979,19.331604000058178,456.9312150000542,null,True,21326870,real-age36|D|0,0.0006310000344456057,,,1497376,288,32,0.001733,32768,1.198562,0,84934656,67108864,7,0,0,0.40798799999999996,66111319,75497472,0.014713,656416,0,8,91cbd51efde644c68ee88a85ab00825c523ddea07c3f9b7d5eef8af49e1ceb58,16,0.001673,,,,,,,298.408682,0.047476,,,,,,,0,0,0,21330514,18,2,20,417.660168,15.114510000000003,0,0.024072999999999994,8,0.000361,337743068,,1152,16788204,244.35479400000003,6.8595429999999995,1,115.66946199999998,0.298859,156168,0,0,0,0,0,0,0,,,,,,,,,,,,,,,,,,,,,,,,,,,,,,,,,,,,,,,,,,,,,,,,,,,,,,,,,,,,,,,,,,,,,,,,,,,,,,,,,,,,,,,,,,,,,0.004728,1,0,0,,,,,,,,,,,,,,,,,,,,,,,,,,,,,0,0,,,,,,,,,,,,,,,,,,,16,,,,,,,,,,,,,,,,,,,1.632635,0,0.0,0,32,,,,,,,,,,,,,,,,,,,,,,,,,,,,,,21330514,20,native_grid_planar_fractional,True,1,420.2504700000418,private-reference/e89c0f67344c5a1f/00455.json.gz,21334393,True,26,4,21334393,30,30,32474,0.6762699999853794,81a155a3efe7badd5a4091ef7d3ea40f66e3dbbe3034ddd6189be08afcdfdce8,21326870,skarve_normalized_f64_v1,15.595059000020228,575872269428,,True,489.0545270000075,private-reference/300f2f057c7e310f/00455.json.gz,3fd93c0318b4a0171c7b9640be72130d920dae123eddc22796ba58d14c16d8f6,8
456,worldpop1-B-0-http0-natural-ee,worldpop1,B,http0,0,natural-ee,cogband128,192.88504400003603,384.58654999999453,0.301232879,0.3792349999999942,142344192,2147483648,upstream,1,worldpop1|B|http0,0.7648389999985739,576733680483,,195.28439099997286,null,True,18648801,worldpop1|B|0,,,,,,,,,,,,,,,,,,,,,,,,,,,,,,,,,,,,,,,,,,,,,,,,,,,,,,,,,,,,,,,,,,,,,,,,,,,,,,,,,,,,,,,,,,,,,,,,,,,,,,,,,,,,,,,,,,,,,,,,,,,,,,,,,,,,,,,,,,,,,,,,,,,,,,,,,,,,,,,,,,,,,,,,,,,,,,,,,,,,,,,,,,,,,,,,,,,,,,,,,,,,,,,,,,,,,,,,,,,,,,,,,,,,,,,,,,,,,,,,,,,,,,,,,,,,,,,,,,,,,,,,,,raster-sequential,,,exactextract_fractional_v030,True,,183.54056200007562,private-reference/778d639c7a15d864/00456.json.gz,8126464,True,6,1,8126464,7,7,1260,0.07554599994819,1eab41999e56990b9b45efec6654704dfeecb27cb435493ef9cfd21fe3f26295,18648801,,9.266290000027766,576540795730,,True,306.2214789999871,private-reference/0c27de0e76566f7f/00456.json.gz,f3f6f64eaa754a2d40acf2f0bbad092140942df614e035558fc2507412024955,8
457,analytical36-A-2-local-native-skv-raw,analytical36,A,local,2,native-skv-raw,skv,5.4333309999492485,112.44636399999308,0.058290736,0.11162299999998027,56238080,2147483648,native,1,analytical36|A|local,0.32657799999924464,576920115054,20.79648599999473,26.747439000018858,null,True,5770145,analytical36|A|2,0.0006410000423784368,,,,,,,,,,,,,,,,,,,,,,,,,,,,,,,,,,,,,,,,,,,,,,,,,,,,,,,,,,,,,,,,,,,,,,False,,,,,,skv,,,,False,,16384,0,0,0,0,0.0,0.0,0,0,0,0,0,0,0.645152,16,90640,0,0.0,0.0,192,11584,258682,28,262144,0.081397,2359296,2359996,0,0,4,262144,0.0020949999999999996,1.584477,0,5,90640,0.8817980000000001,65536,1310720,151658,0.325457,0,0,source_handle_lifetime,False,,,,,,,,,,,,,,,,,9742336,False,pinned_file_stat,local,,,,,,,,,,,,,,,,,,,0,2359296,67108864,4,0,0,0,0,4,2362076,2097152,,590135,0,0,0,0,261408,268435456,,16,14466,0,,67108864,256,4,4,,,0.480325,,,0.011087999999999999,0.120477,,,3.841812,1.584477,0.065859,2.073886,,,0.011281,0.0,,4.638178,0.009427,,,,,,,,,,,,,,,,,,,,,,,,,,,,,,,,,,,,,,,,,,,,,,,,,,,,,raw,,,native_grid_planar_fractional,True,1,4.968122000036601,private-reference/f7e8b5205317b911/00457.json.gz,0,True,0,0,0,0,0,141,0.04006200003914273,74bd9cb0f1e396b15bb77e6772dbe47601b4bc5fe3cd426185623312b8b04943,5770145,skarve_normalized_f64_v1,0.4210189999866998,576914681594,,True,58.624161000011554,private-reference/2f2075dc1a4306d3/00457.json.gz,362693942a87e202fad7fe0fe86b1bf0bfd1748642a9229bec07b680faa8036a,1
458,real-age36-C-2-local-native-rsi256,real-age36,C,local,2,native-rsi256,cogband128,317.8207440000733,438.9058040000009,0.37833500000000003,0.43770400000002496,150388736,2147483648,native,36,real-age36|C|local,7.7918499999896085,577386504371,20.37158999996791,346.8141219999552,null,True,28028498,real-age36|C|2,0,,,87056,36,8,0.004188000000000001,65536,0.26032,0,84934656,67108864,2,0,0,2.867717,61353690,75497472,0.005202,148480,1,1,1c7c70b08afa022cb9b699176f1a92a579698766f140bac7af342285496d8530,4,0.004869,,,,,,,242.01674599999998,0.028365,,,,,,,0,0,0,0,0,0,0,307.896423,18.440448,0,0.008126999999999999,2,0.000762,201653172,,288,8346312,203.894579,6.625182000000001,2,64.66820200000001,0.103257,34488,0,0,0,0,0,0,0,,,,,,,,,,,,,,,,,,,,,,,,,,,,,,,,,,,,,,,,,,,,,,,,,,,,,,,,,,,,,,,,,,,,,,,,,,,,,,,,,,,,,,,,,,,,,0.004588,2,0,0,,,,,,,,,,,,,,,,,,,,,,,,,,,,,0,0,,,,,,,,,,,,,,,,,,,0,,,,,,,,,,,,,,,,,,,0.6233339999999999,0,0.0,0,8,,,,,,,,,,,,,,,,,,,,,,,,,,,,,index256,0,0,native_grid_planar_fractional,True,2,309.21358199998394,private-reference/c5cc09b80405d137/00458.json.gz,0,True,0,0,0,0,0,4211,0.12513000001490582,78ea1b1d7c574d80aac7cf2fe459d522f8702c4e987f34f246a9977617de8717,27889906,skarve_normalized_f64_v1,8.475179000015487,577068684378,,True,378.8046099999747,private-reference/95008a0d3f6b2666/00458.json.gz,583e2a53198ce2f5b570c2248d32b33e8b7c510b8532986bf82d80653cd0b191,1
459,real-age36-A-0-local-native-cog,real-age36,A,local,0,native-cog,cogband128,16.701588000046286,128.7098560000004,0.07058531600000001,0.12801599999997393,72273920,2147483648,native,1,real-age36|A|local,0.3618650000589696,577573294341,20.351405999917915,37.66682299999502,null,True,27889906,real-age36|A|0,0.0009619999445931171,,,,,,,,,,,,,,,,,,,,,,,,,,,,,,,,,,,,,,,,,,,,,,,,,,,,,,,,,,,,,,,,,,,,,16777216,,0,0.073992,1,4,0,,0,shared_only_for_identical_data_and_mask_block_footprints_then_flushed_on_transition_or_window_exit,trusted_manifest,,local_original,,,,,,,,,,,,,,,,,,,,,,,,,,,,,,,,,,,,,,,,,,,,,,False,,,,,,,,,,,,,,,,,,,,,,,,,,,,,,,,,,,,,,0,2359296,67108864,4,0,0,0,0,4,2362076,2097152,,590135,0,0,0,0,255696,268435456,,8,14466,0,,67108864,256,4,4,,,0.477938,,,0.018966999999999998,0.070616,,,7.298524,0.508608,0.042262,6.076407,,,0.015781,0.0,,8.048184,0.028525,,,,,,,,,,,,,,,,,,,,,,,,,,,,,,,,,,,,,,,,,,,,,,,,,,,,,,,,native_grid_planar_fractional,True,1,8.279497999978958,private-reference/77d22eed607406aa/00459.json.gz,0,True,0,0,0,0,0,147,0.03806299991993001,6940c6944641a1780ca8953cc3717b93b8d469d79cc0c9210e4197c0ed319f97,27889906,skarve_normalized_f64_v1,8.379407999996147,577556592822,,True,70.91151700001319,private-reference/c1e122f5e15f03ce/00459.json.gz,034bdf1d1895c19f8fbd480a0d57c9e80567c6b9c8ebff589c45cdc68a37dc8f,1
460,real-age36-C-0-http0-native-cog,real-age36,C,http0,0,native-cog,cog128,420.4683020000175,540.8627279999791,0.462981674,0.5252760000000194,167387136,2147483648,native,36,real-age36|C|http0,4.8330890000443105,578146889525,19.749059999981,445.25804999989305,null,True,21326870,real-age36|C|0,0.0010720000318542589,,,,,,,,,,,,,,,,,,,,,,,,,,,,,,,,,,,,,,,,,,,,,,,,,,,,,,,,,,,,,,,,,,,,,16777216,,0,1.4868730000000001,36,12,0,,0,shared_only_for_identical_data_and_mask_block_footprints_then_flushed_on_transition_or_window_exit,trusted_manifest,,http_original,,,,,,,,,,,,,,,,,,,,,,,,,,,,,,,,,,,,,,,,,,,,,,True,,63980861,4194304,13,33,3807,20,34,3123838,2599899,0,34,4,63980861,38,,,,,,,,,,,,,,,,,,,,,,,0,84934656,67108864,10,20057966,2,0,0,12,64895558,75497472,,10028471,63976982,26,2,28,255696,268435456,,288,377416,0,,67108864,256,12,4,,,15.028012000000002,,,1.289245,0.07318,,,387.0662579999999,16.967575,0.049996,349.65255900000005,,,0.436198,0.0,,403.695107,0.020238,,,,,,,,,,,,,,,,,,,,,,,,,,,,,,,,,,,,,,,,,,,,,,,,,,,,,,63980861,38,native_grid_planar_fractional,True,1,404.23579399998744,private-reference/b609760e77786590/00460.json.gz,63980861,True,34,4,63980861,38,38,4175,0.12278600001991435,780a6c2345077f08330b1cda863d7d67a9083da4d58afbad480fce62deb92723,21326870,skarve_normalized_f64_v1,16.10373999994863,577726420702,,True,478.2006030000048,private-reference/fbd9c203c4d39e09/00460.json.gz,d4fe2876921008fd9122527e5ab12bf063b9f192022fcfb081205fc99a13f107,1
461,analytical36-B-1-local-native-cog,analytical36,B,local,1,native-cog,cogband128,29.245531000015035,144.6956309999905,0.08340064999999999,0.14096799999998666,75001856,2147483648,native,1,analytical36|B|local,0.16110900003241113,578345866356,20.13237599999229,49.75425899999664,null,True,6142678,analytical36|B|1,0.00067100006617693,,,45576,8,18,0.001944,32768,1.000139,0,2375424,67108864,0,0,0,0.04349999999999999,2388222,2111488,0.001742,660976,0,8,55fae16001e91e77d565559d82f70bd8f181df86ff6de7de5fa0cf640b046bde,18,0.000912,,,,,,,7.059493,0.037121,,128,7552,False,128,128,0,0,0,0,0,0,0,12.478201,0.46749100000000005,0,0.004048999999999999,8,0.00032,336303120,,36,477274,5.3823479999999995,0.15244400000000005,1,4.189326,0.038304,4372,0,0,0,0,0,0,0,,,,,,,,,,,,,,,,,,,,,,,,,,,,,,,,,,,,,,,,,,,,,,,,,,,,,,,,,,,,,,,,,,,,,,,,,,,,,,,,,,,,,,,,,,,,,0.001483,1,0,0,,,,,,,,,,,,,,,,,,,,,,,,,,,,,0,0,,,,,,,,,,,,,,,,,,,0,,,,,,,,,,,,,,,,,,,0.055185,0,0.004428,0,18,,,,,,,,,,,,,,,,,,,,,,,,,,,,,,0,0,native_grid_planar_fractional,True,1,13.068373999999494,private-reference/238ab940ca34471f/00461.json.gz,0,True,0,0,0,0,0,1028,0.04615800003193726,d12c50ef5f2eb483307595d687307a30b603990fff77734d225f99dfee78473e,6142678,skarve_normalized_f64_v1,16.12712099995406,578316620985,,True,83.73641099990436,private-reference/bbc6393728800271/00461.json.gz,51fc5aa52c2415cb1ecc253bd76b1c7b62451bf2337f089898145326b448e1d5,8
462,analytical36-A-0-http0-native-skv-summary,analytical36,A,http0,0,native-skv-summary,skv,20.000406999997722,126.10224900004141,0.067889935,0.12045200000000023,57679872,2147483648,native,1,analytical36|A|http0,0.22389900004782248,578520785030,20.420359000013377,40.84470899999815,null,True,5770145,analytical36|A|0,0.0008409999736613827,,,,,,,,,,,,,,,,,,,,,,,,,,,,,,,,,,,,,,,,,,,,,,,,,,,,,,,,,,,,,,,,,,,,,,True,,,,,,skv,,,,False,,16384,0,5,0,0,0.0,1.5323400000000003,0,0,0,0,0,0,0.8701709999999999,12,131840,14,0.0,0.0,192,11584,261805,15,196608,0.069483,1769472,1771572,0,0,12,196608,0.005961999999999999,0.428973,0,20,131840,0.767924,65536,983040,113581,11.086049,4,0,source_handle_lifetime,False,,,261805,4194304,0,0,0,0,14,247213,247213,0,15,2,261805,17,9742336,False,strong_etag_conditional_ranges,http,261805,4194304,0,0,0,0,14,247213,247213,0,15,2,261805,17,,,,,,,67108864,,,,,,,1777812,1572864,,,,,,,,,,,,,,,128,12,,,,,0.023597999999999994,1.5344250000000001,,,,,,0.428973,,11.031986,,,,0.0,,17.873945,,,,,,,,,,,,,,,,,,,,,,,,,,,1,5,701440,2,True,12,146889793,25,,,4,False,,,,,,164378,12,,,,,4,,4,4,summary,261805,17,native_grid_planar_fractional,True,1,18.16237799994269,private-reference/2c6e5f18d9d29dcb/00462.json.gz,261805,True,15,2,261805,17,17,142,0.05577700005687802,1f5800e6da13026f5dcd51f66d3119f4d36ecd81f15e95f6dc5bc29682e31b2a,5770145,skarve_normalized_f64_v1,1.7779030000610874,578500784673,,True,73.14580600007048,private-reference/916ef59e588dcf95/00462.json.gz,865a687d9ddeb8827f5b99857bee6b72684817c3b7b5324222396246a5a95f72,1
463,analytical40-1025x1031-B-1-http0-native-rsi256,analytical40-1025x1031,B,http0,1,native-rsi256,cogband128,118.77506799999082,234.10930000000008,0.14693758199999998,0.20879700000000412,84787200,2147483648,native,1,analytical40-1025x1031|B|http0,1.262109999970562,578793980373,19.712303000005704,139.94213099999797,null,True,26638653,analytical40-1025x1031|B|1,0,,,45576,8,18,0.001533,32768,1.877783,0,9469440,67108864,0,0,0,0.134259,9482238,8417280,0.008032000000000001,1253776,0,8,1edbfc837a86376667b9fa2d03bd3146438c230bf188a17e2c6631ab6633b432,18,0.002194,,,,,,,73.28777,0.046228,,,,,,,0,0,0,675274,70,2,72,95.727437,1.666539,0,0.004028,8,0.00038,202670968,,36,1759898,68.49302299999998,0.613157,1,13.406502999999999,0.043202,7887,0,0,0,0,0,0,0,,,,,,,,,,,,,,,,,,,,,,,,,,,,,,,,,,,,,,,,,,,,,,,,,,,,,,,,,,,,,,,,,,,,,,,,,,,,,,,,,,,,,,,,,,,,,0.004588999999999999,1,0,0,,,,,,,,,,,,,,,,,,,,,,,,,,,,,4,4,,,,,,,,,,,,,,,,,,,0,,,,,,,,,,,,,,,,,,,3.3838199999999996,0,0.0,0,18,,,,,,,,,,,,,,,,,,,,,,,,,,,,,index256,675274,72,native_grid_planar_fractional,True,1,96.34520299994165,private-reference/264513da7dcaa9d5/00463.json.gz,751790,True,82,5,751790,87,87,1041,0.04388399997878878,4f9ba65d57db05a80f1576d13c050ab16b2115cabb8d62b799eea489189b8501,26442685,skarve_normalized_f64_v1,22.381752999990567,578675205586,,True,171.87661100001606,private-reference/ab7ee9712486e0b4/00463.json.gz,39eb96999f75ad8ea56ca07bf2e68579213fdac2f5eb64ec4e799cd53da93077,8
464,analytical40-1025x1031-A-2-http0-native-skv-summary,analytical40-1025x1031,A,http0,2,native-skv-summary,skv,41.93107600008261,149.8126650000131,0.085071324,0.13846799999998893,61235200,2147483648,native,1,analytical40-1025x1031|A|http0,1.2497799999664494,578999099609,20.30051299993829,63.743811999984246,null,True,24731327,analytical40-1025x1031|A|2,0.0008320000688399887,,,,,,,,,,,,,,,,,,,,,,,,,,,,,,,,,,,,,,,,,,,,,,,,,,,,,,,,,,,,,,,,,,,,,,True,,,,,,skv,,,,False,,16384,0,9,0,0,0.0,1.6162729999999998,0,0,0,0,0,0,1.610651,28,527360,56,0.0,0.0,2880,11584,809090,37,458752,0.103899,4128768,4133668,0,0,28,458752,0.014360999999999997,0.800554,0,58,527360,1.537744,65536,2293760,265346,25.837949000000002,24,0,source_handle_lifetime,False,,,809090,4194304,0,0,0,0,36,797314,797314,0,37,2,809090,39,9742336,False,strong_etag_conditional_ranges,http,809090,4194304,0,0,0,0,36,797314,797314,0,37,2,809090,39,,,,,,,67108864,,,,,,,4148228,3670016,,,,,,,,,,,,,,,128,28,,,,,0.08004699999999998,1.6206219999999998,,,,,,0.800554,,25.962045999999994,,,,0.0,,38.457831999999996,,,,,,,,,,,,,,,,,,,,,,,,,,,1,9,735232,2,True,28,146889793,73,,,36,False,,,,,,405176,28,,,,,24,,24,36,summary,809090,39,native_grid_planar_fractional,True,1,39.378498000019135,private-reference/189f6a38d20c153c/00464.json.gz,809090,True,37,2,809090,39,39,140,0.048503000016353326,0804bf71bee4a10cb67390656e5058e365f08886d4b412c8d3417e8204a98c13,24731327,skarve_normalized_f64_v1,2.4612529999785693,578957168253,,True,96.07944799995494,private-reference/16a6c505fa94acaf/00464.json.gz,3a06dec4b7cafc5e93ae85cff83a98eb4ea9df6c8bdb84c97d71cee6b48778a5,1
465,analytical40-1025x1031-D-2-local-native-skv-summary,analytical40-1025x1031,D,local,2,native-skv-summary,skv,682.4888200000032,800.8334500000274,0.733392484,0.8000000000000398,127148032,2147483648,native,40,analytical40-1025x1031|D|local,0.3902880000623554,579832775132,19.74568800005727,702.8441960000009,null,True,24731327,analytical40-1025x1031|D|2,0.0006310000344456057,,,1663296,320,51,0.0031360000000000003,32768,3.2807000000000004,0,284083200,67108864,37,0,0,2.4998850000000004,65907890,252518400,0.029081000000000006,1806688,0,8,d2590882b47ebea8c43f2a2bd72f6cfeea252037828b6e02a92fb686ab2d50d4,67,0.0009519999999999999,,,,,,,326.70025400000014,0.039206,,,,,,,0,0,0,0,0,0,0,678.858844,58.794763,0,0.033212,8,0.000541,332024480,,51,42809480,243.79928399999997,20.334303,1,344.5263429999999,0.571687,373560,0,0,0,0,0,0,0,,,,,,,,,,,,,,,,,,,,,,,,,,,,,,,,,,,,,,,,,,,,,,,,,,,,,,,,,,,,,,,,,,,,,,,,,,,,,,,,,,,,,,,,,,,,,0.005139,1,0,74,,,,,,,,,,,,,,,,,,,,,,,,,,,,,58,74,,,,,,,,,,,,,,,,,,,0,,,,,,,,,,,,,,,,,,,0.047501,0,0.0,0,51,,,,,,,,,,,,,,,,,,,,,,,,,,,,,summary,0,0,native_grid_planar_fractional,True,1,681.4386180000156,private-reference/b232eaeb0edbf439/00465.json.gz,0,True,0,0,0,0,0,32004,0.6031560000110403,fe4788941186043b47c3c938b8e03aec929f13596245599f1e8a159efe982361,24731327,skarve_normalized_f64_v1,0.4431390000263491,579150286372,,True,733.7724950000393,private-reference/966079f39343552f/00465.json.gz,217eb8d785391d12477db16333f8f3dff1b47a7bdb661ce792c1238afa9b592b,8
466,worldpop1-B-0-local-natural-ee,worldpop1,B,local,0,natural-ee,cogband128,197.38867399996707,434.03889600006096,0.35302767700000004,0.43323399999997037,130220032,2147483648,upstream,1,worldpop1|B|local,2.6168539999389395,580303216793,,202.06384100004016,null,True,18648801,worldpop1|B|0,,,,,,,,,,,,,,,,,,,,,,,,,,,,,,,,,,,,,,,,,,,,,,,,,,,,,,,,,,,,,,,,,,,,,,,,,,,,,,,,,,,,,,,,,,,,,,,,,,,,,,,,,,,,,,,,,,,,,,,,,,,,,,,,,,,,,,,,,,,,,,,,,,,,,,,,,,,,,,,,,,,,,,,,,,,,,,,,,,,,,,,,,,,,,,,,,,,,,,,,,,,,,,,,,,,,,,,,,,,,,,,,,,,,,,,,,,,,,,,,,,,,,,,,,,,,,,,,,,,,,,,,,,raster-sequential,,,exactextract_fractional_v030,True,,188.95118899990848,private-reference/f97723b3ca58f9db/00466.json.gz,0,True,0,0,0,0,0,1260,0.07734799999070674,1eab41999e56990b9b45efec6654704dfeecb27cb435493ef9cfd21fe3f26295,18648801,,8.357091999982913,580105828510,,True,353.2749280000189,private-reference/1ef96da8db922645/00466.json.gz,e3830330c407063d1180cd0ec324128019de091660e0ac822635b8ae6e48afdb,8
467,worldpop1-B-0-http0-native-cog,worldpop1,B,http0,0,native-cog,cogband128,124.52233499993781,242.60209199997007,0.155528092,0.2161570000000097,85356544,2147483648,native,1,worldpop1|B|http0,0.600381000026573,580617050414,22.301652000010108,147.6904360000617,null,True,18648801,worldpop1|B|0,0.0008819999948173063,,,45576,8,81,0.002395,32768,3.106502,0,11943936,67108864,0,0,0,0.3191649999999998,12000231,10616832,0.022801000000000005,2002288,0,8,e7d0e5383425d7088b1559a961fb2c4f4a6dfcfdb2d8164f0bcb85491c397714,81,0.000972,,,,,,,95.94151600000001,0.043613,,128,19648,False,128,128,0,0,0,1525130,83,2,85,112.631591,2.981816,0,0.004599999999999999,8,0.00045,337656860,,162,2001118,88.85902899999999,1.76772,1,12.095604000000005,0.07401200000000001,19549,0,0,0,0,0,0,0,,,,,,,,,,,,,,,,,,,,,,,,,,,,,,,,,,,,,,,,,,,,,,,,,,,,,,,,,,,,,,,,,,,,,,,,,,,,,,,,,,,,,,,,,,,,,0.0032459999999999998,1,0,0,,,,,,,,,,,,,,,,,,,,,,,,,,,,,0,0,,,,,,,,,,,,,,,,,,,0,,,,,,,,,,,,,,,,,,,1.0487929999999999,0,0.006643,0,81,,,,,,,,,,,,,,,,,,,,,,,,,,,,,,1525130,85,native_grid_planar_fractional,True,1,113.39408200001344,private-reference/cf665b613bb7a9d9/00467.json.gz,1526154,True,84,4,1526154,88,88,1258,0.0735029999532344,4a6cd2a5f470531511575f9777b40a41556bbc3b42879e046e29fc5ae511a873,18648801,skarve_normalized_f64_v1,11.048236999954497,580492527588,,True,181.62351499995566,private-reference/26a99b3fbea81702/00467.json.gz,ac5c79d30ea5ae49abe6bd782b2be5fb7cde85fd4d919658254558870bd2e1e8,8
468,analytical40-1025x1031-D-2-local-native-cog,analytical40-1025x1031,D,local,2,native-cog,cogband128,1524.1866869999967,1645.0319640000544,1.581953239,1.643995000000018,143069184,2147483648,native,40,analytical40-1025x1031|D|local,3.897358000017448,582302915474,21.47975499997301,1549.7884859998976,null,True,26442685,analytical40-1025x1031|D|2,0.0009919999683916103,,,1663296,320,134,0.001573,32768,2.8833010000000003,0,378455040,67108864,106,0,0,4.252317,65918628,336404480,0.076496,1806688,0,8,d2590882b47ebea8c43f2a2bd72f6cfeea252037828b6e02a92fb686ab2d50d4,67,0.001392,,,,,,,881.220194,0.040583,,,,,,,0,0,0,0,0,0,0,1506.09474,65.42645599999997,0,0.02638699999999999,8,0.00033999999999999997,339059360,,5360,80820360,675.8890829999998,30.046140000000005,1,620.0579759999998,0.26688300000000004,670520,0,0,0,0,0,0,0,,,,,,,,,,,,,,,,,,,,,,,,,,,,,,,,,,,,,,,,,,,,,,,,,,,,,,,,,,,,,,,,,,,,,,,,,,,,,,,,,,,,,,,,,,,,,0.0013319999999999999,1,0,0,,,,,,,,,,,,,,,,,,,,,,,,,,,,,0,0,,,,,,,,,,,,,,,,,,,0,,,,,,,,,,,,,,,,,,,0.073143,0,0.0,0,134,,,,,,,,,,,,,,,,,,,,,,,,,,,,,,0,0,native_grid_planar_fractional,True,1,1508.081878999974,private-reference/0bfb48a8dd47e482/00468.json.gz,0,True,0,0,0,0,0,32004,0.5206010000620154,fe4788941186043b47c3c938b8e03aec929f13596245599f1e8a159efe982361,26442685,skarve_normalized_f64_v1,15.580180000029031,580778728647,,True,1582.4916980000125,private-reference/503252ee200b50f2/00468.json.gz,bd1f8fa81356b8dfc03fe37a67b72c57f05c9ce73ab9354c5be9bfe46bf31eae,8
469,real-age36-B-0-http0-native-skv-summary,real-age36,B,http0,0,native-skv-summary,skv,28.72750599999563,137.86465299995143,0.07887454,0.13117099999999482,59273216,2147483648,native,1,real-age36|B|http0,0.3889619999881688,582508392352,22.51913500003866,51.88012600001457,null,True,28933939,real-age36|B|0,0.00098099997103418,,,45576,8,16,0.0020540000000000003,32768,1.166737,0,2359296,67108864,0,0,0,0.056954000000000005,2370160,2097152,0.002595000000000001,656416,0,8,91cbd51efde644c68ee88a85ab00825c523ddea07c3f9b7d5eef8af49e1ceb58,16,0.0012929999999999999,,,,,,,19.903277,0.034593,,,,,,,0,0,0,902599,18,2,20,25.903751999999997,0.623156,0,0.004838,8,0.000721,329256008,,16,400803,18.922614999999997,0.2748459999999999,1,3.4969639999999997,0.06903500000000001,3826,0,0,0,0,0,0,0,,,,,,,,,,,,,,,,,,,,,,,,,,,,,,,,,,,,,,,,,,,,,,,,,,,,,,,,,,,,,,,,,,,,,,,,,,,,,,,,,,,,,,,,,,,,,0.008966,1,0,4,,,,,,,,,,,,,,,,,,,,,,,,,,,,,4,4,,,,,,,,,,,,,,,,,,,0,,,,,,,,,,,,,,,,,,,1.1291600000000002,0,0.0,0,16,,,,,,,,,,,,,,,,,,,,,,,,,,,,,summary,902599,20,native_grid_planar_fractional,True,1,26.6724499999782,private-reference/f1958e4599f58bcb/00469.json.gz,918983,True,19,2,918983,21,21,1126,0.07123900002170558,e5be80f35647b04d8164614e8b572f17a141c185e6dbc1b2ec94c2f8a04c4630,28933939,skarve_normalized_f64_v1,1.9764639999948486,582479664666,,True,85.28809799997816,private-reference/9296a07333165054/00469.json.gz,263f60fb61ca16da8b741afba4bb0499286f26b1f3dc13fede070e8effbf5b7f,8
470,real-age36-A-2-http0-native-tiff,real-age36,A,http0,2,native-tiff,band256,32.146985000053974,143.09303000004547,0.078341507,0.13578799999999092,74928128,2147483648,native,1,real-age36|A|http0,0.5590600000004997,582693981106,20.548957000073642,53.47088200005601,null,True,27830980,real-age36|A|2,0.0024340000663869432,,,,,,,,,,,,,,,,,,,,,,,,,,,,,,,,,,,,,,,,,,,,,,,,,,,,,,,,,,,,,,,,,,,,,16777216,,0,1.201981,1,4,0,,0,shared_only_for_identical_data_and_mask_block_footprints_then_flushed_on_transition_or_window_exit,trusted_manifest,,http_original,,,,,,,,,,,,,,,,,,,,,,,,,,,,,,,,,,,,,,,,,,,,,,True,,781486,4194304,10,0,4579,19,15,783406,783406,0,15,4,781486,19,,,,,,,,,,,,,,,,,,,,,,,0,2359296,67108864,4,0,0,0,0,4,2362076,2097152,,590135,777465,5,2,7,258864,268435456,,8,14466,0,,67108864,256,4,4,,,0.520912,,,0.018793,0.07571699999999999,,,13.418925999999999,0.555763,0.075437,12.409533,,,1.018264,0.0,,15.878343,0.026869,,,,,,,,,,,,,,,,,,,,,,,,,,,,,,,,,,,,,,,,,,,,,,,,,,,,,,781486,19,native_grid_planar_fractional,True,1,16.21918800003641,private-reference/4aba219496fa7dd7/00470.json.gz,781486,True,15,4,781486,19,19,146,0.03873000002840854,23ad059059d201f1ebaf83a27fbf945ec9e110f22eaa6ab13fd400ec1b6b2357,27830980,skarve_normalized_f64_v1,15.88160300002528,582661834212,,True,85.27809500003514,private-reference/12837eef9c5a2682/00470.json.gz,85a18c0eebcfca1b06288cfa2311a291ddebb51498f9f59abea46bf37bb09dfa,1
471,worldpop1-A-1-http0-native-skv-summary,worldpop1,A,http0,1,native-skv-summary,skv,35.00026800008982,152.85146400003669,0.08677234,0.14342199999998684,61124608,2147483648,native,1,worldpop1|A|http0,0.3971840000076554,582897345537,19.991247000007206,55.587666999940666,null,True,22778369,worldpop1|A|1,0.0007509999022659031,,,,,,,,,,,,,,,,,,,,,,,,,,,,,,,,,,,,,,,,,,,,,,,,,,,,,,,,,,,,,,,,,,,,,,True,,,,,,skv,,,,False,,16384,8,12,39718,262057,5.954465999999999,0.7807480000000001,8,8,8388608,0,0,0,2.992303,32,263680,28,0.0,0.0,2352,11584,1079304,45,524288,0.061861,4718592,4723680,0,0,32,524288,0.012388999999999999,1.0896009999999998,0,63,263680,2.5000609999999996,65536,2621440,537183,20.883035,19,0,source_handle_lifetime,False,,,817247,4194304,16,0,262057,16,28,804447,804447,0,29,2,817247,31,9742336,False,strong_etag_conditional_ranges,http,817247,4194304,16,0,262057,16,28,804447,804447,0,29,2,817247,31,,,,,,,67108864,,,,,,,4740320,4194304,,,,,,,,,,,,,,,128,32,,,,,0.04640300000000001,6.741574,,,,,,1.0896009999999998,,18.129286,,,,0.0,,32.319162,,,,,,,,,,,,,,,,,,,,,,,,,,,1,12,464896,2,True,32,146889793,127,,,49,False,,,,,,177284,32,,,,,19,,19,49,summary,817247,31,native_grid_planar_fractional,True,1,32.945061999953396,private-reference/4d403672ba9c77e4/00471.json.gz,817247,True,29,2,817247,31,31,160,0.07319300004837714,bfb4cbec95ce9af2e5355642ae1e36dee8e8afba00ebe3df1a5c7789d9b91c7f,22778369,skarve_normalized_f64_v1,1.9751220000898684,582862344598,,True,95.82310199994026,private-reference/7d3b70934b6140e5/00471.json.gz,8452c7632eb84809c35872af21eda348f23ecb6496c89f51e6f8c2ec86ad5064,1
472,analytical40-1025x1031-C-1-local-native-rsi64,analytical40-1025x1031,C,local,1,native-rsi64,cogband128,719.9752809999609,837.7851080000482,0.7760873269999999,0.8369280000000003,141991936,2147483648,native,40,analytical40-1025x1031|C|local,3.1234260000019276,583771163391,18.55467299992597,741.8602239999927,null,True,27254333,analytical40-1025x1031|C|1,0,,,107796,40,120,0.002123,65536,1.936896,0,88473600,67108864,30,0,0,1.157927999999999,66581190,78643200,0.06329999999999998,1352128,1,1,9dc2ba427ebe8f39077ba84bc3b53f4f589569747715d200432d57abf99106b1,256,0.002615,,,,,,,638.5464520000002,0.02766,,,,,,,0,0,0,0,0,0,0,702.562805,14.903953000000001,0,0.007183,2,0.000672,202857008,,4800,7408440,556.2289549999999,6.936794,2,56.648750000000035,0.132521,135040,0,0,0,0,0,0,0,,,,,,,,,,,,,,,,,,,,,,,,,,,,,,,,,,,,,,,,,,,,,,,,,,,,,,,,,,,,,,,,,,,,,,,,,,,,,,,,,,,,,,,,,,,,,0.00543,2,0,0,,,,,,,,,,,,,,,,,,,,,,,,,,,,,392,392,,,,,,,,,,,,,,,,,,,0,,,,,,,,,,,,,,,,,,,0.69294,0,0.0,0,120,,,,,,,,,,,,,,,,,,,,,,,,,,,,,index64,0,0,native_grid_planar_fractional,True,2,703.5822550000148,private-reference/d5e2c32554f26926/00472.json.gz,0,True,0,0,0,0,0,4415,0.09714500004065485,f799effb4e1b125bfdbf5c1f92cca3183010ea1d50e09b9a30517254f539ca7d,26442685,skarve_normalized_f64_v1,16.291353000042363,583051188129,,True,776.451523999981,private-reference/b39b7c43bffb2b7c/00472.json.gz,81c4123236d8ec0839947ad1ea418e2744c0b120bd8be15bd4554f8a6c94e1c7,1
473,analytical36-C-0-http0-native-tiff,analytical36,C,http0,0,native-tiff,band256,381.35441500003253,500.7835570000907,0.388152974,0.4462750000000142,156160000,2147483648,native,36,analytical36|C|http0,6.2707830001045295,584321296516,19.653373000096508,407.47929300005126,null,True,5078720,analytical36|C|0,0.0007510000159527408,,,,,,,,,,,,,,,,,,,,,,,,,,,,,,,,,,,,,,,,,,,,,,,,,,,,,,,,,,,,,,,,,,,,,16777216,,0,1.15089,1,12,0,,0,shared_only_for_identical_data_and_mask_block_footprints_then_flushed_on_transition_or_window_exit,trusted_manifest,,http_original,,,,,,,,,,,,,,,,,,,,,,,,,,,,,,,,,,,,,,,,,,,,,,True,,4902281,4194304,9,32,6770,17,155,4194082,4184236,0,155,4,4902281,159,,,,,,,,,,,,,,,,,,,,,,,0,84934656,67108864,10,18878686,2,0,0,12,66077142,75497472,,9438831,4895131,146,2,148,258240,268435456,,288,377416,0,,67108864,256,12,4,,,16.718580999999997,,,2.3959439999999996,0.07505500000000001,,,340.020637,13.960613000000002,0.030926000000000002,313.644467,,,0.430817,0.0,,358.518141,0.026809,,,,,,,,,,,,,,,,,,,,,,,,,,,,,,,,,,,,,,,,,,,,,,,,,,,,,,4902281,159,native_grid_planar_fractional,True,1,359.1982369999869,private-reference/2f8c3fdb0fd08afd/00473.json.gz,4902281,True,155,4,4902281,159,159,4000,0.09961000000657805,d899d2044a51304c17e4b8f724741943ca7c4792a86bf0124c26ca94bd8d8315,5078720,skarve_normalized_f64_v1,22.05253099998572,583939942282,,True,442.044592000002,private-reference/ffd881ab2996580e/00473.json.gz,ba513f6b699da09bfe9e3699708f050da7161adc9237a7fe3dc252eba42f6939,1
474,real-age36-C-0-local-native-skv-summary,real-age36,C,local,0,native-skv-summary,skv,170.17232000000604,285.19375299993044,0.22234292899999997,0.2842809999999929,119554048,2147483648,native,36,real-age36|C|local,2.176886000029299,584650983892,19.33054699998138,191.88022399998772,null,True,28933939,real-age36|C|0,0.0007709999181315652,,,,,,,,,,,,,,,,,,,,,,,,,,,,,,,,,,,,,,,,,,,,,,,,,,,,,,,,,,,,,,,,,,,,,,False,,,,,,skv,,,,False,,16384,0,0,0,0,0.0,0.0,0,0,0,432,12,0,42.19114799999995,432,74160,0,0.0,0.0,248832,11584,21917018,22,7077888,0.082359,63700992,63733140,0,0,12,7077888,0.012483,13.962867000000003,0,567,74160,13.167935999999994,65536,35389440,21826474,18.132327000000004,144,0,source_handle_lifetime,False,,,,,,,,,,,,,,,,,9742336,False,pinned_file_stat,local,,,,,,,,,,,,,,,,,,,,,67108864,,,,,,,63740916,56623104,,,,,,,,,,,,,,,128,12,,,,,0.0,0.0,,,,,,13.962867000000003,,112.58750600000002,,,,0.0,,169.144867,,,,,,,,,,,,,,,,,,,,,,,,,,,2,0,0,0,False,12,147071268,21,,,4,False,,,,,,160564,12,,,,,4,,8,4,summary,,,native_grid_planar_fractional,True,1,169.60547799999404,private-reference/2d9865cda13ef10e/00474.json.gz,0,True,0,0,0,0,0,4175,0.1061409999465468,780a6c2345077f08330b1cda863d7d67a9083da4d58afbad480fce62deb92723,28933939,skarve_normalized_f64_v1,0.456534000022657,584480811582,,True,222.66525700001694,private-reference/d2b1ade4e13050eb/00474.json.gz,fcdda1fbebe056857ab9f802a9803eb08f993d060fa40dcf4a52c327c1385b4a,1
475,real-age36-D-2-local-native-skv-raw,real-age36,D,local,2,native-skv-raw,skv,282.817264000073,398.82152500001666,0.33715166900000004,0.39798199999998474,125829120,2147483648,native,36,real-age36|D|local,1.6902630000004137,585101505712,18.60311100006129,303.3276910000495,null,True,28933939,real-age36|D|2,0.0007410000080199097,,,1497376,288,16,0.0026249999999999997,32768,1.5455249999999998,0,84934656,67108864,4,0,0,0.258856,63740916,75497472,0.007381999999999999,664432,0,8,141b322b011ae0b08bb16788da619152254bb789b26cad4c288d379965e27b86,16,0.0012419999999999998,,,,,,,156.178929,0.039531,,128,7168,False,128,128,0,0,0,0,0,0,0,279.07536500000003,17.606288,0,0.02681299999999999,8,0.000521,330723428,,16,17014824,131.71208500000003,6.100739,1,120.20251400000002,0.675675,157572,0,0,0,0,0,0,0,,,,,,,,,,,,,,,,,,,,,,,,,,,,,,,,,,,,,,,,,,,,,,,,,,,,,,,,,,,,,,,,,,,,,,,,,,,,,,,,,,,,,,,,,,,,,0.004889,1,0,0,,,,,,,,,,,,,,,,,,,,,,,,,,,,,0,0,,,,,,,,,,,,,,,,,,,0,,,,,,,,,,,,,,,,,,,0.086833,0,0.006341,0,16,,,,,,,,,,,,,,,,,,,,,,,,,,,,,raw,0,0,native_grid_planar_fractional,True,1,281.8049009999868,private-reference/3fbda7c214729d45/00475.json.gz,0,True,0,0,0,0,0,32702,0.5331679999471817,5e6f375cc92abcd9cc8d8fd07e5887c228b07307989a3ae1a94fa98ceb17f110,28933939,skarve_normalized_f64_v1,0.47540700006720726,584818689279,,True,337.4925870000425,private-reference/449449b76e6cdb09/00475.json.gz,eeefd6c125487b9944d8b67ae7ea3e318fc7e34074ecdff1840dda02f5b01cb5,8
476,analytical40-1025x1031-B-1-local-native-skv-raw,analytical40-1025x1031,B,local,1,native-skv-raw,skv,34.905563999927836,143.28418100001272,0.086809341,0.14250999999998726,64561152,2147483648,native,1,analytical40-1025x1031|B|local,0.22799400005624193,585328602703,20.09261599994261,55.44945999997708,null,True,24731327,analytical40-1025x1031|B|1,0.000530999955117295,,,45576,8,67,0.002836,32768,2.9333650000000002,0,9461376,67108864,0,0,0,0.11141599999999999,9507941,8410112,0.0036900000000000027,1799632,0,8,10b73ba3c4f77670ec8a26cf62bfd6c31fe3b17dcf8b0b163b7a9af5a8d178cd,67,0.001032,,,,,,,15.762773000000001,0.042273,,128,16960,False,128,128,0,0,0,0,0,0,0,33.526147,1.5177299999999998,0,0.0056099999999999995,8,0.000561,330416152,,67,2022042,13.196284,0.5254829999999998,1,14.532225,0.064146,16763,0,0,0,0,0,0,0,,,,,,,,,,,,,,,,,,,,,,,,,,,,,,,,,,,,,,,,,,,,,,,,,,,,,,,,,,,,,,,,,,,,,,,,,,,,,,,,,,,,,,,,,,,,,0.0055509999999999995,1,0,0,,,,,,,,,,,,,,,,,,,,,,,,,,,,,0,0,,,,,,,,,,,,,,,,,,,0,,,,,,,,,,,,,,,,,,,0.049736,0,0.00543,0,67,,,,,,,,,,,,,,,,,,,,,,,,,,,,,raw,0,0,native_grid_planar_fractional,True,1,34.39187399999355,private-reference/8016455f6d8b2f52/00476.json.gz,0,True,0,0,0,0,0,1041,0.06548700002895202,4f9ba65d57db05a80f1576d13c050ab16b2115cabb8d62b799eea489189b8501,24731327,skarve_normalized_f64_v1,0.4427929999337721,585293696618,,True,87.15684300000248,private-reference/effc4437ef74662f/00476.json.gz,98bea54ff0706ed469dffed4e1f87c1e46c5f06e7ef8e13e9a63555a9a225d06,8
477,analytical40-1025x1031-B-1-http0-native-cog,analytical40-1025x1031,B,http0,1,native-cog,cogband128,118.53839399998378,234.62287100005597,0.148598644,0.21153000000001043,84963328,2147483648,native,1,analytical40-1025x1031|B|http0,0.53172600007656,585602923631,20.115821999979744,139.3860919999952,null,True,26442685,analytical40-1025x1031|B|1,0.0007520000053773401,,,45576,8,67,0.0025050000000000003,32768,2.5795250000000003,0,9461376,67108864,0,0,0,0.2551070000000001,9509013,8410112,0.010441000000000004,1799632,0,8,10b73ba3c4f77670ec8a26cf62bfd6c31fe3b17dcf8b0b163b7a9af5a8d178cd,67,0.000902,,,,,,,75.31715799999998,0.032794,,128,16960,False,128,128,0,0,0,674603,69,2,71,96.799085,1.9338199999999997,0,0.004608,8,0.00043,337451032,,134,2022042,71.13708000000001,0.657369,1,17.460700999999997,0.073855,16763,0,0,0,0,0,0,0,,,,,,,,,,,,,,,,,,,,,,,,,,,,,,,,,,,,,,,,,,,,,,,,,,,,,,,,,,,,,,,,,,,,,,,,,,,,,,,,,,,,,,,,,,,,,0.003146,1,0,0,,,,,,,,,,,,,,,,,,,,,,,,,,,,,0,0,,,,,,,,,,,,,,,,,,,0,,,,,,,,,,,,,,,,,,,1.049235,0,0.010852,0,67,,,,,,,,,,,,,,,,,,,,,,,,,,,,,,674603,71,native_grid_planar_fractional,True,1,97.71631099999922,private-reference/fa7764a0ad446519/00477.json.gz,682255,True,76,4,682255,80,80,1041,0.05848400007835153,4f9ba65d57db05a80f1576d13c050ab16b2115cabb8d62b799eea489189b8501,26442685,skarve_normalized_f64_v1,20.75812800001131,585484385166,,True,171.37663000005432,private-reference/515d79984874cac0/00477.json.gz,08d196533964722e562369965de19d3c9e01407ccb4150e025543e1de3c98a0f,8
478,real-age36-B-2-local-native-skv-raw,real-age36,B,local,2,native-skv-raw,skv,10.770524000008663,115.54671299995789,0.064104823,0.11467200000001299,56651776,2147483648,native,1,real-age36|B|local,0.13223800010564446,585771455259,20.193452000057732,31.30484999996952,null,True,28933939,real-age36|B|2,0.0006210000265127746,,,45576,8,16,0.001834,32768,1.147465,0,2359296,67108864,0,0,0,0.026676999999999996,2370160,2097152,0.0012,664432,0,8,141b322b011ae0b08bb16788da619152254bb789b26cad4c288d379965e27b86,16,0.001012,,,,,,,5.094443,0.034558,,128,7168,False,128,128,0,0,0,0,0,0,0,9.647116,0.46489400000000003,0,0.004759,8,0.00042100000000000004,329271248,,16,472634,4.293738000000001,0.217865,1,3.211771000000001,0.040397999999999996,4377,0,0,0,0,0,0,0,,,,,,,,,,,,,,,,,,,,,,,,,,,,,,,,,,,,,,,,,,,,,,,,,,,,,,,,,,,,,,,,,,,,,,,,,,,,,,,,,,,,,,,,,,,,,0.005912000000000001,1,0,0,,,,,,,,,,,,,,,,,,,,,,,,,,,,,0,0,,,,,,,,,,,,,,,,,,,0,,,,,,,,,,,,,,,,,,,0.048625,0,0.002946,0,16,,,,,,,,,,,,,,,,,,,,,,,,,,,,,raw,0,0,native_grid_planar_fractional,True,1,10.267665000014858,private-reference/5b8166a73c4bdf48/00478.json.gz,0,True,0,0,0,0,0,1129,0.0604070000918,fba1d5ef79886e5e7200884dceab42f930764eafb8fbd4698b34106f15ed3623,28933939,skarve_normalized_f64_v1,0.4374119999965842,585760684174,,True,64.55418899997767,private-reference/6b222e4e0ce18482/00478.json.gz,6a401f16f1e23dd9999abcab9014a389d475e1ee3fa40b1eb6f053e1933ec3e1,8
479,worldpop1-B-0-local-native-tiff,worldpop1,B,local,0,native-tiff,ordinary,1195.9230229999775,1314.1103330000306,1.250681241,1.3100290000000143,86609920,2147483648,native,1,worldpop1|B|local,0.16014199991332134,587126773325,23.525072999973418,1219.893643999967,null,True,18084641,worldpop1|B|0,0.0010719999181674211,,,45576,8,81,0.0017829999999999999,32768,3.8895479999999996,0,11943936,67108864,0,0,0,0.6098240000000001,12000231,10616832,0.057727,2002288,0,8,e7d0e5383425d7088b1559a961fb2c4f4a6dfcfdb2d8164f0bcb85491c397714,81,0.001182,,,,,,,1171.638171,0.039337,,128,19648,False,128,128,0,0,0,0,0,0,0,1187.892658,2.951027,0,0.003965,8,0.000361,337656860,,162,2001118,1119.0293870000003,1.8250180000000003,1,11.568435999999997,0.038398,19549,0,0,0,0,0,0,0,,,,,,,,,,,,,,,,,,,,,,,,,,,,,,,,,,,,,,,,,,,,,,,,,,,,,,,,,,,,,,,,,,,,,,,,,,,,,,,,,,,,,,,,,,,,,0.0021449999999999998,1,0,0,,,,,,,,,,,,,,,,,,,,,,,,,,,,,0,0,,,,,,,,,,,,,,,,,,,0,,,,,,,,,,,,,,,,,,,0.10952200000000001,0,0.014869,0,81,,,,,,,,,,,,,,,,,,,,,,,,,,,,,,0,0,native_grid_planar_fractional,True,1,1188.476944999934,private-reference/21e66f4d2c972335/00479.json.gz,0,True,0,0,0,0,0,1258,0.04889499996352242,4a6cd2a5f470531511575f9777b40a41556bbc3b42879e046e29fc5ae511a873,18084641,skarve_normalized_f64_v1,7.393354999976509,585930851033,,True,1254.271517999996,private-reference/0c2006ba9759b53e/00479.json.gz,0df0dffda44aaf03df70025090a071fb32450df6c35629139e86b2992f9d040e,8
480,analytical40-1025x1031-A-1-http0-native-skv-raw,analytical40-1025x1031,A,http0,1,native-skv-raw,skv,69.15826700003436,183.71524899998803,0.106734013,0.16327799999999115,66330624,2147483648,native,1,analytical40-1025x1031|A|http0,1.3713179999967906,587362064048,21.742857000049298,92.56917900006556,null,True,24731327,analytical40-1025x1031|A|1,0.0007620000133101712,,,,,,,,,,,,,,,,,,,,,,,,,,,,,,,,,,,,,,,,,,,,,,,,,,,,,,,,,,,,,,,,,,,,,,False,,,,,,skv,,,,False,,16384,0,0,0,0,0.0,0.0,0,0,0,0,0,0,2.976347,64,395520,42,0.0,0.0,2304,11584,1019105,71,1048576,0.084574,9437184,9439984,0,0,16,1048576,0.013767000000000001,8.262276,0,58,395520,3.5256989999999986,65536,5242880,607201,45.713134999999994,0,0,source_handle_lifetime,False,,,1019105,4194304,0,0,0,0,70,1011681,1011681,0,71,2,1019105,73,9742336,False,strong_etag_conditional_ranges,http,1019105,4194304,0,0,0,0,70,1011681,1011681,0,71,2,1019105,73,,,,,0,9437184,67108864,16,0,0,0,0,16,9448304,8388608,,590135,1002721,70,2,72,628560,268435456,,64,14466,0,,67108864,256,16,16,,,2.582413,,,0.08690699999999998,0.20861600000000002,,,62.147231000000005,8.262276,0.243313,52.67066699999999,,,0.502067,0.0,,66.638665,0.012955999999999999,,,,,,,,,,,,,,,,,,,,,,,,,,,,,,,,,,,,,,,,,,,,,,,,,,,,,raw,1019105,73,native_grid_planar_fractional,True,1,67.3390769999287,private-reference/1aafb88fbeadc69a/00480.json.gz,1019105,True,71,2,1019105,73,73,140,0.05608899994058447,acf0aa5bd7bc7b148855f79ff60ed369d76381ee8c619a1294380c8c784c473a,24731327,skarve_normalized_f64_v1,1.7579400000613532,587292905099,,True,126.75977499998226,private-reference/bc63bee5bdd5525b/00480.json.gz,33fb7cc0651cdee1b2bee17983d05cad51b4efec2ea2ad3d350f3bb60884c0f3,1
481,analytical40-1025x1031-A-2-local-natural-ee,analytical40-1025x1031,A,local,2,natural-ee,cogband128,46.85741399998733,243.53106000000935,0.16085426,0.2427539999999908,90071040,2147483648,upstream,1,analytical40-1025x1031|A|local,0.528067999994164,587626596774,,49.00776799991036,null,True,26442685,analytical40-1025x1031|A|2,,,,,,,,,,,,,,,,,,,,,,,,,,,,,,,,,,,,,,,,,,,,,,,,,,,,,,,,,,,,,,,,,,,,,,,,,,,,,,,,,,,,,,,,,,,,,,,,,,,,,,,,,,,,,,,,,,,,,,,,,,,,,,,,,,,,,,,,,,,,,,,,,,,,,,,,,,,,,,,,,,,,,,,,,,,,,,,,,,,,,,,,,,,,,,,,,,,,,,,,,,,,,,,,,,,,,,,,,,,,,,,,,,,,,,,,,,,,,,,,,,,,,,,,,,,,,,,,,,,,,,,,,,feature-sequential,,,exactextract_fractional_v030,True,,32.46003999993263,private-reference/722f6ad0b47ac94c/00481.json.gz,0,True,0,0,0,0,0,140,0.057612999967204814,081315e0f96de7b4a4093b78c719c53aa57bc892791130c6c6b213e97678cfd5,26442685,,14.336466000031578,587579738808,,True,161.08014700000695,private-reference/6f138579f8184934/00481.json.gz,428d9ac058eeb20e6b1e985216bb954dea018448b876e21b7601ab6ed5180ea4,1
482,worldpop1-A-1-http0-natural-ee,worldpop1,A,http0,1,natural-ee,cogband128,52.91023699999187,250.00040899999476,0.170113394,0.24421900000001528,93782016,2147483648,upstream,1,worldpop1|A|http0,0.1996080000026268,587928876557,,55.00295799993182,null,True,18648801,worldpop1|A|1,,,,,,,,,,,,,,,,,,,,,,,,,,,,,,,,,,,,,,,,,,,,,,,,,,,,,,,,,,,,,,,,,,,,,,,,,,,,,,,,,,,,,,,,,,,,,,,,,,,,,,,,,,,,,,,,,,,,,,,,,,,,,,,,,,,,,,,,,,,,,,,,,,,,,,,,,,,,,,,,,,,,,,,,,,,,,,,,,,,,,,,,,,,,,,,,,,,,,,,,,,,,,,,,,,,,,,,,,,,,,,,,,,,,,,,,,,,,,,,,,,,,,,,,,,,,,,,,,,,,,,,,,,feature-sequential,,,exactextract_fractional_v030,True,,43.36462000003394,private-reference/8662c33204138f4c/00482.json.gz,1687552,True,10,1,1687552,11,11,160,0.09425399991869199,27673465013998254a5c8f3e59d8cadc7bc6685785cbdf857a732b0c9ab42604,18648801,,9.446453999998994,587875966320,,True,175.41612600007284,private-reference/02c46c591a83712f/00482.json.gz,21d16b6f3acdde99debd966aaba322663b3d221384cb202472e2c36b2c3814f3,1
483,analytical40-1025x1031-D-1-http0-native-rsi256,analytical40-1025x1031,D,http0,1,native-rsi256,cogband128,3166.9771309999533,3291.455547999931,2.4778859210000004,2.5470069999999794,161239040,2147483648,native,40,analytical40-1025x1031|D|http0,0.7313730000078067,591275804797,20.67309699998532,3188.5896479999474,null,True,26638653,analytical40-1025x1031|D|1,0,,,833696,320,36,0.007834,65536,1.9992130000000001,0,378777600,67108864,29,0,0,9.090243000000001,59645097,336691200,0.024713,1253776,8,8,1edbfc837a86376667b9fa2d03bd3146438c230bf188a17e2c6631ab6633b432,18,0.003517,,,,,,,2573.628487000001,0.051553,,,,,,,0,0,0,26130246,2736,4,2740,3135.4005860000007,65.60594400000001,0,0.029323999999999985,16,0.000842,203492964,,1440,70395920,2433.069546000001,30.486518000000007,2,544.540608,0.44142800000000004,315480,0,0,0,0,0,0,0,,,,,,,,,,,,,,,,,,,,,,,,,,,,,,,,,,,,,,,,,,,,,,,,,,,,,,,,,,,,,,,,,,,,,,,,,,,,,,,,,,,,,,,,,,,,,0.01078,2,0,0,,,,,,,,,,,,,,,,,,,,,,,,,,,,,8,8,,,,,,,,,,,,,,,,,,,0,,,,,,,,,,,,,,,,,,,5.954192,0,0.0,0,36,,,,,,,,,,,,,,,,,,,,,,,,,,,,,index256,26130246,2740,native_grid_planar_fractional,True,2,3137.8046379999205,private-reference/2e99bb57376a594e/00483.json.gz,26283278,True,2760,10,26283278,2770,2770,32804,0.5529910000632299,365f94acb67595ceff5b6f6e9b8b49e3e1f3374adb31b96e3eab040965552af1,26442685,skarve_normalized_f64_v1,28.614875000016582,588108827707,,True,3221.9788289999087,private-reference/30a72f8ae1dd0b71/00483.json.gz,1dafad6d457aa3df39064093d39858ce0b89d4603e00e782a974ed6e9dc62c9f,8
484,analytical40-1025x1031-A-1-http0-native-rsi256,analytical40-1025x1031,A,http0,1,native-rsi256,cogband128,86.2650899999835,197.5881359999221,0.12152069300000001,0.17848300000002837,78602240,2147483648,native,1,analytical40-1025x1031|A|http0,0.5717239999967205,591566860302,19.325899000023128,106.8363510000836,null,True,26638653,analytical40-1025x1031|A|1,2.2048670000458515,,,,,,,,,,,,,,,,,,,,,,,,,32448,1,0,0,7077888,12,,,,,,,,,,,,,,,,,,,,,,,True,,,,,,,,,,,,,,,,16777216,,0,1.2359660000000001,1,12,0,,0,shared_only_for_identical_data_and_mask_block_footprints_then_flushed_on_transition_or_window_exit,trusted_manifest,,http_original,,,,,,,,,,,,,,,,,,,,,,,,,,,,,,,,,,,,,,,,,,,,,,True,,513919,4194304,13,0,7604,19,57,521215,521215,0,57,5,513919,62,,,,,,,,,,,,,,,,,,,,,,,,,,,,,,,,,,,,,,,,,,,,,,,,,,,,,,,,,,0.000301,0.47267499999999996,,,,,61.471031999999994,exclusive partition of this query call; source post-validation is in remaining execution; FFI envelope and transport subspans are not added to this partition,,,0.562928,62.506935999999996,,,"""4e3042fb1506a990ab466287bf1d514e06a2b789ab1d81393f157866e226defb""",,http,97984,0,0,0,0,0,2,0,0,0,2,3,97984,5,,,,,,,32448,,,,,,12,8963137,16,True,0,4,False,1,97984,1,False,1,725883,12,134217728,0,0,3,4,65536,,4,index256,513919,62,native_grid_planar_fractional,True,1,62.911037000048964,private-reference/a9e1d91f33e54343/00484.json.gz,611903,True,59,8,611903,67,67,140,0.03650600001492421,acf0aa5bd7bc7b148855f79ff60ed369d76381ee8c619a1294380c8c784c473a,26442685,skarve_normalized_f64_v1,21.107789999973647,591480599059,,True,139.08678600000712,private-reference/cc6a35cbefd9d817/00484.json.gz,cb539cf605f7fadd555ef1a41b85955b9bfd210ae98ea53d06b7c69e4caf298d,1
485,analytical36-C-1-local-native-cog,analytical36,C,local,1,native-cog,cogband128,257.7829550000388,377.59116900008394,0.317667498,0.37643899999997643,153579520,2147483648,native,36,analytical36|C|local,8.508962000064457,591984275148,21.499238000046716,287.9836729999852,null,True,6142678,analytical36|C|1,0.0025049999976545223,,,,,,,,,,,,,,,,,,,,,,,,,,,,,,,,,,,,,,,,,,,,,,,,,,,,,,,,,,,,,,,,,,,,,16777216,,0,0.047025,1,8,0,,0,shared_only_for_identical_data_and_mask_block_footprints_then_flushed_on_transition_or_window_exit,trusted_manifest,,local_original,,,,,,,,,,,,,,,,,,,,,,,,,,,,,,,,,,,,,,,,,,,,,,False,,,,,,,,,,,,,,,,,,,,,,,,,,,,,,,,,,,,,,0,84934656,67108864,6,21238334,2,0,0,8,63715002,75497472,,11798479,0,0,0,0,259632,268435456,,288,377416,0,,67108864,256,8,4,,,18.226312000000004,,,2.759225,0.109869,,,222.99178200000003,15.059826,0.051323,186.184666,,,0.032569,0.0,,241.80458399999998,0.093298,,,,,,,,,,,,,,,,,,,,,,,,,,,,,,,,,,,,,,,,,,,,,,,,,,,,,,,,native_grid_planar_fractional,True,1,242.36583899994457,private-reference/271cc97b3724a98a/00485.json.gz,0,True,0,0,0,0,0,4010,0.10242600001220126,b377ff7f69c2e6aff33c3a6c22dcb9c59ccc16b052e6610bb89b8b3f1b16adba,6142678,skarve_normalized_f64_v1,15.308140000001913,591726492192,,True,318.0239509999865,private-reference/5102258c1b802c25/00485.json.gz,7186d6b0edd9757029e84e326df77ae465e8f834816738df3118e37629c98ed1,1
486,analytical40-1025x1031-D-0-local-native-tiff,analytical40-1025x1031,D,local,0,native-tiff,band256,3117.176975999996,3244.9730370000225,3.176588842,3.2435020000000065,146952192,2147483648,native,40,analytical40-1025x1031|D|local,4.304493000063303,595270142047,22.705193999968287,3144.434910999962,null,True,21771767,analytical40-1025x1031|D|0,0.0012720000768240425,,,1663296,320,134,0.001403,32768,2.823424,0,378455040,67108864,106,0,0,3.6270939999999974,65918628,336404480,0.08761400000000004,1796464,0,8,306c40a2d8671545e1d51db4612ee3740a1a31d9dfa6f66422309f0cd8743037,67,0.001243,,,,,,,2507.3603369999996,0.05545,,,,,,,0,0,0,0,0,0,0,3098.701112,63.161638999999994,0,0.05416799999999999,8,0.000321,339049116,,5360,80723880,2232.5110010000008,44.08255400000001,1,586.2397479999997,0.28591300000000003,669920,0,0,0,0,0,0,0,,,,,,,,,,,,,,,,,,,,,,,,,,,,,,,,,,,,,,,,,,,,,,,,,,,,,,,,,,,,,,,,,,,,,,,,,,,,,,,,,,,,,,,,,,,,,0.001973,1,0,0,,,,,,,,,,,,,,,,,,,,,,,,,,,,,0,0,,,,,,,,,,,,,,,,,,,0,,,,,,,,,,,,,,,,,,,0.077099,0,0.0,0,134,,,,,,,,,,,,,,,,,,,,,,,,,,,,,,0,0,native_grid_planar_fractional,True,1,3101.110690999917,private-reference/89d1d37bf9328a76/00486.json.gz,0,True,0,0,0,0,0,32796,0.5329430000529101,a7389146e4f56e6ee457a9ed39c6f9e8a5faf8be467c066635197793e46d52a4,21771767,skarve_normalized_f64_v1,15.527921999932914,592152964981,,True,3177.464087999965,private-reference/2e345886c40657eb/00486.json.gz,45f0a134676c4edb179e7508ce96c5384aa2244d3368decad0a8aa666253fc99,8
487,analytical36-C-0-local-native-tiff,analytical36,C,local,0,native-tiff,band256,249.00358100001085,371.83610600004613,0.308055682,0.3710059999999942,151875584,2147483648,native,36,analytical36|C|local,8.541583000010178,595684992487,19.566354999938085,277.3974309999403,null,True,5078720,analytical36|C|0,0.0008920000027501374,,,,,,,,,,,,,,,,,,,,,,,,,,,,,,,,,,,,,,,,,,,,,,,,,,,,,,,,,,,,,,,,,,,,,16777216,,0,0.061362,1,12,0,,0,shared_only_for_identical_data_and_mask_block_footprints_then_flushed_on_transition_or_window_exit,trusted_manifest,,local_original,,,,,,,,,,,,,,,,,,,,,,,,,,,,,,,,,,,,,,,,,,,,,,False,,,,,,,,,,,,,,,,,,,,,,,,,,,,,,,,,,,,,,0,84934656,67108864,10,20058510,2,0,0,12,64897318,75497472,,10028743,0,0,0,0,258240,268435456,,288,377416,0,,67108864,256,12,4,,,17.83126,,,2.530324,0.07360399999999999,,,213.97670700000003,15.237345,0.029714,178.630825,,,0.017712,0.0,,232.238946,0.029133,,,,,,,,,,,,,,,,,,,,,,,,,,,,,,,,,,,,,,,,,,,,,,,,,,,,,,,,native_grid_planar_fractional,True,1,232.73571200002152,private-reference/5e3f68f35c168f19/00487.json.gz,0,True,0,0,0,0,0,4000,0.12534899997262983,d899d2044a51304c17e4b8f724741943ca7c4792a86bf0124c26ca94bd8d8315,5078720,skarve_normalized_f64_v1,16.13653999993403,595435989196,,True,308.37871400001404,private-reference/b650dcf2b0b8d56e/00487.json.gz,50b8b12230f9c6e2a775661f1fbba7323511796b48288da78d1b1da55bd99275,1
488,real-age36-A-1-http0-native-skv-summary,real-age36,A,http0,1,native-skv-summary,skv,22.17247800001587,131.80713899998864,0.06946978799999999,0.12575100000000816,58015744,2147483648,native,1,real-age36|A|http0,0.24156099993888347,595886738496,20.122499999956744,42.815677000021424,null,True,28933939,real-age36|A|1,0.0008509999815942138,,,,,,,,,,,,,,,,,,,,,,,,,,,,,,,,,,,,,,,,,,,,,,,,,,,,,,,,,,,,,,,,,,,,,,True,,,,,,skv,,,,False,,16384,0,5,0,0,0.0,1.0493590000000002,0,0,0,0,0,0,1.6829799999999995,12,98880,10,0.0,0.0,192,11584,724124,15,196608,0.106444,1769472,1771380,0,0,12,196608,0.005058,0.42408100000000004,0,22,98880,0.702491,65536,983040,608860,11.892735000000002,4,0,source_handle_lifetime,False,,,724124,4194304,0,0,0,0,14,709532,709532,0,15,2,724124,17,9742336,False,strong_etag_conditional_ranges,http,724124,4194304,0,0,0,0,14,709532,709532,0,15,2,724124,17,,,,,,,67108864,,,,,,,1777620,1572864,,,,,,,,,,,,,,,128,12,,,,,0.023935999999999995,1.0512609999999998,,,,,,0.42408100000000004,,12.650383000000001,,,,0.0,,19.418927999999998,,,,,,,,,,,,,,,,,,,,,,,,,,,1,5,686080,2,True,12,146889793,21,,,4,False,,,,,,162948,12,,,,,4,,4,4,summary,724124,17,native_grid_planar_fractional,True,1,19.752465999999913,private-reference/0630b6f357333c44/00488.json.gz,724124,True,15,2,724124,17,17,147,0.0383900000997528,9b3de538e6269d30bc4fc33ff1fa2d1806352d652f4413ee5b2984b345d15f82,28933939,skarve_normalized_f64_v1,2.3770230000081938,595864566640,,True,75.19254099997852,private-reference/aad50af389fc99f6/00488.json.gz,e79b2e3e45c7792af6b5dac2b6e2eaf0088f10340e18d281a298c6670d306d2b,1
489,analytical40-1025x1031-A-0-http0-natural-ee,analytical40-1025x1031,A,http0,0,natural-ee,cogband128,50.07402399996863,240.09097200007545,0.16215707099999999,0.236976999999996,93941760,2147483648,upstream,1,analytical40-1025x1031|A|http0,0.20446300004550721,596154503473,,51.81427700006225,null,True,26442685,analytical40-1025x1031|A|0,,,,,,,,,,,,,,,,,,,,,,,,,,,,,,,,,,,,,,,,,,,,,,,,,,,,,,,,,,,,,,,,,,,,,,,,,,,,,,,,,,,,,,,,,,,,,,,,,,,,,,,,,,,,,,,,,,,,,,,,,,,,,,,,,,,,,,,,,,,,,,,,,,,,,,,,,,,,,,,,,,,,,,,,,,,,,,,,,,,,,,,,,,,,,,,,,,,,,,,,,,,,,,,,,,,,,,,,,,,,,,,,,,,,,,,,,,,,,,,,,,,,,,,,,,,,,,,,,,,,,,,,,,feature-sequential,,,exactextract_fractional_v030,True,,33.71081000000231,private-reference/8f622fe6e90488f3/00489.json.gz,704512,True,4,1,704512,5,5,140,0.10555299991210632,bdaf081fd00e91a4c1b2dd88a95de6cd9921fc3385fec83c4bad7d27585e7b7f,26442685,,16.253183000003446,596104428658,,True,164.85217400008878,private-reference/dcc4788d63324d1e/00489.json.gz,1a68994fe6567e0a4879cafce96d7df1be31ae65d77308b0034c34d71d3bb639,1
490,analytical36-D-1-http0-native-skv-raw,analytical36,D,http0,1,native-skv-raw,skv,281.45657300001403,412.29388200008543,0.325503991,0.39936300000002234,130420736,2147483648,native,36,analytical36|D|http0,0.8806559999356978,596626900951,22.607570999980453,305.1466890000256,null,True,5770145,analytical36|D|1,0.0007410000080199097,,,1497376,288,18,0.0020829999999999998,32768,1.160637,0,85515264,67108864,4,0,0,0.35024199999999994,64336242,76013568,0.013406000000000001,660976,0,8,55fae16001e91e77d565559d82f70bd8f181df86ff6de7de5fa0cf640b046bde,18,0.0008719999999999999,,,,,,,145.60405700000004,0.040234,,128,7552,False,128,128,0,0,0,5616903,20,2,22,276.67172899999997,19.646043,0,0.03016599999999999,8,0.000381,330720420,,18,17181864,119.67257199999999,5.810364000000001,1,127.97804500000001,0.336502,157392,0,0,0,0,0,0,0,,,,,,,,,,,,,,,,,,,,,,,,,,,,,,,,,,,,,,,,,,,,,,,,,,,,,,,,,,,,,,,,,,,,,,,,,,,,,,,,,,,,,,,,,,,,,0.008926,1,0,0,,,,,,,,,,,,,,,,,,,,,,,,,,,,,0,0,,,,,,,,,,,,,,,,,,,0,,,,,,,,,,,,,,,,,,,1.114306,0,0.006712,0,18,,,,,,,,,,,,,,,,,,,,,,,,,,,,,raw,5616903,22,native_grid_planar_fractional,True,1,278.7459610000269,private-reference/4aa088ff68519cf5/00490.json.gz,5633287,True,21,2,5633287,23,23,28867,0.5997129999286699,59b57f77bcbfc3eeb1e510375e2bb4e8862f43dfc1abc1a2806921a6fa4d3ee3,5770145,skarve_normalized_f64_v1,2.106280000020888,596345444387,,True,337.93475100003434,private-reference/8de48d8132e7e5f6/00490.json.gz,eb5cdbd866106d9aa102fc76c6884ea66ea7bf68204c3e2b2c3afe665f11080c,8
491,analytical36-D-0-local-native-skv-summary,analytical36,D,local,0,native-skv-summary,skv,228.10459599998012,356.44578500000534,0.28478693,0.3553829999999607,124370944,2147483648,native,36,analytical36|D|local,0.5781339999657575,597035961690,21.02930400008063,249.92459000009148,null,True,5770145,analytical36|D|0,0.0006609999445572612,,,1497376,288,18,0.002835,32768,1.172656,0,85515264,67108864,4,0,0,0.3417170000000001,64336242,76013568,0.009776,658576,0,8,c26f6ae2c19d5b33bd167e37cf1eb964c233070551772bea959dc7a7bb02b16b,18,0.001192,,,,,,,111.477412,0.058457,,,,,,,0,0,0,0,0,0,0,224.60872700000002,17.710401,0,0.026648999999999992,8,0.000641,330710576,,18,14708988,87.15762899999997,5.767008,1,110.54868499999999,0.6096,138492,0,0,0,0,0,0,0,,,,,,,,,,,,,,,,,,,,,,,,,,,,,,,,,,,,,,,,,,,,,,,,,,,,,,,,,,,,,,,,,,,,,,,,,,,,,,,,,,,,,,,,,,,,,0.007985,1,0,8,,,,,,,,,,,,,,,,,,,,,,,,,,,,,4,8,,,,,,,,,,,,,,,,,,,0,,,,,,,,,,,,,,,,,,,0.065669,0,0.0,0,18,,,,,,,,,,,,,,,,,,,,,,,,,,,,,summary,0,0,native_grid_planar_fractional,True,1,227.04403400007322,private-reference/3eae6b20935e5763/00491.json.gz,0,True,0,0,0,0,0,28762,0.5255780000652521,a9e2337fccaa006ca4a489ba411cad2a8b91d47a0e971c214c4c67110e4e4f97,5770145,skarve_normalized_f64_v1,0.5301349999626837,596807856684,,True,285.3075350000154,private-reference/651703f6434ae4ad/00491.json.gz,6ef929b23f7daaaef43c293e75d4943ba91577e579fe8547e5d91b32cb0116db,8
492,analytical40-1025x1031-A-2-http0-native-rsi64,analytical40-1025x1031,A,http0,2,native-rsi64,cogband128,68.03989299999103,183.02383799994004,0.109017128,0.16831700000003025,74211328,2147483648,native,1,analytical40-1025x1031|A|http0,0.7358679999924789,597278156525,22.482469000010497,91.46017800003392,null,True,27254333,analytical40-1025x1031|A|2,2.4303999999801817,,,,,,,,,,,,,,,,,,,,,,,,,259584,4,0,0,2211840,60,,,,,,,,,,,,,,,,,,,,,,,True,,,,,,,,,,,,,,,,16777216,,0,1.535362,1,60,0,,0,shared_only_for_identical_data_and_mask_block_footprints_then_flushed_on_transition_or_window_exit,trusted_manifest,,http_original,,,,,,,,,,,,,,,,,,,,,,,,,,,,,,,,,,,,,,,,,,,,,,True,,306316,4194304,13,0,339618,51,37,311052,311052,0,37,5,306316,42,,,,,,,,,,,,,,,,,,,,,,,,,,,,,,,,,,,,,,,,,,,,,,,,,,,,,,,,,,0.000491,0.5610390000000001,,,,,40.837072000000006,exclusive partition of this query call; source post-validation is in remaining execution; FFI envelope and transport subspans are not added to this partition,,,0.43929,41.837892000000004,,,"""2ddb06a67f6192bee560462b0c5cc1ff3f28fd5b48217e6a344ebb4ce72c9580""",,http,325120,0,0,0,0,0,5,0,0,0,5,3,325120,8,,,,,,,64896,,,,,,60,5502017,256,True,0,196,False,1,405824,1,False,1,192184,60,134217728,0,0,192,196,65536,,196,index64,306316,42,native_grid_planar_fractional,True,1,42.60984899997311,private-reference/873bc48416073857/00492.json.gz,631436,True,42,8,631436,50,50,140,0.05562100000133796,0804bf71bee4a10cb67390656e5058e365f08886d4b412c8d3417e8204a98c13,26442685,skarve_normalized_f64_v1,22.936700999935056,597210116421,,True,123.26407500006553,private-reference/2d27a0cc7bc808dc/00492.json.gz,550ce46a5d105430fa0888e677027184157f638c070a38eb70b2fdabd5d9185e,1
493,analytical36-B-1-http0-native-tiff,analytical36,B,http0,1,native-tiff,band256,43.43047899999419,150.3021409999974,0.088884294,0.14371399999998857,76922880,2147483648,native,1,analytical36|B|http0,0.8327580000013768,597480897376,20.970422999994298,65.43653899996116,null,True,5078720,analytical36|B|1,0.0012430000424501486,,,45576,8,5,0.002494,32768,1.428484,0,2375424,67108864,0,0,0,0.026207,2378979,2111488,0.002193,511168,0,16,d4bd1a5dea09d3f7def9241c1251866253189fe02efcf68a0a96ab80b8c77b46,5,0.001112,,,,,,,12.376422000000002,0.040885,,256,7552,True,128,256,0,0,0,138439,7,2,9,18.888706000000003,0.37481400000000004,0,0.006362999999999999,8,0.000591,336814288,,10,477274,11.441779999999998,0.13099,1,3.4037229999999994,0.124526,2307,0,0,0,0,0,0,0,,,,,,,,,,,,,,,,,,,,,,,,,,,,,,,,,,,,,,,,,,,,,,,,,,,,,,,,,,,,,,,,,,,,,,,,,,,,,,,,,,,,,,,,,,,,,0.00524,1,0,0,,,,,,,,,,,,,,,,,,,,,,,,,,,,,0,0,,,,,,,,,,,,,,,,,,,0,,,,,,,,,,,,,,,,,,,1.396881,0,0.006151,1,5,,,,,,,,,,,,,,,,,,,,,,,,,,,,,,138439,9,native_grid_planar_fractional,True,1,19.739086000072348,private-reference/83351c7345b24afc/00493.json.gz,145589,True,16,4,145589,20,20,1028,0.27885800000149175,d12c50ef5f2eb483307595d687307a30b603990fff77734d225f99dfee78473e,5078720,skarve_normalized_f64_v1,23.404711000011957,597437466517,,True,94.98709899992264,private-reference/005845d6d7b01bbc/00493.json.gz,cbcd844123bb5ce87f37ca00891c5f7765b83072be8d85ad6a32db52d59e874c,8
494,analytical40-1025x1031-A-1-local-native-rsi64,analytical40-1025x1031,A,local,1,native-rsi64,cogband128,31.09316799998396,147.3398549999274,0.08650918799999999,0.14685299999999302,72626176,2147483648,native,1,analytical40-1025x1031|A|local,0.264110999978584,597680483096,21.542890999967312,53.099825000003875,null,True,27254333,analytical40-1025x1031|A|1,0.3577820000373322,,,,,,,,,,,,,,,,,,,,,,,,,63232,76,0,0,2211840,60,,,,,,,,,,,,,,,,,,,,,,,True,,,,,,,,,,,,,,,,16777216,,0,0.051172999999999996,1,60,0,,0,shared_only_for_identical_data_and_mask_block_footprints_then_flushed_on_transition_or_window_exit,trusted_manifest,,local_original,,,,,,,,,,,,,,,,,,,,,,,,,,,,,,,,,,,,,,,,,,,,,,False,,,,,,,,,,,,,,,,,,,,,,,,,,,,,,,,,,,,,,,,,,,,,,,,,,,,,,,,,,,,,,,,,,,,,,,,,0.00015,0.01063,,,,,15.427206,exclusive partition of this query call; source post-validation is in remaining execution; FFI envelope and transport subspans are not added to this partition,,,0.019295,15.457281,,,,2096:712243:405824:1789300669:908622001:1789300669:908622001,local,,,,,,,,,,,,,,,,,,,,,0,,,,,,60,1242177,185,True,0,196,False,6,405824,1,False,0,185211,60,134217728,0,0,0,76,0,,196,index64,,,native_grid_planar_fractional,True,1,15.966668000032769,private-reference/f38a09b781d234b1/00494.json.gz,0,True,0,0,0,0,0,140,0.0405539999519533,acf0aa5bd7bc7b148855f79ff60ed369d76381ee8c619a1294380c8c784c473a,26442685,skarve_normalized_f64_v1,14.721772000029887,597649389887,,True,86.51846399993701,private-reference/3a67284b19bb45c5/00494.json.gz,8d58696d9d8948c39341da17973d7c75c6cfe736b25b9e02b38b0f58c52e9a58,1
495,worldpop1-B-1-local-native-skv-summary,worldpop1,B,local,1,native-skv-summary,skv,23.82451799996943,139.3401120000135,0.079844927,0.13881499999999392,62898176,2147483648,native,1,worldpop1|B|local,0.184837000006155,597865927428,22.476455000060014,46.81302500000584,null,True,22778369,worldpop1|B|1,0.000470000031782547,,,45576,8,55,0.0017829999999999999,32768,3.762629,0,8110080,67108864,0,0,0,0.07793400000000002,8147425,7208960,0.0031760000000000017,1988464,0,8,01b3f1289f4fcd2c7c71f983a2978189e2af30bdbd9b8234b21645775f8c1d83,81,0.001042,,,,,,,15.448210000000003,0.043408999999999996,,,,,,,0,0,0,0,0,0,0,22.60671,1.9273689999999994,0,0.004637,8,0.000411,330588544,,55,547508,12.012608000000002,1.1568159999999998,1,2.796205000000001,0.051585,7854,0,0,0,0,0,0,0,,,,,,,,,,,,,,,,,,,,,,,,,,,,,,,,,,,,,,,,,,,,,,,,,,,,,,,,,,,,,,,,,,,,,,,,,,,,,,,,,,,,,,,,,,,,,0.004928999999999999,1,0,49,,,,,,,,,,,,,,,,,,,,,,,,,,,,,89,49,,,,,,,,,,,,,,,,,,,0,,,,,,,,,,,,,,,,,,,0.026067,0,0.0,0,55,,,,,,,,,,,,,,,,,,,,,,,,,,,,,summary,0,0,native_grid_planar_fractional,True,1,23.350223999955233,private-reference/856d3f088de35362/00495.json.gz,0,True,0,0,0,0,0,1252,0.06833400004779833,79dbde3afe02fa0d6e9c2b3d91f1fb6242b60b501526a087660dbfa96451303f,22778369,skarve_normalized_f64_v1,0.4007499999261199,597842103080,,True,79.85524699995494,private-reference/3401a5d5326e25ab/00495.json.gz,12ad7976d5a616d6987998ceda70893610d7c0a932fb8cf009e5a8c81d175479,8
496,real-age36-C-2-http0-native-skv-raw,real-age36,C,http0,2,native-skv-raw,skv,243.78846499996598,363.8835020000215,0.293989187,0.3587060000000122,151855104,2147483648,native,36,real-age36|C|http0,0.4110139999511375,598266919659,21.890667999969082,266.2820360000069,null,True,28933939,real-age36|C|2,0.0010420000080557656,,,,,,,,,,,,,,,,,,,,,,,,,,,,,,,,,,,,,,,,,,,,,,,,,,,,,,,,,,,,,,,,,,,,,,False,,,,,,skv,,,,False,,16384,0,0,0,0,0.0,0.0,0,0,0,576,8,0,53.47874800000009,576,98880,10,0.0,0.0,248832,11584,28933939,11,9437184,0.06843500000000001,84934656,84945372,0,0,4,9437184,0.008516,64.350638,0,574,98880,16.500758999999984,65536,47185920,28818675,58.59424599999999,0,0,source_handle_lifetime,False,,,28933939,4194304,0,9,0,0,10,3998950,3554185,0,11,2,28933939,13,9742336,False,strong_etag_conditional_ranges,http,28933939,4194304,0,9,0,0,10,3998950,3554185,0,11,2,28933939,13,,,,,0,84934656,67108864,3,21236991,1,0,0,4,63710973,75497472,,21236479,28917555,10,2,12,258864,268435456,,8,377416,0,,67108864,256,4,4,,,14.757607,,,2.7693450000000004,0.113025,,,224.724864,64.350638,0.072703,151.483042,,,0.46352699999999997,0.0,,241.203718,0.01081,,,,,,,,,,,,,,,,,,,,,,,,,,,,,,,,,,,,,,,,,,,,,,,,,,,,,raw,28933939,13,native_grid_planar_fractional,True,1,241.78605900010552,private-reference/30b66a680074073c/00496.json.gz,28933939,True,11,2,28933939,13,13,4211,0.12907500001801964,78ea1b1d7c574d80aac7cf2fe459d522f8702c4e987f34f246a9977617de8717,28933939,skarve_normalized_f64_v1,1.8687320000481122,598023131254,,True,298.63516000000345,private-reference/bbb7fa59563dd2c6/00496.json.gz,5a134bdcf18110d2e7c7d27eadef4d82b16515056bb5f1ba8e6bc36c3ae1a24b,1
497,analytical36-D-1-http0-native-rsi256,analytical36,D,http0,1,native-rsi256,cogband128,794.8277809999809,911.1461069999223,0.677112048,0.7338120000000004,161026048,2147483648,native,36,analytical36|D|http0,7.1969599999874845,599234074957,19.42673099995318,821.7511179999519,null,True,6294806,analytical36|D|1,0,,,667776,288,10,0.004318,65536,1.134716,0,85515264,67108864,2,0,0,2.653742,61940632,76013568,0.006202000000000001,511168,8,8,d4bd1a5dea09d3f7def9241c1251866253189fe02efcf68a0a96ab80b8c77b46,5,0.004148000000000001,,,,,,,619.7131790000001,0.038890999999999995,,,,,,,0,0,0,5992290,653,4,657,762.144908,14.551219999999999,0,0.034753,16,0.0008910000000000001,202750460,,360,17181864,592.0201500000001,5.72409,2,134.096833,0.555022,83052,0,0,0,0,0,0,0,,,,,,,,,,,,,,,,,,,,,,,,,,,,,,,,,,,,,,,,,,,,,,,,,,,,,,,,,,,,,,,,,,,,,,,,,,,,,,,,,,,,,,,,,,,,,0.012703,2,0,0,,,,,,,,,,,,,,,,,,,,,,,,,,,,,0,0,,,,,,,,,,,,,,,,,,,2,,,,,,,,,,,,,,,,,,,5.736222,0,0.0,0,10,,,,,,,,,,,,,,,,,,,,,,,,,,,,,index256,5992290,657,native_grid_planar_fractional,True,2,765.1187210000217,private-reference/811acc017223f05a/00497.json.gz,6137378,True,669,10,6137378,679,679,28867,0.5272360000390108,59b57f77bcbfc3eeb1e510375e2bb4e8862f43dfc1abc1a2806921a6fa4d3ee3,6142678,skarve_normalized_f64_v1,29.175042000019857,598439247567,,True,853.9597650000132,private-reference/1a4615951155d73c/00497.json.gz,76a683ec91d738796e257ee7b7ca6368c19a23d326199bf940e492ec5a10fa92,8
498,worldpop1-B-2-local-native-skv-raw,worldpop1,B,local,2,native-skv-raw,skv,38.0079219999061,143.3083849999548,0.08948856699999999,0.14284499999999412,66560000,2147483648,native,1,worldpop1|B|local,0.12655099999392405,599446101599,19.049758000051042,57.49594799999613,null,True,22778369,worldpop1|B|2,0.0006110000185799436,,,45576,8,81,0.001322,32768,3.229638,0,11943936,67108864,0,0,0,0.126825,11998935,10616832,0.006181,1992496,0,8,d9f73d3fd12438f673af7cffe620b04c9dcbca5f171483f6d96f1c84649c69c7,81,0.0012020000000000002,,,,,,,23.025621,0.037628,,128,19648,False,128,128,0,0,0,0,0,0,0,37.044949,2.792741000000001,0,0.004117999999999999,8,0.000381,330612212,,81,2003838,17.945954999999998,1.6691449999999999,1,10.566751,0.041906,19250,0,0,0,0,0,0,0,,,,,,,,,,,,,,,,,,,,,,,,,,,,,,,,,,,,,,,,,,,,,,,,,,,,,,,,,,,,,,,,,,,,,,,,,,,,,,,,,,,,,,,,,,,,,0.004979,1,0,0,,,,,,,,,,,,,,,,,,,,,,,,,,,,,0,0,,,,,,,,,,,,,,,,,,,0,,,,,,,,,,,,,,,,,,,0.028240999999999995,0,0.010750000000000001,0,81,,,,,,,,,,,,,,,,,,,,,,,,,,,,,raw,0,0,native_grid_planar_fractional,True,1,37.61136999992232,private-reference/d477d7669c500972/00498.json.gz,0,True,0,0,0,0,0,1240,0.047557000016240636,ae861dc4801af35ca6376dd8cf332a700265b4f0daf25e4721ef113acc83f37f,22778369,skarve_normalized_f64_v1,0.3458189999037131,599408093827,,True,89.52974700002869,private-reference/0c7ffdd8d062cfd9/00498.json.gz,f0ef014ad5eea5ec575cb36adb09f1fc6a23d8d4813d62b8b5c6dd2d9a3032c5,8
499,analytical40-1025x1031-C-2-local-native-rsi256,analytical40-1025x1031,C,local,2,native-rsi256,cogband128,858.4877660000529,972.0762639999521,0.906813728,0.9715369999999837,148914176,2147483648,native,40,analytical40-1025x1031|C|local,0.34595900001477276,600452256198,18.682770000054916,877.7130230000694,null,True,26638653,analytical40-1025x1031|C|2,0,,,107796,40,24,0.002324,65536,0.562154,0,283115520,67108864,19,0,0,8.756048999999999,58994955,251658240,0.015858,411616,1,1,2fb5393092b15d35f8a36342e483b8cabff4cd111357090e22dca9e3485a68ca,16,0.002114,,,,,,,626.3221729999999,0.023263000000000002,,,,,,,0,0,0,0,0,0,0,842.137917,48.235722,0,0.007223,2,0.0006919999999999999,201916524,,960,29314240,513.954086,22.539293000000004,2,214.15162600000005,0.077741,118720,0,0,0,0,0,0,0,,,,,,,,,,,,,,,,,,,,,,,,,,,,,,,,,,,,,,,,,,,,,,,,,,,,,,,,,,,,,,,,,,,,,,,,,,,,,,,,,,,,,,,,,,,,,0.003156,2,0,0,,,,,,,,,,,,,,,,,,,,,,,,,,,,,8,8,,,,,,,,,,,,,,,,,,,0,,,,,,,,,,,,,,,,,,,0.398907,0,0.0,0,24,,,,,,,,,,,,,,,,,,,,,,,,,,,,,index256,0,0,native_grid_planar_fractional,True,2,843.0799899999784,private-reference/43a01d38038952dc/00499.json.gz,0,True,0,0,0,0,0,4392,0.10036200001195539,ac14431e595cf0df4b69f51d7c381c2086f1ac292aa6ad1c1b6b84ce03955fd4,26442685,skarve_normalized_f64_v1,15.303396000035718,599593768672,,True,906.9073940000862,private-reference/7053848b58959a8b/00499.json.gz,3d512b0eeb848b4d3d6caf06a20312229caf51a446f6dca5711bc8956fd56f9a,1
500,analytical40-1025x1031-C-2-local-native-cog,analytical40-1025x1031,C,local,2,native-cog,cogband128,988.4761510000999,1108.1411000000116,1.049123445,1.1072149999999965,149032960,2147483648,native,40,analytical40-1025x1031|C|local,8.471342000007098,601608216928,19.53077200005282,1016.6740620001065,null,True,26442685,analytical40-1025x1031|C|2,0.001291999979002867,,,,,,,,,,,,,,,,,,,,,,,,,,,,,,,,,,,,,,,,,,,,,,,,,,,,,,,,,,,,,,,,,,,,,16777216,,0,0.048287000000000004,1,32,0,,0,shared_only_for_identical_data_and_mask_block_footprints_then_flushed_on_transition_or_window_exit,trusted_manifest,,local_original,,,,,,,,,,,,,,,,,,,,,,,,,,,,,,,,,,,,,,,,,,,,,,False,,,,,,,,,,,,,,,,,,,,,,,,,,,,,,,,,,,,,,0,377487360,67108864,5,318572757,27,0,0,32,58994955,335544320,,11798479,0,0,0,0,630624,268435456,,1280,418896,0,,67108864,256,32,16,,,80.81657900000002,,,13.004593000000002,0.14649600000000002,,,890.4519059999998,63.79981300000001,0.128915,724.7000649999999,,,0.018483,0.0,,972.1877079999999,0.038871,,,,,,,,,,,,,,,,,,,,,,,,,,,,,,,,,,,,,,,,,,,,,,,,,,,,,,,,native_grid_planar_fractional,True,1,973.054042000058,private-reference/1c18319b2e084a94/00500.json.gz,0,True,0,0,0,0,0,4392,0.1351879999447192,ac14431e595cf0df4b69f51d7c381c2086f1ac292aa6ad1c1b6b84ce03955fd4,26442685,skarve_normalized_f64_v1,15.280118000077891,600619740266,,True,1049.5143910000024,private-reference/f6f5c8942f34f1e4/00500.json.gz,9fbc1f7f52cb5071b7e74a6e44648ebeda25ef54d957e88efc4da51074e0ca52,1
501,real-age36-D-0-local-native-rsi64,real-age36,D,local,0,native-rsi64,cogband128,552.8513659999135,675.6949539999368,0.609065724,0.6747420000000375,137990144,2147483648,native,36,real-age36|D|local,1.9030859999702443,602330837759,22.049427000069954,577.0048940000834,null,True,28148818,real-age36|D|0,0,,,667776,288,100,0.004579,65536,1.412749,0,66355200,67108864,0,0,0,0.60188,66559900,58982400,0.043669,1009360,8,8,9183aa469c6a75b89e78ea979bcf42593374249f3620b5ec2e793c311cb4c951,64,0.0032660000000000002,,,,,,,476.0476159999999,0.066146,,,,,,,0,0,0,0,0,0,0,540.952965,10.449908,0,0.0317,16,0.000841,203249252,,3600,8383212,419.80260400000003,5.282646999999998,2,57.67954000000001,0.46621999999999997,159372,0,0,0,0,0,0,0,,,,,,,,,,,,,,,,,,,,,,,,,,,,,,,,,,,,,,,,,,,,,,,,,,,,,,,,,,,,,,,,,,,,,,,,,,,,,,,,,,,,,,,,,,,,,0.00551,2,0,0,,,,,,,,,,,,,,,,,,,,,,,,,,,,,114,72,,,,,,,,,,,,,,,,,,,0,,,,,,,,,,,,,,,,,,,0.458828,0,0.0,0,100,,,,,,,,,,,,,,,,,,,,,,,,,,,,,index64,0,0,native_grid_planar_fractional,True,2,543.633317000058,private-reference/a01af16487ce08d8/00501.json.gz,0,True,0,0,0,0,0,32474,0.5825430000641063,81a155a3efe7badd5a4091ef7d3ea40f66e3dbbe3034ddd6189be08afcdfdce8,27889906,skarve_normalized_f64_v1,8.629645999917557,601777986031,,True,609.461065000005,private-reference/1a4db8b0979bc2c6/00501.json.gz,20eb852b18092e7bd797a57d257eeef16475b0f800676bba28a92bde0a9bc686,8
502,worldpop1-A-1-local-natural-ee,worldpop1,A,local,1,natural-ee,cogband128,39.1436510000176,220.25709500007906,0.15232526000000002,0.2193939999999941,88915968,2147483648,upstream,1,worldpop1|A|local,0.6339010000147027,602600614746,,41.53767500008598,null,True,18648801,worldpop1|A|1,,,,,,,,,,,,,,,,,,,,,,,,,,,,,,,,,,,,,,,,,,,,,,,,,,,,,,,,,,,,,,,,,,,,,,,,,,,,,,,,,,,,,,,,,,,,,,,,,,,,,,,,,,,,,,,,,,,,,,,,,,,,,,,,,,,,,,,,,,,,,,,,,,,,,,,,,,,,,,,,,,,,,,,,,,,,,,,,,,,,,,,,,,,,,,,,,,,,,,,,,,,,,,,,,,,,,,,,,,,,,,,,,,,,,,,,,,,,,,,,,,,,,,,,,,,,,,,,,,,,,,,,,,feature-sequential,,,exactextract_fractional_v030,True,,31.566657999974268,private-reference/94c9c5e4337adf1a/00502.json.gz,0,True,0,0,0,0,0,160,0.0629810000418729,27673465013998254a5c8f3e59d8cadc7bc6685785cbdf857a732b0c9ab42604,18648801,,7.510836000051313,602561471866,,True,152.72359900006904,private-reference/63db6a56d6bee1e7/00502.json.gz,b3d718f64dbaa26f25c62c57a7370da122eb1e1de434900601ee760bd8e71d65,1
503,analytical40-1025x1031-B-0-http0-natural-ee,analytical40-1025x1031,B,http0,0,natural-ee,cogband128,80.63999499995589,261.2691150000046,0.187723681,0.2582960000000014,98373632,2147483648,upstream,1,analytical40-1025x1031|B|http0,0.2667090000159078,602904182717,,82.84661799996229,null,True,26442685,analytical40-1025x1031|B|0,,,,,,,,,,,,,,,,,,,,,,,,,,,,,,,,,,,,,,,,,,,,,,,,,,,,,,,,,,,,,,,,,,,,,,,,,,,,,,,,,,,,,,,,,,,,,,,,,,,,,,,,,,,,,,,,,,,,,,,,,,,,,,,,,,,,,,,,,,,,,,,,,,,,,,,,,,,,,,,,,,,,,,,,,,,,,,,,,,,,,,,,,,,,,,,,,,,,,,,,,,,,,,,,,,,,,,,,,,,,,,,,,,,,,,,,,,,,,,,,,,,,,,,,,,,,,,,,,,,,,,,,,,raster-sequential,,,exactextract_fractional_v030,True,,62.187842000071214,private-reference/9c986eaebcf269eb/00503.json.gz,1277952,True,4,1,1277952,5,5,1057,0.2897640000583124,4901649eb83759f8f7c97d6d684c17d6ba572c13652c73223c4a62980123535e,26442685,,18.15769999996064,602823542591,,True,190.38506600008986,private-reference/465ddd0c9fc55543/00503.json.gz,c472662126249baf665d642797a11fc3eb7aaafd332247c0b7f61d2f2bf6972a,8
504,analytical40-1025x1031-B-0-http0-native-rsi64,analytical40-1025x1031,B,http0,0,native-rsi64,cogband128,201.99056499996004,311.5339400000039,0.190361925,0.24706099999997377,79593472,2147483648,native,1,analytical40-1025x1031|B|http0,0.5801780000638246,603283816099,19.47091099998488,222.2856700000193,null,True,27254333,analytical40-1025x1031|B|0,0,,,45576,8,117,0.001884,32768,4.314416,0,4148928,67108864,0,0,0,0.3798160000000001,4232115,3687936,0.021372999999999993,3225712,0,8,fa943ad14ea8016e1abe65a5f32fc0b307589732488fbe9f1c48b5843019f612,261,0.001884,,,,,,,66.59242699999999,0.045256000000000005,,,,,,,0,0,0,508706,53,2,55,179.745468,0.820291,0,0.005029,8,0.000451,204642968,,234,486193,63.072939,0.3456530000000001,1,4.421116000000002,0.05397299999999999,9148,0,0,0,0,0,0,0,,,,,,,,,,,,,,,,,,,,,,,,,,,,,,,,,,,,,,,,,,,,,,,,,,,,,,,,,,,,,,,,,,,,,,,,,,,,,,,,,,,,,,,,,,,,,0.004078,1,0,0,,,,,,,,,,,,,,,,,,,,,,,,,,,,,374,199,,,,,,,,,,,,,,,,,,,66,,,,,,,,,,,,,,,,,,,2.998258,0,0.0,0,117,,,,,,,,,,,,,,,,,,,,,,,,,,,,,index64,508706,55,native_grid_planar_fractional,True,1,180.71542999996382,private-reference/9ddd5954ffb9cc44/00504.json.gz,747462,True,260,5,747462,265,265,1045,0.06759899997632601,e385de722110847164317a15def49987a963ed2c14cbed05e1ad8a49c4ea6240,26442685,skarve_normalized_f64_v1,21.201694999945175,603081826415,,True,254.49169400008032,private-reference/ef04c34f3589fdb4/00504.json.gz,b82c5caa829fcbfd2e950146fb7a6ce9b2115749adaaf49fd1ab7320e6375472,8
505,analytical36-A-0-local-native-tiff,analytical36,A,local,0,native-tiff,band256,23.55034999993677,130.36111200005962,0.07529683,0.12983700000000908,75251712,2147483648,native,1,analytical36|A|local,0.4797259999804737,603465469259,19.580301000019062,43.90089100002115,null,True,5078720,analytical36|A|0,0.0010219999921901035,,,,,,,,,,,,,,,,,,,,,,,,,,,,,,,,,,,,,,,,,,,,,,,,,,,,,,,,,,,,,,,,,,,,,16777216,,0,0.06471400000000001,1,4,0,,0,shared_only_for_identical_data_and_mask_block_footprints_then_flushed_on_transition_or_window_exit,trusted_manifest,,local_original,,,,,,,,,,,,,,,,,,,,,,,,,,,,,,,,,,,,,,,,,,,,,,False,,,,,,,,,,,,,,,,,,,,,,,,,,,,,,,,,,,,,,0,2359296,67108864,4,0,0,0,0,4,2362140,2097152,,590151,0,0,0,0,258240,268435456,,8,14466,0,,67108864,256,4,4,,,0.502349,,,0.013905,0.075484,,,6.7887509999999995,0.435661,0.030017000000000002,5.778814000000001,,,0.014868000000000001,0.0,,7.564633000000001,0.039355,,,,,,,,,,,,,,,,,,,,,,,,,,,,,,,,,,,,,,,,,,,,,,,,,,,,,,,,native_grid_planar_fractional,True,1,7.924019000029148,private-reference/b3d26d6e22953481/00505.json.gz,0,True,0,0,0,0,0,142,0.06392199998117576,1f5800e6da13026f5dcd51f66d3119f4d36ecd81f15e95f6dc5bc29682e31b2a,5078720,skarve_normalized_f64_v1,15.555606000020816,603441920082,,True,75.36290900009135,private-reference/cdb4fcb5472c6224/00505.json.gz,d3f23fb12ac5e43b95e14e8b806e33cb809f6a333650248ad0e841485e0505f9,1
506,analytical40-1025x1031-D-1-http0-native-rsi64,analytical40-1025x1031,D,http0,1,native-rsi64,cogband128,2907.895053000061,3036.337404000051,2.285170198,2.354261000000008,154910720,2147483648,native,40,analytical40-1025x1031|D|http0,1.8450719999236753,606542624579,20.855787000073178,2930.8260000000246,null,True,27254333,analytical40-1025x1031|D|1,0,,,833696,320,234,0.003095,65536,4.2726500000000005,0,165957120,67108864,139,0,0,4.090417999999999,66996945,147517440,0.10847200000000003,3229744,8,8,0f1296dc7b672672d28d5c50d915c60474f6d116503a106dcf79aea6e94fea27,261,0.002994,,,,,,,2467.188166000002,0.0366,,,,,,,0,0,0,19603592,2055,4,2059,2877.128729,29.348542999999985,0,0.038171,16,0.001053,205468932,,9360,19605520,2372.248935999999,13.6541,2,155.65011499999997,0.678609,367240,0,0,0,0,0,0,0,,,,,,,,,,,,,,,,,,,,,,,,,,,,,,,,,,,,,,,,,,,,,,,,,,,,,,,,,,,,,,,,,,,,,,,,,,,,,,,,,,,,,,,,,,,,,0.01099,2,0,0,,,,,,,,,,,,,,,,,,,,,,,,,,,,,748,398,,,,,,,,,,,,,,,,,,,2640,,,,,,,,,,,,,,,,,,,5.878233,0,0.0,0,234,,,,,,,,,,,,,,,,,,,,,,,,,,,,,index64,19603592,2059,native_grid_planar_fractional,True,2,2880.481388000021,private-reference/08a8157c8fbc7347/00506.json.gz,20081104,True,2469,10,20081104,2479,2479,32804,0.638766000065516,365f94acb67595ceff5b6f6e9b8b49e3e1f3374adb31b96e3eab040965552af1,26442685,skarve_normalized_f64_v1,26.76972000006117,603634729577,,True,2966.8184629999814,private-reference/fc181c40a71fa542/00506.json.gz,8869e893f643a9c0d10499a368e01aff9a3505b0a12f866c917de4c2f0c94459,8
507,real-age36-C-0-local-native-cog,real-age36,C,local,0,native-cog,cogband128,254.40710100008346,373.8861550000365,0.316396246,0.3727049999999963,151027712,2147483648,native,36,real-age36|C|local,6.961043999922367,607008458418,22.789666999983638,284.368377000078,null,True,27889906,real-age36|C|0,0.0010219999921901035,,,,,,,,,,,,,,,,,,,,,,,,,,,,,,,,,,,,,,,,,,,,,,,,,,,,,,,,,,,,,,,,,,,,,16777216,,0,0.052836,1,8,0,,0,shared_only_for_identical_data_and_mask_block_footprints_then_flushed_on_transition_or_window_exit,trusted_manifest,,local_original,,,,,,,,,,,,,,,,,,,,,,,,,,,,,,,,,,,,,,,,,,,,,,False,,,,,,,,,,,,,,,,,,,,,,,,,,,,,,,,,,,,,,0,84934656,67108864,6,21237758,2,0,0,8,63713274,75497472,,11798159,0,0,0,0,255696,268435456,,288,377416,0,,67108864,256,8,4,,,13.709647999999998,,,2.423547,0.071371,,,231.72977399999996,18.192234,0.030566,194.56058600000003,,,0.016229999999999998,0.0,,245.878183,0.03297,,,,,,,,,,,,,,,,,,,,,,,,,,,,,,,,,,,,,,,,,,,,,,,,,,,,,,,,native_grid_planar_fractional,True,1,246.3560140000709,private-reference/47e3345b86f1581c/00507.json.gz,0,True,0,0,0,0,0,4175,0.10372899998856155,780a6c2345077f08330b1cda863d7d67a9083da4d58afbad480fce62deb92723,27889906,skarve_normalized_f64_v1,7.942569000078947,606754051206,,True,316.8736769999896,private-reference/b8cb8b436a127f0c/00507.json.gz,c27d0001cf3462c1381bf6716eb38c6d023a5426370c364e70014fe31eb593a0,1
508,analytical40-1025x1031-B-1-local-native-skv-summary,analytical40-1025x1031,B,local,1,native-skv-summary,skv,24.692636000054335,131.27205900002537,0.074410291,0.1305009999999811,62156800,2147483648,native,1,analytical40-1025x1031|B|local,0.18418599995584373,607195141934,18.59407699998883,43.742444000031355,null,True,24731327,analytical40-1025x1031|B|1,0.0011619999895629007,,,45576,8,51,0.001853,32768,3.082952,0,7102080,67108864,0,0,0,0.060991,7137525,6312960,0.002456000000000002,1799632,0,8,10b73ba3c4f77670ec8a26cf62bfd6c31fe3b17dcf8b0b163b7a9af5a8d178cd,67,0.001112,,,,,,,11.239862000000002,0.040664000000000006,,,,,,,0,0,0,0,0,0,0,23.273749,1.1342429999999997,0,0.005232,8,0.000401,330399192,,51,1071770,9.343799999999996,0.403036,1,7.995508000000002,0.086707,9339,0,0,0,0,0,0,0,,,,,,,,,,,,,,,,,,,,,,,,,,,,,,,,,,,,,,,,,,,,,,,,,,,,,,,,,,,,,,,,,,,,,,,,,,,,,,,,,,,,,,,,,,,,,0.00522,1,0,37,,,,,,,,,,,,,,,,,,,,,,,,,,,,,58,37,,,,,,,,,,,,,,,,,,,0,,,,,,,,,,,,,,,,,,,0.05712400000000001,0,0.0,0,51,,,,,,,,,,,,,,,,,,,,,,,,,,,,,summary,0,0,native_grid_planar_fractional,True,1,24.12336800000503,private-reference/37e2de2672e6dd95/00508.json.gz,0,True,0,0,0,0,0,1041,0.060119000067970774,4f9ba65d57db05a80f1576d13c050ab16b2115cabb8d62b799eea489189b8501,24731327,skarve_normalized_f64_v1,0.5044800000177929,607170449388,,True,74.77805800010628,private-reference/3be803b837bcbb24/00508.json.gz,64a1534f13211fc326b3339b3b227589aa36a2e5f5817d61b244eddb01b4e483,8
509,worldpop1-B-0-http0-native-tiff,worldpop1,B,http0,0,native-tiff,ordinary,1255.8908080000037,1365.2759000000287,1.29883087,1.356740000000002,92934144,2147483648,native,1,worldpop1|B|http0,1.2299339999799486,608602155390,19.915004999916164,1277.2627209999428,null,True,18084641,worldpop1|B|0,0.0018929999896499794,,,45576,8,81,0.002475,32768,3.226483,0,11943936,67108864,0,0,0,0.7626239999999999,12000231,10616832,0.05214800000000001,2002288,0,8,e7d0e5383425d7088b1559a961fb2c4f4a6dfcfdb2d8164f0bcb85491c397714,81,0.001372,,,,,,,1222.70425,0.07088900000000001,,128,19648,False,128,128,0,0,0,6033857,11,2,13,1239.9805589999999,2.922909,0,0.004879999999999999,8,0.000441,337656860,,162,2001118,1168.8156289999997,1.9001189999999997,1,11.540747,0.101203,19549,0,0,0,0,0,0,0,,,,,,,,,,,,,,,,,,,,,,,,,,,,,,,,,,,,,,,,,,,,,,,,,,,,,,,,,,,,,,,,,,,,,,,,,,,,,,,,,,,,,,,,,,,,,0.005090000000000001,1,0,0,,,,,,,,,,,,,,,,,,,,,,,,,,,,,0,0,,,,,,,,,,,,,,,,,,,72,,,,,,,,,,,,,,,,,,,1.860811,0,0.008756,0,81,,,,,,,,,,,,,,,,,,,,,,,,,,,,,,6033857,13,native_grid_planar_fractional,True,1,1240.8982729999707,private-reference/8dc3a3209a7abe67/00509.json.gz,6035366,True,19,4,6035366,23,23,1258,0.06846500002666289,4a6cd2a5f470531511575f9777b40a41556bbc3b42879e046e29fc5ae511a873,18084641,skarve_normalized_f64_v1,14.915705000021262,607346263941,,True,1307.0470110000088,private-reference/2c66c0e4ec63e176/00509.json.gz,4d2abf5ed341b2ac9e7198e78c525419086a7802f0d7c9d1f4c72a2ff10e9620,8
510,real-age36-D-2-http0-native-skv-summary,real-age36,D,http0,2,native-skv-summary,skv,313.17073299999265,427.86061100002826,0.36047384600000004,0.42013000000002876,134868992,2147483648,native,36,real-age36|D|http0,5.366755999943962,609074150422,18.777554000052987,337.5278820000176,null,True,28933939,real-age36|D|2,0.0011319999657644075,,,1497376,288,16,0.001854,32768,1.26733,0,84934656,67108864,4,0,0,0.32685600000000004,63740916,75497472,0.008064,664432,0,8,141b322b011ae0b08bb16788da619152254bb789b26cad4c288d379965e27b86,16,0.001392,,,,,,,201.68597599999998,0.056764,,,,,,,0,0,0,28917555,18,2,20,307.518334,18.197076,0,0.025605999999999993,8,0.00042100000000000004,330716260,,16,14655528,177.23293299999997,5.828268,1,101.670729,0.679017,139140,0,0,0,0,0,0,0,,,,,,,,,,,,,,,,,,,,,,,,,,,,,,,,,,,,,,,,,,,,,,,,,,,,,,,,,,,,,,,,,,,,,,,,,,,,,,,,,,,,,,,,,,,,,0.012962999999999999,1,0,8,,,,,,,,,,,,,,,,,,,,,,,,,,,,,4,8,,,,,,,,,,,,,,,,,,,0,,,,,,,,,,,,,,,,,,,1.732757,0,0.0,0,16,,,,,,,,,,,,,,,,,,,,,,,,,,,,,summary,28917555,20,native_grid_planar_fractional,True,1,310.46563300003527,private-reference/83141683385b66f7/00510.json.gz,28933939,True,19,2,28933939,21,21,32702,0.6762020000223856,5e6f375cc92abcd9cc8d8fd07e5887c228b07307989a3ae1a94fa98ceb17f110,28933939,skarve_normalized_f64_v1,2.0217960000081803,608760979117,,True,367.81958000005943,private-reference/8234422a87e6f634/00510.json.gz,73c5be121b28e63ec03a785f218ec953ffbbd6854b1cd730fce6de237ff2304e,8
511,real-age36-A-2-local-native-tiff,real-age36,A,local,2,native-tiff,band256,16.838754999980665,124.902665000036,0.068760758,0.12391900000000078,72581120,2147483648,native,1,real-age36|A|local,0.6647029999840015,609266311354,19.7119859999475,37.49505199994019,null,True,27830980,real-age36|A|2,0.0014430000874199322,,,,,,,,,,,,,,,,,,,,,,,,,,,,,,,,,,,,,,,,,,,,,,,,,,,,,,,,,,,,,,,,,,,,,16777216,,0,0.061033000000000004,1,4,0,,0,shared_only_for_identical_data_and_mask_block_footprints_then_flushed_on_transition_or_window_exit,trusted_manifest,,local_original,,,,,,,,,,,,,,,,,,,,,,,,,,,,,,,,,,,,,,,,,,,,,,False,,,,,,,,,,,,,,,,,,,,,,,,,,,,,,,,,,,,,,0,2359296,67108864,4,0,0,0,0,4,2362076,2097152,,590135,0,0,0,0,258864,268435456,,8,14466,0,,67108864,256,4,4,,,0.5587759999999999,,,0.012093999999999999,0.073897,,,6.972564,0.451108,0.029274,5.823352,,,0.01648,0.0,,7.794619,0.035916,,,,,,,,,,,,,,,,,,,,,,,,,,,,,,,,,,,,,,,,,,,,,,,,,,,,,,,,native_grid_planar_fractional,True,1,8.210110000050008,private-reference/9d88e2a8ea82ed28/00511.json.gz,0,True,0,0,0,0,0,146,0.06429899997328903,23ad059059d201f1ebaf83a27fbf945ec9e110f22eaa6ab13fd400ec1b6b2357,27830980,skarve_normalized_f64_v1,8.556881999993493,609249472770,,True,69.15204300003097,private-reference/ba8d7019f5267ec3/00511.json.gz,fb3d3f62b4f8783c906ceed514dd0eef4fbaf5e26d8667f667fe6fc0896ccae4,1
512,worldpop1-A-2-http0-natural-ee,worldpop1,A,http0,2,natural-ee,cogband128,53.27178700008517,230.78581499999018,0.155076002,0.22305399999999054,94384128,2147483648,upstream,1,worldpop1|A|http0,0.10612700009460241,609527473610,,55.149460000052386,null,True,18648801,worldpop1|A|2,,,,,,,,,,,,,,,,,,,,,,,,,,,,,,,,,,,,,,,,,,,,,,,,,,,,,,,,,,,,,,,,,,,,,,,,,,,,,,,,,,,,,,,,,,,,,,,,,,,,,,,,,,,,,,,,,,,,,,,,,,,,,,,,,,,,,,,,,,,,,,,,,,,,,,,,,,,,,,,,,,,,,,,,,,,,,,,,,,,,,,,,,,,,,,,,,,,,,,,,,,,,,,,,,,,,,,,,,,,,,,,,,,,,,,,,,,,,,,,,,,,,,,,,,,,,,,,,,,,,,,,,,,feature-sequential,,,exactextract_fractional_v030,True,,43.79615800007741,private-reference/42462a9120b5e569/00512.json.gz,1687552,True,10,1,1687552,11,11,161,0.05497199992987589,382b88ae3b6d9d964ba9309e4bb8a7302c07c9b059acd0374ce07d7295c2a074,18648801,,9.417901999995593,609474202224,,True,160.67403000010927,private-reference/2b182a809086d115/00512.json.gz,74e3f72edb8814b932f2ea0053f55c24e4184c85c8222cafd0d6e319b2502e48,1
513,analytical40-1025x1031-A-2-local-native-tiff,analytical40-1025x1031,A,local,2,native-tiff,band256,43.36968899997373,154.87840700006927,0.09700188400000001,0.15420499999999038,82157568,2147483648,native,1,analytical40-1025x1031|A|local,1.2463719999686873,609752963648,18.92100699990351,63.81745799990313,null,True,21771767,analytical40-1025x1031|A|2,0.0015729999631730607,,,,,,,,,,,,,,,,,,,,,,,,,,,,,,,,,,,,,,,,,,,,,,,,,,,,,,,,,,,,,,,,,,,,,16777216,,0,0.060893,1,16,0,,0,shared_only_for_identical_data_and_mask_block_footprints_then_flushed_on_transition_or_window_exit,trusted_manifest,,local_original,,,,,,,,,,,,,,,,,,,,,,,,,,,,,,,,,,,,,,,,,,,,,,False,,,,,,,,,,,,,,,,,,,,,,,,,,,,,,,,,,,,,,0,9437184,67108864,16,0,0,0,0,16,9448560,8388608,,590151,0,0,0,0,630624,268435456,,32,14466,0,,67108864,256,16,16,,,2.0662610000000003,,,0.04391899999999999,0.14305500000000002,,,24.720993999999994,1.571383,0.14298499999999997,20.93387,,,0.013815000000000001,0.0,,27.273830999999998,0.031228,,,,,,,,,,,,,,,,,,,,,,,,,,,,,,,,,,,,,,,,,,,,,,,,,,,,,,,,native_grid_planar_fractional,True,1,27.520698999978777,private-reference/e505fe4aad84ec5a/00513.json.gz,0,True,0,0,0,0,0,140,0.04853000007187802,0804bf71bee4a10cb67390656e5058e365f08886d4b412c8d3417e8204a98c13,21771767,skarve_normalized_f64_v1,15.794788999983211,609709594400,,True,97.06659400001172,private-reference/77eb2c88a3da14f3/00513.json.gz,26c550958070f07994e13e73ccc13c47116ea1ae158469ccae69445aae78506c,1
514,analytical36-C-0-http0-native-skv-summary,analytical36,C,http0,0,native-skv-summary,skv,152.04062800000884,269.9385199999824,0.20362025699999997,0.2635999999999967,124612608,2147483648,native,36,analytical36|C|http0,3.5324839999475444,610066305895,20.767114000022957,176.54345200003263,null,True,5770145,analytical36|C|0,0.0009520000503471238,,,,,,,,,,,,,,,,,,,,,,,,,,,,,,,,,,,,,,,,,,,,,,,,,,,,,,,,,,,,,,,,,,,,,,True,,,,,,skv,,,,False,,16384,3,5,682828,2035783,7.5914090000000005,2.2110459999999996,3,3,8388608,432,12,0,16.163957999999987,432,131840,14,0.0,0.0,248832,11584,6261414,18,7077888,0.067766,63700992,63740052,0,0,12,7077888,0.034857,14.119673,0,790,131840,12.461481999999995,65536,35389440,4077407,23.125646999999997,144,0,source_handle_lifetime,False,,,4225631,4194304,6,1,2035783,6,11,4144607,4144607,0,12,2,4225631,14,9742336,False,strong_etag_conditional_ranges,http,4225631,4194304,6,1,2035783,6,11,4144607,4144607,0,12,2,4225631,14,,,,,,,67108864,,,,,,,63747828,56623104,,,,,,,,,,,,,,,128,12,,,,,0.066464,9.808575,,,,,,14.119673,,76.786923,,,,0.0,,149.544814,,,,,,,,,,,,,,,,,,,,,,,,,,,2,5,701440,2,True,12,147071268,25,,,4,False,,,,,,164378,12,,,,,4,,8,4,summary,4225631,14,native_grid_planar_fractional,True,1,150.1465090000238,private-reference/1e5c4c31ee80950c/00514.json.gz,4225631,True,12,2,4225631,14,14,4000,0.1362620000691095,d899d2044a51304c17e4b8f724741943ca7c4792a86bf0124c26ca94bd8d8315,5770145,skarve_normalized_f64_v1,1.7352439999740454,609914265538,,True,209.50471800006198,private-reference/408ddc178937139b/00514.json.gz,a91ad014c8c307c610568bd6cb32ae25ef9d41d6d6f269b74c561e42d5f51656,1
515,analytical36-D-0-http0-native-rsi64,analytical36,D,http0,0,native-rsi64,cogband128,1044.6648439999535,1161.8010400000003,0.898578965,0.9635960000000239,147845120,2147483648,native,36,analytical36|D|http0,2.578008000000409,611271468700,18.20545399993989,1065.6654389999858,null,True,6454230,analytical36|D|0,0,,,667776,288,104,0.002875,65536,1.2511400000000001,0,65463552,67108864,0,0,0,0.8633689999999997,65706392,58189824,0.061015,1009552,8,8,a25e6da6338304144e655a9af291f372183e55407ac12be1714188e941a0a89c,67,0.004028,,,,,,,885.2183480000003,0.033632,,,,,,,0,0,0,5992290,653,4,657,1012.82827,11.133600000000001,0,0.028693999999999994,16,0.0010119999999999999,203248952,,3744,8515836,835.902908,5.785014000000003,2,64.34605300000003,0.46409900000000004,159804,0,0,0,0,0,0,0,,,,,,,,,,,,,,,,,,,,,,,,,,,,,,,,,,,,,,,,,,,,,,,,,,,,,,,,,,,,,,,,,,,,,,,,,,,,,,,,,,,,,,,,,,,,,0.010669,2,0,0,,,,,,,,,,,,,,,,,,,,,,,,,,,,,116,74,,,,,,,,,,,,,,,,,,,1226,,,,,,,,,,,,,,,,,,,5.729221,0,0.0,0,104,,,,,,,,,,,,,,,,,,,,,,,,,,,,,index64,5992290,657,native_grid_planar_fractional,True,2,1015.569189999951,private-reference/2d967ef1860488e7/00515.json.gz,6193026,True,743,10,6193026,753,753,28762,0.6584300000440635,a9e2337fccaa006ca4a489ba411cad2a8b91d47a0e971c214c4c67110e4e4f97,6142678,skarve_normalized_f64_v1,28.43135299997357,610226803475,,True,1096.4026689999855,private-reference/6e58e404e30b6e21/00515.json.gz,0182943ea2e75d99d7925ef1def3447f9aee1ea2f3100ad8522c0d2f98d0620c,8
516,analytical36-D-1-local-native-skv-raw,analytical36,D,local,1,native-skv-raw,skv,242.68753000001198,357.80595100004575,0.29635568700000003,0.35704599999999687,124243968,2147483648,native,36,analytical36|D|local,1.515868999945269,611699555637,20.484923000026356,264.88516699998854,null,True,5770145,analytical36|D|1,0.0003410000317671802,,,1497376,288,18,0.001553,32768,1.1660000000000001,0,85515264,67108864,4,0,0,0.40213399999999994,64336242,76013568,0.01175,660976,0,8,55fae16001e91e77d565559d82f70bd8f181df86ff6de7de5fa0cf640b046bde,18,0.001142,,,,,,,112.62284600000001,0.042518999999999994,,128,7552,False,128,128,0,0,0,0,0,0,0,239.893792,17.776711,0,0.024915999999999994,8,0.00037099999999999996,330720420,,18,17181864,88.205877,5.548405,1,125.37043400000003,0.256456,157392,0,0,0,0,0,0,0,,,,,,,,,,,,,,,,,,,,,,,,,,,,,,,,,,,,,,,,,,,,,,,,,,,,,,,,,,,,,,,,,,,,,,,,,,,,,,,,,,,,,,,,,,,,,0.0055910000000000005,1,0,0,,,,,,,,,,,,,,,,,,,,,,,,,,,,,0,0,,,,,,,,,,,,,,,,,,,0,,,,,,,,,,,,,,,,,,,0.046356,0,0.006972000000000001,0,18,,,,,,,,,,,,,,,,,,,,,,,,,,,,,raw,0,0,native_grid_planar_fractional,True,1,241.77810499998031,private-reference/0470dfea8e0c0979/00516.json.gz,0,True,0,0,0,0,0,28867,0.4881950000026336,59b57f77bcbfc3eeb1e510375e2bb4e8862f43dfc1abc1a2806921a6fa4d3ee3,5770145,skarve_normalized_f64_v1,0.4181450000260156,611456868117,,True,296.6742600000316,private-reference/af4e8c40643fec26/00516.json.gz,4c45dcf8e50646cadfbf330db9c45880d606ddb21be0ec83eab12e69f870bab6,8
517,analytical36-C-0-http0-native-rsi256,analytical36,C,http0,0,native-rsi256,cogband128,677.6447120000739,797.1515550000277,0.577496122,0.6370420000000081,160305152,2147483648,native,36,analytical36|C|http0,7.235082000079274,612545617109,19.903758999930687,705.0265529999251,null,True,6294806,analytical36|C|0,0,,,87056,36,8,0.003597,65536,0.288314,0,84934656,67108864,2,0,0,3.192653,61355354,75497472,0.006320999999999999,148192,1,1,8582e146923a9875622f48f845bbba86215be4c2c5df5c978d6b211fadb29db1,4,0.0032960000000000003,,,,,,,581.548516,0.024956,,,,,,,0,0,0,5945372,581,4,585,648.1241600000001,14.810026,0,0.007654,2,0.000861,201652196,,288,8276904,551.4567910000001,6.958509,2,59.20500500000001,0.14327499999999999,34560,0,0,0,0,0,0,0,,,,,,,,,,,,,,,,,,,,,,,,,,,,,,,,,,,,,,,,,,,,,,,,,,,,,,,,,,,,,,,,,,,,,,,,,,,,,,,,,,,,,,,,,,,,,0.010249000000000001,2,0,0,,,,,,,,,,,,,,,,,,,,,,,,,,,,,0,0,,,,,,,,,,,,,,,,,,,2,,,,,,,,,,,,,,,,,,,6.247204999999999,0,0.0,0,8,,,,,,,,,,,,,,,,,,,,,,,,,,,,,index256,5945372,585,native_grid_planar_fractional,True,2,649.0798280000263,private-reference/14572be48c298bf1/00517.json.gz,6090460,True,597,10,6090460,607,607,4000,0.09089800005313009,d899d2044a51304c17e4b8f724741943ca7c4792a86bf0124c26ca94bd8d8315,6142678,skarve_normalized_f64_v1,28.469707999988714,611867973098,,True,737.1772899999769,private-reference/35b04fb8f67150c9/00517.json.gz,0a4ffc5d36ad9d777dde67fb48b667016bbc9a691e0d95dacc32fa0d9f81ec2d,1
518,analytical36-C-2-local-native-skv-summary,analytical36,C,local,2,native-skv-summary,skv,144.07895900001222,260.5863789999603,0.198807803,0.2597199999999589,118243328,2147483648,native,36,analytical36|C|local,0.899245000027804,612876408345,21.037381000041933,166.35465299998486,null,True,5770145,analytical36|C|2,0.0011520000953169074,,,,,,,,,,,,,,,,,,,,,,,,,,,,,,,,,,,,,,,,,,,,,,,,,,,,,,,,,,,,,,,,,,,,,,False,,,,,,skv,,,,False,,16384,0,0,0,0,0.0,0.0,0,0,0,432,12,0,16.356484999999996,432,90640,0,0.0,0.0,248832,11584,4184431,24,7077888,0.103822,63700992,63740052,0,0,12,7077888,0.023674,14.513734999999997,0,565,90640,13.887156000000015,65536,35389440,4077407,3.5570850000000003,144,0,source_handle_lifetime,False,,,,,,,,,,,,,,,,,9742336,False,pinned_file_stat,local,,,,,,,,,,,,,,,,,,,,,67108864,,,,,,,63747828,56623104,,,,,,,,,,,,,,,128,12,,,,,0.0,0.0,,,,,,14.513734999999997,,73.93265099999999,,,,0.0,,142.834915,,,,,,,,,,,,,,,,,,,,,,,,,,,2,0,0,0,False,12,147071268,25,,,4,False,,,,,,170168,12,,,,,4,,8,4,summary,,,native_grid_planar_fractional,True,1,143.4170740000127,private-reference/651fd80ec3363b60/00518.json.gz,0,True,0,0,0,0,0,4006,0.1075690000789109,8fbff0b61c68af05158cd4dfde5b7131f1151eedff44ed4c69d74f02fa43b918,5770145,skarve_normalized_f64_v1,0.5491969999411594,612732329897,,True,199.17838600008508,private-reference/88d008f7a195df32/00518.json.gz,c74fc2e13f0db5acde75d55f683cc287f9597c8c3b361eedc5305e886e8987ed,1
519,real-age36-B-1-http0-natural-ee,real-age36,B,http0,1,natural-ee,cogband128,35.250796999889644,224.09948500001065,0.149482917,0.2191670000000272,92127232,2147483648,upstream,1,real-age36|B|http0,0.16358300001684256,613138783190,,37.08327000003919,null,True,27889906,real-age36|B|1,,,,,,,,,,,,,,,,,,,,,,,,,,,,,,,,,,,,,,,,,,,,,,,,,,,,,,,,,,,,,,,,,,,,,,,,,,,,,,,,,,,,,,,,,,,,,,,,,,,,,,,,,,,,,,,,,,,,,,,,,,,,,,,,,,,,,,,,,,,,,,,,,,,,,,,,,,,,,,,,,,,,,,,,,,,,,,,,,,,,,,,,,,,,,,,,,,,,,,,,,,,,,,,,,,,,,,,,,,,,,,,,,,,,,,,,,,,,,,,,,,,,,,,,,,,,,,,,,,,,,,,,,,raster-sequential,,,exactextract_fractional_v030,True,,25.804279999988466,private-reference/d31d7929ffda5078/00519.json.gz,819200,True,2,1,819200,3,3,1112,0.10015600003043801,01be7b881207f7eb6fad2726683c25dcaf2114afb942faa2512fc96837410bc7,27889906,,9.343065999928513,613103532142,,True,150.96637099998134,private-reference/63ae26a11e7fb098/00519.json.gz,d99c6e8905ae24554075dd3dc9a9ec5b1f1e36bca6acf4b9b29e93ee962df262,8
520,real-age36-D-2-http0-native-rsi64,real-age36,D,http0,2,native-rsi64,cogband128,1111.9910969999864,1227.3197800000162,0.962111412,1.0251340000000084,148647936,2147483648,native,36,real-age36|D|http0,1.5700039999728688,614425613530,19.836499999996704,1133.687137000038,null,True,28148818,real-age36|D|2,0,,,667776,288,100,0.002665,65536,1.397166,0,66355200,67108864,0,0,0,0.9005819999999999,66559900,58982400,0.058043999999999984,1018000,8,8,7977e1f5c12c982857d6e6ed9d512ad4c2239e6924905bd559ba01551531b318,64,0.0038260000000000004,,,,,,,960.8834630000002,0.033822000000000005,,,,,,,0,0,0,29927232,619,4,623,1086.062691,12.611198000000003,0,0.037993999999999986,16,0.0009819999999999998,203257228,,3600,8609832,913.6110529999997,6.3758799999999995,2,59.575409,0.736943,161244,0,0,0,0,0,0,0,,,,,,,,,,,,,,,,,,,,,,,,,,,,,,,,,,,,,,,,,,,,,,,,,,,,,,,,,,,,,,,,,,,,,,,,,,,,,,,,,,,,,,,,,,,,,0.014707,2,0,0,,,,,,,,,,,,,,,,,,,,,,,,,,,,,114,72,,,,,,,,,,,,,,,,,,,1186,,,,,,,,,,,,,,,,,,,6.337144,0,0.0,0,100,,,,,,,,,,,,,,,,,,,,,,,,,,,,,index64,29927232,623,native_grid_planar_fractional,True,2,1088.632461999964,private-reference/1f3437bd8405485a/00520.json.gz,30120206,True,709,10,30120206,719,719,32702,0.5419930000698514,5e6f375cc92abcd9cc8d8fd07e5887c228b07307989a3ae1a94fa98ceb17f110,27889906,skarve_normalized_f64_v1,22.81200400000216,613313623074,,True,1163.971791999984,private-reference/cd4cd77ec281a204/00520.json.gz,c017a71013a0e778720aec381dc1992be37948cef728a84cbd98f47a115fd33f,8
521,analytical36-D-2-local-native-skv-raw,analytical36,D,local,2,native-skv-raw,skv,248.62606099998175,364.9491709999211,0.30046792,0.3644109999999898,124260352,2147483648,native,36,analytical36|D|local,0.3527329999997164,614857744470,19.82879000001958,269.0064109999639,null,True,5770145,analytical36|D|2,0.0006210000265127746,,,1497376,288,18,0.002535,32768,1.1995200000000001,0,85515264,67108864,4,0,0,0.29906400000000005,64336242,76013568,0.007902999999999999,666976,0,8,ffe7a97fa2f07ec5058551e0ed95c80f9c8135d7786b6a5147d2967b095224d8,18,0.000841,,,,,,,116.38826100000001,0.039333,,128,7552,False,128,128,0,0,0,0,0,0,0,244.36736100000002,17.723527,0,0.026279999999999994,8,0.00044,330726500,,18,17286804,92.54117,5.090589,1,125.59600999999999,0.7046330000000001,158328,0,0,0,0,0,0,0,,,,,,,,,,,,,,,,,,,,,,,,,,,,,,,,,,,,,,,,,,,,,,,,,,,,,,,,,,,,,,,,,,,,,,,,,,,,,,,,,,,,,,,,,,,,,0.004919,1,0,0,,,,,,,,,,,,,,,,,,,,,,,,,,,,,0,0,,,,,,,,,,,,,,,,,,,0,,,,,,,,,,,,,,,,,,,0.045834,0,0.007574,0,18,,,,,,,,,,,,,,,,,,,,,,,,,,,,,raw,0,0,native_grid_planar_fractional,True,1,247.68634199995176,private-reference/c993bd28cb45ab44/00521.json.gz,0,True,0,0,0,0,0,29879,0.5075490000763239,4c8f72b841b57deaf9bf2c4afcce533e3b74f4c7b7277eaf902887de2273b3e8,5770145,skarve_normalized_f64_v1,0.42825299999549316,614609118098,,True,300.52944299995943,private-reference/2f056bb353f07eb9/00521.json.gz,ef04ebf6bf9611b0075cb3a568cf8c2cdfea8dfc9494a72468ad98dfb5e5399d,8
522,analytical40-1025x1031-D-1-http0-native-skv-summary,analytical40-1025x1031,D,http0,1,native-skv-summary,skv,691.4981290000242,806.0915500000192,0.713678595,0.774374000000023,133722112,2147483648,native,40,analytical40-1025x1031|D|http0,0.576865000084581,615713996821,20.322196000051918,712.6815960000386,null,True,24731327,analytical40-1025x1031|D|1,0.0012319999314058805,,,1663296,320,51,0.001563,32768,3.3581030000000003,0,284083200,67108864,37,0,0,1.7640159999999998,65907890,252518400,0.028221000000000013,1799632,0,8,10b73ba3c4f77670ec8a26cf62bfd6c31fe3b17dcf8b0b163b7a9af5a8d178cd,67,0.001433,,,,,,,360.73575099999994,0.059871,,,,,,,0,0,0,18383783,58,2,60,684.95383,53.555060000000005,0,0.032279999999999996,8,0.00037099999999999996,332017340,,51,42870800,286.312865,18.752661,1,313.82389299999994,0.354836,373560,0,0,0,0,0,0,0,,,,,,,,,,,,,,,,,,,,,,,,,,,,,,,,,,,,,,,,,,,,,,,,,,,,,,,,,,,,,,,,,,,,,,,,,,,,,,,,,,,,,,,,,,,,,0.015288,1,0,74,,,,,,,,,,,,,,,,,,,,,,,,,,,,,58,74,,,,,,,,,,,,,,,,,,,0,,,,,,,,,,,,,,,,,,,1.137122,0,0.0,0,51,,,,,,,,,,,,,,,,,,,,,,,,,,,,,summary,18383783,60,native_grid_planar_fractional,True,1,688.1095109999933,private-reference/1a2960cf5f336536/00522.json.gz,18400167,True,59,2,18400167,61,61,32804,0.6342670000094586,365f94acb67595ceff5b6f6e9b8b49e3e1f3374adb31b96e3eab040965552af1,24731327,skarve_normalized_f64_v1,2.7481000000761924,615022498843,,True,744.8808330000247,private-reference/a241bab6c1750357/00522.json.gz,3b71f5d74ae94c38efbbbb10b960b3a3db517bb3192719b7dcc51a273a9b9f94,8
523,analytical40-1025x1031-B-2-local-native-skv-raw,analytical40-1025x1031,B,local,2,native-skv-raw,skv,35.05617899998015,142.83306799995898,0.08714011699999999,0.14193599999998696,64774144,2147483648,native,1,analytical40-1025x1031|B|local,0.3078610000102344,615923791470,20.16896899999665,56.325904999994236,null,True,24731327,analytical40-1025x1031|B|2,0.0005910000027142814,,,45576,8,67,0.002084,32768,3.0425269999999998,0,9461376,67108864,0,0,0,0.10675299999999997,9507941,8410112,0.003841000000000004,1806688,0,8,d2590882b47ebea8c43f2a2bd72f6cfeea252037828b6e02a92fb686ab2d50d4,67,0.000852,,,,,,,15.687167999999998,0.04385,,128,16960,False,128,128,0,0,0,0,0,0,0,33.636971,1.480882,0,0.005941999999999999,8,0.00043,330423292,,67,2020509,13.102302,0.5886159999999998,1,14.559500000000003,0.060509999999999994,16763,0,0,0,0,0,0,0,,,,,,,,,,,,,,,,,,,,,,,,,,,,,,,,,,,,,,,,,,,,,,,,,,,,,,,,,,,,,,,,,,,,,,,,,,,,,,,,,,,,,,,,,,,,,0.005580999999999999,1,0,0,,,,,,,,,,,,,,,,,,,,,,,,,,,,,0,0,,,,,,,,,,,,,,,,,,,0,,,,,,,,,,,,,,,,,,,0.047747,0,0.006983,0,67,,,,,,,,,,,,,,,,,,,,,,,,,,,,,raw,0,0,native_grid_planar_fractional,True,1,34.40947000001415,private-reference/c131e200ccd8006e/00523.json.gz,0,True,0,0,0,0,0,1030,0.0685650001059912,cb135e0acf4431712e46430ec4145f49eb75a5a19587633d55a73e6626e276f1,24731327,skarve_normalized_f64_v1,0.5727750000232845,615888735992,,True,87.63290000001689,private-reference/2bcaa6804a700af1/00523.json.gz,e49ac3deadc70bf2867711d4b0b1cfcc8ab28a77f426e821e020bebf7704ff05,8
524,analytical36-C-1-http0-native-skv-raw,analytical36,C,http0,1,native-skv-raw,skv,165.48917099999017,283.9984549999599,0.216437439,0.2777399999999943,145891328,2147483648,native,36,analytical36|C|http0,2.89495699996678,616245981103,21.04071799999474,189.61666499990315,null,True,5770145,analytical36|C|1,0.0007510000159527408,,,,,,,,,,,,,,,,,,,,,,,,,,,,,,,,,,,,,,,,,,,,,,,,,,,,,,,,,,,,,,,,,,,,,,False,,,,,,skv,,,,False,,16384,0,0,0,0,0.0,0.0,0,0,0,576,8,0,20.376935000000003,576,131840,14,0.0,0.0,248832,11584,5589531,11,9437184,0.101395,84934656,84947676,0,0,4,9437184,0.013724,61.975241000000004,0,574,131840,16.113877000000013,65536,47185920,5441307,23.147715,0,0,source_handle_lifetime,False,,,5589531,4194304,0,3,0,0,10,4154406,4152456,0,11,2,5589531,13,9742336,False,strong_etag_conditional_ranges,http,5589531,4194304,0,3,0,0,10,4154406,4152456,0,11,2,5589531,13,,,,,0,84934656,67108864,3,21237567,1,0,0,4,63712701,75497472,,21237055,5573147,10,2,12,259632,268435456,,8,377416,0,,67108864,256,4,4,,,16.774823,,,2.409593,0.145165,,,144.213155,61.975241000000004,0.09636600000000001,74.26496,,,0.606511,0.0,,162.958217,0.015698,,,,,,,,,,,,,,,,,,,,,,,,,,,,,,,,,,,,,,,,,,,,,,,,,,,,,raw,5589531,13,native_grid_planar_fractional,True,1,163.46513899998172,private-reference/33d4b0372deb691d/00524.json.gz,5589531,True,11,2,5589531,13,13,4010,0.10233600005449262,b377ff7f69c2e6aff33c3a6c22dcb9c59ccc16b052e6610bb89b8b3f1b16adba,5770145,skarve_normalized_f64_v1,1.9176580000248578,616080492082,,True,222.1897590000026,private-reference/b68f2a56550448a4/00524.json.gz,20632c98d5462b0401b4c80f282baa0a1ec0649063b49accbb2731ffa9c11c18,1
525,analytical40-1025x1031-A-1-local-native-tiff,analytical40-1025x1031,A,local,1,native-tiff,band256,44.17556600003536,157.46920399999453,0.09885952899999999,0.15663000000000693,82137088,2147483648,native,1,analytical40-1025x1031|A|local,1.453220000030342,616455778554,20.85610199992516,66.76673999993454,null,True,21771767,analytical40-1025x1031|A|1,0.002053999992313038,,,,,,,,,,,,,,,,,,,,,,,,,,,,,,,,,,,,,,,,,,,,,,,,,,,,,,,,,,,,,,,,,,,,,16777216,,0,0.061713,1,16,0,,0,shared_only_for_identical_data_and_mask_block_footprints_then_flushed_on_transition_or_window_exit,trusted_manifest,,local_original,,,,,,,,,,,,,,,,,,,,,,,,,,,,,,,,,,,,,,,,,,,,,,False,,,,,,,,,,,,,,,,,,,,,,,,,,,,,,,,,,,,,,0,9437184,67108864,16,0,0,0,0,16,9448560,8388608,,590151,0,0,0,0,628560,268435456,,32,14466,0,,67108864,256,16,16,,,1.9674269999999998,,,0.042712999999999994,0.15118499999999999,,,25.507322000000002,1.5025110000000002,0.132512,21.689661,,,0.015248000000000001,0.0,,27.997842,0.039191,,,,,,,,,,,,,,,,,,,,,,,,,,,,,,,,,,,,,,,,,,,,,,,,,,,,,,,,native_grid_planar_fractional,True,1,28.358410000009826,private-reference/67e3f624415bd4f6/00525.json.gz,0,True,0,0,0,0,0,140,0.06265399997573695,acf0aa5bd7bc7b148855f79ff60ed369d76381ee8c619a1294380c8c784c473a,21771767,skarve_normalized_f64_v1,15.746527000032984,616411603309,,True,99.20753300002616,private-reference/82c797f9e83c61c1/00525.json.gz,e48a2e5994052e948afb7e55aec5ab6ce697fba20488d7477b897a26c0a5604f,1
526,analytical40-1025x1031-B-2-http0-native-tiff,analytical40-1025x1031,B,http0,2,native-tiff,band256,88.91749700001128,208.1284250000408,0.137281427,0.196425999999974,85184512,2147483648,native,1,analytical40-1025x1031|B|http0,1.8168620000551527,616711555123,22.556161000011343,113.51769500004139,null,True,21771767,analytical40-1025x1031|B|2,0.0009010000212583691,,,45576,8,18,0.002214,32768,3.9370320000000003,0,9469440,67108864,0,0,0,0.098963,9482238,8417280,0.007015,1261984,0,16,142aeb0bbdb4757d3a9836280c97c2fb8bba9d3b4b018a7bd875f9893f0d6c7f,18,0.001182,,,,,,,46.615739000000005,0.039241,,256,16960,True,128,256,0,0,0,542589,20,2,22,66.035586,1.661202,0,0.004408,8,0.000411,338720156,,36,2020509,42.419560999999995,0.622809,1,14.100853,0.068976,8935,0,0,0,0,0,0,0,,,,,,,,,,,,,,,,,,,,,,,,,,,,,,,,,,,,,,,,,,,,,,,,,,,,,,,,,,,,,,,,,,,,,,,,,,,,,,,,,,,,,,,,,,,,,0.004969,1,0,0,,,,,,,,,,,,,,,,,,,,,,,,,,,,,0,0,,,,,,,,,,,,,,,,,,,0,,,,,,,,,,,,,,,,,,,1.1152030000000002,0,0.012543,1,18,,,,,,,,,,,,,,,,,,,,,,,,,,,,,,542589,22,native_grid_planar_fractional,True,1,66.93230000007588,private-reference/a89f3e4fcc67c628/00526.json.gz,550399,True,29,4,550399,33,33,1030,0.057975999993686855,cb135e0acf4431712e46430ec4145f49eb75a5a19587633d55a73e6626e276f1,21771767,skarve_normalized_f64_v1,21.921140000017658,616622636584,,True,148.6036480000621,private-reference/8a64141294e88461/00526.json.gz,32a08f5bbd231872a97e3a68bb03c3bd81141764135f247515d069859c86585e,8
527,analytical36-D-2-local-native-rsi64,analytical36,D,local,2,native-rsi64,cogband128,557.9922590000024,685.6784569999945,0.6163060309999999,0.684865000000002,139776000,2147483648,native,36,analytical36|D|local,1.842157000055522,617437015567,22.605573999953776,582.7464999999847,null,True,6454230,analytical36|D|2,0,,,667776,288,104,0.0037170000000000003,65536,1.397828,0,65463552,67108864,0,0,0,0.6288070000000002,65706392,58189824,0.043417999999999964,1018528,8,8,1eb1e9ced1cffe58c84399e68de436938f671ea4d883f90e0a32f554e679767f,67,0.002615,,,,,,,466.89673399999987,0.04931,,,,,,,0,0,0,0,0,0,0,537.16381,10.301715999999999,0,0.028326999999999984,16,0.0007520000000000001,203258636,,3744,8734356,409.0700009999998,4.827024999999999,2,64.41717500000001,0.353901,161640,0,0,0,0,0,0,0,,,,,,,,,,,,,,,,,,,,,,,,,,,,,,,,,,,,,,,,,,,,,,,,,,,,,,,,,,,,,,,,,,,,,,,,,,,,,,,,,,,,,,,,,,,,,0.003598,2,0,0,,,,,,,,,,,,,,,,,,,,,,,,,,,,,116,74,,,,,,,,,,,,,,,,,,,0,,,,,,,,,,,,,,,,,,,0.35436500000000004,0,0.0,0,104,,,,,,,,,,,,,,,,,,,,,,,,,,,,,index64,0,0,native_grid_planar_fractional,True,2,540.0029690000565,private-reference/ed43d6849b8dfeef/00527.json.gz,0,True,0,0,0,0,0,29879,0.5541909999919881,4c8f72b841b57deaf9bf2c4afcce533e3b74f4c7b7277eaf902887de2273b3e8,6142678,skarve_normalized_f64_v1,17.429699999979675,616879023739,,True,616.6192099999535,private-reference/e41b22aa66fc1198/00527.json.gz,04e8a98c15759b604e28df1b5507cd4d56165ad76db830f0aa0f6b789032e3c6,8
528,analytical36-D-1-local-native-rsi64,analytical36,D,local,1,native-rsi64,cogband128,542.1557110000776,675.7069279999541,0.602141322,0.6750340000000108,139816960,2147483648,native,36,analytical36|D|local,0.848797999992712,618165229747,24.15534800002206,567.531434999978,null,True,6454230,analytical36|D|1,0,,,667776,288,104,0.002034,65536,1.2629489999999999,0,65463552,67108864,0,0,0,0.609409,65706392,58189824,0.03965699999999999,1012480,8,8,1921d53e4be64d8596c54ec719b10b0c6cc271305d99a4a5c2d73cfccd5e8285,67,0.002654,,,,,,,455.12276499999996,0.044255,,,,,,,0,0,0,0,0,0,0,522.565549,10.151080000000002,0,0.027141999999999993,16,0.0006219999999999999,203252508,,3744,8629416,397.38503399999996,4.596702,2,61.65419499999998,0.28345699999999996,160668,0,0,0,0,0,0,0,,,,,,,,,,,,,,,,,,,,,,,,,,,,,,,,,,,,,,,,,,,,,,,,,,,,,,,,,,,,,,,,,,,,,,,,,,,,,,,,,,,,,,,,,,,,,0.0037869999999999996,2,0,0,,,,,,,,,,,,,,,,,,,,,,,,,,,,,116,74,,,,,,,,,,,,,,,,,,,0,,,,,,,,,,,,,,,,,,,0.420892,0,0.0,0,104,,,,,,,,,,,,,,,,,,,,,,,,,,,,,index64,0,0,native_grid_planar_fractional,True,2,525.0380400000267,private-reference/d802c2cc7fa0a988/00528.json.gz,0,True,0,0,0,0,0,28867,0.4869900000130656,59b57f77bcbfc3eeb1e510375e2bb4e8862f43dfc1abc1a2806921a6fa4d3ee3,6142678,skarve_normalized_f64_v1,16.625750999992306,617623075179,,True,602.2570060000589,private-reference/0323afa1301b7d01/00528.json.gz,d3ed3f31422ddf06e7555bcb2716255aa5047bf34c640c7de8543cfcea805162,8
529,analytical36-C-1-http0-native-cog,analytical36,C,http0,1,native-cog,cog128,476.0149610000326,600.2334780000638,0.528455253,0.5935680000000048,168161280,2147483648,native,36,analytical36|C|http0,2.4128059999384277,618825676832,22.405755999898247,501.0332479999988,null,True,9387192,analytical36|C|1,0.000841999963085982,,,,,,,,,,,,,,,,,,,,,,,,,,,,,,,,,,,,,,,,,,,,,,,,,,,,,,,,,,,,,,,,,,,,,16777216,,0,1.197408,36,12,0,,0,shared_only_for_identical_data_and_mask_block_footprints_then_flushed_on_transition_or_window_exit,trusted_manifest,,http_original,,,,,,,,,,,,,,,,,,,,,,,,,,,,,,,,,,,,,,,,,,,,,,True,,9170292,4194304,13,13,18328198,35,16,3580186,3580186,0,16,4,9170292,20,,,,,,,,,,,,,,,,,,,,,,,0,84934656,67108864,10,20058510,2,0,0,12,64897318,75497472,,10028743,9163284,9,2,11,259632,268435456,,288,377416,0,,67108864,256,12,4,,,17.101487000000002,,,1.281374,0.17027899999999999,,,433.991337,14.153660000000002,0.044184999999999995,385.402939,,,0.424298,0.0,,453.443509,0.021081,,,,,,,,,,,,,,,,,,,,,,,,,,,,,,,,,,,,,,,,,,,,,,,,,,,,,,9170292,20,native_grid_planar_fractional,True,1,454.14906000007704,private-reference/3696bfe250728cb2/00529.json.gz,9170292,True,16,4,9170292,20,20,4010,0.12382900001739472,b377ff7f69c2e6aff33c3a6c22dcb9c59ccc16b052e6610bb89b8b3f1b16adba,9387192,skarve_normalized_f64_v1,21.735949999992954,618349661270,,True,534.6343549999801,private-reference/a7a356513c7677b0/00529.json.gz,38ce8f0fbb8157d9739fe3f22ec2ec808c61b22b78d11a5d349f285078b576bd,1
530,real-age36-D-2-local-native-skv-summary,real-age36,D,local,2,native-skv-summary,skv,263.1292049999274,382.78921200003424,0.313384059,0.3820529999999849,125693952,2147483648,native,36,real-age36|D|local,0.2620359999809807,619270377627,19.362397999998393,282.9657979999638,null,True,28933939,real-age36|D|2,0.0005210000608713017,,,1497376,288,16,0.0012720000000000001,32768,1.206568,0,84934656,67108864,4,0,0,0.260121,63740916,75497472,0.010732,664432,0,8,141b322b011ae0b08bb16788da619152254bb789b26cad4c288d379965e27b86,16,0.001232,,,,,,,150.89353600000004,0.04133,,,,,,,0,0,0,0,0,0,0,260.310706,16.378645,0,0.024555999999999994,8,0.000311,330716260,,16,14655528,127.74942,6.090138000000001,1,106.68165200000001,0.313535,139140,0,0,0,0,0,0,0,,,,,,,,,,,,,,,,,,,,,,,,,,,,,,,,,,,,,,,,,,,,,,,,,,,,,,,,,,,,,,,,,,,,,,,,,,,,,,,,,,,,,,,,,,,,,0.0063230000000000005,1,0,8,,,,,,,,,,,,,,,,,,,,,,,,,,,,,4,8,,,,,,,,,,,,,,,,,,,0,,,,,,,,,,,,,,,,,,,0.080795,0,0.0,0,16,,,,,,,,,,,,,,,,,,,,,,,,,,,,,summary,0,0,native_grid_planar_fractional,True,1,262.1482819999983,private-reference/22745787a0fce1e4/00530.json.gz,0,True,0,0,0,0,0,32702,0.5078199999388744,5e6f375cc92abcd9cc8d8fd07e5887c228b07307989a3ae1a94fa98ceb17f110,28933939,skarve_normalized_f64_v1,0.4694859999290202,619007248623,,True,313.7356349999436,private-reference/efcf41ac48c7624b/00530.json.gz,888948ea31757dac02b314db750760d527b111888b6e126bae5aa56306d94829,8
531,real-age36-D-1-http0-native-tiff,real-age36,D,http0,1,native-tiff,band256,1276.4365770000268,1398.0445869999585,1.129960669,1.1995829999999899,154992640,2147483648,native,36,real-age36|D|http0,0.5817659999820535,620721261566,19.200436999994963,1296.4259389999597,null,True,27830980,real-age36|D|1,0.0011230000609430135,,,1497376,288,32,0.004248,32768,1.268949,0,84934656,67108864,7,0,0,0.480713,66111319,75497472,0.018608,658864,0,8,f9c804f4bbe2085423ae54bcdc6b2b8b95cb5ec97d5c6a5a659d9c958d71075c,16,0.001322,,,,,,,1132.0614510000003,0.04159,,,,,,,0,0,0,111307458,577,2,579,1256.973927,17.662767,0,0.024002999999999997,8,0.000391,337745532,,1152,16899840,1092.6326159999999,7.879602,1,121.29527799999997,0.38721999999999995,156708,0,0,0,0,0,0,0,,,,,,,,,,,,,,,,,,,,,,,,,,,,,,,,,,,,,,,,,,,,,,,,,,,,,,,,,,,,,,,,,,,,,,,,,,,,,,,,,,,,,,,,,,,,,0.004177999999999999,1,0,0,,,,,,,,,,,,,,,,,,,,,,,,,,,,,0,0,,,,,,,,,,,,,,,,,,,1,,,,,,,,,,,,,,,,,,,1.348474,0,0.0,0,32,,,,,,,,,,,,,,,,,,,,,,,,,,,,,,111307458,579,native_grid_planar_fractional,True,1,1259.2315089999602,private-reference/fb430193c1c856b0/00531.json.gz,111311479,True,587,4,111311479,591,591,32464,0.523498000006839,5d245bafefa7e2c75db0534640a9a4216d266276c251480c4f58b76cec0d89af,27830980,skarve_normalized_f64_v1,16.676490000008926,619444825010,,True,1328.0052039999646,private-reference/1f26d60c23e516d2/00531.json.gz,0f57c50bd722049d3972c10638dae882a3eee8cb06839c2de6e4bdd0c025fadd,8
532,analytical36-A-1-local-native-cog,analytical36,A,local,1,native-cog,cogband128,22.172948999923392,138.2086779999554,0.078928793,0.1371780000000058,74948608,2147483648,native,1,analytical36|A|local,0.48364499991748744,620928412726,22.279576000073575,45.137027000009766,null,True,6142678,analytical36|A|1,0.0009120000186157995,,,,,,,,,,,,,,,,,,,,,,,,,,,,,,,,,,,,,,,,,,,,,,,,,,,,,,,,,,,,,,,,,,,,,16777216,,0,0.049589999999999995,1,4,0,,0,shared_only_for_identical_data_and_mask_block_footprints_then_flushed_on_transition_or_window_exit,trusted_manifest,,local_original,,,,,,,,,,,,,,,,,,,,,,,,,,,,,,,,,,,,,,,,,,,,,,False,,,,,,,,,,,,,,,,,,,,,,,,,,,,,,,,,,,,,,0,2359296,67108864,4,0,0,0,0,4,2362140,2097152,,590151,0,0,0,0,259632,268435456,,8,14466,0,,67108864,256,4,4,,,0.575403,,,0.011088999999999998,0.074757,,,6.187266999999999,0.506201,0.029504000000000002,5.243867,,,0.016791,0.0,,7.0614170000000005,0.036486000000000005,,,,,,,,,,,,,,,,,,,,,,,,,,,,,,,,,,,,,,,,,,,,,,,,,,,,,,,,native_grid_planar_fractional,True,1,7.422979000011765,private-reference/8a22390708251e74/00532.json.gz,0,True,0,0,0,0,0,142,0.060210000015104015,2396f5f00370dce99e7cb635589e0cea5188c4efa1d3b49f8b67a31975ca64dc,6142678,skarve_normalized_f64_v1,14.68363899994074,620906238905,,True,79.46110199998202,private-reference/8d05a8177e7724ee/00532.json.gz,8491eb4898b7fdaab9a8db291f49313b25ece5a1112f1557dd26317ad6c4ef81,1
533,analytical40-1025x1031-A-0-http0-native-skv-raw,analytical40-1025x1031,A,http0,0,native-skv-raw,skv,66.38935400007995,179.6572709999964,0.10250844,0.16068599999999833,66383872,2147483648,native,1,analytical40-1025x1031|A|http0,1.5181380000512945,621158441402,18.594964000044456,86.74016899999515,null,True,24731327,analytical40-1025x1031|A|0,0.0005809999947814504,,,,,,,,,,,,,,,,,,,,,,,,,,,,,,,,,,,,,,,,,,,,,,,,,,,,,,,,,,,,,,,,,,,,,,False,,,,,,skv,,,,False,,16384,0,0,0,0,0.0,0.0,0,0,0,0,0,0,2.968392,64,395520,42,0.0,0.0,2304,11584,1019105,71,1048576,0.06995799999999999,9437184,9439984,0,0,16,1048576,0.010639999999999998,7.733882,0,58,395520,3.643084,65536,5242880,607201,43.97691400000001,0,0,source_handle_lifetime,False,,,1019105,4194304,0,0,0,0,70,1011681,1011681,0,71,2,1019105,73,9742336,False,strong_etag_conditional_ranges,http,1019105,4194304,0,0,0,0,70,1011681,1011681,0,71,2,1019105,73,,,,,0,9437184,67108864,16,0,0,0,0,16,9448304,8388608,,590135,1002721,70,2,72,626880,268435456,,64,14466,0,,67108864,256,16,16,,,2.255909,,,0.083022,0.192712,,,59.667177,7.733882,0.297494,51.06224199999999,,,0.572487,0.0,,63.840971999999994,0.011431,,,,,,,,,,,,,,,,,,,,,,,,,,,,,,,,,,,,,,,,,,,,,,,,,,,,,raw,1019105,73,native_grid_planar_fractional,True,1,64.63402300005328,private-reference/c0a297ce608d6446/00533.json.gz,1019105,True,71,2,1019105,73,73,138,0.062012999933358515,3f59ba840b4903208d287a79769eca9f94b99b8f0f86dc5aa31ecb2e9525ce8d,24731327,skarve_normalized_f64_v1,1.6877670000212674,621092051798,,True,121.04415900000731,private-reference/e86b00702c28c9f5/00533.json.gz,e0031a5dc77c3b53a7607135993b31ef99bc1a2a2ba160d7aeba387350656fef,1
534,analytical36-D-0-local-native-skv-raw,analytical36,D,local,0,native-skv-raw,skv,239.2420950000087,362.05252299998847,0.294739526,0.36112200000002304,124248064,2147483648,native,36,analytical36|D|local,0.5784180000318884,621558534907,22.78854400003638,262.9087760000175,null,True,5770145,analytical36|D|0,0.0005909998890274437,,,1497376,288,18,0.001302,32768,1.183495,0,85515264,67108864,4,0,0,0.26187,64336242,76013568,0.007845000000000001,658576,0,8,c26f6ae2c19d5b33bd167e37cf1eb964c233070551772bea959dc7a7bb02b16b,18,0.001102,,,,,,,106.86517499999998,0.044482,,128,7552,False,128,128,0,0,0,0,0,0,0,235.06592600000002,17.194993000000004,0,0.024363999999999993,8,0.00038,330718128,,18,17068284,83.763961,5.064996999999999,1,126.313609,0.26299100000000003,156924,0,0,0,0,0,0,0,,,,,,,,,,,,,,,,,,,,,,,,,,,,,,,,,,,,,,,,,,,,,,,,,,,,,,,,,,,,,,,,,,,,,,,,,,,,,,,,,,,,,,,,,,,,,0.00524,1,0,0,,,,,,,,,,,,,,,,,,,,,,,,,,,,,0,0,,,,,,,,,,,,,,,,,,,0,,,,,,,,,,,,,,,,,,,0.045043,0,0.007404,0,18,,,,,,,,,,,,,,,,,,,,,,,,,,,,,raw,0,0,native_grid_planar_fractional,True,1,237.8642649999847,private-reference/664bc721af0bf9d7/00534.json.gz,0,True,0,0,0,0,0,28762,0.7954750000180866,a9e2337fccaa006ca4a489ba411cad2a8b91d47a0e971c214c4c67110e4e4f97,5770145,skarve_normalized_f64_v1,0.5752119999442584,621319293302,,True,295.1777230000516,private-reference/038758a8a6d84470/00534.json.gz,b09cb605c4edfe0673d1f82bada600d5ec00227035322b82ef19b3c33a8f8100,8
535,analytical36-B-2-http0-native-skv-summary,analytical36,B,http0,2,native-skv-summary,skv,26.05138799992801,139.25437099999272,0.074082202,0.13306999999997515,58486784,2147483648,native,1,analytical36|B|http0,0.33916999996108643,621761996173,20.895343000006505,47.491167999965,null,True,5770145,analytical36|B|2,0.000640999928691599,,,45576,8,18,0.002204,32768,1.151767,0,2375424,67108864,0,0,0,0.056144,2387934,2111488,0.0032329999999999998,666976,0,8,ffe7a97fa2f07ec5058551e0ed95c80f9c8135d7786b6a5147d2967b095224d8,18,0.000972,,,,,,,17.45127,0.03301,,,,,,,0,0,0,284706,20,2,22,23.624814,0.5372219999999999,0,0.006622999999999998,8,0.000511,329266768,,18,414653,16.672158999999997,0.16061999999999999,1,3.7803390000000006,0.091256,3886,0,0,0,0,0,0,0,,,,,,,,,,,,,,,,,,,,,,,,,,,,,,,,,,,,,,,,,,,,,,,,,,,,,,,,,,,,,,,,,,,,,,,,,,,,,,,,,,,,,,,,,,,,,0.009697,1,0,4,,,,,,,,,,,,,,,,,,,,,,,,,,,,,4,4,,,,,,,,,,,,,,,,,,,0,,,,,,,,,,,,,,,,,,,0.978179,0,0.0,0,18,,,,,,,,,,,,,,,,,,,,,,,,,,,,,summary,284706,22,native_grid_planar_fractional,True,1,24.367873999949552,private-reference/b186134ce802b6e9/00535.json.gz,301090,True,21,2,301090,23,23,1060,0.0722220000852758,d465def57fae7479bd4c661eef066e439ba015c938a58cc0d5ff214af3707011,5770145,skarve_normalized_f64_v1,1.605160999929467,621735944734,,True,79.8231600000463,private-reference/3d81fd9fa0dec70c/00535.json.gz,207ac235778660208a7cd3ce1c94d493885c20d957b1d358eabdc1fed5ead265,8
536,analytical36-D-2-http0-native-cog,analytical36,D,http0,2,native-cog,cog128,470.62918799997533,594.2067920000227,0.514989189,0.5821390000000122,155856896,2147483648,native,36,analytical36|D|http0,3.342892999967262,622398049063,20.632647000070392,494.89146200005507,null,True,9387192,analytical36|D|2,0.0012220000371598871,,,1497376,288,36,0.0027949999999999997,32768,1.0230059999999999,0,85515264,67108864,7,0,0,0.5842669999999998,66708435,76013568,0.020529000000000002,666976,0,8,ffe7a97fa2f07ec5058551e0ed95c80f9c8135d7786b6a5147d2967b095224d8,18,0.0009519999999999999,,,,,,,307.24160199999994,0.046776,,,,,,,0,0,0,9229761,19,2,21,444.958638,14.092815,0,0.030684999999999997,8,0.000541,337753828,,1296,17286804,253.57371500000008,5.7805870000000015,1,134.220585,0.5738200000000001,158328,0,0,0,0,0,0,0,,,,,,,,,,,,,,,,,,,,,,,,,,,,,,,,,,,,,,,,,,,,,,,,,,,,,,,,,,,,,,,,,,,,,,,,,,,,,,,,,,,,,,,,,,,,,0.00515,1,0,0,,,,,,,,,,,,,,,,,,,,,,,,,,,,,0,0,,,,,,,,,,,,,,,,,,,18,,,,,,,,,,,,,,,,,,,1.488171,0,0.0,0,36,,,,,,,,,,,,,,,,,,,,,,,,,,,,,,9229761,21,native_grid_planar_fractional,True,1,447.49822200003564,private-reference/74a59fef2fe096f6/00536.json.gz,9236769,True,26,4,9236769,30,30,29879,0.4814300000361982,4c8f72b841b57deaf9bf2c4afcce533e3b74f4c7b7277eaf902887de2273b3e8,9387192,skarve_normalized_f64_v1,22.64521799997965,621927420787,,True,526.549578000072,private-reference/553ad7d5df4c64d3/00536.json.gz,799606b93fbea5a9d6fbc9e6834614ec47a26fefa4bbc034462d9aa1ca3a59f3,8
537,analytical40-1025x1031-B-0-http0-native-tiff,analytical40-1025x1031,B,http0,0,native-tiff,band256,87.6301330000615,197.15718499992363,0.13086276000000002,0.18565800000001786,85196800,2147483648,native,1,analytical40-1025x1031|B|http0,1.8357760000071721,622665254816,20.74703599998884,110.51042000008238,null,True,21771767,analytical40-1025x1031|B|0,0.0008920000027501374,,,45576,8,18,0.002184,32768,3.9361859999999997,0,9469440,67108864,0,0,0,0.117683,9482238,8417280,0.004617999999999999,1250704,0,16,ef6b09bc67fd03a2bdf45c1df0a3bc4c119631f3320f22b881ed2a41b7eda9d6,18,0.001092,,,,,,,43.85070699999999,0.03304,,256,16960,True,128,256,0,0,0,542589,20,2,22,63.52226900000001,1.5177439999999998,0,0.004658,8,0.00046,338698632,,36,2018097,39.874952,0.58493,1,14.311728,0.070509,8898,0,0,0,0,0,0,0,,,,,,,,,,,,,,,,,,,,,,,,,,,,,,,,,,,,,,,,,,,,,,,,,,,,,,,,,,,,,,,,,,,,,,,,,,,,,,,,,,,,,,,,,,,,,0.0038970000000000003,1,0,0,,,,,,,,,,,,,,,,,,,,,,,,,,,,,0,0,,,,,,,,,,,,,,,,,,,0,,,,,,,,,,,,,,,,,,,1.090614,0,0.011831000000000001,1,18,,,,,,,,,,,,,,,,,,,,,,,,,,,,,,542589,22,native_grid_planar_fractional,True,1,64.42428900004415,private-reference/1351acde32ece8ce/00537.json.gz,550399,True,29,4,550399,33,33,1045,0.05957900009434525,e385de722110847164317a15def49987a963ed2c14cbed05e1ad8a49c4ea6240,21771767,skarve_normalized_f64_v1,23.140184999988378,622577624743,,True,142.00136099998417,private-reference/6f59c0a0f951a631/00537.json.gz,fb0102ba0bccfbf7163e772b0e8c65204a631ee91e13aaf5284e47289038a91d,8
538,analytical36-A-2-local-native-rsi64,analytical36,A,local,2,native-rsi64,cogband128,24.29057900008047,145.00121200001104,0.081835345,0.14413700000000063,72634368,2147483648,native,1,analytical36|A|local,0.2911919999633028,622863119679,23.563720999959514,48.35056699994311,null,True,6454230,analytical36|A|2,0.36807300000418763,,,,,,,,,,,,,,,,,,,,,,,,,16128,24,0,0,1032192,28,,,,,,,,,,,,,,,,,,,,,,,True,,,,,,,,,,,,,,,,16777216,,0,0.051223,1,28,0,,0,shared_only_for_identical_data_and_mask_block_footprints_then_flushed_on_transition_or_window_exit,trusted_manifest,,local_original,,,,,,,,,,,,,,,,,,,,,,,,,,,,,,,,,,,,,,,,,,,,,,False,,,,,,,,,,,,,,,,,,,,,,,,,,,,,,,,,,,,,,,,,,,,,,,,,,,,,,,,,,,,,,,,,,,,,,,,,0.000191,0.011810999999999999,,,,,7.358471000000001,exclusive partition of this query call; source post-validation is in remaining execution; FFI envelope and transport subspans are not added to this partition,,,0.020136,7.390609,,,,2096:708327:146176:1789305352:446154671:1789305352:446154671,local,,,,,,,,,,,,,,,,,,,,,0,,,,,,28,1242177,73,True,0,36,False,5,146176,1,False,0,88248,28,134217728,0,0,0,24,0,,36,index64,,,native_grid_planar_fractional,True,1,7.752090999929351,private-reference/ea1ed226177fd91e/00538.json.gz,0,True,0,0,0,0,0,141,0.06090199997288437,74bd9cb0f1e396b15bb77e6772dbe47601b4bc5fe3cd426185623312b8b04943,6142678,skarve_normalized_f64_v1,16.100148000077752,622838828358,,True,82.20634199994947,private-reference/b6aab59fae105a15/00538.json.gz,3db5848d484903c1ed27ed427747cafc557dfe2b9291f19dd6941cb9dcba661e,1
539,analytical36-D-0-local-native-cog,analytical36,D,local,0,native-cog,cogband128,376.6135939999913,496.46078600005694,0.434698603,0.4958750000000123,143069184,2147483648,native,36,analytical36|D|local,6.518034999999145,623398112581,18.11096300002646,401.44586300004903,null,True,6142678,analytical36|D|0,0.0012929999684274662,,,1497376,288,36,0.003656,32768,0.9463299999999999,0,85515264,67108864,7,0,0,0.469507,66708435,76013568,0.018949,658576,0,8,c26f6ae2c19d5b33bd167e37cf1eb964c233070551772bea959dc7a7bb02b16b,18,0.0008719999999999999,,,,,,,231.167793,0.038090000000000006,,,,,,,0,0,0,0,0,0,0,357.44383899999997,15.992645999999999,0,0.02705099999999999,8,0.000752,337745456,,1296,17068284,156.44205,5.644229,1,124.57418099999998,0.323121,156924,0,0,0,0,0,0,0,,,,,,,,,,,,,,,,,,,,,,,,,,,,,,,,,,,,,,,,,,,,,,,,,,,,,,,,,,,,,,,,,,,,,,,,,,,,,,,,,,,,,,,,,,,,,0.001392,1,0,0,,,,,,,,,,,,,,,,,,,,,,,,,,,,,0,0,,,,,,,,,,,,,,,,,,,0,,,,,,,,,,,,,,,,,,,0.056763999999999995,0,0.0,0,36,,,,,,,,,,,,,,,,,,,,,,,,,,,,,,0,0,native_grid_planar_fractional,True,1,359.78619100001197,private-reference/81ceddeef885f64b/00539.json.gz,0,True,0,0,0,0,0,28762,0.5513080000127957,a9e2337fccaa006ca4a489ba411cad2a8b91d47a0e971c214c4c67110e4e4f97,6142678,skarve_normalized_f64_v1,16.268501000013202,623021498286,,True,434.7429450000391,private-reference/a47ae2d300e6aa28/00539.json.gz,e8e01ec835afae2af6999d2d805023d09cb11bfa3681ec9cec9cf1e2397fc54b,8
540,real-age36-D-2-http0-native-cog,real-age36,D,http0,2,native-cog,cog128,440.0843180000038,558.8131309999653,0.47683634999999996,0.5436129999999935,153726976,2147483648,native,36,real-age36|D|http0,1.3403190000644827,624011473675,18.88975700001083,460.5108539999492,null,True,21326870,real-age36|D|2,0.0014930000133972499,,,1497376,288,32,0.001934,32768,1.340751,0,84934656,67108864,7,0,0,0.5004480000000001,66111319,75497472,0.016229000000000004,664432,0,8,141b322b011ae0b08bb16788da619152254bb789b26cad4c288d379965e27b86,16,0.001553,,,,,,,303.58907000000005,0.055451,,,,,,,0,0,0,21330514,18,2,20,421.883672,14.556088999999998,0,0.029083999999999992,8,0.00035,337751140,,1152,17014824,250.5046360000001,6.626288000000001,1,114.18647300000003,0.450133,157572,0,0,0,0,0,0,0,,,,,,,,,,,,,,,,,,,,,,,,,,,,,,,,,,,,,,,,,,,,,,,,,,,,,,,,,,,,,,,,,,,,,,,,,,,,,,,,,,,,,,,,,,,,,0.0070929999999999995,1,0,0,,,,,,,,,,,,,,,,,,,,,,,,,,,,,0,0,,,,,,,,,,,,,,,,,,,16,,,,,,,,,,,,,,,,,,,1.7962690000000001,0,0.0,0,32,,,,,,,,,,,,,,,,,,,,,,,,,,,,,,21330514,20,native_grid_planar_fractional,True,1,424.23359600002186,private-reference/84e96e5126d65e6a/00540.json.gz,21334393,True,26,4,21334393,30,30,32702,0.5134479999924224,5e6f375cc92abcd9cc8d8fd07e5887c228b07307989a3ae1a94fa98ceb17f110,21326870,skarve_normalized_f64_v1,15.331762999949206,623571389236,,True,491.6932789999464,private-reference/26d384af40be4db9/00540.json.gz,c605fe254bdfdef5ed845a92c57352a394ced00954ce3f6c548a10e8730123a6,8
541,analytical36-A-1-http0-natural-ee,analytical36,A,http0,1,natural-ee,cogband128,31.31297499999164,230.57683499996529,0.148468301,0.22807699999998476,90099712,2147483648,upstream,1,analytical36|A|http0,0.16986000002816581,624288770300,,33.1989109999995,null,True,6142678,analytical36|A|1,,,,,,,,,,,,,,,,,,,,,,,,,,,,,,,,,,,,,,,,,,,,,,,,,,,,,,,,,,,,,,,,,,,,,,,,,,,,,,,,,,,,,,,,,,,,,,,,,,,,,,,,,,,,,,,,,,,,,,,,,,,,,,,,,,,,,,,,,,,,,,,,,,,,,,,,,,,,,,,,,,,,,,,,,,,,,,,,,,,,,,,,,,,,,,,,,,,,,,,,,,,,,,,,,,,,,,,,,,,,,,,,,,,,,,,,,,,,,,,,,,,,,,,,,,,,,,,,,,,,,,,,,,feature-sequential,,,exactextract_fractional_v030,True,,15.809214999990218,private-reference/27f998fa8cf4c387/00541.json.gz,360448,True,4,1,360448,5,5,141,0.0794449999830249,1e433265c03295eca5ceb20cbc0b38d33bd28b57d855fbc41a1114bfbe7ce614,6142678,,15.420356999925389,624257456835,,True,150.5081179999479,private-reference/aa0275e0a9d5628d/00541.json.gz,973e925fde0a848f8b9309700b624aa52d77325e99f3571c184921db15e26682,1
542,worldpop1-A-0-http0-native-cog,worldpop1,A,http0,0,native-cog,cogband128,100.90970500004914,216.24326999994992,0.141490769,0.19927400000000262,87703552,2147483648,native,1,worldpop1|A|http0,2.1327270000028875,624579170749,22.82180800000333,126.06128100003389,null,True,18648801,worldpop1|A|0,0.0008219999472203199,,,,,,,,,,,,,,,,,,,,,,,,,,,,,,,,,,,,,,,,,,,,,,,,,,,,,,,,,,,,,,,,,,,,,16777216,,0,1.162649,1,25,0,,0,shared_only_for_identical_data_and_mask_block_footprints_then_flushed_on_transition_or_window_exit,trusted_manifest,,http_original,,,,,,,,,,,,,,,,,,,,,,,,,,,,,,,,,,,,,,,,,,,,,,True,,1783941,4194304,19,0,844,19,53,1790725,1790725,0,53,4,1783941,57,,,,,,,,,,,,,,,,,,,,,,,0,14745600,67108864,25,0,0,0,0,25,14762975,13107200,,590135,1782917,52,2,54,673248,268435456,,50,14466,0,,67108864,256,25,25,,,1.967317,,,0.10386300000000001,0.144203,,,86.44680299999999,3.204943,0.208952,78.321238,,,0.468544,0.0,,90.21485,0.020748,,,,,,,,,,,,,,,,,,,,,,,,,,,,,,,,,,,,,,,,,,,,,,,,,,,,,,1783941,57,native_grid_planar_fractional,True,1,90.54476299991165,private-reference/2480497e4f1c6eab/00542.json.gz,1783941,True,53,4,1783941,57,57,161,0.040685000044504704,dfd61dc71363e7bd4be6ab2e28d4f02024cc1dfcf706390a8cb14dfa20bfb7b8,18648801,skarve_normalized_f64_v1,10.320090000050186,624478261123,,True,158.1288319999885,private-reference/18ff7ffbf71cd97b/00542.json.gz,58bd4039439dfec3c7bf970092e433975d3293366b70709226c0bd7de59e67fc,1
543,real-age36-C-1-http0-native-skv-summary,real-age36,C,http0,1,native-skv-summary,skv,205.11315200008085,328.7281289999555,0.260927478,0.32128099999999904,127295488,2147483648,native,36,real-age36|C|http0,4.602244000011524,624963756181,23.724457999946935,233.68969099999504,null,True,28933939,real-age36|C|1,0.0008010000556168961,,,,,,,,,,,,,,,,,,,,,,,,,,,,,,,,,,,,,,,,,,,,,,,,,,,,,,,,,,,,,,,,,,,,,,True,,,,,,skv,,,,False,,16384,4,5,3998950,14879047,31.703919,1.030013,4,4,8388608,432,12,0,41.091856,432,98880,10,0.0,0.0,248832,11584,36820785,19,7077888,0.08310200000000001,63700992,63733140,0,0,12,7077888,0.027349,14.057324000000001,0,862,98880,12.385773999999998,65536,35389440,21826474,60.87936300000001,144,0,source_handle_lifetime,False,,,21941738,4194304,8,7,14879047,8,10,3998950,3587401,0,11,2,21941738,13,9742336,False,strong_etag_conditional_ranges,http,21941738,4194304,8,7,14879047,8,10,3998950,3587401,0,11,2,21941738,13,,,,,,,67108864,,,,,,,63740916,56623104,,,,,,,,,,,,,,,128,12,,,,,0.058325,32.745041,,,,,,14.057324000000001,,108.973511,,,,0.0,,202.354732,,,,,,,,,,,,,,,,,,,,,,,,,,,2,5,686080,2,True,12,147071268,21,,,4,False,,,,,,162948,12,,,,,4,,8,4,summary,21941738,13,native_grid_planar_fractional,True,1,202.87064400008603,private-reference/05a5d81d1198e3dd/00543.json.gz,21941738,True,11,2,21941738,13,13,4218,0.12204300003304525,90b8e74a54c8732d101857ef774fa9a6f291a71188a73e650c6fecf47092bbd0,28933939,skarve_normalized_f64_v1,2.115105000029871,624758642849,,True,267.96865300002537,private-reference/ac2433001f00b8c8/00543.json.gz,98fb4db513099cb433313c7caa96d25d477fe1c7565f830d9f792c0bf7f7b62b,1
544,real-age36-B-1-http0-native-rsi64,real-age36,B,http0,1,native-rsi64,cogband128,72.42363499995008,186.17702200003805,0.110558879,0.166642999999965,73953280,2147483648,native,1,real-age36|B|http0,0.3987239999787562,625213440344,23.374823000040124,96.48349400004008,null,True,28148818,real-age36|B|1,0,,,45576,8,50,0.0024449999999999997,32768,1.610163,0,1843200,67108864,0,0,0,0.13226500000000005,1877950,1638400,0.007794000000000001,1012288,0,8,cc4f6bda2be4cb9ea379c2eb62d3b6176296f548ca1a6913cd363839f85bef7f,64,0.002525,,,,,,,28.392444999999995,0.052911,,,,,,,0,0,0,781420,17,2,19,55.670578,0.4118350000000001,0,0.005939999999999996,8,0.000591,202429528,,100,235968,26.927011999999998,0.233229,1,1.9340679999999997,0.061988999999999995,4452,0,0,0,0,0,0,0,,,,,,,,,,,,,,,,,,,,,,,,,,,,,,,,,,,,,,,,,,,,,,,,,,,,,,,,,,,,,,,,,,,,,,,,,,,,,,,,,,,,,,,,,,,,,0.0038469999999999997,1,0,0,,,,,,,,,,,,,,,,,,,,,,,,,,,,,57,36,,,,,,,,,,,,,,,,,,,35,,,,,,,,,,,,,,,,,,,3.462925,0,0.0,0,50,,,,,,,,,,,,,,,,,,,,,,,,,,,,,index64,781420,19,native_grid_planar_fractional,True,1,56.56366900007015,private-reference/8cccb45cd66e044d/00544.json.gz,875027,True,62,5,875027,67,67,1124,0.062089000039122766,a3ba031d3788621800950943579f5eab46d6bdbeb6ec71f27b742a767f11bc3f,27889906,skarve_normalized_f64_v1,15.791674999945826,625141016930,,True,129.69714199994087,private-reference/d50e59c6dc8ab35e/00544.json.gz,e65dde9439e1bc63c6c57cdbd1827240a7198ac83cb2c7c58dcfea6a15b11113,8
545,analytical36-A-2-http0-native-skv-summary,analytical36,A,http0,2,native-skv-summary,skv,18.22065599992584,128.83738399989397,0.066966851,0.12435900000002675,57446400,2147483648,native,1,analytical36|A|http0,0.3262819999463318,625401911951,19.98875800006772,38.74914400000762,null,True,5770145,analytical36|A|2,0.0006310000344456057,,,,,,,,,,,,,,,,,,,,,,,,,,,,,,,,,,,,,,,,,,,,,,,,,,,,,,,,,,,,,,,,,,,,,,True,,,,,,skv,,,,False,,16384,0,5,0,0,0.0,1.964596,0,0,0,0,0,0,0.6731099999999999,12,131840,14,0.0,0.0,192,11584,261805,15,196608,0.071006,1769472,1771572,0,0,12,196608,0.00534,0.408711,0,20,131840,0.6385259999999999,65536,983040,113581,9.698780999999999,4,0,source_handle_lifetime,False,,,261805,4194304,0,0,0,0,14,247213,247213,0,15,2,261805,17,9742336,False,strong_etag_conditional_ranges,http,261805,4194304,0,0,0,0,14,247213,247213,0,15,2,261805,17,,,,,,,67108864,,,,,,,1777812,1572864,,,,,,,,,,,,,,,128,12,,,,,0.02523,1.9677229999999999,,,,,,0.408711,,8.629719999999999,,,,0.0,,15.917081,,,,,,,,,,,,,,,,,,,,,,,,,,,1,5,719872,2,True,12,146889793,25,,,4,False,,,,,,170168,12,,,,,4,,4,4,summary,261805,17,native_grid_planar_fractional,True,1,16.33890900006918,private-reference/a024b11de9cd12b5/00545.json.gz,261805,True,15,2,261805,17,17,141,0.06464299997333,74bd9cb0f1e396b15bb77e6772dbe47601b4bc5fe3cd426185623312b8b04943,5770145,skarve_normalized_f64_v1,1.811091999911696,625383690744,,True,71.08944499998415,private-reference/6cdc808688661620/00545.json.gz,60ffad9fd970da36e076e4c4e880619543067c101c6f77ef068c08ff54cf13f0,1
546,real-age36-B-1-local-natural-ee,real-age36,B,local,1,natural-ee,cogband128,31.609815000024355,226.76854200005891,0.150737681,0.22567500000002383,88399872,2147483648,upstream,1,real-age36|B|local,0.1099009999734335,625663549907,,33.37704800003394,null,True,27889906,real-age36|B|1,,,,,,,,,,,,,,,,,,,,,,,,,,,,,,,,,,,,,,,,,,,,,,,,,,,,,,,,,,,,,,,,,,,,,,,,,,,,,,,,,,,,,,,,,,,,,,,,,,,,,,,,,,,,,,,,,,,,,,,,,,,,,,,,,,,,,,,,,,,,,,,,,,,,,,,,,,,,,,,,,,,,,,,,,,,,,,,,,,,,,,,,,,,,,,,,,,,,,,,,,,,,,,,,,,,,,,,,,,,,,,,,,,,,,,,,,,,,,,,,,,,,,,,,,,,,,,,,,,,,,,,,,,raster-sequential,,,exactextract_fractional_v030,True,,23.071404000006623,private-reference/797c0bf34bb1a7ff/00546.json.gz,0,True,0,0,0,0,0,1112,0.07718699998804368,01be7b881207f7eb6fad2726683c25dcaf2114afb942faa2512fc96837410bc7,27889906,,8.457246000034502,625631940603,,True,151.11600500006261,private-reference/a57cc566d4453843/00546.json.gz,5a842779d47e33acaa54ef84deb71e228a31add70a677c37af20b09167b17abc,8
547,worldpop1-B-1-http0-native-rsi256,worldpop1,B,http0,1,native-rsi256,cogband128,115.27244599994901,229.11442299994178,0.14960521999999998,0.2080519999999524,87404544,2147483648,native,1,worldpop1|B|http0,1.750451000020803,625959110343,20.461800000020958,137.8007409999782,null,True,18817225,worldpop1|B|1,0,,,45576,8,23,0.001643,32768,2.453386,0,13565952,67108864,0,0,0,0.12926900000000002,13581937,12058624,0.007624,1413040,0,8,e23d7d982065f061c93aa6cb0882c80844b44377966135aa51276f6e774ccfc0,25,0.0021339999999999996,,,,,,,81.863154,0.063482,,,,,,,0,0,0,1653085,48,2,50,100.14251300000001,2.999459,0,0.005467,8,0.000471,202830756,,46,1088180,74.47428399999997,1.6748150000000002,1,5.917629000000002,0.059778000000000005,7866,0,0,0,0,0,0,0,,,,,,,,,,,,,,,,,,,,,,,,,,,,,,,,,,,,,,,,,,,,,,,,,,,,,,,,,,,,,,,,,,,,,,,,,,,,,,,,,,,,,,,,,,,,,0.0037270000000000003,1,0,0,,,,,,,,,,,,,,,,,,,,,,,,,,,,,14,9,,,,,,,,,,,,,,,,,,,0,,,,,,,,,,,,,,,,,,,2.8612599999999997,0,0.0,0,23,,,,,,,,,,,,,,,,,,,,,,,,,,,,,index256,1653085,50,native_grid_planar_fractional,True,1,100.81240499994237,private-reference/33b425525005af0f/00547.json.gz,1720293,True,59,5,1720293,64,64,1252,0.04673000000821048,79dbde3afe02fa0d6e9c2b3d91f1fb6242b60b501526a087660dbfa96451303f,18648801,skarve_normalized_f64_v1,14.407669999968675,625843838639,,True,170.3239719998919,private-reference/29314ea35bee3ff3/00547.json.gz,cbef35dce2b44e4cdb7f4bbf1453af3024820bba58097934878262d0af8d9954,8
548,analytical36-C-2-local-native-rsi256,analytical36,C,local,2,native-rsi256,cogband128,311.107694000043,427.60245900001337,0.36666046999999996,0.42651200000000244,152834048,2147483648,native,36,analytical36|C|local,7.695791999935864,626430693665,17.99138100000164,337.0893009999918,null,True,6294806,analytical36|C|2,0,,,87056,36,8,0.003296,65536,0.253606,0,84934656,67108864,2,0,0,2.778339,61355354,75497472,0.005039,149920,1,1,af1632ebb9ad148fa4a054c8846cc35f5dafc8db88c28e566fd3ebd7bc1c76ef,4,0.002134,,,,,,,227.660386,0.029186,,,,,,,0,0,0,0,0,0,0,291.079504,15.112084,0,0.007646,2,0.0007000000000000001,201654668,,288,8485344,193.122847,6.033229,2,62.45373800000001,0.09149499999999999,34992,0,0,0,0,0,0,0,,,,,,,,,,,,,,,,,,,,,,,,,,,,,,,,,,,,,,,,,,,,,,,,,,,,,,,,,,,,,,,,,,,,,,,,,,,,,,,,,,,,,,,,,,,,,0.003487,2,0,0,,,,,,,,,,,,,,,,,,,,,,,,,,,,,0,0,,,,,,,,,,,,,,,,,,,0,,,,,,,,,,,,,,,,,,,0.431998,0,0.0,0,8,,,,,,,,,,,,,,,,,,,,,,,,,,,,,index256,0,0,native_grid_planar_fractional,True,2,292.23579699998936,private-reference/d59fda9d67384a61/00548.json.gz,0,True,0,0,0,0,0,4006,0.10971999995490478,8fbff0b61c68af05158cd4dfde5b7131f1151eedff44ed4c69d74f02fa43b918,6142678,skarve_normalized_f64_v1,18.756104999965828,626119585851,,True,367.2242180000467,private-reference/2640fe47a5df8d8e/00548.json.gz,de6d5f2d574118e61a14290a4015f025bdffc7d920a979fced7c24237429dff5,1
549,analytical36-C-0-http0-native-rsi64,analytical36,C,http0,0,native-rsi64,cogband128,655.1899620000086,774.5523569999477,0.5703301470000001,0.6349350000000413,117198848,2147483648,native,36,analytical36|C|http0,0.8970269999508673,627263072474,19.46053500000744,675.7708009999988,null,True,6454230,analytical36|C|0,0,,,87056,36,56,0.002414,65536,0.462665,0,37158912,67108864,0,0,0,0.46073200000000003,37289672,33030144,0.029762000000000014,378592,1,1,ea7ba983d35940aac8d7b3c1678f262dbb087eb7855928770d6ed0b2790cc843,64,0.006082000000000001,,,,,,,551.7734290000002,0.02095,,,,,,,0,0,0,4458695,437,4,441,624.909136,6.477555999999998,0,0.01054,2,0.000922,201882596,,2016,2968488,526.2483869999999,3.048284999999999,2,24.52729399999999,0.126803,55296,0,0,0,0,0,0,0,,,,,,,,,,,,,,,,,,,,,,,,,,,,,,,,,,,,,,,,,,,,,,,,,,,,,,,,,,,,,,,,,,,,,,,,,,,,,,,,,,,,,,,,,,,,,0.013456000000000001,2,0,0,,,,,,,,,,,,,,,,,,,,,,,,,,,,,72,72,,,,,,,,,,,,,,,,,,,578,,,,,,,,,,,,,,,,,,,7.174683,0,0.0,0,56,,,,,,,,,,,,,,,,,,,,,,,,,,,,,index64,4458695,441,native_grid_planar_fractional,True,2,626.071900999932,private-reference/1b128d8ffadcef2e/00549.json.gz,4657927,True,525,10,4657927,535,535,4000,0.0973360000671164,d899d2044a51304c17e4b8f724741943ca7c4792a86bf0124c26ca94bd8d8315,6142678,skarve_normalized_f64_v1,29.01628699999037,626607882903,,True,709.4930459999205,private-reference/8d282446904295ff/00549.json.gz,3aa448969a53b4803ca32451003903c8a0f7aa0a860f1ecbd87496ef7c88e7ff,1
550,analytical40-1025x1031-C-0-http0-native-rsi256,analytical40-1025x1031,C,http0,0,native-rsi256,cogband128,2119.835720000083,2243.235532999961,1.660073221,1.725231000000008,160198656,2147483648,native,40,analytical40-1025x1031|C|http0,1.8937669999559148,629566091077,23.07352399998308,2145.023382999966,null,True,26638653,analytical40-1025x1031|C|0,0,,,107796,40,24,0.008375,65536,0.608976,0,283115520,67108864,19,0,0,8.481547999999998,58994955,251658240,0.017414000000000002,409312,1,1,c6e555216e5f1beda78a51657d7312b2da1a21ab0b39b088c384ecf4171afd34,16,0.00479,,,,,,,1857.681499,0.027622999999999998,,,,,,,0,0,0,19507814,1933,4,1937,2089.904288,48.421205,0,0.009987999999999999,2,0.001183,201913364,,960,28836880,1749.9877270000002,21.863300000000002,2,215.037737,0.28954199999999997,117760,0,0,0,0,0,0,0,,,,,,,,,,,,,,,,,,,,,,,,,,,,,,,,,,,,,,,,,,,,,,,,,,,,,,,,,,,,,,,,,,,,,,,,,,,,,,,,,,,,,,,,,,,,,0.012744,2,0,0,,,,,,,,,,,,,,,,,,,,,,,,,,,,,8,8,,,,,,,,,,,,,,,,,,,0,,,,,,,,,,,,,,,,,,,7.9077020000000005,0,0.0,0,24,,,,,,,,,,,,,,,,,,,,,,,,,,,,,index256,19507814,1937,native_grid_planar_fractional,True,2,2091.3642960000516,private-reference/bf159c0e3826ee26/00550.json.gz,19660846,True,1957,10,19660846,1967,1967,4423,0.12759399999140442,96e4df19c2690d62cddac1e7d828f44054cd2c0dff19c8c2f63690a5c5df9d0e,26442685,skarve_normalized_f64_v1,28.336606000038955,627446255046,,True,2177.6434490000156,private-reference/e18c6962236dc01c/00550.json.gz,1105c24eff49f84b1cc6ce1b6dbb7a80f1b52ca0f204402dab32d10f88dc5ed7,1
551,analytical36-B-2-local-native-rsi64,analytical36,B,local,2,native-rsi64,cogband128,30.667561999962345,147.99248400004217,0.083732358,0.14743399999997564,74084352,2147483648,native,1,analytical36|B|local,0.24829500000578264,629805057980,21.03527999997823,52.225972000087495,null,True,6454230,analytical36|B|2,0,,,45576,8,52,0.002425,32768,1.23822,0,1818432,67108864,0,0,0,0.04454499999999998,1855404,1616384,0.002583000000000003,1018528,0,8,1eb1e9ced1cffe58c84399e68de436938f671ea4d883f90e0a32f554e679767f,67,0.001062,,,,,,,11.128109999999998,0.037319,,,,,,,0,0,0,0,0,0,0,14.76282,0.2728609999999999,0,0.004942,8,0.00038,202436320,,104,242621,9.458855,0.116461,1,1.7509629999999998,0.040592,4490,0,0,0,0,0,0,0,,,,,,,,,,,,,,,,,,,,,,,,,,,,,,,,,,,,,,,,,,,,,,,,,,,,,,,,,,,,,,,,,,,,,,,,,,,,,,,,,,,,,,,,,,,,,0.001352,1,0,0,,,,,,,,,,,,,,,,,,,,,,,,,,,,,58,37,,,,,,,,,,,,,,,,,,,0,,,,,,,,,,,,,,,,,,,0.17726499999999998,0,0.0,0,52,,,,,,,,,,,,,,,,,,,,,,,,,,,,,index64,0,0,native_grid_planar_fractional,True,1,15.477570000030028,private-reference/94001a3a762a4bd3/00551.json.gz,0,True,0,0,0,0,0,1060,0.05609300001196971,d465def57fae7479bd4c661eef066e439ba015c938a58cc0d5ff214af3707011,6142678,skarve_normalized_f64_v1,15.128129000004265,629774390568,,True,83.78440499996032,private-reference/bd129c59965780a5/00551.json.gz,c9913821d2da28c88782b8cd0e08bca344294d871d5300c080d5b72f7d6b0635,8
552,analytical36-A-0-local-native-rsi256,analytical36,A,local,0,native-rsi256,cogband128,28.17682500005958,139.795839000044,0.07872938800000001,0.13859800000000178,75120640,2147483648,native,1,analytical36|A|local,0.16401100003804459,630002310529,19.458658000075957,47.99202600008812,null,True,6294806,analytical36|A|0,0.3128239999341531,,,,,,,,,,,,,,,,,,,,,,,,,0,0,0,0,2359296,4,,,,,,,,,,,,,,,,,,,,,,,True,,,,,,,,,,,,,,,,16777216,,0,0.046576,1,4,0,,0,shared_only_for_identical_data_and_mask_block_footprints_then_flushed_on_transition_or_window_exit,trusted_manifest,,local_original,,,,,,,,,,,,,,,,,,,,,,,,,,,,,,,,,,,,,,,,,,,,,,False,,,,,,,,,,,,,,,,,,,,,,,,,,,,,,,,,,,,,,,,,,,,,,,,,,,,,,,,,,,,,,,,,,,,,,,,,0.000141,0.009156000000000001,,,,,12.363532,exclusive partition of this query call; source post-validation is in remaining execution; FFI envelope and transport subspans are not added to this partition,,,0.018153,12.390982,,,,2096:708333:74944:1789305352:685524483:1789305352:685524483,local,,,,,,,,,,,,,,,,,,,,,0,,,,,,4,4703297,9,True,0,0,False,3,74944,1,False,0,229914,4,134217728,0,0,0,0,0,,0,index256,,,native_grid_planar_fractional,True,1,12.616435000040838,private-reference/f58c7875b1888da7/00552.json.gz,0,True,0,0,0,0,0,142,0.03755900002033741,1f5800e6da13026f5dcd51f66d3119f4d36ecd81f15e95f6dc5bc29682e31b2a,6142678,skarve_normalized_f64_v1,15.204849000042486,629974133504,,True,79.27011499998571,private-reference/8d098c39acd101fe/00552.json.gz,c7a91dd89e809baf58e672735eab0b59953aa329b20ceb4747960b99c62e761e,1
553,real-age36-C-0-local-native-skv-raw,real-age36,C,local,0,native-skv-raw,skv,190.1969169999802,305.0370109999676,0.248761702,0.30455200000000104,142344192,2147483648,native,36,real-age36|C|local,7.704070999920987,630353344697,19.74049400007516,217.88735200004794,null,True,28933939,real-age36|C|0,0.0007310000000870787,,,,,,,,,,,,,,,,,,,,,,,,,,,,,,,,,,,,,,,,,,,,,,,,,,,,,,,,,,,,,,,,,,,,,,False,,,,,,skv,,,,False,,16384,0,0,0,0,0.0,0.0,0,0,0,576,8,0,53.08832200000001,576,74160,0,0.0,0.0,248832,11584,28909219,18,9437184,0.109852,84934656,84945372,0,0,4,9437184,0.0044080000000000005,53.503775000000005,0,567,74160,16.47554100000001,65536,47185920,28818675,16.041883,0,0,source_handle_lifetime,False,,,,,,,,,,,,,,,,,9742336,False,pinned_file_stat,local,,,,,,,,,,,,,,,,,,,0,84934656,67108864,3,21236991,1,0,0,4,63710973,75497472,,21236479,0,0,0,0,255696,268435456,,8,377416,0,,67108864,256,4,4,,,17.998728,,,2.616477,0.13641,,,170.38793900000002,53.503775000000005,0.179118,106.81731099999999,,,0.015028000000000001,0.0,,189.02601099999998,0.011851,,,,,,,,,,,,,,,,,,,,,,,,,,,,,,,,,,,,,,,,,,,,,,,,,,,,,raw,,,native_grid_planar_fractional,True,1,189.50438699994265,private-reference/85b256cfd2ab5341/00553.json.gz,0,True,0,0,0,0,0,4175,0.10238699996989453,780a6c2345077f08330b1cda863d7d67a9083da4d58afbad480fce62deb92723,28933939,skarve_normalized_f64_v1,0.5855330000485992,630163147881,,True,248.84065699995972,private-reference/9a6393001041e51a/00553.json.gz,12c8b0618cf20cfa16c2de80f7113308a429f745e300de92fb16c9f81741587f,1
554,analytical40-1025x1031-B-2-local-native-cog,analytical40-1025x1031,B,local,2,native-cog,cogband128,58.34673499998644,177.38805400006186,0.114831814,0.1768509999999992,82317312,2147483648,native,1,analytical40-1025x1031|B|local,0.20472500000323635,630585345580,23.728854999944815,82.49504799994156,null,True,26442685,analytical40-1025x1031|B|2,0.0006509999366244301,,,45576,8,67,0.0014529999999999999,32768,2.6236490000000003,0,9461376,67108864,0,0,0,0.17586900000000003,9509013,8410112,0.004788000000000003,1806688,0,8,d2590882b47ebea8c43f2a2bd72f6cfeea252037828b6e02a92fb686ab2d50d4,67,0.001062,,,,,,,23.879112999999997,0.037598,,128,16960,False,128,128,0,0,0,0,0,0,0,42.252430000000004,1.5738400000000001,0,0.004247999999999999,8,0.000351,337458172,,134,2020509,19.426882999999997,0.546837,1,15.474236000000003,0.035024,16763,0,0,0,0,0,0,0,,,,,,,,,,,,,,,,,,,,,,,,,,,,,,,,,,,,,,,,,,,,,,,,,,,,,,,,,,,,,,,,,,,,,,,,,,,,,,,,,,,,,,,,,,,,,0.001402,1,0,0,,,,,,,,,,,,,,,,,,,,,,,,,,,,,0,0,,,,,,,,,,,,,,,,,,,0,,,,,,,,,,,,,,,,,,,0.05738499999999999,0,0.008386000000000001,0,67,,,,,,,,,,,,,,,,,,,,,,,,,,,,,,0,0,native_grid_planar_fractional,True,1,42.88938700005929,private-reference/b1e411551378c2fb/00554.json.gz,0,True,0,0,0,0,0,1030,0.044571999978870736,cb135e0acf4431712e46430ec4145f49eb75a5a19587633d55a73e6626e276f1,26442685,skarve_normalized_f64_v1,15.408659000058833,630526998735,,True,114.89937299995745,private-reference/b30561b44a53714f/00554.json.gz,70aaf05d18c0ab15bea6fb84a8c594475277d7facf20c32a462c9d6543a5b131,8
555,analytical40-1025x1031-B-1-http0-native-skv-summary,analytical40-1025x1031,B,http0,1,native-skv-summary,skv,70.13147399993613,184.42924600003607,0.111003511,0.16700800000000982,64782336,2147483648,native,1,analytical40-1025x1031|B|http0,0.34954000000197993,630822835244,23.943294999980935,94.7190199999568,null,True,24731327,analytical40-1025x1031|B|1,0.0008320000688399887,,,45576,8,51,0.001643,32768,3.346173,0,7102080,67108864,0,0,0,0.164113,7137525,6312960,0.007554000000000002,1799632,0,8,10b73ba3c4f77670ec8a26cf62bfd6c31fe3b17dcf8b0b163b7a9af5a8d178cd,67,0.001342,,,,,,,50.651371999999974,0.028362000000000002,,,,,,,0,0,0,918858,58,2,60,67.001346,1.4871059999999996,0,0.004176,8,0.00041,330399192,,51,1071770,48.446148000000015,0.47239600000000004,1,9.051447999999999,0.046006,9339,0,0,0,0,0,0,0,,,,,,,,,,,,,,,,,,,,,,,,,,,,,,,,,,,,,,,,,,,,,,,,,,,,,,,,,,,,,,,,,,,,,,,,,,,,,,,,,,,,,,,,,,,,,0.009187,1,0,37,,,,,,,,,,,,,,,,,,,,,,,,,,,,,58,37,,,,,,,,,,,,,,,,,,,0,,,,,,,,,,,,,,,,,,,1.117327,0,0.0,0,51,,,,,,,,,,,,,,,,,,,,,,,,,,,,,summary,918858,60,native_grid_planar_fractional,True,1,67.638474999967,private-reference/0d5891bff49c2917/00555.json.gz,935242,True,59,2,935242,61,61,1041,0.058648000049288385,4f9ba65d57db05a80f1576d13c050ab16b2115cabb8d62b799eea489189b8501,24731327,skarve_normalized_f64_v1,2.428931999929773,630752704351,,True,128.07546999999886,private-reference/23c59e8cacc362b4/00555.json.gz,cda56059e36692d9e10edebd004387d7b8f3add9ba3b6edc13439ddd5f91285e,8
556,analytical36-A-1-http0-native-tiff,analytical36,A,http0,1,native-tiff,band256,37.746292000065296,146.6504069999246,0.08442812699999999,0.1400380000000041,76419072,2147483648,native,1,analytical36|A|http0,0.7783960001006562,631029087425,19.863917000066067,58.58703900003093,null,True,5078720,analytical36|A|1,0.001633000010770047,,,,,,,,,,,,,,,,,,,,,,,,,,,,,,,,,,,,,,,,,,,,,,,,,,,,,,,,,,,,,,,,,,,,,16777216,,0,1.2600090000000002,1,4,0,,0,shared_only_for_identical_data_and_mask_block_footprints_then_flushed_on_transition_or_window_exit,trusted_manifest,,http_original,,,,,,,,,,,,,,,,,,,,,,,,,,,,,,,,,,,,,,,,,,,,,,True,,144537,4194304,9,0,6770,17,15,146457,146457,0,15,4,144537,19,,,,,,,,,,,,,,,,,,,,,,,0,2359296,67108864,4,0,0,0,0,4,2362140,2097152,,590151,137387,6,2,8,259632,268435456,,8,14466,0,,67108864,256,4,4,,,0.506538,,,0.015579000000000003,0.18042,,,10.708299,0.359168,0.041586,9.863420000000001,,,0.6326609999999999,0.0,,13.4082,0.033802,,,,,,,,,,,,,,,,,,,,,,,,,,,,,,,,,,,,,,,,,,,,,,,,,,,,,,144537,19,native_grid_planar_fractional,True,1,13.84412799995971,private-reference/32f3b597672bde75/00556.json.gz,144537,True,15,4,144537,19,19,142,0.06132199996500276,2396f5f00370dce99e7cb635589e0cea5188c4efa1d3b49f8b67a31975ca64dc,5078720,skarve_normalized_f64_v1,23.833067000055053,630991340803,,True,90.75731500001893,private-reference/cac288c7afe85db7/00556.json.gz,0bb1f031b0eb255c89ee8cfcac1d7a23615051af5d5d846160d38108505000d5,1
557,real-age36-A-2-local-natural-ee,real-age36,A,local,2,natural-ee,cogband128,23.287204999974165,221.51767100001507,0.141348518,0.22075300000000198,84512768,2147483648,upstream,1,real-age36|A|local,0.15179800004716526,631280670031,,25.152173000037692,null,True,27889906,real-age36|A|2,,,,,,,,,,,,,,,,,,,,,,,,,,,,,,,,,,,,,,,,,,,,,,,,,,,,,,,,,,,,,,,,,,,,,,,,,,,,,,,,,,,,,,,,,,,,,,,,,,,,,,,,,,,,,,,,,,,,,,,,,,,,,,,,,,,,,,,,,,,,,,,,,,,,,,,,,,,,,,,,,,,,,,,,,,,,,,,,,,,,,,,,,,,,,,,,,,,,,,,,,,,,,,,,,,,,,,,,,,,,,,,,,,,,,,,,,,,,,,,,,,,,,,,,,,,,,,,,,,,,,,,,,,feature-sequential,,,exactextract_fractional_v030,True,,15.124490999937734,private-reference/13b0b71032365d82/00557.json.gz,0,True,0,0,0,0,0,148,0.08663899996008695,3fbf395dee536f27526c51ea57d81a7fa58e171d756a99b1e61466101852b8bc,27889906,,8.071916999938367,631257382364,,True,141.59578400006012,private-reference/af7827fa26856ed8/00557.json.gz,3f3ab6cc6b798491aae9ec7f3c3b0ce69ee5b32a1025e4db8117fd59eece5f6a,1
558,worldpop1-B-1-http0-native-rsi64,worldpop1,B,http0,1,native-rsi64,cogband128,221.74043699999402,336.0861560000785,0.205400032,0.2627289999999789,78049280,2147483648,native,1,worldpop1|B|http0,0.4940049999504481,631691943968,22.87583600002563,245.32605499996407,null,True,20322025,worldpop1|B|1,0,,,45576,8,127,0.0023740000000000002,32768,5.011773,0,4681728,67108864,0,0,0,0.418453,4769993,4161536,0.023320000000000007,3446656,0,8,bb78a7ba5140f35e9abc4d0ee01d768d06c86d152a6c8a1d1ad6768bb44dbc55,289,0.0022749999999999997,,,,,,,79.57307700000005,0.032109,,,,,,,0,0,0,1098716,57,2,59,209.010269,1.2810340000000002,0,0.005782,8,0.000501,204864372,,254,248500,74.64151000000003,0.8269310000000004,1,1.912002,0.05989799999999999,7705,0,0,0,0,0,0,0,,,,,,,,,,,,,,,,,,,,,,,,,,,,,,,,,,,,,,,,,,,,,,,,,,,,,,,,,,,,,,,,,,,,,,,,,,,,,,,,,,,,,,,,,,,,,0.002474,1,0,0,,,,,,,,,,,,,,,,,,,,,,,,,,,,,429,225,,,,,,,,,,,,,,,,,,,72,,,,,,,,,,,,,,,,,,,2.96578,0,0.0,0,127,,,,,,,,,,,,,,,,,,,,,,,,,,,,,index64,1098716,59,native_grid_planar_fractional,True,1,209.84187300007306,private-reference/cee0c945d8d7af80/00558.json.gz,1181476,True,284,5,1181476,289,289,1252,0.06794400007947843,79dbde3afe02fa0d6e9c2b3d91f1fb6242b60b501526a087660dbfa96451303f,18648801,skarve_normalized_f64_v1,11.824498000009953,631470203510,,True,278.40698899990457,private-reference/1d7f7904af084e99/00558.json.gz,b353cb3a868b42fdf6272191b7d887a057cc86f2212b6becc28fdf452ddcc56d,8
559,analytical36-C-2-http0-native-cog,analytical36,C,http0,2,native-cog,cog128,460.4293919999236,585.7744659999753,0.509770516,0.5803080000000023,167759872,2147483648,native,36,analytical36|C|http0,2.208235000011882,632327716419,20.03505299990138,482.90426500000194,null,True,9387192,analytical36|C|2,0.0010110001085195108,,,,,,,,,,,,,,,,,,,,,,,,,,,,,,,,,,,,,,,,,,,,,,,,,,,,,,,,,,,,,,,,,,,,,16777216,,0,1.352863,36,12,0,,0,shared_only_for_identical_data_and_mask_block_footprints_then_flushed_on_transition_or_window_exit,trusted_manifest,,http_original,,,,,,,,,,,,,,,,,,,,,,,,,,,,,,,,,,,,,,,,,,,,,,True,,9170292,4194304,13,13,18328198,35,16,3580186,3580186,0,16,4,9170292,20,,,,,,,,,,,,,,,,,,,,,,,0,84934656,67108864,10,20058510,2,0,0,12,64897318,75497472,,10028743,9163284,9,2,11,261408,268435456,,288,377416,0,,67108864,256,12,4,,,16.88516,,,1.2223990000000002,0.07348400000000001,,,418.1171099999999,13.771571,0.029564,371.383905,,,0.44093099999999996,0.0,,436.98963299999997,0.019976999999999998,,,,,,,,,,,,,,,,,,,,,,,,,,,,,,,,,,,,,,,,,,,,,,,,,,,,,,9170292,20,native_grid_planar_fractional,True,1,437.77688399995895,private-reference/e2349965dd15237e/00559.json.gz,9170292,True,16,4,9170292,20,20,4006,0.133915999981582,8fbff0b61c68af05158cd4dfde5b7131f1151eedff44ed4c69d74f02fa43b918,9387192,skarve_normalized_f64_v1,22.511528999984876,631867286265,,True,514.8261960000582,private-reference/62d39b4801e461a1/00559.json.gz,4663340f9fe7feb52598320f4de695d9c731b3e94ac91eba10bf1c814bbf5e4a,1
560,analytical40-1025x1031-C-0-http0-native-skv-raw,analytical40-1025x1031,C,http0,0,native-skv-raw,skv,533.9772959999891,646.3725830000158,0.567678396,0.6265930000000139,133210112,2147483648,native,40,analytical40-1025x1031|C|http0,3.5416850000729028,633036190212,17.5664969999616,555.2769989999433,null,True,24731327,analytical40-1025x1031|C|0,0.0009310000450568623,,,,,,,,,,,,,,,,,,,,,,,,,,,,,,,,,,,,,,,,,,,,,,,,,,,,,,,,,,,,,,,,,,,,,,False,,,,,,skv,,,,False,,16384,0,0,0,0,0.0,0.0,0,0,0,2560,32,0,90.68759599999998,2560,395520,42,0.0,0.0,3686400,11584,24218807,39,41943040,0.09946200000000001,377487360,377545072,0,0,16,41943040,0.058888,143.28890499999997,0,2554,395520,72.36119500000008,65536,209715200,23806903,71.062205,0,0,source_handle_lifetime,False,,,24218807,4194304,0,33,0,0,38,3858519,3723326,0,39,2,24218807,41,9742336,False,strong_etag_conditional_ranges,http,24218807,4194304,0,33,0,0,38,3858519,3723326,0,39,2,24218807,41,,,,,0,377487360,67108864,2,330361010,14,0,0,16,47194430,335544320,,23596703,24202423,38,2,40,626880,268435456,,32,418896,0,,67108864,256,16,16,,,77.80457299999999,,,3.3204239999999996,0.23192500000000002,,,450.76727199999993,143.28890499999997,0.287326,280.44950599999993,,,0.5615089999999999,0.0,,531.299112,0.012553,,,,,,,,,,,,,,,,,,,,,,,,,,,,,,,,,,,,,,,,,,,,,,,,,,,,,raw,24218807,41,native_grid_planar_fractional,True,1,531.9258890000356,private-reference/7e95a0addf605994/00560.json.gz,24218807,True,39,2,24218807,41,41,4423,0.11600200002703787,96e4df19c2690d62cddac1e7d828f44054cd2c0dff19c8c2f63690a5c5df9d0e,24731327,skarve_normalized_f64_v1,1.9306460000052539,632502212846,,True,587.1111599999495,private-reference/057784a10ea451cc/00560.json.gz,65c0f25fcf3f05dccc162557bbacf1f5de71afc62cb8759e9b05e19b34e849ec,1
561,analytical40-1025x1031-B-0-http0-native-skv-summary,analytical40-1025x1031,B,http0,0,native-skv-summary,skv,69.25495400003001,181.05561599998055,0.104831551,0.16363400000000183,64643072,2147483648,native,1,analytical40-1025x1031|B|http0,0.6978489999482917,633283355753,20.23676599992541,90.4703689999451,null,True,24731327,analytical40-1025x1031|B|0,0.0009009999075715314,,,45576,8,51,0.004248,32768,3.137315,0,7102080,67108864,0,0,0,0.15658799999999998,7137525,6312960,0.007806000000000002,1796464,0,8,306c40a2d8671545e1d51db4612ee3740a1a31d9dfa6f66422309f0cd8743037,67,0.000821,,,,,,,50.007841,0.030185,,,,,,,0,0,0,918858,58,2,60,66.219397,1.4562859999999997,0,0.006502999999999997,8,0.000651,330396088,,51,1067825,47.832199999999986,0.476252,1,9.097071,0.093361,9324,0,0,0,0,0,0,0,,,,,,,,,,,,,,,,,,,,,,,,,,,,,,,,,,,,,,,,,,,,,,,,,,,,,,,,,,,,,,,,,,,,,,,,,,,,,,,,,,,,,,,,,,,,,0.010189,1,0,37,,,,,,,,,,,,,,,,,,,,,,,,,,,,,58,37,,,,,,,,,,,,,,,,,,,0,,,,,,,,,,,,,,,,,,,1.257794,0,0.0,0,51,,,,,,,,,,,,,,,,,,,,,,,,,,,,,summary,918858,60,native_grid_planar_fractional,True,1,67.3919120000619,private-reference/bcefd9d02b7d23ff/00561.json.gz,935242,True,59,2,935242,61,61,1045,0.060050999991290155,e385de722110847164317a15def49987a963ed2c14cbed05e1ad8a49c4ea6240,24731327,skarve_normalized_f64_v1,1.7966399999522764,633214100528,,True,121.88131999994312,private-reference/47a97201852d8729/00561.json.gz,2953eb9d83dc1c2bd024993c7e9d03ecbf58bf329d491c3d562659b0a6f7f398,8
562,analytical40-1025x1031-A-0-http0-native-skv-summary,analytical40-1025x1031,A,http0,0,native-skv-summary,skv,42.50386399996842,147.86229599997114,0.083011257,0.13535200000001169,61026304,2147483648,native,1,analytical40-1025x1031|A|http0,0.4392010000628943,633493224402,18.69845399994574,61.83706100000563,null,True,24731327,analytical40-1025x1031|A|0,0.000640999928691599,,,,,,,,,,,,,,,,,,,,,,,,,,,,,,,,,,,,,,,,,,,,,,,,,,,,,,,,,,,,,,,,,,,,,,True,,,,,,skv,,,,False,,16384,0,9,0,0,0.0,1.7540740000000001,0,0,0,0,0,0,1.685851,28,527360,56,0.0,0.0,2880,11584,809090,37,458752,0.08184100000000001,4128768,4133668,0,0,28,458752,0.013605999999999998,0.884614,0,58,527360,1.8205440000000004,65536,2293760,265346,26.47494,24,0,source_handle_lifetime,False,,,809090,4194304,0,0,0,0,36,797314,797314,0,37,2,809090,39,9742336,False,strong_etag_conditional_ranges,http,809090,4194304,0,0,0,0,36,797314,797314,0,37,2,809090,39,,,,,,,67108864,,,,,,,4148228,3670016,,,,,,,,,,,,,,,128,28,,,,,0.06347400000000002,1.758921,,,,,,0.884614,,27.098843000000002,,,,0.0,,40.215886,,,,,,,,,,,,,,,,,,,,,,,,,,,1,9,716800,2,True,28,146889793,73,,,36,False,,,,,,393242,28,,,,,24,,24,36,summary,809090,39,native_grid_planar_fractional,True,1,40.57739400002447,private-reference/4ce25629c2dd3d1c/00562.json.gz,809090,True,37,2,809090,39,39,138,0.03404300002785021,3f59ba840b4903208d287a79769eca9f94b99b8f0f86dc5aa31ecb2e9525ce8d,24731327,skarve_normalized_f64_v1,1.888150000013411,633450720718,,True,93.9938289999418,private-reference/baf9ccba872ca993/00562.json.gz,5a1f4d6ce7abf624d20759948447f61b0f554af451d65a170ff5c32897edcc56,1
563,analytical40-1025x1031-A-2-http0-native-skv-raw,analytical40-1025x1031,A,http0,2,native-skv-raw,skv,69.24529599996276,186.28823200003808,0.10845951699999999,0.1660049999999842,66330624,2147483648,native,1,analytical40-1025x1031|A|http0,1.489591999984441,633731324608,22.303405000002385,93.26106499997877,null,True,24731327,analytical40-1025x1031|A|2,0.0012520000609583803,,,,,,,,,,,,,,,,,,,,,,,,,,,,,,,,,,,,,,,,,,,,,,,,,,,,,,,,,,,,,,,,,,,,,,False,,,,,,skv,,,,False,,16384,0,0,0,0,0.0,0.0,0,0,0,0,0,0,2.9243949999999996,64,395520,42,0.0,0.0,2304,11584,1019105,71,1048576,0.081671,9437184,9439984,0,0,16,1048576,0.015887999999999996,7.804724,0,58,395520,3.4537369999999994,65536,5242880,607201,46.20449599999999,0,0,source_handle_lifetime,False,,,1019105,4194304,0,0,0,0,70,1011681,1011681,0,71,2,1019105,73,9742336,False,strong_etag_conditional_ranges,http,1019105,4194304,0,0,0,0,70,1011681,1011681,0,71,2,1019105,73,,,,,0,9437184,67108864,16,0,0,0,0,16,9448304,8388608,,590135,1002721,70,2,72,630624,268435456,,64,14466,0,,67108864,256,16,16,,,2.5204669999999996,,,0.08243800000000001,0.196764,,,61.668977,7.804724,0.24914000000000003,52.807491,,,0.493772,0.0,,66.01555,0.012853,,,,,,,,,,,,,,,,,,,,,,,,,,,,,,,,,,,,,,,,,,,,,,,,,,,,,raw,1019105,73,native_grid_planar_fractional,True,1,66.94555800004309,private-reference/4edf22002d4d9686/00563.json.gz,1019105,True,71,2,1019105,73,73,140,0.0583179999011918,0804bf71bee4a10cb67390656e5058e365f08886d4b412c8d3417e8204a98c13,24731327,skarve_normalized_f64_v1,2.2351489999437035,633662079132,,True,128.28934699996353,private-reference/7831f49d4d8b9b94/00563.json.gz,32d74ff5288ef7f8a47cff3de4957cc22c79f93c2473e54445ff4281a727fc23,1
564,real-age36-D-1-local-natural-ee,real-age36,D,local,1,natural-ee,cog256,347.13990900002045,542.8683899999669,0.46310257499999996,0.5420670000000314,188170240,2147483648,upstream,36,real-age36|D|local,2.2354189999305163,634306183581,,351.09991299998455,null,True,21256336,real-age36|D|1,,,,,,,,,,,,,,,,,,,,,,,,,,,,,,,,,,,,,,,,,,,,,,,,,,,,,,,,,,,,,,,,,,,,,,,,,,,,,,,,,,,,,,,,,,,,,,,,,,,,,,,,,,,,,,,,,,,,,,,,,,,,,,,,,,,,,,,,,,,,,,,,,,,,,,,,,,,,,,,,,,,,,,,,,,,,,,,,,,,,,,,,,,,,,,,,,,,,,,,,,,,,,,,,,,,,,,,,,,,,,,,,,,,,,,,,,,,,,,,,,,,,,,,,,,,,,,,,,,,,,,,,,,raster-sequential,,,exactextract_fractional_v030,True,,338.77391900000475,private-reference/2eff4d0ea261e174/00564.json.gz,0,True,0,0,0,0,0,32034,0.5389159999822368,daf87aac2814215117912774a0c3b3daf3304f3563cc0d5cf6dc6d2c4bc54fa3,21256336,,7.8234979999933785,633959044033,,True,463.2428219999838,private-reference/d410520144916b51/00564.json.gz,08034a342403ed603d8b4188e5d49c641f4e86f4f9d751718f5012a5898cce4a,8
565,analytical40-1025x1031-B-1-http0-natural-ee,analytical40-1025x1031,B,http0,1,natural-ee,cogband128,80.39402899999004,263.8065539999843,0.189855095,0.26050999999995383,98471936,2147483648,upstream,1,analytical40-1025x1031|B|http0,0.15508600006342022,634634259941,,82.24142099993514,null,True,26442685,analytical40-1025x1031|B|1,,,,,,,,,,,,,,,,,,,,,,,,,,,,,,,,,,,,,,,,,,,,,,,,,,,,,,,,,,,,,,,,,,,,,,,,,,,,,,,,,,,,,,,,,,,,,,,,,,,,,,,,,,,,,,,,,,,,,,,,,,,,,,,,,,,,,,,,,,,,,,,,,,,,,,,,,,,,,,,,,,,,,,,,,,,,,,,,,,,,,,,,,,,,,,,,,,,,,,,,,,,,,,,,,,,,,,,,,,,,,,,,,,,,,,,,,,,,,,,,,,,,,,,,,,,,,,,,,,,,,,,,,,raster-sequential,,,exactextract_fractional_v030,True,,62.724322000008215,private-reference/f82d7eec5ed42997/00565.json.gz,1277952,True,4,1,1277952,5,5,1054,0.10794900003929797,3a953c963827fab8dfff5d737f102b82a7fb5c1fae2803d9d5e366b8c668af4a,26442685,,17.558081000061065,634553865681,,True,192.70922900000187,private-reference/ea5a36d4fac24dfb/00565.json.gz,ef851b606af85cb41c54ef6daf31e9d3f31be18a335f734c6650a2d3d2a3ed41,8
566,analytical36-C-0-local-native-skv-raw,analytical36,C,local,0,native-skv-raw,skv,142.39804399994682,264.6304339999688,0.206163244,0.26367800000002717,139653120,2147483648,native,36,analytical36|C|local,9.323620000031951,634959313656,22.13778199995886,174.07851999996637,null,True,5770145,analytical36|C|0,0.0010420000080557656,,,,,,,,,,,,,,,,,,,,,,,,,,,,,,,,,,,,,,,,,,,,,,,,,,,,,,,,,,,,,,,,,,,,,,False,,,,,,skv,,,,False,,16384,0,0,0,0,0.0,0.0,0,0,0,576,8,0,20.956930000000025,576,90640,0,0.0,0.0,248832,11584,5548331,20,9437184,0.109181,84934656,84947676,0,0,4,9437184,0.009647,58.71972899999999,0,565,90640,16.712339000000014,65536,47185920,5441307,2.9908110000000003,0,0,source_handle_lifetime,False,,,,,,,,,,,,,,,,,9742336,False,pinned_file_stat,local,,,,,,,,,,,,,,,,,,,0,84934656,67108864,3,21237567,1,0,0,4,63712701,75497472,,21237055,0,0,0,0,258240,268435456,,8,377416,0,,67108864,256,4,4,,,17.100773,,,2.491961,0.11355900000000001,,,123.111414,58.71972899999999,0.06578200000000001,56.030297,,,0.022632,0.0,,140.880953,0.011401,,,,,,,,,,,,,,,,,,,,,,,,,,,,,,,,,,,,,,,,,,,,,,,,,,,,,raw,,,native_grid_planar_fractional,True,1,141.5855029999875,private-reference/d4f74fd9210050c1/00566.json.gz,0,True,0,0,0,0,0,4000,0.2152570000362175,d899d2044a51304c17e4b8f724741943ca7c4792a86bf0124c26ca94bd8d8315,5770145,skarve_normalized_f64_v1,0.5895189999591821,634816915062,,True,206.5521209999588,private-reference/5dd20b2788bc9f6f/00566.json.gz,986aca16e5f925c09847092a4adf2866326a72196051232c21cc279fd76a1963,1
567,worldpop1-B-2-local-native-rsi64,worldpop1,B,local,2,native-rsi64,cogband128,50.96504699997695,169.60627200001,0.11215267999999999,0.16872399999999743,75788288,2147483648,native,1,worldpop1|B|local,0.30123599992748495,635190768830,25.645819000033043,77.20706700001756,null,True,20322025,worldpop1|B|2,0,,,45576,8,129,0.002735,32768,4.705408,0,4755456,67108864,0,0,0,0.181722,4845111,4227072,0.0069850000000000025,3444976,0,8,296d9fed976d6ac6e3f4c55efb2f2e63630be203e8be2d36355c7f10059b0570,289,0.0023539999999999998,,,,,,,33.38101400000001,0.120672,,,,,,,0,0,0,0,0,0,0,41.892637,1.1086399999999996,0,0.005709,8,0.000531,204863044,,258,275326,27.84439999999999,0.7134950000000004,1,1.5853380000000004,0.049963,8134,0,0,0,0,0,0,0,,,,,,,,,,,,,,,,,,,,,,,,,,,,,,,,,,,,,,,,,,,,,,,,,,,,,,,,,,,,,,,,,,,,,,,,,,,,,,,,,,,,,,,,,,,,,0.001864,1,0,0,,,,,,,,,,,,,,,,,,,,,,,,,,,,,422,225,,,,,,,,,,,,,,,,,,,0,,,,,,,,,,,,,,,,,,,0.20096099999999997,0,0.0,0,129,,,,,,,,,,,,,,,,,,,,,,,,,,,,,index64,0,0,native_grid_planar_fractional,True,1,43.069940999998835,private-reference/f4189b57b43da87d/00567.json.gz,0,True,0,0,0,0,0,1240,0.06965800002944889,ae861dc4801af35ca6376dd8cf332a700265b4f0daf25e4721ef113acc83f37f,18648801,skarve_normalized_f64_v1,7.817883000029724,635139803642,,True,112.62754400001995,private-reference/7328ce6b2b7a2d95/00567.json.gz,8a1243f987bf1342a4f7d372e6745d307da0aec124f3f0cce7c7d724f74a0875,8
568,real-age36-A-0-local-native-skv-summary,real-age36,A,local,0,native-skv-summary,skv,8.153012999969178,121.9811700000264,0.064434752,0.12151499999998805,55730176,2147483648,native,1,real-age36|A|local,0.10813000005782669,635366528172,23.425490000022364,32.055422999974326,null,True,28933939,real-age36|A|0,0.0005809999947814504,,,,,,,,,,,,,,,,,,,,,,,,,,,,,,,,,,,,,,,,,,,,,,,,,,,,,,,,,,,,,,,,,,,,,,False,,,,,,skv,,,,False,,16384,0,0,0,0,0.0,0.0,0,0,0,0,0,0,2.0932329999999997,12,74160,0,0.0,0.0,192,11584,699404,22,196608,0.094986,1769472,1771380,0,0,12,196608,0.0019219999999999999,0.4402839999999999,0,7,74160,0.9166640000000001,65536,983040,608860,0.46346499999999996,4,0,source_handle_lifetime,False,,,,,,,,,,,,,,,,,9742336,False,pinned_file_stat,local,,,,,,,,,,,,,,,,,,,,,67108864,,,,,,,1777620,1572864,,,,,,,,,,,,,,,128,12,,,,,0.0,0.0,,,,,,0.4402839999999999,,3.987009,,,,0.0,,7.31149,,,,,,,,,,,,,,,,,,,,,,,,,,,1,0,0,0,False,12,146889793,21,,,4,False,,,,,,160564,12,,,,,4,,4,4,summary,,,native_grid_planar_fractional,True,1,7.580015000030471,private-reference/39d734d9e3eada7c/00568.json.gz,0,True,0,0,0,0,0,147,0.05389000000377564,6940c6944641a1780ca8953cc3717b93b8d469d79cc0c9210e4197c0ed319f97,28933939,skarve_normalized_f64_v1,0.5135280000558851,635358376742,,True,64.53198400004112,private-reference/da95cec0759facc0/00568.json.gz,caa25563cd867421a4f94f203d38de4e6c8fde2c0f50541853722d99228a15f4,1
569,real-age36-A-2-http0-native-rsi64,real-age36,A,http0,2,native-rsi64,cogband128,40.15596700003243,151.18752299997595,0.084487541,0.14171299999998155,71577600,2147483648,native,1,real-age36|A|http0,0.7042139999384744,635566319811,18.789771000001565,59.861863000037374,null,True,28148818,real-age36|A|2,2.764675999969768,,,,,,,,,,,,,,,,,,,,,,,,,57120,1,0,0,1032192,28,,,,,,,,,,,,,,,,,,,,,,,True,,,,,,,,,,,,,,,,16777216,,0,1.422097,1,28,0,,0,shared_only_for_identical_data_and_mask_block_footprints_then_flushed_on_transition_or_window_exit,trusted_manifest,,http_original,,,,,,,,,,,,,,,,,,,,,,,,,,,,,,,,,,,,,,,,,,,,,,True,,597170,4194304,14,0,795543,37,21,599858,599858,0,21,5,597170,26,,,,,,,,,,,,,,,,,,,,,,,,,,,,,,,,,,,,,,,,,,,,,,,,,,,,,,,,,,0.000321,0.43278700000000003,,,,,20.014832,exclusive partition of this query call; source post-validation is in remaining execution; FFI envelope and transport subspans are not added to this partition,,,0.530129,20.978068999999998,,,"""6a583ffc5fecb3ac56d2ae09c204e46c5abf8540d110df78d9a2d72311a1299c""",,http,122656,0,0,0,0,0,2,0,0,0,2,3,122656,5,,,,,,,57120,,,,,,28,5502017,64,True,0,36,False,1,122656,1,False,1,84386,28,134217728,0,0,35,36,65536,,36,index64,597170,26,native_grid_planar_fractional,True,1,21.317454999916663,private-reference/b2e5049eaa3e0355/00569.json.gz,719826,True,23,8,719826,31,31,146,0.03908199994384631,23ad059059d201f1ebaf83a27fbf945ec9e110f22eaa6ab13fd400ec1b6b2357,27889906,skarve_normalized_f64_v1,16.0281409999925,635526163754,,True,93.53942199993526,private-reference/be1ea44d5bb400a0/00569.json.gz,16751b019528fd98e054377e87d3be27c93714488e0acaf7bafa455c974ac339,1
570,real-age36-D-1-http0-native-skv-summary,real-age36,D,http0,1,native-skv-summary,skv,329.4137720000663,452.4685799999588,0.383234631,0.4423250000000394,134524928,2147483648,native,36,real-age36|D|http0,8.767132000002675,636065315500,20.007588999988002,358.3882610000728,null,True,28933939,real-age36|D|1,0.0008920000027501374,,,1497376,288,16,0.001392,32768,1.4533639999999999,0,84934656,67108864,4,0,0,0.34725000000000006,63740916,75497472,0.009506999999999998,658864,0,8,f9c804f4bbe2085423ae54bcdc6b2b8b95cb5ec97d5c6a5a659d9c958d71075c,16,0.0020729999999999998,,,,,,,212.47985500000001,0.03785,,,,,,,0,0,0,28917555,18,2,20,324.178906,19.013111000000002,0,0.023944999999999998,8,0.000411,330710652,,16,14540544,185.69473100000002,7.305706,1,107.881507,0.27709000000000006,138276,0,0,0,0,0,0,0,,,,,,,,,,,,,,,,,,,,,,,,,,,,,,,,,,,,,,,,,,,,,,,,,,,,,,,,,,,,,,,,,,,,,,,,,,,,,,,,,,,,,,,,,,,,,0.008786,1,0,8,,,,,,,,,,,,,,,,,,,,,,,,,,,,,4,8,,,,,,,,,,,,,,,,,,,0,,,,,,,,,,,,,,,,,,,1.4838,0,0.0,0,16,,,,,,,,,,,,,,,,,,,,,,,,,,,,,summary,28917555,20,native_grid_planar_fractional,True,1,326.5049190000582,private-reference/8c3421760206ee6d/00570.json.gz,28933939,True,19,2,28933939,21,21,32464,0.5687299999408424,5d245bafefa7e2c75db0534640a9a4216d266276c251480c4f58b76cec0d89af,28933939,skarve_normalized_f64_v1,2.3353139999926498,635735901227,,True,392.8642429999627,private-reference/6acd8c3dbe8bd84b/00570.json.gz,34cb8576b8bd725009fe8ab6d8874d9ac84540abea324af2571938ae1b882169,8
571,worldpop1-B-2-http0-native-skv-summary,worldpop1,B,http0,2,native-skv-summary,skv,68.74624099998528,181.89027599999008,0.109252135,0.16523999999998296,66215936,2147483648,native,1,worldpop1|B|http0,0.5108770000106233,636318648220,23.016585000050327,92.56876800009195,null,True,22778369,worldpop1|B|2,0.0021939999896858353,,,45576,8,57,0.003747,32768,4.0543309999999995,0,8404992,67108864,0,0,0,0.177438,8443695,7471104,0.008345000000000003,1992496,0,8,d9f73d3fd12438f673af7cffe620b04c9dcbca5f171483f6d96f1c84649c69c7,81,0.001263,,,,,,,55.79940600000001,0.039974,,,,,,,0,0,0,1366281,59,2,61,65.406221,2.266454,0,0.0059489999999999986,8,0.000561,330592564,,57,611198,51.944669000000005,1.326741,1,3.683228999999999,0.109104,8370,0,0,0,0,0,0,0,,,,,,,,,,,,,,,,,,,,,,,,,,,,,,,,,,,,,,,,,,,,,,,,,,,,,,,,,,,,,,,,,,,,,,,,,,,,,,,,,,,,,,,,,,,,,0.009718000000000001,1,0,49,,,,,,,,,,,,,,,,,,,,,,,,,,,,,85,49,,,,,,,,,,,,,,,,,,,0,,,,,,,,,,,,,,,,,,,1.338866,0,0.0,0,57,,,,,,,,,,,,,,,,,,,,,,,,,,,,,summary,1366281,61,native_grid_planar_fractional,True,1,66.32236799998736,private-reference/a9e6a8cc47202dbd/00571.json.gz,1382665,True,60,2,1382665,62,62,1240,0.08291299991469714,ae861dc4801af35ca6376dd8cf332a700265b4f0daf25e4721ef113acc83f37f,22778369,skarve_normalized_f64_v1,2.3305299999947238,636249902470,,True,125.40010500003973,private-reference/cb8e600e4d091a6c/00571.json.gz,0c9c85f6c33da5093b3de35269497e216068693bcf3fec018606a6bda76e533b,8
572,analytical40-1025x1031-D-2-local-native-rsi256,analytical40-1025x1031,D,local,2,native-rsi256,cogband128,1444.2483379999658,1566.3850210000874,1.504211599,1.56579499999998,150380544,2147483648,native,40,analytical40-1025x1031|D|local,8.429879999994228,637926334029,19.9740360000078,1472.8689549999672,null,True,26638653,analytical40-1025x1031|D|2,0,,,833696,320,36,0.002866,65536,1.965978,0,378777600,67108864,29,0,0,9.524864,59645097,336691200,0.023349,1261984,8,8,142aeb0bbdb4757d3a9836280c97c2fb8bba9d3b4b018a7bd875f9893f0d6c7f,18,0.002535,,,,,,,875.1860619999999,0.040064,,,,,,,0,0,0,0,0,0,0,1424.9698360000002,66.04365299999998,0,0.03268099999999999,16,0.000991,203502112,,1440,70334600,721.0002089999999,27.554670999999995,2,545.7573169999998,0.407203,316440,0,0,0,0,0,0,0,,,,,,,,,,,,,,,,,,,,,,,,,,,,,,,,,,,,,,,,,,,,,,,,,,,,,,,,,,,,,,,,,,,,,,,,,,,,,,,,,,,,,,,,,,,,,0.0038060000000000004,2,0,0,,,,,,,,,,,,,,,,,,,,,,,,,,,,,8,8,,,,,,,,,,,,,,,,,,,0,,,,,,,,,,,,,,,,,,,0.436545,0,0.0,0,36,,,,,,,,,,,,,,,,,,,,,,,,,,,,,index256,0,0,native_grid_planar_fractional,True,2,1427.986371999964,private-reference/cd2973a3c9ee83fc/00572.json.gz,0,True,0,0,0,0,0,32004,0.61022599993521,fe4788941186043b47c3c938b8e03aec929f13596245599f1e8a159efe982361,26442685,skarve_normalized_f64_v1,15.645328000005065,636482085240,,True,1504.3810469999244,private-reference/44cdc657ef49e373/00572.json.gz,e2906f41bf9e3d0f7034fa42bbf3c3cb9bf528f3a905509bbe758796554a26b8,8
573,analytical36-A-0-http0-native-rsi256,analytical36,A,http0,0,native-rsi256,cogband128,48.596078999935344,161.873810999964,0.093213594,0.15165400000000773,76554240,2147483648,native,1,analytical36|A|http0,0.6968600000618608,638155110619,22.913675000040712,72.42050800005018,null,True,6294806,analytical36|A|0,2.5061529998993137,,,,,,,,,,,,,,,,,,,,,,,,,0,0,0,0,2359296,4,,,,,,,,,,,,,,,,,,,,,,,True,,,,,,,,,,,,,,,,16777216,,0,1.4500579999999998,1,4,0,,0,shared_only_for_identical_data_and_mask_block_footprints_then_flushed_on_transition_or_window_exit,trusted_manifest,,http_original,,,,,,,,,,,,,,,,,,,,,,,,,,,,,,,,,,,,,,,,,,,,,,True,,176552,4194304,13,0,6912,19,25,179752,179752,0,25,5,176552,30,,,,,,,,,,,,,,,,,,,,,,,,,,,,,,,,,,,,,,,,,,,,,,,,,,,,,,,,,,0.000511,0.458075,,,,,22.865666,exclusive partition of this query call; source post-validation is in remaining execution; FFI envelope and transport subspans are not added to this partition,,,0.45043099999999997,23.774683,,,"""12bafe8966fab9f50aeaf31592b0c88e2ab6bb37bd6b4bf340fa717541d78a28""",,http,65536,0,0,0,0,0,1,0,0,0,1,3,65536,4,,,,,,,0,,,,,,4,8963137,4,True,0,0,False,1,74944,1,False,1,229914,4,134217728,0,0,0,0,65536,,0,index256,176552,30,native_grid_planar_fractional,True,1,24.138553000057072,private-reference/5344eace0b1cc50e/00573.json.gz,242088,True,26,8,242088,34,34,142,0.05609299989828287,1f5800e6da13026f5dcd51f66d3119f4d36ecd81f15e95f6dc5bc29682e31b2a,6142678,skarve_normalized_f64_v1,21.88855599990802,638106514240,,True,102.9639229999475,private-reference/050ada641a98a49a/00573.json.gz,6a6f90dc757aa2a329f8812996d384d5a303c0cfa7dc019897ba6259c72fc17c,1
574,real-age36-A-2-http0-native-cog,real-age36,A,http0,2,native-cog,cogband128,38.4778569999753,145.79287999993085,0.081066993,0.1366310000000226,74342400,2147483648,native,1,real-age36|A|http0,0.6941490000826889,638360944115,21.3883240000996,60.77788100003545,null,True,27889906,real-age36|A|2,0.0010520000159885967,,,,,,,,,,,,,,,,,,,,,,,,,,,,,,,,,,,,,,,,,,,,,,,,,,,,,,,,,,,,,,,,,,,,,16777216,,0,1.1715810000000002,1,4,0,,0,shared_only_for_identical_data_and_mask_block_footprints_then_flushed_on_transition_or_window_exit,trusted_manifest,,http_original,,,,,,,,,,,,,,,,,,,,,,,,,,,,,,,,,,,,,,,,,,,,,,True,,785299,4194304,14,0,5551,21,25,788499,788499,0,25,4,785299,29,,,,,,,,,,,,,,,,,,,,,,,0,2359296,67108864,4,0,0,0,0,4,2362076,2097152,,590135,781420,17,2,19,258864,268435456,,8,14466,0,,67108864,256,4,4,,,0.5103200000000001,,,0.020006,0.074127,,,20.640919,0.5369090000000001,0.08926500000000001,19.539096999999998,,,0.662864,0.0,,22.793844,0.024085000000000002,,,,,,,,,,,,,,,,,,,,,,,,,,,,,,,,,,,,,,,,,,,,,,,,,,,,,,785299,29,native_grid_planar_fractional,True,1,23.1131530000539,private-reference/7fbca770bd8ee1d0/00574.json.gz,785299,True,25,4,785299,29,29,146,0.04197700002350757,23ad059059d201f1ebaf83a27fbf945ec9e110f22eaa6ab13fd400ec1b6b2357,27889906,skarve_normalized_f64_v1,15.317437000021528,638322466097,,True,89.80868399999054,private-reference/92b3174aeeb504da/00574.json.gz,16e9e24b75aff5691809b5ea4a9f698bd75657025032ad9ad3d9157ef36830ff,1
575,worldpop1-A-2-local-native-skv-raw,worldpop1,A,local,2,native-skv-raw,skv,29.003049000039027,142.17800200003694,0.086489436,0.1416829999999436,68648960,2147483648,native,1,worldpop1|A|local,1.7295299999204872,638559031347,22.063938999963284,53.079171000035785,null,True,22778369,worldpop1|A|2,0.0006310000344456057,,,,,,,,,,,,,,,,,,,,,,,,,,,,,,,,,,,,,,,,,,,,,,,,,,,,,,,,,,,,,,,,,,,,,,False,,,,,,skv,,,,False,,16384,0,0,0,0,0.0,0.0,0,0,0,100,50,0,5.452768000000001,100,90640,0,0.0,0.0,4800,11584,2084894,62,1638400,0.066803,14745600,14749575,0,0,25,1638400,0.005882000000000001,11.348003,0,89,90640,3.8364460000000014,65536,8192000,1977870,1.3140919999999996,0,0,source_handle_lifetime,False,,,,,,,,,,,,,,,,,9742336,False,pinned_file_stat,local,,,,,,,,,,,,,,,,,,,0,14745600,67108864,25,0,0,0,0,25,14762575,13107200,,590119,0,0,0,0,677280,268435456,,50,14466,0,,67108864,256,25,25,,,1.7284290000000002,,,0.044109999999999996,0.251855,,,25.739845,11.348003,0.254579,12.033038000000001,,,0.01098,0.0,,28.169211,0.009587,,,,,,,,,,,,,,,,,,,,,,,,,,,,,,,,,,,,,,,,,,,,,,,,,,,,,raw,,,native_grid_planar_fractional,True,1,28.612809000037487,private-reference/f2cc470b6e3b7b8e/00575.json.gz,0,True,0,0,0,0,0,159,0.043170000026293565,6b7c811950dafd49b0dace02d8ad09319150a5be646200d1e519d5ed02b8ce8d,22778369,skarve_normalized_f64_v1,0.34303200004615064,638530029019,,True,86.51938499997414,private-reference/c11d0954d0af9a39/00575.json.gz,da6c064972c5ff96e3e7d7fc64290d86e0df98c1955d2523a8ccf64c2e8ef9d5,1
576,analytical40-1025x1031-B-1-local-natural-ee,analytical40-1025x1031,B,local,1,natural-ee,cogband128,76.69720799992774,272.51506599998265,0.197146358,0.2717990000000441,94232576,2147483648,upstream,1,analytical40-1025x1031|B|local,0.5434820000118634,638860432883,,79.40934999999172,null,True,26442685,analytical40-1025x1031|B|1,,,,,,,,,,,,,,,,,,,,,,,,,,,,,,,,,,,,,,,,,,,,,,,,,,,,,,,,,,,,,,,,,,,,,,,,,,,,,,,,,,,,,,,,,,,,,,,,,,,,,,,,,,,,,,,,,,,,,,,,,,,,,,,,,,,,,,,,,,,,,,,,,,,,,,,,,,,,,,,,,,,,,,,,,,,,,,,,,,,,,,,,,,,,,,,,,,,,,,,,,,,,,,,,,,,,,,,,,,,,,,,,,,,,,,,,,,,,,,,,,,,,,,,,,,,,,,,,,,,,,,,,,,raster-sequential,,,exactextract_fractional_v030,True,,60.591082999962964,private-reference/12e278bf64820be7/00576.json.gz,0,True,0,0,0,0,0,1054,0.07618999995884224,3a953c963827fab8dfff5d737f102b82a7fb5c1fae2803d9d5e366b8c668af4a,26442685,,16.026647999979104,638783736557,,True,197.34367199998815,private-reference/919e5149c518c056/00576.json.gz,db636a52482f8fd85c60068a006fa2650af9b50c4c95a89c09fd1172b36531c8,8
577,real-age36-C-1-local-native-skv-raw,real-age36,C,local,1,native-skv-raw,skv,193.81346200009375,312.3856160000287,0.254554849,0.3115500000000111,142716928,2147483648,native,36,real-age36|C|local,7.810794000079113,639240791831,19.973262999997132,221.81178400001045,null,True,28933939,real-age36|C|1,0.0007819999154889956,,,,,,,,,,,,,,,,,,,,,,,,,,,,,,,,,,,,,,,,,,,,,,,,,,,,,,,,,,,,,,,,,,,,,,False,,,,,,skv,,,,False,,16384,0,0,0,0,0.0,0.0,0,0,0,576,8,0,54.094958999999996,576,74160,0,0.0,0.0,248832,11584,28909219,18,9437184,0.084576,84934656,84945372,0,0,4,9437184,0.005298999999999999,59.520415,0,567,74160,16.823297999999987,65536,47185920,28818675,16.195196,0,0,source_handle_lifetime,False,,,,,,,,,,,,,,,,,9742336,False,pinned_file_stat,local,,,,,,,,,,,,,,,,,,,0,84934656,67108864,3,21236991,1,0,0,4,63710973,75497472,,21236479,0,0,0,0,257088,268435456,,8,377416,0,,67108864,256,4,4,,,13.929587,,,2.3766119999999997,0.094825,,,178.383248,59.520415,0.090326,110.34459300000002,,,0.011672,0.0,,192.809731,0.010019,,,,,,,,,,,,,,,,,,,,,,,,,,,,,,,,,,,,,,,,,,,,,,,,,,,,,raw,,,native_grid_planar_fractional,True,1,193.27365699996335,private-reference/6f9f42e476e29fc7/00577.json.gz,0,True,0,0,0,0,0,4218,0.10961299994960427,90b8e74a54c8732d101857ef774fa9a6f291a71188a73e650c6fecf47092bbd0,28933939,skarve_normalized_f64_v1,0.42631600001641345,639046978348,,True,255.0128699999732,private-reference/e8ed7b049c969c3e/00577.json.gz,553d751e101db2d6717f230ee6dcf37babf126b36cb4ea650b32ca5a09b3d5c4,1
578,analytical40-1025x1031-B-2-local-native-skv-summary,analytical40-1025x1031,B,local,2,native-skv-summary,skv,25.06419700000606,128.2752879999407,0.07460035999999999,0.12733599999995704,62156800,2147483648,native,1,analytical40-1025x1031|B|local,0.19980899992333434,639427497439,19.013131000065187,44.48263599999791,null,True,24731327,analytical40-1025x1031|B|2,0.0004910000370728085,,,45576,8,51,0.002024,32768,2.957344,0,7102080,67108864,0,0,0,0.08041800000000003,7137525,6312960,0.003065000000000002,1806688,0,8,d2590882b47ebea8c43f2a2bd72f6cfeea252037828b6e02a92fb686ab2d50d4,67,0.000861,,,,,,,12.297402999999996,0.039042,,,,,,,0,0,0,0,0,0,0,23.848025,1.1543489999999998,0,0.005189999999999999,8,0.000591,330406332,,51,1070237,10.352735,0.4046890000000001,1,7.755244999999997,0.05285700000000001,9339,0,0,0,0,0,0,0,,,,,,,,,,,,,,,,,,,,,,,,,,,,,,,,,,,,,,,,,,,,,,,,,,,,,,,,,,,,,,,,,,,,,,,,,,,,,,,,,,,,,,,,,,,,,0.0048590000000000005,1,0,37,,,,,,,,,,,,,,,,,,,,,,,,,,,,,58,37,,,,,,,,,,,,,,,,,,,0,,,,,,,,,,,,,,,,,,,0.046265,0,0.0,0,51,,,,,,,,,,,,,,,,,,,,,,,,,,,,,summary,0,0,native_grid_planar_fractional,True,1,24.56759200003944,private-reference/9fc3678041028848/00578.json.gz,0,True,0,0,0,0,0,1030,0.0668530000211831,cb135e0acf4431712e46430ec4145f49eb75a5a19587633d55a73e6626e276f1,24731327,skarve_normalized_f64_v1,0.42474299993955356,639402432510,,True,75.13239599995813,private-reference/5e0fd408b0ff4d2a/00578.json.gz,d850e157240a1127612229a31b28d1309eb72551055d6d0a9a256ccac6b10bb6,8
579,analytical36-B-0-local-native-rsi64,analytical36,B,local,0,native-rsi64,cogband128,31.050820000018575,136.14928300000884,0.079422897,0.13519300000001522,74481664,2147483648,native,1,analytical36|B|local,0.17022400004407245,639620684880,18.36123900000075,49.78290300005028,null,True,6454230,analytical36|B|0,0,,,45576,8,52,0.0016229999999999999,32768,1.251167,0,1818432,67108864,0,0,0,0.051315999999999994,1855404,1616384,0.0030260000000000013,1009552,0,8,a25e6da6338304144e655a9af291f372183e55407ac12be1714188e941a0a89c,67,0.0008619999999999999,,,,,,,11.786938999999997,0.035906,,,,,,,0,0,0,0,0,0,0,15.485798,0.273815,0,0.004277999999999999,8,0.000311,202427372,,104,236551,10.033954999999999,0.11365900000000004,1,1.8266059999999997,0.034765000000000004,4439,0,0,0,0,0,0,0,,,,,,,,,,,,,,,,,,,,,,,,,,,,,,,,,,,,,,,,,,,,,,,,,,,,,,,,,,,,,,,,,,,,,,,,,,,,,,,,,,,,,,,,,,,,,0.001372,1,0,0,,,,,,,,,,,,,,,,,,,,,,,,,,,,,58,37,,,,,,,,,,,,,,,,,,,0,,,,,,,,,,,,,,,,,,,0.15779200000000002,0,0.0,0,52,,,,,,,,,,,,,,,,,,,,,,,,,,,,,index64,0,0,native_grid_planar_fractional,True,1,16.036723999945934,private-reference/030195bd28e6956a/00579.json.gz,0,True,0,0,0,0,0,1018,0.04553400003715069,ca14ceabda820a34951c21e56b493ed8c56bd09015c599a5760be04ef843460e,6142678,skarve_normalized_f64_v1,14.963782999984687,639589634139,,True,79.95202799997969,private-reference/d96fc3eda2c30807/00579.json.gz,a096d2a7881628b2ebd11f59f188a317d651ffad192a043f1f69411b0f856538,8
580,real-age36-A-2-http0-natural-ee,real-age36,A,http0,2,natural-ee,cogband128,25.953485000059118,213.3774590000712,0.13842325700000002,0.20881700000001047,88875008,2147483648,upstream,1,real-age36|A|http0,0.1636220000591493,639871485500,,28.311337999980424,null,True,27889906,real-age36|A|2,,,,,,,,,,,,,,,,,,,,,,,,,,,,,,,,,,,,,,,,,,,,,,,,,,,,,,,,,,,,,,,,,,,,,,,,,,,,,,,,,,,,,,,,,,,,,,,,,,,,,,,,,,,,,,,,,,,,,,,,,,,,,,,,,,,,,,,,,,,,,,,,,,,,,,,,,,,,,,,,,,,,,,,,,,,,,,,,,,,,,,,,,,,,,,,,,,,,,,,,,,,,,,,,,,,,,,,,,,,,,,,,,,,,,,,,,,,,,,,,,,,,,,,,,,,,,,,,,,,,,,,,,,feature-sequential,,,exactextract_fractional_v030,True,,16.51448400002664,private-reference/78d2787a69b28297/00580.json.gz,819200,True,2,1,819200,3,3,148,0.0812399999858826,3fbf395dee536f27526c51ea57d81a7fa58e171d756a99b1e61466101852b8bc,27889906,,9.353824000072564,639845531154,,True,140.5068400000573,private-reference/e86efee598d9e4dc/00580.json.gz,175da34d6e64da3989fa2014a082e59df64e5b3237067d76fe9657911dfc4b7c,1
581,analytical36-B-1-http0-native-rsi256,analytical36,B,http0,1,native-rsi256,cogband128,49.003493999975944,160.53332800004227,0.09581982900000001,0.15142200000002504,76783616,2147483648,native,1,analytical36|B|http0,0.6687720000400077,640108195737,22.48863900001652,72.36710600000151,null,True,6294806,analytical36|B|1,0,,,45576,8,5,0.001703,32768,0.828767,0,2375424,67108864,0,0,0,0.050395,2378979,2111488,0.0025150000000000003,511168,0,8,d4bd1a5dea09d3f7def9241c1251866253189fe02efcf68a0a96ab80b8c77b46,5,0.001863,,,,,,,19.758779000000004,0.032811,,,,,,,0,0,0,170854,20,2,22,27.333612,0.359302,0,0.0043089999999999995,8,0.000361,201928512,,10,477274,18.664833,0.131713,1,3.5613559999999995,0.056603,2307,0,0,0,0,0,0,0,,,,,,,,,,,,,,,,,,,,,,,,,,,,,,,,,,,,,,,,,,,,,,,,,,,,,,,,,,,,,,,,,,,,,,,,,,,,,,,,,,,,,,,,,,,,,0.003356,1,0,0,,,,,,,,,,,,,,,,,,,,,,,,,,,,,0,0,,,,,,,,,,,,,,,,,,,0,,,,,,,,,,,,,,,,,,,2.854963,0,0.0,0,5,,,,,,,,,,,,,,,,,,,,,,,,,,,,,index256,170854,22,native_grid_planar_fractional,True,1,27.96275200000764,private-reference/03cea0a6cb9a3b50/00581.json.gz,243398,True,28,5,243398,33,33,1028,0.0676649999604706,d12c50ef5f2eb483307595d687307a30b603990fff77734d225f99dfee78473e,6142678,skarve_normalized_f64_v1,20.968378000020493,640059192063,,True,104.45384900003774,private-reference/fffa16f0b97ff457/00581.json.gz,b560693400938c24869f1cb6c3bbb026ce4702b8ce67706975fbbcf9b4cfab53,8
582,analytical36-A-1-http0-native-cog,analytical36,A,http0,1,native-cog,cogband128,41.29149100003815,155.31912000005832,0.08849496600000001,0.14702599999998256,76480512,2147483648,native,1,analytical36|A|http0,0.6452400000398484,640310342978,20.733268000071803,62.87763199998153,null,True,6142678,analytical36|A|1,0.0010019999763244414,,,,,,,,,,,,,,,,,,,,,,,,,,,,,,,,,,,,,,,,,,,,,,,,,,,,,,,,,,,,,,,,,,,,,16777216,,0,1.143662,1,4,0,,0,shared_only_for_identical_data_and_mask_block_footprints_then_flushed_on_transition_or_window_exit,trusted_manifest,,http_original,,,,,,,,,,,,,,,,,,,,,,,,,,,,,,,,,,,,,,,,,,,,,,True,,176552,4194304,13,0,6912,19,25,179752,179752,0,25,4,176552,29,,,,,,,,,,,,,,,,,,,,,,,0,2359296,67108864,4,0,0,0,0,4,2362140,2097152,,590151,169544,18,2,20,259632,268435456,,8,14466,0,,67108864,256,4,4,,,0.5125529999999999,,,0.020649,0.106567,,,16.626340000000003,0.38961900000000005,0.030695999999999998,15.733735,,,0.45993100000000003,0.0,,18.644682999999997,0.020558,,,,,,,,,,,,,,,,,,,,,,,,,,,,,,,,,,,,,,,,,,,,,,,,,,,,,,176552,29,native_grid_planar_fractional,True,1,18.880717999991248,private-reference/2ded0e220fc27717/00582.json.gz,176552,True,25,4,176552,29,29,142,0.034974000072907074,2396f5f00370dce99e7cb635589e0cea5188c4efa1d3b49f8b67a31975ca64dc,6142678,skarve_normalized_f64_v1,22.37106000006861,640269051817,,True,96.40616899991983,private-reference/c3c1332a43858cea/00582.json.gz,7e036fc4e859eccb940e6952a6382774b31036b324830b0f1a50ea127cea8504,1
583,analytical40-1025x1031-C-0-local-native-tiff,analytical40-1025x1031,C,local,0,native-tiff,band256,928.9844030000722,1049.4353870000168,0.9897385849999999,1.0487600000000157,149614592,2147483648,native,40,analytical40-1025x1031|C|local,8.881706000011036,641404866812,19.263002000002416,957.3281780000116,null,True,21771767,analytical40-1025x1031|C|0,0.0014029999420017703,,,,,,,,,,,,,,,,,,,,,,,,,,,,,,,,,,,,,,,,,,,,,,,,,,,,,,,,,,,,,,,,,,,,,16777216,,0,0.047758,1,48,0,,0,shared_only_for_identical_data_and_mask_block_footprints_then_flushed_on_transition_or_window_exit,trusted_manifest,,local_original,,,,,,,,,,,,,,,,,,,,,,,,,,,,,,,,,,,,,,,,,,,,,,False,,,,,,,,,,,,,,,,,,,,,,,,,,,,,,,,,,,,,,0,377487360,67108864,8,316811120,40,0,0,48,60766560,335544320,,10028743,0,0,0,0,626880,268435456,,1280,418896,0,,67108864,256,48,16,,,82.330214,,,12.968565999999992,0.145058,,,828.4989270000002,62.407867,0.13161299999999998,667.524281,,,0.016761,0.0,,911.94361,0.03814,,,,,,,,,,,,,,,,,,,,,,,,,,,,,,,,,,,,,,,,,,,,,,,,,,,,,,,,native_grid_planar_fractional,True,1,912.6818830000047,private-reference/586f9e5e6b3f3cc0/00583.json.gz,0,True,0,0,0,0,0,4423,0.13049699998646247,96e4df19c2690d62cddac1e7d828f44054cd2c0dff19c8c2f63690a5c5df9d0e,21771767,skarve_normalized_f64_v1,16.165521000061744,640475881778,,True,990.0603160000401,private-reference/4da0cb8c96be701e/00583.json.gz,6061d8261fea6ee7451aad15734c9c661358e90994bb0069cfe8feb6f5268aa8,1
584,real-age36-D-0-http0-native-rsi64,real-age36,D,http0,0,native-rsi64,cogband128,1122.5839170000427,1243.4675230000494,0.9768212319999999,1.0419479999999908,148545536,2147483648,native,36,real-age36|D|http0,2.7287980000210155,642705079339,21.936705999905826,1147.4458229999982,null,True,28148818,real-age36|D|0,0,,,667776,288,100,0.002665,65536,1.745887,0,66355200,67108864,0,0,0,0.761108,66559900,58982400,0.04979199999999999,1009360,8,8,9183aa469c6a75b89e78ea979bcf42593374249f3620b5ec2e793c311cb4c951,64,0.0062120000000000005,,,,,,,970.5444060000004,0.07238699999999999,,,,,,,0,0,0,29927232,619,4,623,1097.042332,12.680471999999995,0,0.03260699999999999,16,0.000972,203248532,,3600,8383212,924.7200879999998,5.964678000000001,2,60.487013999999995,0.986424,159372,0,0,0,0,0,0,0,,,,,,,,,,,,,,,,,,,,,,,,,,,,,,,,,,,,,,,,,,,,,,,,,,,,,,,,,,,,,,,,,,,,,,,,,,,,,,,,,,,,,,,,,,,,,0.014066,2,0,0,,,,,,,,,,,,,,,,,,,,,,,,,,,,,114,72,,,,,,,,,,,,,,,,,,,1186,,,,,,,,,,,,,,,,,,,6.809170999999999,0,0.0,0,100,,,,,,,,,,,,,,,,,,,,,,,,,,,,,index64,29927232,623,native_grid_planar_fractional,True,2,1100.084221999964,private-reference/4edee6b80798cf59/00584.json.gz,30120206,True,709,10,30120206,719,719,32474,0.541154999950777,81a155a3efe7badd5a4091ef7d3ea40f66e3dbbe3034ddd6189be08afcdfdce8,27889906,skarve_normalized_f64_v1,21.952499000008174,641582495421,,True,1178.0522419999215,private-reference/ee70f6ce90af8c53/00584.json.gz,6b2f014427c90b287e7e1df7aec135242c1e0b9739e3af5f8cc2ff5f240ae5dc,8
585,analytical40-1025x1031-D-2-http0-native-rsi64,analytical40-1025x1031,D,http0,2,native-rsi64,cogband128,2833.4205559999646,2961.3463469999033,2.2557797070000003,2.3250149999999508,154980352,2147483648,native,40,analytical40-1025x1031|D|http0,1.569428999914635,645735308460,22.59499000001597,2857.805241000051,null,True,27254333,analytical40-1025x1031|D|2,0,,,833696,320,234,0.002695,65536,4.8472360000000005,0,165957120,67108864,139,0,0,4.663447,66996945,147517440,0.13743199999999994,3236896,8,8,e6d5ce6757f597b4aaeb2c0c68bca5303ef231a3ccc31db62e9d9c5875e79137,261,0.006622000000000001,,,,,,,2398.088198999997,0.033684,,,,,,,0,0,0,19603592,2055,4,2059,2801.543682,29.217068000000012,0,0.031619,16,0.000902,205476168,,9360,19544200,2298.2949620000004,14.042644000000012,2,149.16836700000005,0.993214,367320,0,0,0,0,0,0,0,,,,,,,,,,,,,,,,,,,,,,,,,,,,,,,,,,,,,,,,,,,,,,,,,,,,,,,,,,,,,,,,,,,,,,,,,,,,,,,,,,,,,,,,,,,,,0.009718000000000001,2,0,0,,,,,,,,,,,,,,,,,,,,,,,,,,,,,748,398,,,,,,,,,,,,,,,,,,,2640,,,,,,,,,,,,,,,,,,,5.763219,0,0.0,0,234,,,,,,,,,,,,,,,,,,,,,,,,,,,,,index64,19603592,2059,native_grid_planar_fractional,True,2,2804.7624999999243,private-reference/04c35c2e9b4f4c40/00585.json.gz,20081104,True,2469,10,20081104,2479,2479,32004,0.589531000059651,fe4788941186043b47c3c938b8e03aec929f13596245599f1e8a159efe982361,26442685,skarve_normalized_f64_v1,28.06360499994298,642901888476,,True,2891.746401999967,private-reference/b09d3cba0941383a/00585.json.gz,4d1c53b578e21db6a81cc2fa051ba2d4134663b2212c9d14585a09df77c96126,8
586,analytical36-D-1-local-native-rsi256,analytical36,D,local,1,native-rsi256,cogband128,420.99950200008607,550.1991400000179,0.48526041699999994,0.5494820000000118,153567232,2147483648,native,36,analytical36|D|local,7.123102000036852,646375574590,23.291987999982666,451.6208000000006,null,True,6294806,analytical36|D|1,0,,,667776,288,10,0.002064,65536,0.826375,0,85515264,67108864,2,0,0,3.399238,61940632,76013568,0.006494,511168,8,8,d4bd1a5dea09d3f7def9241c1251866253189fe02efcf68a0a96ab80b8c77b46,5,0.002263,,,,,,,239.59272900000002,0.048919,,,,,,,0,0,0,0,0,0,0,401.481064,16.169499000000002,0,0.03022799999999999,16,0.000742,202751204,,360,17181864,198.779518,9.388156,2,159.988942,0.46214599999999995,83052,0,0,0,0,0,0,0,,,,,,,,,,,,,,,,,,,,,,,,,,,,,,,,,,,,,,,,,,,,,,,,,,,,,,,,,,,,,,,,,,,,,,,,,,,,,,,,,,,,,,,,,,,,,0.004158,2,0,0,,,,,,,,,,,,,,,,,,,,,,,,,,,,,0,0,,,,,,,,,,,,,,,,,,,0,,,,,,,,,,,,,,,,,,,0.3539379999999999,0,0.0,0,10,,,,,,,,,,,,,,,,,,,,,,,,,,,,,index256,0,0,native_grid_planar_fractional,True,2,403.87822900004267,private-reference/1b8442070d669fb8/00586.json.gz,0,True,0,0,0,0,0,28867,0.48919699997895805,59b57f77bcbfc3eeb1e510375e2bb4e8862f43dfc1abc1a2806921a6fa4d3ee3,6142678,skarve_normalized_f64_v1,16.627517000074477,645954575218,,True,485.29775899999095,private-reference/0e533f611562ee9b/00586.json.gz,83d677ce4cbd9bcb5b6ead82d2c66fe5c44919daaf83d59bc764984c038b5f6a,8
587,analytical40-1025x1031-C-2-http0-native-rsi256,analytical40-1025x1031,C,http0,2,native-rsi256,cogband128,2097.4668349999774,2214.2183779999414,1.6398892280000001,1.7037260000000174,160321536,2147483648,native,40,analytical40-1025x1031|C|http0,0.6469759999845337,648653539656,19.50550599997314,2118.1155479999916,null,True,26638653,analytical40-1025x1031|C|2,0,,,107796,40,24,0.005089,65536,0.571087,0,283115520,67108864,19,0,0,9.180694999999998,58994955,251658240,0.016097999999999998,411616,1,1,2fb5393092b15d35f8a36342e483b8cabff4cd111357090e22dca9e3485a68ca,16,0.003156,,,,,,,1834.8926559999998,0.025186,,,,,,,0,0,0,19507814,1933,4,1937,2068.157086,49.794176,0,0.007354,2,0.000822,201915668,,960,29314240,1722.2907190000005,23.797694,2,218.96373900000006,0.146648,118720,0,0,0,0,0,0,0,,,,,,,,,,,,,,,,,,,,,,,,,,,,,,,,,,,,,,,,,,,,,,,,,,,,,,,,,,,,,,,,,,,,,,,,,,,,,,,,,,,,,,,,,,,,,0.008707,2,0,0,,,,,,,,,,,,,,,,,,,,,,,,,,,,,8,8,,,,,,,,,,,,,,,,,,,0,,,,,,,,,,,,,,,,,,,6.038917,0,0.0,0,24,,,,,,,,,,,,,,,,,,,,,,,,,,,,,index256,19507814,1937,native_grid_planar_fractional,True,2,2069.135048000021,private-reference/d26e8dccdaed743f/00587.json.gz,19660846,True,1957,10,19660846,1967,1967,4392,0.09895199991660775,ac14431e595cf0df4b69f51d7c381c2086f1ac292aa6ad1c1b6b84ce03955fd4,26442685,skarve_normalized_f64_v1,28.22851799999171,646556073773,,True,2149.777021000091,private-reference/d6a1df3629199685/00587.json.gz,26863a56ec68b3a5cc3fc1e01ae1b5b2e0ecc06402d32fab08333c8566a7c807,1
